review_row_id,id,company_name,text_content,sentence_id,sentence_text,original_text
1,1,Cimb-Group,review_title,1,Clear object,Clear object
2,1,Cimb-Group,review_body_text,1,Good company and exposure for junior level.,Good company and exposure for junior level. Promotion can be very fast to some work function given the person is high performer in the team or department.
2,1,Cimb-Group,review_body_text,2,Promotion can be very fast to some work function given the person is high performer in the team or department.,Good company and exposure for junior level. Promotion can be very fast to some work function given the person is high performer in the team or department.
3,2,HSBC,review_title,1,best place to work,best place to work
4,2,HSBC,review_body_text,1,"work life balance, good elearning, internaltional exposure, the pay might not as high as other local bank but they pay is quite fair.","work life balance, good elearning, internaltional exposure, the pay might not as high as other local bank but they pay is quite fair. some management are suck but you might meet some great management, all depend on your luck."
4,2,HSBC,review_body_text,2,"some management are suck but you might meet some great management, all depend on your luck.","work life balance, good elearning, internaltional exposure, the pay might not as high as other local bank but they pay is quite fair. some management are suck but you might meet some great management, all depend on your luck."
5,2,HSBC,pros_text,1,"work life balance, good elearning","work life balance, good elearning"
6,2,HSBC,cons_text,1,low increament,low increament
7,3,Cimb-Group,review_title,1,Productive workplace,Productive workplace
8,3,Cimb-Group,review_body_text,1,"brilliant training initiatives, cool projects & lots of learning opportunities substandard human element when management deals with employees, poor EQ and low empathy.","brilliant training initiatives, cool projects & lots of learning opportunities substandard human element when management deals with employees, poor EQ and low empathy."
9,4,bank islam,review_title,1,Comprehensive benefits with concerns over operational balance and promotion fairness,Comprehensive benefits with concerns over operational balance and promotion fairness
10,4,bank islam,review_body_text,1,I spent more than 10 years at Bank Islam and found the benefits to be quite comprehensive.,"I spent more than 10 years at Bank Islam and found the benefits to be quite comprehensive. The work culture is generally positive with supportive and fun colleagues, and the bank offers good flexibility through work-from-home arrangements for specific departments. However, there are significant challenges regarding work-life balance, particularly in operations where the workload is often overwhelming. Since 2021, the bonus payouts (averaging 2 months) have not felt commensurate with the level of effort required. Furthermore, the promotion structure appears to be heavily influenced by seniority and favoritism rather than clear meritocracy, which can be discouraging for high-performers. Additionally, top management often feels disconnected from ground-level operational reality. While it is a stable organization, the compensation-to-effort ratio and career progression transparency need improvement."
10,4,bank islam,review_body_text,2,"The work culture is generally positive with supportive and fun colleagues, and the bank offers good flexibility through work-from-home arrangements for specific departments.","I spent more than 10 years at Bank Islam and found the benefits to be quite comprehensive. The work culture is generally positive with supportive and fun colleagues, and the bank offers good flexibility through work-from-home arrangements for specific departments. However, there are significant challenges regarding work-life balance, particularly in operations where the workload is often overwhelming. Since 2021, the bonus payouts (averaging 2 months) have not felt commensurate with the level of effort required. Furthermore, the promotion structure appears to be heavily influenced by seniority and favoritism rather than clear meritocracy, which can be discouraging for high-performers. Additionally, top management often feels disconnected from ground-level operational reality. While it is a stable organization, the compensation-to-effort ratio and career progression transparency need improvement."
10,4,bank islam,review_body_text,3,"However, there are significant challenges regarding work-life balance, particularly in operations where the workload is often overwhelming.","I spent more than 10 years at Bank Islam and found the benefits to be quite comprehensive. The work culture is generally positive with supportive and fun colleagues, and the bank offers good flexibility through work-from-home arrangements for specific departments. However, there are significant challenges regarding work-life balance, particularly in operations where the workload is often overwhelming. Since 2021, the bonus payouts (averaging 2 months) have not felt commensurate with the level of effort required. Furthermore, the promotion structure appears to be heavily influenced by seniority and favoritism rather than clear meritocracy, which can be discouraging for high-performers. Additionally, top management often feels disconnected from ground-level operational reality. While it is a stable organization, the compensation-to-effort ratio and career progression transparency need improvement."
10,4,bank islam,review_body_text,4,"Since 2021, the bonus payouts (averaging 2 months) have not felt commensurate with the level of effort required.","I spent more than 10 years at Bank Islam and found the benefits to be quite comprehensive. The work culture is generally positive with supportive and fun colleagues, and the bank offers good flexibility through work-from-home arrangements for specific departments. However, there are significant challenges regarding work-life balance, particularly in operations where the workload is often overwhelming. Since 2021, the bonus payouts (averaging 2 months) have not felt commensurate with the level of effort required. Furthermore, the promotion structure appears to be heavily influenced by seniority and favoritism rather than clear meritocracy, which can be discouraging for high-performers. Additionally, top management often feels disconnected from ground-level operational reality. While it is a stable organization, the compensation-to-effort ratio and career progression transparency need improvement."
10,4,bank islam,review_body_text,5,"Furthermore, the promotion structure appears to be heavily influenced by seniority and favoritism rather than clear meritocracy, which can be discouraging for high-performers.","I spent more than 10 years at Bank Islam and found the benefits to be quite comprehensive. The work culture is generally positive with supportive and fun colleagues, and the bank offers good flexibility through work-from-home arrangements for specific departments. However, there are significant challenges regarding work-life balance, particularly in operations where the workload is often overwhelming. Since 2021, the bonus payouts (averaging 2 months) have not felt commensurate with the level of effort required. Furthermore, the promotion structure appears to be heavily influenced by seniority and favoritism rather than clear meritocracy, which can be discouraging for high-performers. Additionally, top management often feels disconnected from ground-level operational reality. While it is a stable organization, the compensation-to-effort ratio and career progression transparency need improvement."
10,4,bank islam,review_body_text,6,"Additionally, top management often feels disconnected from ground-level operational reality.","I spent more than 10 years at Bank Islam and found the benefits to be quite comprehensive. The work culture is generally positive with supportive and fun colleagues, and the bank offers good flexibility through work-from-home arrangements for specific departments. However, there are significant challenges regarding work-life balance, particularly in operations where the workload is often overwhelming. Since 2021, the bonus payouts (averaging 2 months) have not felt commensurate with the level of effort required. Furthermore, the promotion structure appears to be heavily influenced by seniority and favoritism rather than clear meritocracy, which can be discouraging for high-performers. Additionally, top management often feels disconnected from ground-level operational reality. While it is a stable organization, the compensation-to-effort ratio and career progression transparency need improvement."
10,4,bank islam,review_body_text,7,"While it is a stable organization, the compensation-to-effort ratio and career progression transparency need improvement.","I spent more than 10 years at Bank Islam and found the benefits to be quite comprehensive. The work culture is generally positive with supportive and fun colleagues, and the bank offers good flexibility through work-from-home arrangements for specific departments. However, there are significant challenges regarding work-life balance, particularly in operations where the workload is often overwhelming. Since 2021, the bonus payouts (averaging 2 months) have not felt commensurate with the level of effort required. Furthermore, the promotion structure appears to be heavily influenced by seniority and favoritism rather than clear meritocracy, which can be discouraging for high-performers. Additionally, top management often feels disconnected from ground-level operational reality. While it is a stable organization, the compensation-to-effort ratio and career progression transparency need improvement."
11,5,Cimb-Group,review_title,1,Productive and fun workplace,Productive and fun workplace
12,5,Cimb-Group,review_body_text,1,Flexible working hours and supportive colleagues.,Flexible working hours and supportive colleagues. Overall I think my pay are decent while workload and working culture depends on your department. Benefits wise are quite good in banking industry.
12,5,Cimb-Group,review_body_text,2,Overall I think my pay are decent while workload and working culture depends on your department.,Flexible working hours and supportive colleagues. Overall I think my pay are decent while workload and working culture depends on your department. Benefits wise are quite good in banking industry.
12,5,Cimb-Group,review_body_text,3,Benefits wise are quite good in banking industry.,Flexible working hours and supportive colleagues. Overall I think my pay are decent while workload and working culture depends on your department. Benefits wise are quite good in banking industry.
13,6,RHB Bank Berhad,review_title,1,Really good,Really good
14,6,RHB Bank Berhad,review_body_text,1,"A typical day at work and i believe i've learned a lot of skills such as communicating, more time managing and stuff like that and the work place is rwally good","A typical day at work and i believe i've learned a lot of skills such as communicating, more time managing and stuff like that and the work place is rwally good"
15,7,maybank,review_title,1,Good workplace,Good workplace
16,7,maybank,review_body_text,1,Everything is good.,Everything is good. The workplace is nice and people are also willing to help. The workplace and work-culture appreciate people who are working overtime.
16,7,maybank,review_body_text,2,The workplace is nice and people are also willing to help.,Everything is good. The workplace is nice and people are also willing to help. The workplace and work-culture appreciate people who are working overtime.
16,7,maybank,review_body_text,3,The workplace and work-culture appreciate people who are working overtime.,Everything is good. The workplace is nice and people are also willing to help. The workplace and work-culture appreciate people who are working overtime.
17,8,Public-Bank-Berhad,review_title,1,Work Culture,Work Culture
18,8,Public-Bank-Berhad,review_body_text,1,'- Daily job may be repetitive (depends on the team you are on),'- Daily job may be repetitive (depends on the team you are on) - Moderate workload (depends on the team you are on) - Classic management style - Healthy working environment Recommended for freshers
18,8,Public-Bank-Berhad,review_body_text,2,Moderate workload (depends on the team you are on),'- Daily job may be repetitive (depends on the team you are on) - Moderate workload (depends on the team you are on) - Classic management style - Healthy working environment Recommended for freshers
18,8,Public-Bank-Berhad,review_body_text,3,Classic management style,'- Daily job may be repetitive (depends on the team you are on) - Moderate workload (depends on the team you are on) - Classic management style - Healthy working environment Recommended for freshers
18,8,Public-Bank-Berhad,review_body_text,4,Healthy working environment Recommended for freshers,'- Daily job may be repetitive (depends on the team you are on) - Moderate workload (depends on the team you are on) - Classic management style - Healthy working environment Recommended for freshers
19,9,Public-Bank-Berhad,review_title,1,Great bonus and increment.,Great bonus and increment. But old system
19,9,Public-Bank-Berhad,review_title,2,But old system,Great bonus and increment. But old system
20,9,Public-Bank-Berhad,review_body_text,1,Good for new graduates to start their career in banking as you tend to do a lot of things.,Good for new graduates to start their career in banking as you tend to do a lot of things. The increment is above average and bonuses are decent. This comes with old system and SOPs as they prefer to reduce cost. A lot of paperwork to be done. WLB depends on your department
20,9,Public-Bank-Berhad,review_body_text,2,The increment is above average and bonuses are decent.,Good for new graduates to start their career in banking as you tend to do a lot of things. The increment is above average and bonuses are decent. This comes with old system and SOPs as they prefer to reduce cost. A lot of paperwork to be done. WLB depends on your department
20,9,Public-Bank-Berhad,review_body_text,3,This comes with old system and SOPs as they prefer to reduce cost.,Good for new graduates to start their career in banking as you tend to do a lot of things. The increment is above average and bonuses are decent. This comes with old system and SOPs as they prefer to reduce cost. A lot of paperwork to be done. WLB depends on your department
20,9,Public-Bank-Berhad,review_body_text,4,A lot of paperwork to be done.,Good for new graduates to start their career in banking as you tend to do a lot of things. The increment is above average and bonuses are decent. This comes with old system and SOPs as they prefer to reduce cost. A lot of paperwork to be done. WLB depends on your department
20,9,Public-Bank-Berhad,review_body_text,5,WLB depends on your department,Good for new graduates to start their career in banking as you tend to do a lot of things. The increment is above average and bonuses are decent. This comes with old system and SOPs as they prefer to reduce cost. A lot of paperwork to be done. WLB depends on your department
21,10,maybank,review_title,1,Super Productive workplace,Super Productive workplace
22,10,maybank,review_body_text,1,So much to learn here.,So much to learn here. Colleague is all nice but need to push for sales. All higher ups care is sales. Try banking if you love doing sales. Benefit is good. Have AL every month.
22,10,maybank,review_body_text,2,Colleague is all nice but need to push for sales.,So much to learn here. Colleague is all nice but need to push for sales. All higher ups care is sales. Try banking if you love doing sales. Benefit is good. Have AL every month.
22,10,maybank,review_body_text,3,All higher ups care is sales.,So much to learn here. Colleague is all nice but need to push for sales. All higher ups care is sales. Try banking if you love doing sales. Benefit is good. Have AL every month.
22,10,maybank,review_body_text,4,Try banking if you love doing sales.,So much to learn here. Colleague is all nice but need to push for sales. All higher ups care is sales. Try banking if you love doing sales. Benefit is good. Have AL every month.
22,10,maybank,review_body_text,5,Benefit is good.,So much to learn here. Colleague is all nice but need to push for sales. All higher ups care is sales. Try banking if you love doing sales. Benefit is good. Have AL every month.
22,10,maybank,review_body_text,6,Have AL every month.,So much to learn here. Colleague is all nice but need to push for sales. All higher ups care is sales. Try banking if you love doing sales. Benefit is good. Have AL every month.
23,11,bank islam,review_title,1,Good Hybrid working + flexible hours,Good Hybrid working + flexible hours
24,11,bank islam,review_body_text,1,"Working here you will have a flexible working hours, hybrid working (3 days office, 2 days WFH) depends on the department mostly Digital IT.","Working here you will have a flexible working hours, hybrid working (3 days office, 2 days WFH) depends on the department mostly Digital IT. Good place for learning."
24,11,bank islam,review_body_text,2,Good place for learning.,"Working here you will have a flexible working hours, hybrid working (3 days office, 2 days WFH) depends on the department mostly Digital IT. Good place for learning."
25,12,RHB Bank Berhad,review_title,1,"Work culture is good, learning a lots, getting lots of knowledge of product.","Work culture is good, learning a lots, getting lots of knowledge of product."
26,12,RHB Bank Berhad,review_body_text,1,"Having teatime among us, celebration birthday and also we will do decorations for all the festivals...","Having teatime among us, celebration birthday and also we will do decorations for all the festivals...team work is going well with team members, management is good❤️ Together progress 🙂"
26,12,RHB Bank Berhad,review_body_text,2,"team work is going well with team members, management is good️ Together progress","Having teatime among us, celebration birthday and also we will do decorations for all the festivals...team work is going well with team members, management is good❤️ Together progress 🙂"
27,12,RHB Bank Berhad,pros_text,1,Fo far No,Fo far No
28,12,RHB Bank Berhad,cons_text,1,So far No,So far No
29,13,RHB Bank Berhad,review_title,1,Stressful if cannot hit sales target,Stressful if cannot hit sales target
30,13,RHB Bank Berhad,review_body_text,1,Management will keep pushing for sales even though the product is not great and detrimental to buyers.,Management will keep pushing for sales even though the product is not great and detrimental to buyers. Micro-management will happen if u dont hit ur target
30,13,RHB Bank Berhad,review_body_text,2,Micro-management will happen if u dont hit ur target,Management will keep pushing for sales even though the product is not great and detrimental to buyers. Micro-management will happen if u dont hit ur target
31,14,bank islam,review_title,1,"Overall, it has been a valuable and rewarding experience that has strengthened my skills and understanding of the role.","Overall, it has been a valuable and rewarding experience that has strengthened my skills and understanding of the role."
32,14,bank islam,review_body_text,1,What is the best part of working at the company?,"What is the best part of working at the company? Managing 17 staff and Data center facility What is the most stressful part about working at the company? Managing Staff and arrangement of shift work What is the work environment and culture like at the company? flexible and relax environment What is a typical day like for you at the company? A typical day for me usually starts with reviewing priorities and any urgent items from emails or system alerts. I then focus on my core responsibilities handling assigned tasks, resolving issues, and supporting ongoing projects."
32,14,bank islam,review_body_text,2,Managing 17 staff and Data center facility What is the most stressful part about working at the company?,"What is the best part of working at the company? Managing 17 staff and Data center facility What is the most stressful part about working at the company? Managing Staff and arrangement of shift work What is the work environment and culture like at the company? flexible and relax environment What is a typical day like for you at the company? A typical day for me usually starts with reviewing priorities and any urgent items from emails or system alerts. I then focus on my core responsibilities handling assigned tasks, resolving issues, and supporting ongoing projects."
32,14,bank islam,review_body_text,3,Managing Staff and arrangement of shift work What is the work environment and culture like at the company?,"What is the best part of working at the company? Managing 17 staff and Data center facility What is the most stressful part about working at the company? Managing Staff and arrangement of shift work What is the work environment and culture like at the company? flexible and relax environment What is a typical day like for you at the company? A typical day for me usually starts with reviewing priorities and any urgent items from emails or system alerts. I then focus on my core responsibilities handling assigned tasks, resolving issues, and supporting ongoing projects."
32,14,bank islam,review_body_text,4,flexible and relax environment What is a typical day like for you at the company?,"What is the best part of working at the company? Managing 17 staff and Data center facility What is the most stressful part about working at the company? Managing Staff and arrangement of shift work What is the work environment and culture like at the company? flexible and relax environment What is a typical day like for you at the company? A typical day for me usually starts with reviewing priorities and any urgent items from emails or system alerts. I then focus on my core responsibilities handling assigned tasks, resolving issues, and supporting ongoing projects."
32,14,bank islam,review_body_text,5,A typical day for me usually starts with reviewing priorities and any urgent items from emails or system alerts.,"What is the best part of working at the company? Managing 17 staff and Data center facility What is the most stressful part about working at the company? Managing Staff and arrangement of shift work What is the work environment and culture like at the company? flexible and relax environment What is a typical day like for you at the company? A typical day for me usually starts with reviewing priorities and any urgent items from emails or system alerts. I then focus on my core responsibilities handling assigned tasks, resolving issues, and supporting ongoing projects."
32,14,bank islam,review_body_text,6,"I then focus on my core responsibilities handling assigned tasks, resolving issues, and supporting ongoing projects.","What is the best part of working at the company? Managing 17 staff and Data center facility What is the most stressful part about working at the company? Managing Staff and arrangement of shift work What is the work environment and culture like at the company? flexible and relax environment What is a typical day like for you at the company? A typical day for me usually starts with reviewing priorities and any urgent items from emails or system alerts. I then focus on my core responsibilities handling assigned tasks, resolving issues, and supporting ongoing projects."
33,15,RHB Bank Berhad,review_title,1,Not bad environment,Not bad environment
34,15,RHB Bank Berhad,review_body_text,1,The work environment in the department varies from all function.,"The work environment in the department varies from all function. For me, I am under the Group Internal Audit function. The environment is not bad. My CIA and Head of Department is great, however I will say otherwise for my current supervisor"
34,15,RHB Bank Berhad,review_body_text,2,"For me, I am under the Group Internal Audit function.","The work environment in the department varies from all function. For me, I am under the Group Internal Audit function. The environment is not bad. My CIA and Head of Department is great, however I will say otherwise for my current supervisor"
34,15,RHB Bank Berhad,review_body_text,3,The environment is not bad.,"The work environment in the department varies from all function. For me, I am under the Group Internal Audit function. The environment is not bad. My CIA and Head of Department is great, however I will say otherwise for my current supervisor"
34,15,RHB Bank Berhad,review_body_text,4,"My CIA and Head of Department is great, however I will say otherwise for my current supervisor","The work environment in the department varies from all function. For me, I am under the Group Internal Audit function. The environment is not bad. My CIA and Head of Department is great, however I will say otherwise for my current supervisor"
35,16,United Overseas Bank,review_title,1,Sales oriented working culture,Sales oriented working culture
36,16,United Overseas Bank,review_body_text,1,Focus on offline events and activities to drive business.,"Focus on offline events and activities to drive business. Highly sales oriented culture, performance measurement more focus on individual contributor, event for non sales staff"
36,16,United Overseas Bank,review_body_text,2,"Highly sales oriented culture, performance measurement more focus on individual contributor, event for non sales staff","Focus on offline events and activities to drive business. Highly sales oriented culture, performance measurement more focus on individual contributor, event for non sales staff"
37,17,Public-Bank-Berhad,review_title,1,Stressful but good colleagues,Stressful but good colleagues
38,17,Public-Bank-Berhad,review_body_text,1,"Can say very stressful heavy workload, but friendly people and good pay, will help me when i ask for help, very traditional and corporate work culture","Can say very stressful heavy workload, but friendly people and good pay, will help me when i ask for help, very traditional and corporate work culture"
39,18,United Overseas Bank,review_title,1,Good place to start your career,Good place to start your career
40,18,United Overseas Bank,review_body_text,1,"Nice place to start your career, however lack of guidance and training provided.","Nice place to start your career, however lack of guidance and training provided. No clear goal setup by my immediate manager. Salary below market average"
40,18,United Overseas Bank,review_body_text,2,No clear goal setup by my immediate manager.,"Nice place to start your career, however lack of guidance and training provided. No clear goal setup by my immediate manager. Salary below market average"
40,18,United Overseas Bank,review_body_text,3,Salary below market average,"Nice place to start your career, however lack of guidance and training provided. No clear goal setup by my immediate manager. Salary below market average"
41,19,maybank,review_title,1,Valuable Learning Experince,Valuable Learning Experince
42,19,maybank,review_body_text,1,A good place to learn and improve in.,"A good place to learn and improve in. The enviroment is chill, collegues are kind and are willing to assist if faced with issues. Overall is a good oppertunity for an internship placement."
42,19,maybank,review_body_text,2,"The enviroment is chill, collegues are kind and are willing to assist if faced with issues.","A good place to learn and improve in. The enviroment is chill, collegues are kind and are willing to assist if faced with issues. Overall is a good oppertunity for an internship placement."
42,19,maybank,review_body_text,3,Overall is a good oppertunity for an internship placement.,"A good place to learn and improve in. The enviroment is chill, collegues are kind and are willing to assist if faced with issues. Overall is a good oppertunity for an internship placement."
44,20,Ocbc,review_body_text,1,"overall not bad, training provided, attractive remuneration package but need to work overtime most of the time for my role, quite challenging for my role","overall not bad, training provided, attractive remuneration package but need to work overtime most of the time for my role, quite challenging for my role"
45,21,RHB Bank Berhad,review_title,1,Flexible Workplace,Flexible Workplace
46,21,RHB Bank Berhad,review_body_text,1,Could be working from home most of the time.,"Could be working from home most of the time. It depends on the manager, some require the staffs to work from office. some department are more flexible."
46,21,RHB Bank Berhad,review_body_text,2,"It depends on the manager, some require the staffs to work from office.","Could be working from home most of the time. It depends on the manager, some require the staffs to work from office. some department are more flexible."
46,21,RHB Bank Berhad,review_body_text,3,some department are more flexible.,"Could be working from home most of the time. It depends on the manager, some require the staffs to work from office. some department are more flexible."
47,22,RHB Bank Berhad,review_title,1,Very poor management,Very poor management
48,22,RHB Bank Berhad,review_body_text,1,Very poor management.,Very poor management. Not welcoming the newcomers. Unproper training. Expect us to get the highest more KPI than in JD. Leads not approachable. Sometimes they just recycle the leads to call the same customer. They will pressuring you until you resigned on your own.
48,22,RHB Bank Berhad,review_body_text,2,Not welcoming the newcomers.,Very poor management. Not welcoming the newcomers. Unproper training. Expect us to get the highest more KPI than in JD. Leads not approachable. Sometimes they just recycle the leads to call the same customer. They will pressuring you until you resigned on your own.
48,22,RHB Bank Berhad,review_body_text,3,Unproper training.,Very poor management. Not welcoming the newcomers. Unproper training. Expect us to get the highest more KPI than in JD. Leads not approachable. Sometimes they just recycle the leads to call the same customer. They will pressuring you until you resigned on your own.
48,22,RHB Bank Berhad,review_body_text,4,Expect us to get the highest more KPI than in JD.,Very poor management. Not welcoming the newcomers. Unproper training. Expect us to get the highest more KPI than in JD. Leads not approachable. Sometimes they just recycle the leads to call the same customer. They will pressuring you until you resigned on your own.
48,22,RHB Bank Berhad,review_body_text,5,Leads not approachable.,Very poor management. Not welcoming the newcomers. Unproper training. Expect us to get the highest more KPI than in JD. Leads not approachable. Sometimes they just recycle the leads to call the same customer. They will pressuring you until you resigned on your own.
48,22,RHB Bank Berhad,review_body_text,6,Sometimes they just recycle the leads to call the same customer.,Very poor management. Not welcoming the newcomers. Unproper training. Expect us to get the highest more KPI than in JD. Leads not approachable. Sometimes they just recycle the leads to call the same customer. They will pressuring you until you resigned on your own.
48,22,RHB Bank Berhad,review_body_text,7,They will pressuring you until you resigned on your own.,Very poor management. Not welcoming the newcomers. Unproper training. Expect us to get the highest more KPI than in JD. Leads not approachable. Sometimes they just recycle the leads to call the same customer. They will pressuring you until you resigned on your own.
49,23,Cimb-Group,review_title,1,Supportive boss and good colleagues,Supportive boss and good colleagues
50,23,Cimb-Group,review_body_text,1,Depending on which team you are in.,Depending on which team you are in. In some teams you generally get good colleagues who are supportive. The remuneration is also quite good. Bonus could be up to 3-4 months in general.
50,23,Cimb-Group,review_body_text,2,In some teams you generally get good colleagues who are supportive.,Depending on which team you are in. In some teams you generally get good colleagues who are supportive. The remuneration is also quite good. Bonus could be up to 3-4 months in general.
50,23,Cimb-Group,review_body_text,3,The remuneration is also quite good.,Depending on which team you are in. In some teams you generally get good colleagues who are supportive. The remuneration is also quite good. Bonus could be up to 3-4 months in general.
50,23,Cimb-Group,review_body_text,4,Bonus could be up to 3-4 months in general.,Depending on which team you are in. In some teams you generally get good colleagues who are supportive. The remuneration is also quite good. Bonus could be up to 3-4 months in general.
51,24,Cimb-Group,review_title,1,The good thing about the management,The good thing about the management
52,24,Cimb-Group,review_body_text,1,Management don't come to you and shouting for target.,Management don't come to you and shouting for target. They tends to talk to you politely and keep nagging to work hard. There's this lecturing session which top management will come down and have a meeting with all sales employees at one of the branch. Expect one hour talk to persuade you work hard.
52,24,Cimb-Group,review_body_text,2,They tends to talk to you politely and keep nagging to work hard.,Management don't come to you and shouting for target. They tends to talk to you politely and keep nagging to work hard. There's this lecturing session which top management will come down and have a meeting with all sales employees at one of the branch. Expect one hour talk to persuade you work hard.
52,24,Cimb-Group,review_body_text,3,There's this lecturing session which top management will come down and have a meeting with all sales employees at one of the branch.,Management don't come to you and shouting for target. They tends to talk to you politely and keep nagging to work hard. There's this lecturing session which top management will come down and have a meeting with all sales employees at one of the branch. Expect one hour talk to persuade you work hard.
52,24,Cimb-Group,review_body_text,4,Expect one hour talk to persuade you work hard.,Management don't come to you and shouting for target. They tends to talk to you politely and keep nagging to work hard. There's this lecturing session which top management will come down and have a meeting with all sales employees at one of the branch. Expect one hour talk to persuade you work hard.
54,25,Public-Bank-Berhad,review_body_text,1,The Hire Purchase Department at Public Bank provides a structured and professional working environment that offers valuable exposure to consumer financing and credit operations.,"The Hire Purchase Department at Public Bank provides a structured and professional working environment that offers valuable exposure to consumer financing and credit operations. The department is well-organized, with clear procedures for loan processing, credit assessment, documentation, and compliance with banking regulations. This allows staff and trainees to understand the full hire purchase financing cycle, particularly for vehicle loans."
54,25,Public-Bank-Berhad,review_body_text,2,"The department is well-organized, with clear procedures for loan processing, credit assessment, documentation, and compliance with banking regulations.","The Hire Purchase Department at Public Bank provides a structured and professional working environment that offers valuable exposure to consumer financing and credit operations. The department is well-organized, with clear procedures for loan processing, credit assessment, documentation, and compliance with banking regulations. This allows staff and trainees to understand the full hire purchase financing cycle, particularly for vehicle loans."
54,25,Public-Bank-Berhad,review_body_text,3,"This allows staff and trainees to understand the full hire purchase financing cycle, particularly for vehicle loans.","The Hire Purchase Department at Public Bank provides a structured and professional working environment that offers valuable exposure to consumer financing and credit operations. The department is well-organized, with clear procedures for loan processing, credit assessment, documentation, and compliance with banking regulations. This allows staff and trainees to understand the full hire purchase financing cycle, particularly for vehicle loans."
55,26,Cimb-Group,review_title,1,friendly and supportive team.,friendly and supportive team.
56,26,Cimb-Group,review_body_text,1,This company provides a supportive and collaborative working environment where employees are encouraged to learn and grow professionally.,"This company provides a supportive and collaborative working environment where employees are encouraged to learn and grow professionally. The management is approachable, teamwork is highly valued, and there are good opportunities to gain hands-on experience and develop both technical and soft skills. Overall, it is a great place to build a strong career foundation."
56,26,Cimb-Group,review_body_text,2,"The management is approachable, teamwork is highly valued, and there are good opportunities to gain hands-on experience and develop both technical and soft skills.","This company provides a supportive and collaborative working environment where employees are encouraged to learn and grow professionally. The management is approachable, teamwork is highly valued, and there are good opportunities to gain hands-on experience and develop both technical and soft skills. Overall, it is a great place to build a strong career foundation."
56,26,Cimb-Group,review_body_text,3,"Overall, it is a great place to build a strong career foundation.","This company provides a supportive and collaborative working environment where employees are encouraged to learn and grow professionally. The management is approachable, teamwork is highly valued, and there are good opportunities to gain hands-on experience and develop both technical and soft skills. Overall, it is a great place to build a strong career foundation."
58,27,RHB Bank Berhad,review_body_text,1,Not support newcommer.,"Not support newcommer.On a personal level, they are approachable and supportive, creating a friendly and collaborative environment. They genuinely care about the team’s well-being and motivate us with positivity and encouragement. This balance of professionalism and human touch makes working under them both inspiring and enjoyable"
58,27,RHB Bank Berhad,review_body_text,2,"On a personal level, they are approachable and supportive, creating a friendly and collaborative environment.","Not support newcommer.On a personal level, they are approachable and supportive, creating a friendly and collaborative environment. They genuinely care about the team’s well-being and motivate us with positivity and encouragement. This balance of professionalism and human touch makes working under them both inspiring and enjoyable"
58,27,RHB Bank Berhad,review_body_text,3,They genuinely care about the team’s well-being and motivate us with positivity and encouragement.,"Not support newcommer.On a personal level, they are approachable and supportive, creating a friendly and collaborative environment. They genuinely care about the team’s well-being and motivate us with positivity and encouragement. This balance of professionalism and human touch makes working under them both inspiring and enjoyable"
58,27,RHB Bank Berhad,review_body_text,4,This balance of professionalism and human touch makes working under them both inspiring and enjoyable,"Not support newcommer.On a personal level, they are approachable and supportive, creating a friendly and collaborative environment. They genuinely care about the team’s well-being and motivate us with positivity and encouragement. This balance of professionalism and human touch makes working under them both inspiring and enjoyable"
59,28,Public-Bank-Berhad,review_title,1,Structured and Hierarchy,Structured and Hierarchy
60,28,Public-Bank-Berhad,review_body_text,1,The working culture is very structured and hierarchy.,The working culture is very structured and hierarchy. Multiple reporting layers. Hardly have employee empowerment. Minimal training and development programmes.
60,28,Public-Bank-Berhad,review_body_text,2,Multiple reporting layers.,The working culture is very structured and hierarchy. Multiple reporting layers. Hardly have employee empowerment. Minimal training and development programmes.
60,28,Public-Bank-Berhad,review_body_text,3,Hardly have employee empowerment.,The working culture is very structured and hierarchy. Multiple reporting layers. Hardly have employee empowerment. Minimal training and development programmes.
60,28,Public-Bank-Berhad,review_body_text,4,Minimal training and development programmes.,The working culture is very structured and hierarchy. Multiple reporting layers. Hardly have employee empowerment. Minimal training and development programmes.
61,29,RHB Bank Berhad,review_title,1,"Moderate work load, not So much benefit , but still free of mind","Moderate work load, not So much benefit , but still free of mind"
62,29,RHB Bank Berhad,review_body_text,1,"If you need to a higher career development and lots benefits, can option with other company.","If you need to a higher career development and lots benefits, can option with other company. But if you want to go for a reasonable and just normal job free of mind can go to here"
62,29,RHB Bank Berhad,review_body_text,2,But if you want to go for a reasonable and just normal job free of mind can go to here,"If you need to a higher career development and lots benefits, can option with other company. But if you want to go for a reasonable and just normal job free of mind can go to here"
63,30,Bank-Rakyat,review_title,1,Employer of choice for everyone,Employer of choice for everyone
64,30,Bank-Rakyat,review_body_text,1,I enjoyed the most during work-collaboration with other departments,"I enjoyed the most during work-collaboration with other departments; as this would be the great platform to sharpen my communication skills, knowledge enhancement, grow in self-contidence & maturity and develop good teamwork"
64,30,Bank-Rakyat,review_body_text,2,"as this would be the great platform to sharpen my communication skills, knowledge enhancement, grow in self-contidence & maturity and develop good teamwork","I enjoyed the most during work-collaboration with other departments; as this would be the great platform to sharpen my communication skills, knowledge enhancement, grow in self-contidence & maturity and develop good teamwork"
65,30,Bank-Rakyat,pros_text,1,"Great place to work, persomal & career growth, & good perks","Great place to work, persomal & career growth, & good perks"
66,30,Bank-Rakyat,cons_text,1,Frequent re-org/rorg restructuring due to change to the top management,Frequent re-org/rorg restructuring due to change to the top management
67,31,maybank,review_title,1,Fast paced environment,Fast paced environment
68,31,maybank,review_body_text,1,Fast paced environment and can learn a lot of new things.,Fast paced environment and can learn a lot of new things. Pleasent people to work with. Great benefits and perks. Moderate level of work and life balance.
68,31,maybank,review_body_text,2,Pleasent people to work with.,Fast paced environment and can learn a lot of new things. Pleasent people to work with. Great benefits and perks. Moderate level of work and life balance.
68,31,maybank,review_body_text,3,Great benefits and perks.,Fast paced environment and can learn a lot of new things. Pleasent people to work with. Great benefits and perks. Moderate level of work and life balance.
68,31,maybank,review_body_text,4,Moderate level of work and life balance.,Fast paced environment and can learn a lot of new things. Pleasent people to work with. Great benefits and perks. Moderate level of work and life balance.
69,32,maybank,review_title,1,Traditional & change-averse company,Traditional & change-averse company
70,32,maybank,review_body_text,1,Not to say that all departments are like this but majority of leaders who has been with the bank >10years will have mentality like this.,"Not to say that all departments are like this but majority of leaders who has been with the bank >10years will have mentality like this. My advise is to ask a lot of questions during your interview so you can judge whether it is a good fit for you. Other than that, good benefits and bonus 😬"
70,32,maybank,review_body_text,2,My advise is to ask a lot of questions during your interview so you can judge whether it is a good fit for you.,"Not to say that all departments are like this but majority of leaders who has been with the bank >10years will have mentality like this. My advise is to ask a lot of questions during your interview so you can judge whether it is a good fit for you. Other than that, good benefits and bonus 😬"
70,32,maybank,review_body_text,3,"Other than that, good benefits and bonus","Not to say that all departments are like this but majority of leaders who has been with the bank >10years will have mentality like this. My advise is to ask a lot of questions during your interview so you can judge whether it is a good fit for you. Other than that, good benefits and bonus 😬"
71,33,HSBC,review_title,1,Good benefit,Good benefit
72,33,HSBC,review_body_text,1,"Good benefit, good exposure, best enviroment, good bonus and everything.","Good benefit, good exposure, best enviroment, good bonus and everything. Supportive bosses, ceo , staff . Work there for 1 year. Cons workload is alot"
72,33,HSBC,review_body_text,2,"Supportive bosses, ceo , staff .","Good benefit, good exposure, best enviroment, good bonus and everything. Supportive bosses, ceo , staff . Work there for 1 year. Cons workload is alot"
72,33,HSBC,review_body_text,3,Work there for 1 year.,"Good benefit, good exposure, best enviroment, good bonus and everything. Supportive bosses, ceo , staff . Work there for 1 year. Cons workload is alot"
72,33,HSBC,review_body_text,4,Cons workload is alot,"Good benefit, good exposure, best enviroment, good bonus and everything. Supportive bosses, ceo , staff . Work there for 1 year. Cons workload is alot"
73,34,Public-Bank-Berhad,review_title,1,Fun workplace,Fun workplace
74,34,Public-Bank-Berhad,review_body_text,1,"My experience working here has been largely positive, with a supportive environment that encourages learning and growth.","My experience working here has been largely positive, with a supportive environment that encourages learning and growth. The team is friendly, approachable, and always willing to help when needed. I appreciate the collaborative culture, where ideas are welcomed and everyone’s input is valued. The management team is generally understanding and open to feedback, creating a comfortable space to discuss challenges and improvements. The workplace also provides good opportunities to develop new skills, whether through hands-on tasks or guidance from more experienced colleagues. The work processes are quite organized, which helps in managing tasks efficiently. While there is still room for improvement in terms of workload balance and clearer communication at times, the overall atmosphere remains motivating."
74,34,Public-Bank-Berhad,review_body_text,2,"The team is friendly, approachable, and always willing to help when needed.","My experience working here has been largely positive, with a supportive environment that encourages learning and growth. The team is friendly, approachable, and always willing to help when needed. I appreciate the collaborative culture, where ideas are welcomed and everyone’s input is valued. The management team is generally understanding and open to feedback, creating a comfortable space to discuss challenges and improvements. The workplace also provides good opportunities to develop new skills, whether through hands-on tasks or guidance from more experienced colleagues. The work processes are quite organized, which helps in managing tasks efficiently. While there is still room for improvement in terms of workload balance and clearer communication at times, the overall atmosphere remains motivating."
74,34,Public-Bank-Berhad,review_body_text,3,"I appreciate the collaborative culture, where ideas are welcomed and everyone’s input is valued.","My experience working here has been largely positive, with a supportive environment that encourages learning and growth. The team is friendly, approachable, and always willing to help when needed. I appreciate the collaborative culture, where ideas are welcomed and everyone’s input is valued. The management team is generally understanding and open to feedback, creating a comfortable space to discuss challenges and improvements. The workplace also provides good opportunities to develop new skills, whether through hands-on tasks or guidance from more experienced colleagues. The work processes are quite organized, which helps in managing tasks efficiently. While there is still room for improvement in terms of workload balance and clearer communication at times, the overall atmosphere remains motivating."
74,34,Public-Bank-Berhad,review_body_text,4,"The management team is generally understanding and open to feedback, creating a comfortable space to discuss challenges and improvements.","My experience working here has been largely positive, with a supportive environment that encourages learning and growth. The team is friendly, approachable, and always willing to help when needed. I appreciate the collaborative culture, where ideas are welcomed and everyone’s input is valued. The management team is generally understanding and open to feedback, creating a comfortable space to discuss challenges and improvements. The workplace also provides good opportunities to develop new skills, whether through hands-on tasks or guidance from more experienced colleagues. The work processes are quite organized, which helps in managing tasks efficiently. While there is still room for improvement in terms of workload balance and clearer communication at times, the overall atmosphere remains motivating."
74,34,Public-Bank-Berhad,review_body_text,5,"The workplace also provides good opportunities to develop new skills, whether through hands-on tasks or guidance from more experienced colleagues.","My experience working here has been largely positive, with a supportive environment that encourages learning and growth. The team is friendly, approachable, and always willing to help when needed. I appreciate the collaborative culture, where ideas are welcomed and everyone’s input is valued. The management team is generally understanding and open to feedback, creating a comfortable space to discuss challenges and improvements. The workplace also provides good opportunities to develop new skills, whether through hands-on tasks or guidance from more experienced colleagues. The work processes are quite organized, which helps in managing tasks efficiently. While there is still room for improvement in terms of workload balance and clearer communication at times, the overall atmosphere remains motivating."
74,34,Public-Bank-Berhad,review_body_text,6,"The work processes are quite organized, which helps in managing tasks efficiently.","My experience working here has been largely positive, with a supportive environment that encourages learning and growth. The team is friendly, approachable, and always willing to help when needed. I appreciate the collaborative culture, where ideas are welcomed and everyone’s input is valued. The management team is generally understanding and open to feedback, creating a comfortable space to discuss challenges and improvements. The workplace also provides good opportunities to develop new skills, whether through hands-on tasks or guidance from more experienced colleagues. The work processes are quite organized, which helps in managing tasks efficiently. While there is still room for improvement in terms of workload balance and clearer communication at times, the overall atmosphere remains motivating."
74,34,Public-Bank-Berhad,review_body_text,7,"While there is still room for improvement in terms of workload balance and clearer communication at times, the overall atmosphere remains motivating.","My experience working here has been largely positive, with a supportive environment that encourages learning and growth. The team is friendly, approachable, and always willing to help when needed. I appreciate the collaborative culture, where ideas are welcomed and everyone’s input is valued. The management team is generally understanding and open to feedback, creating a comfortable space to discuss challenges and improvements. The workplace also provides good opportunities to develop new skills, whether through hands-on tasks or guidance from more experienced colleagues. The work processes are quite organized, which helps in managing tasks efficiently. While there is still room for improvement in terms of workload balance and clearer communication at times, the overall atmosphere remains motivating."
76,35,maybank,review_body_text,1,My internship at Maybank was an incredibly valuable experience.,"My internship at Maybank was an incredibly valuable experience. I learned how a leading financial institution operates and gained hands-on exposure to real banking tasks. The team was supportive and always willing to guide me, which helped me develop both technical and communication skills. I was involved in data entry, customer service, and administrative work, which improved my attention to detail and time management. The working environment was professional yet friendly, making it easy to adapt and learn. Overall, my internship at Maybank gave me a strong foundation and clearer understanding of the banking industry."
76,35,maybank,review_body_text,2,I learned how a leading financial institution operates and gained hands-on exposure to real banking tasks.,"My internship at Maybank was an incredibly valuable experience. I learned how a leading financial institution operates and gained hands-on exposure to real banking tasks. The team was supportive and always willing to guide me, which helped me develop both technical and communication skills. I was involved in data entry, customer service, and administrative work, which improved my attention to detail and time management. The working environment was professional yet friendly, making it easy to adapt and learn. Overall, my internship at Maybank gave me a strong foundation and clearer understanding of the banking industry."
76,35,maybank,review_body_text,3,"The team was supportive and always willing to guide me, which helped me develop both technical and communication skills.","My internship at Maybank was an incredibly valuable experience. I learned how a leading financial institution operates and gained hands-on exposure to real banking tasks. The team was supportive and always willing to guide me, which helped me develop both technical and communication skills. I was involved in data entry, customer service, and administrative work, which improved my attention to detail and time management. The working environment was professional yet friendly, making it easy to adapt and learn. Overall, my internship at Maybank gave me a strong foundation and clearer understanding of the banking industry."
76,35,maybank,review_body_text,4,"I was involved in data entry, customer service, and administrative work, which improved my attention to detail and time management.","My internship at Maybank was an incredibly valuable experience. I learned how a leading financial institution operates and gained hands-on exposure to real banking tasks. The team was supportive and always willing to guide me, which helped me develop both technical and communication skills. I was involved in data entry, customer service, and administrative work, which improved my attention to detail and time management. The working environment was professional yet friendly, making it easy to adapt and learn. Overall, my internship at Maybank gave me a strong foundation and clearer understanding of the banking industry."
76,35,maybank,review_body_text,5,"The working environment was professional yet friendly, making it easy to adapt and learn.","My internship at Maybank was an incredibly valuable experience. I learned how a leading financial institution operates and gained hands-on exposure to real banking tasks. The team was supportive and always willing to guide me, which helped me develop both technical and communication skills. I was involved in data entry, customer service, and administrative work, which improved my attention to detail and time management. The working environment was professional yet friendly, making it easy to adapt and learn. Overall, my internship at Maybank gave me a strong foundation and clearer understanding of the banking industry."
76,35,maybank,review_body_text,6,"Overall, my internship at Maybank gave me a strong foundation and clearer understanding of the banking industry.","My internship at Maybank was an incredibly valuable experience. I learned how a leading financial institution operates and gained hands-on exposure to real banking tasks. The team was supportive and always willing to guide me, which helped me develop both technical and communication skills. I was involved in data entry, customer service, and administrative work, which improved my attention to detail and time management. The working environment was professional yet friendly, making it easy to adapt and learn. Overall, my internship at Maybank gave me a strong foundation and clearer understanding of the banking industry."
77,36,HSBC,review_title,1,Uncertain commission,Uncertain commission
78,36,HSBC,review_body_text,1,"Pay commission quarterly, if u got certain amount on this quarter.","Pay commission quarterly, if u got certain amount on this quarter. Doesnt mean next quarter are the same even u achieved 100% kpi. When ask, always ends up with more question than answers"
78,36,HSBC,review_body_text,2,Doesnt mean next quarter are the same even u achieved 100% kpi.,"Pay commission quarterly, if u got certain amount on this quarter. Doesnt mean next quarter are the same even u achieved 100% kpi. When ask, always ends up with more question than answers"
78,36,HSBC,review_body_text,3,"When ask, always ends up with more question than answers","Pay commission quarterly, if u got certain amount on this quarter. Doesnt mean next quarter are the same even u achieved 100% kpi. When ask, always ends up with more question than answers"
79,37,HSBC,review_title,1,Depends on department,Depends on department
80,37,HSBC,review_body_text,1,Environment was good.,"Environment was good. Colleague helpful. Lots of benefits. Management would be depends on your dept. If you got a good boss, then its your luck. Hsbc pay good salary."
80,37,HSBC,review_body_text,2,Colleague helpful.,"Environment was good. Colleague helpful. Lots of benefits. Management would be depends on your dept. If you got a good boss, then its your luck. Hsbc pay good salary."
80,37,HSBC,review_body_text,3,Lots of benefits.,"Environment was good. Colleague helpful. Lots of benefits. Management would be depends on your dept. If you got a good boss, then its your luck. Hsbc pay good salary."
80,37,HSBC,review_body_text,4,Management would be depends on your dept.,"Environment was good. Colleague helpful. Lots of benefits. Management would be depends on your dept. If you got a good boss, then its your luck. Hsbc pay good salary."
80,37,HSBC,review_body_text,5,"If you got a good boss, then its your luck.","Environment was good. Colleague helpful. Lots of benefits. Management would be depends on your dept. If you got a good boss, then its your luck. Hsbc pay good salary."
80,37,HSBC,review_body_text,6,Hsbc pay good salary.,"Environment was good. Colleague helpful. Lots of benefits. Management would be depends on your dept. If you got a good boss, then its your luck. Hsbc pay good salary."
81,37,HSBC,pros_text,1,"Salary, benefits","Salary, benefits"
82,37,HSBC,cons_text,1,"Shift, management leader","Shift, management leader"
83,38,Cimb-Group,review_title,1,Productive and fun workplace,Productive and fun workplace
84,38,Cimb-Group,review_body_text,1,Good environment for fresh geas.,"Good environment for fresh geas. Learn a lot from the seniors & no politics in the office as well. Everyone so kind, though workloads might be heavier for senior exec, but yeah. As entry level, this is a good starter."
84,38,Cimb-Group,review_body_text,2,Learn a lot from the seniors & no politics in the office as well.,"Good environment for fresh geas. Learn a lot from the seniors & no politics in the office as well. Everyone so kind, though workloads might be heavier for senior exec, but yeah. As entry level, this is a good starter."
84,38,Cimb-Group,review_body_text,3,"Everyone so kind, though workloads might be heavier for senior exec, but yeah.","Good environment for fresh geas. Learn a lot from the seniors & no politics in the office as well. Everyone so kind, though workloads might be heavier for senior exec, but yeah. As entry level, this is a good starter."
84,38,Cimb-Group,review_body_text,4,"As entry level, this is a good starter.","Good environment for fresh geas. Learn a lot from the seniors & no politics in the office as well. Everyone so kind, though workloads might be heavier for senior exec, but yeah. As entry level, this is a good starter."
85,39,Public-Bank-Berhad,review_title,1,Good for beginners,Good for beginners
86,39,Public-Bank-Berhad,review_body_text,1,Good salary and bonuses Alot of annual leaves Average for benefits Stress depends on department Good environment and can learn alot Overall good for starting career here,Good salary and bonuses Alot of annual leaves Average for benefits Stress depends on department Good environment and can learn alot Overall good for starting career here
87,40,RHB Bank Berhad,review_title,1,fun to work with,fun to work with
88,40,RHB Bank Berhad,review_body_text,1,good working environment but slow pace.,"good working environment but slow pace. many approval structure , compliances and hierarch to meet. very tedious job . But the people is fun and willing to share the experiences."
88,40,RHB Bank Berhad,review_body_text,2,"many approval structure , compliances and hierarch to meet.","good working environment but slow pace. many approval structure , compliances and hierarch to meet. very tedious job . But the people is fun and willing to share the experiences."
88,40,RHB Bank Berhad,review_body_text,3,very tedious job .,"good working environment but slow pace. many approval structure , compliances and hierarch to meet. very tedious job . But the people is fun and willing to share the experiences."
88,40,RHB Bank Berhad,review_body_text,4,But the people is fun and willing to share the experiences.,"good working environment but slow pace. many approval structure , compliances and hierarch to meet. very tedious job . But the people is fun and willing to share the experiences."
90,41,HSBC,review_body_text,1,Daily task have to be completed on time but don't worry because your colleagues will help you anyway when you need it.,Daily task have to be completed on time but don't worry because your colleagues will help you anyway when you need it. Teamwork is always there in the bank industry.
90,41,HSBC,review_body_text,2,Teamwork is always there in the bank industry.,Daily task have to be completed on time but don't worry because your colleagues will help you anyway when you need it. Teamwork is always there in the bank industry.
92,42,RHB Bank Berhad,review_body_text,1,What is the best part of working at the company?,"What is the best part of working at the company? The best part of working at RHB was the supportive work environment and strong teamwork among colleagues. The management encouraged growth, provided continuous training, and valued employees’ contributions, making it a great place to build a long term career. What is the most stressful part about working at the company? As with any banking role, there were moments of pressure during peak periods or when meeting targets, but the management and team support made it manageable. The challenges helped me build resilience and improve my time management skills. What is the work environment and culture like at the company? The work culture was friendly, supportive, and team driven. Everyone worked together towards common goals, and the management valued hard work and integrity. What is a typical day like for you at the company? Every day was focused on serving clients, achieving sales goals, and supporting the team. It was a busy but enjoyable routine that kept me motivated and constantly learning."
92,42,RHB Bank Berhad,review_body_text,2,The best part of working at RHB was the supportive work environment and strong teamwork among colleagues.,"What is the best part of working at the company? The best part of working at RHB was the supportive work environment and strong teamwork among colleagues. The management encouraged growth, provided continuous training, and valued employees’ contributions, making it a great place to build a long term career. What is the most stressful part about working at the company? As with any banking role, there were moments of pressure during peak periods or when meeting targets, but the management and team support made it manageable. The challenges helped me build resilience and improve my time management skills. What is the work environment and culture like at the company? The work culture was friendly, supportive, and team driven. Everyone worked together towards common goals, and the management valued hard work and integrity. What is a typical day like for you at the company? Every day was focused on serving clients, achieving sales goals, and supporting the team. It was a busy but enjoyable routine that kept me motivated and constantly learning."
92,42,RHB Bank Berhad,review_body_text,3,"The management encouraged growth, provided continuous training, and valued employees’ contributions, making it a great place to build a long term career.","What is the best part of working at the company? The best part of working at RHB was the supportive work environment and strong teamwork among colleagues. The management encouraged growth, provided continuous training, and valued employees’ contributions, making it a great place to build a long term career. What is the most stressful part about working at the company? As with any banking role, there were moments of pressure during peak periods or when meeting targets, but the management and team support made it manageable. The challenges helped me build resilience and improve my time management skills. What is the work environment and culture like at the company? The work culture was friendly, supportive, and team driven. Everyone worked together towards common goals, and the management valued hard work and integrity. What is a typical day like for you at the company? Every day was focused on serving clients, achieving sales goals, and supporting the team. It was a busy but enjoyable routine that kept me motivated and constantly learning."
92,42,RHB Bank Berhad,review_body_text,4,What is the most stressful part about working at the company?,"What is the best part of working at the company? The best part of working at RHB was the supportive work environment and strong teamwork among colleagues. The management encouraged growth, provided continuous training, and valued employees’ contributions, making it a great place to build a long term career. What is the most stressful part about working at the company? As with any banking role, there were moments of pressure during peak periods or when meeting targets, but the management and team support made it manageable. The challenges helped me build resilience and improve my time management skills. What is the work environment and culture like at the company? The work culture was friendly, supportive, and team driven. Everyone worked together towards common goals, and the management valued hard work and integrity. What is a typical day like for you at the company? Every day was focused on serving clients, achieving sales goals, and supporting the team. It was a busy but enjoyable routine that kept me motivated and constantly learning."
92,42,RHB Bank Berhad,review_body_text,5,"As with any banking role, there were moments of pressure during peak periods or when meeting targets, but the management and team support made it manageable.","What is the best part of working at the company? The best part of working at RHB was the supportive work environment and strong teamwork among colleagues. The management encouraged growth, provided continuous training, and valued employees’ contributions, making it a great place to build a long term career. What is the most stressful part about working at the company? As with any banking role, there were moments of pressure during peak periods or when meeting targets, but the management and team support made it manageable. The challenges helped me build resilience and improve my time management skills. What is the work environment and culture like at the company? The work culture was friendly, supportive, and team driven. Everyone worked together towards common goals, and the management valued hard work and integrity. What is a typical day like for you at the company? Every day was focused on serving clients, achieving sales goals, and supporting the team. It was a busy but enjoyable routine that kept me motivated and constantly learning."
92,42,RHB Bank Berhad,review_body_text,6,The challenges helped me build resilience and improve my time management skills.,"What is the best part of working at the company? The best part of working at RHB was the supportive work environment and strong teamwork among colleagues. The management encouraged growth, provided continuous training, and valued employees’ contributions, making it a great place to build a long term career. What is the most stressful part about working at the company? As with any banking role, there were moments of pressure during peak periods or when meeting targets, but the management and team support made it manageable. The challenges helped me build resilience and improve my time management skills. What is the work environment and culture like at the company? The work culture was friendly, supportive, and team driven. Everyone worked together towards common goals, and the management valued hard work and integrity. What is a typical day like for you at the company? Every day was focused on serving clients, achieving sales goals, and supporting the team. It was a busy but enjoyable routine that kept me motivated and constantly learning."
92,42,RHB Bank Berhad,review_body_text,7,What is the work environment and culture like at the company?,"What is the best part of working at the company? The best part of working at RHB was the supportive work environment and strong teamwork among colleagues. The management encouraged growth, provided continuous training, and valued employees’ contributions, making it a great place to build a long term career. What is the most stressful part about working at the company? As with any banking role, there were moments of pressure during peak periods or when meeting targets, but the management and team support made it manageable. The challenges helped me build resilience and improve my time management skills. What is the work environment and culture like at the company? The work culture was friendly, supportive, and team driven. Everyone worked together towards common goals, and the management valued hard work and integrity. What is a typical day like for you at the company? Every day was focused on serving clients, achieving sales goals, and supporting the team. It was a busy but enjoyable routine that kept me motivated and constantly learning."
92,42,RHB Bank Berhad,review_body_text,8,"The work culture was friendly, supportive, and team driven.","What is the best part of working at the company? The best part of working at RHB was the supportive work environment and strong teamwork among colleagues. The management encouraged growth, provided continuous training, and valued employees’ contributions, making it a great place to build a long term career. What is the most stressful part about working at the company? As with any banking role, there were moments of pressure during peak periods or when meeting targets, but the management and team support made it manageable. The challenges helped me build resilience and improve my time management skills. What is the work environment and culture like at the company? The work culture was friendly, supportive, and team driven. Everyone worked together towards common goals, and the management valued hard work and integrity. What is a typical day like for you at the company? Every day was focused on serving clients, achieving sales goals, and supporting the team. It was a busy but enjoyable routine that kept me motivated and constantly learning."
92,42,RHB Bank Berhad,review_body_text,9,"Everyone worked together towards common goals, and the management valued hard work and integrity.","What is the best part of working at the company? The best part of working at RHB was the supportive work environment and strong teamwork among colleagues. The management encouraged growth, provided continuous training, and valued employees’ contributions, making it a great place to build a long term career. What is the most stressful part about working at the company? As with any banking role, there were moments of pressure during peak periods or when meeting targets, but the management and team support made it manageable. The challenges helped me build resilience and improve my time management skills. What is the work environment and culture like at the company? The work culture was friendly, supportive, and team driven. Everyone worked together towards common goals, and the management valued hard work and integrity. What is a typical day like for you at the company? Every day was focused on serving clients, achieving sales goals, and supporting the team. It was a busy but enjoyable routine that kept me motivated and constantly learning."
92,42,RHB Bank Berhad,review_body_text,10,What is a typical day like for you at the company?,"What is the best part of working at the company? The best part of working at RHB was the supportive work environment and strong teamwork among colleagues. The management encouraged growth, provided continuous training, and valued employees’ contributions, making it a great place to build a long term career. What is the most stressful part about working at the company? As with any banking role, there were moments of pressure during peak periods or when meeting targets, but the management and team support made it manageable. The challenges helped me build resilience and improve my time management skills. What is the work environment and culture like at the company? The work culture was friendly, supportive, and team driven. Everyone worked together towards common goals, and the management valued hard work and integrity. What is a typical day like for you at the company? Every day was focused on serving clients, achieving sales goals, and supporting the team. It was a busy but enjoyable routine that kept me motivated and constantly learning."
92,42,RHB Bank Berhad,review_body_text,11,"Every day was focused on serving clients, achieving sales goals, and supporting the team.","What is the best part of working at the company? The best part of working at RHB was the supportive work environment and strong teamwork among colleagues. The management encouraged growth, provided continuous training, and valued employees’ contributions, making it a great place to build a long term career. What is the most stressful part about working at the company? As with any banking role, there were moments of pressure during peak periods or when meeting targets, but the management and team support made it manageable. The challenges helped me build resilience and improve my time management skills. What is the work environment and culture like at the company? The work culture was friendly, supportive, and team driven. Everyone worked together towards common goals, and the management valued hard work and integrity. What is a typical day like for you at the company? Every day was focused on serving clients, achieving sales goals, and supporting the team. It was a busy but enjoyable routine that kept me motivated and constantly learning."
92,42,RHB Bank Berhad,review_body_text,12,It was a busy but enjoyable routine that kept me motivated and constantly learning.,"What is the best part of working at the company? The best part of working at RHB was the supportive work environment and strong teamwork among colleagues. The management encouraged growth, provided continuous training, and valued employees’ contributions, making it a great place to build a long term career. What is the most stressful part about working at the company? As with any banking role, there were moments of pressure during peak periods or when meeting targets, but the management and team support made it manageable. The challenges helped me build resilience and improve my time management skills. What is the work environment and culture like at the company? The work culture was friendly, supportive, and team driven. Everyone worked together towards common goals, and the management valued hard work and integrity. What is a typical day like for you at the company? Every day was focused on serving clients, achieving sales goals, and supporting the team. It was a busy but enjoyable routine that kept me motivated and constantly learning."
93,43,Public-Bank-Berhad,review_title,1,"Very heavy workloads, no work life balance & toxic management","Very heavy workloads, no work life balance & toxic management"
94,43,Public-Bank-Berhad,review_body_text,1,'- I always saw my colleagues were always working during their annual leaves and weekends in the office for the whole day due to strict deadlines set by ISO regulations,"'- I always saw my colleagues were always working during their annual leaves and weekends in the office for the whole day due to strict deadlines set by ISO regulations - My mentor even asked me to cancel my annual leaves to complete my workloads, and my mentor asked me to complete my workloads during my annual leaves, weekends and public holiday despite unrealistic goals set by the boss and the team. - Your workload will be increased without letting you know in advance or without asking your permission to do so. - Your colleagues will punish you with extra workloads if you didn't complete their KPI (number of cases to be completed per day) - Even if you have a little progress within 4 months, the boss and my mentor won't be happy or celebrate your progress, the only thing they do is by forcing you to do faster with increasing amount of workloads. - My mentor has very biased treatment, my mentor is always friendly towards the other colleagues (who are close to my mentor), but when comes to my male colleague (in same department) and me as a new worker, my mentor always give very bad compliment or judge us in a biased way. My mentor also reacted excessively on trivial things about me and controlled me on every movement (""Don't show that you are not happy, because I saw you that you banged the table with documents"", while the actual event: The documents are too heavy that I can't carry properly, hence I have to arrange the documents with accidental bang). My mentor also talked bad about male colleague behind his back when male colleague took MC due to his illness."
94,43,Public-Bank-Berhad,review_body_text,2,"My mentor even asked me to cancel my annual leaves to complete my workloads, and my mentor asked me to complete my workloads during my annual leaves, weekends and public holiday despite unrealistic goals set by the boss and the team.","'- I always saw my colleagues were always working during their annual leaves and weekends in the office for the whole day due to strict deadlines set by ISO regulations - My mentor even asked me to cancel my annual leaves to complete my workloads, and my mentor asked me to complete my workloads during my annual leaves, weekends and public holiday despite unrealistic goals set by the boss and the team. - Your workload will be increased without letting you know in advance or without asking your permission to do so. - Your colleagues will punish you with extra workloads if you didn't complete their KPI (number of cases to be completed per day) - Even if you have a little progress within 4 months, the boss and my mentor won't be happy or celebrate your progress, the only thing they do is by forcing you to do faster with increasing amount of workloads. - My mentor has very biased treatment, my mentor is always friendly towards the other colleagues (who are close to my mentor), but when comes to my male colleague (in same department) and me as a new worker, my mentor always give very bad compliment or judge us in a biased way. My mentor also reacted excessively on trivial things about me and controlled me on every movement (""Don't show that you are not happy, because I saw you that you banged the table with documents"", while the actual event: The documents are too heavy that I can't carry properly, hence I have to arrange the documents with accidental bang). My mentor also talked bad about male colleague behind his back when male colleague took MC due to his illness."
94,43,Public-Bank-Berhad,review_body_text,3,Your workload will be increased without letting you know in advance or without asking your permission to do so.,"'- I always saw my colleagues were always working during their annual leaves and weekends in the office for the whole day due to strict deadlines set by ISO regulations - My mentor even asked me to cancel my annual leaves to complete my workloads, and my mentor asked me to complete my workloads during my annual leaves, weekends and public holiday despite unrealistic goals set by the boss and the team. - Your workload will be increased without letting you know in advance or without asking your permission to do so. - Your colleagues will punish you with extra workloads if you didn't complete their KPI (number of cases to be completed per day) - Even if you have a little progress within 4 months, the boss and my mentor won't be happy or celebrate your progress, the only thing they do is by forcing you to do faster with increasing amount of workloads. - My mentor has very biased treatment, my mentor is always friendly towards the other colleagues (who are close to my mentor), but when comes to my male colleague (in same department) and me as a new worker, my mentor always give very bad compliment or judge us in a biased way. My mentor also reacted excessively on trivial things about me and controlled me on every movement (""Don't show that you are not happy, because I saw you that you banged the table with documents"", while the actual event: The documents are too heavy that I can't carry properly, hence I have to arrange the documents with accidental bang). My mentor also talked bad about male colleague behind his back when male colleague took MC due to his illness."
94,43,Public-Bank-Berhad,review_body_text,4,Your colleagues will punish you with extra workloads if you didn't complete their KPI (number of cases to be completed per day),"'- I always saw my colleagues were always working during their annual leaves and weekends in the office for the whole day due to strict deadlines set by ISO regulations - My mentor even asked me to cancel my annual leaves to complete my workloads, and my mentor asked me to complete my workloads during my annual leaves, weekends and public holiday despite unrealistic goals set by the boss and the team. - Your workload will be increased without letting you know in advance or without asking your permission to do so. - Your colleagues will punish you with extra workloads if you didn't complete their KPI (number of cases to be completed per day) - Even if you have a little progress within 4 months, the boss and my mentor won't be happy or celebrate your progress, the only thing they do is by forcing you to do faster with increasing amount of workloads. - My mentor has very biased treatment, my mentor is always friendly towards the other colleagues (who are close to my mentor), but when comes to my male colleague (in same department) and me as a new worker, my mentor always give very bad compliment or judge us in a biased way. My mentor also reacted excessively on trivial things about me and controlled me on every movement (""Don't show that you are not happy, because I saw you that you banged the table with documents"", while the actual event: The documents are too heavy that I can't carry properly, hence I have to arrange the documents with accidental bang). My mentor also talked bad about male colleague behind his back when male colleague took MC due to his illness."
94,43,Public-Bank-Berhad,review_body_text,5,"Even if you have a little progress within 4 months, the boss and my mentor won't be happy or celebrate your progress, the only thing they do is by forcing you to do faster with increasing amount of workloads.","'- I always saw my colleagues were always working during their annual leaves and weekends in the office for the whole day due to strict deadlines set by ISO regulations - My mentor even asked me to cancel my annual leaves to complete my workloads, and my mentor asked me to complete my workloads during my annual leaves, weekends and public holiday despite unrealistic goals set by the boss and the team. - Your workload will be increased without letting you know in advance or without asking your permission to do so. - Your colleagues will punish you with extra workloads if you didn't complete their KPI (number of cases to be completed per day) - Even if you have a little progress within 4 months, the boss and my mentor won't be happy or celebrate your progress, the only thing they do is by forcing you to do faster with increasing amount of workloads. - My mentor has very biased treatment, my mentor is always friendly towards the other colleagues (who are close to my mentor), but when comes to my male colleague (in same department) and me as a new worker, my mentor always give very bad compliment or judge us in a biased way. My mentor also reacted excessively on trivial things about me and controlled me on every movement (""Don't show that you are not happy, because I saw you that you banged the table with documents"", while the actual event: The documents are too heavy that I can't carry properly, hence I have to arrange the documents with accidental bang). My mentor also talked bad about male colleague behind his back when male colleague took MC due to his illness."
94,43,Public-Bank-Berhad,review_body_text,6,"My mentor has very biased treatment, my mentor is always friendly towards the other colleagues (who are close to my mentor), but when comes to my male colleague (in same department) and me as a new worker, my mentor always give very bad compliment or judge us in a biased way.","'- I always saw my colleagues were always working during their annual leaves and weekends in the office for the whole day due to strict deadlines set by ISO regulations - My mentor even asked me to cancel my annual leaves to complete my workloads, and my mentor asked me to complete my workloads during my annual leaves, weekends and public holiday despite unrealistic goals set by the boss and the team. - Your workload will be increased without letting you know in advance or without asking your permission to do so. - Your colleagues will punish you with extra workloads if you didn't complete their KPI (number of cases to be completed per day) - Even if you have a little progress within 4 months, the boss and my mentor won't be happy or celebrate your progress, the only thing they do is by forcing you to do faster with increasing amount of workloads. - My mentor has very biased treatment, my mentor is always friendly towards the other colleagues (who are close to my mentor), but when comes to my male colleague (in same department) and me as a new worker, my mentor always give very bad compliment or judge us in a biased way. My mentor also reacted excessively on trivial things about me and controlled me on every movement (""Don't show that you are not happy, because I saw you that you banged the table with documents"", while the actual event: The documents are too heavy that I can't carry properly, hence I have to arrange the documents with accidental bang). My mentor also talked bad about male colleague behind his back when male colleague took MC due to his illness."
94,43,Public-Bank-Berhad,review_body_text,7,"My mentor also reacted excessively on trivial things about me and controlled me on every movement (""Don't show that you are not happy, because I saw you that you banged the table with documents"", while the actual event: The documents are too heavy that I can't carry properly, hence I have to arrange the documents with accidental bang).","'- I always saw my colleagues were always working during their annual leaves and weekends in the office for the whole day due to strict deadlines set by ISO regulations - My mentor even asked me to cancel my annual leaves to complete my workloads, and my mentor asked me to complete my workloads during my annual leaves, weekends and public holiday despite unrealistic goals set by the boss and the team. - Your workload will be increased without letting you know in advance or without asking your permission to do so. - Your colleagues will punish you with extra workloads if you didn't complete their KPI (number of cases to be completed per day) - Even if you have a little progress within 4 months, the boss and my mentor won't be happy or celebrate your progress, the only thing they do is by forcing you to do faster with increasing amount of workloads. - My mentor has very biased treatment, my mentor is always friendly towards the other colleagues (who are close to my mentor), but when comes to my male colleague (in same department) and me as a new worker, my mentor always give very bad compliment or judge us in a biased way. My mentor also reacted excessively on trivial things about me and controlled me on every movement (""Don't show that you are not happy, because I saw you that you banged the table with documents"", while the actual event: The documents are too heavy that I can't carry properly, hence I have to arrange the documents with accidental bang). My mentor also talked bad about male colleague behind his back when male colleague took MC due to his illness."
94,43,Public-Bank-Berhad,review_body_text,8,My mentor also talked bad about male colleague behind his back when male colleague took MC due to his illness.,"'- I always saw my colleagues were always working during their annual leaves and weekends in the office for the whole day due to strict deadlines set by ISO regulations - My mentor even asked me to cancel my annual leaves to complete my workloads, and my mentor asked me to complete my workloads during my annual leaves, weekends and public holiday despite unrealistic goals set by the boss and the team. - Your workload will be increased without letting you know in advance or without asking your permission to do so. - Your colleagues will punish you with extra workloads if you didn't complete their KPI (number of cases to be completed per day) - Even if you have a little progress within 4 months, the boss and my mentor won't be happy or celebrate your progress, the only thing they do is by forcing you to do faster with increasing amount of workloads. - My mentor has very biased treatment, my mentor is always friendly towards the other colleagues (who are close to my mentor), but when comes to my male colleague (in same department) and me as a new worker, my mentor always give very bad compliment or judge us in a biased way. My mentor also reacted excessively on trivial things about me and controlled me on every movement (""Don't show that you are not happy, because I saw you that you banged the table with documents"", while the actual event: The documents are too heavy that I can't carry properly, hence I have to arrange the documents with accidental bang). My mentor also talked bad about male colleague behind his back when male colleague took MC due to his illness."
95,43,Public-Bank-Berhad,pros_text,1,"Very Good Salary, Training","Very Good Salary, Training"
96,43,Public-Bank-Berhad,cons_text,1,"No work life balance, toxic & poor management","No work life balance, toxic & poor management"
97,44,Ocbc,review_title,1,"Stressful, Unfair","Stressful, Unfair"
98,44,Ocbc,review_body_text,1,The O & T dept employees made me too shame to work together.,"The O & T dept employees made me too shame to work together. They took advantage to bully me and asked me to leave the company, other colleagues she treated well. Whenever I had a problem in my works, they asked me to solve it myself. I felt stress and harmful to continue my job, lastly I suggested to leave the organization."
98,44,Ocbc,review_body_text,2,"They took advantage to bully me and asked me to leave the company, other colleagues she treated well.","The O & T dept employees made me too shame to work together. They took advantage to bully me and asked me to leave the company, other colleagues she treated well. Whenever I had a problem in my works, they asked me to solve it myself. I felt stress and harmful to continue my job, lastly I suggested to leave the organization."
98,44,Ocbc,review_body_text,3,"Whenever I had a problem in my works, they asked me to solve it myself.","The O & T dept employees made me too shame to work together. They took advantage to bully me and asked me to leave the company, other colleagues she treated well. Whenever I had a problem in my works, they asked me to solve it myself. I felt stress and harmful to continue my job, lastly I suggested to leave the organization."
98,44,Ocbc,review_body_text,4,"I felt stress and harmful to continue my job, lastly I suggested to leave the organization.","The O & T dept employees made me too shame to work together. They took advantage to bully me and asked me to leave the company, other colleagues she treated well. Whenever I had a problem in my works, they asked me to solve it myself. I felt stress and harmful to continue my job, lastly I suggested to leave the organization."
99,44,Ocbc,cons_text,1,"Shame, unfair, hurting, unhumanity","Shame, unfair, hurting, unhumanity"
100,45,maybank,review_title,1,Perfect for learning,Perfect for learning
101,45,maybank,review_body_text,1,A great place to learn and grow as an intern.,"A great place to learn and grow as an intern. The environment is supportive, with great leaders and amazing teammates who are always willing to help. There’s a good work-life balance, especially with the weekly work-from-home option. Things can get a bit hectic during system changes, but overall it’s a valuable and enjoyable learning experience."
101,45,maybank,review_body_text,2,"The environment is supportive, with great leaders and amazing teammates who are always willing to help.","A great place to learn and grow as an intern. The environment is supportive, with great leaders and amazing teammates who are always willing to help. There’s a good work-life balance, especially with the weekly work-from-home option. Things can get a bit hectic during system changes, but overall it’s a valuable and enjoyable learning experience."
101,45,maybank,review_body_text,3,"There’s a good work-life balance, especially with the weekly work-from-home option.","A great place to learn and grow as an intern. The environment is supportive, with great leaders and amazing teammates who are always willing to help. There’s a good work-life balance, especially with the weekly work-from-home option. Things can get a bit hectic during system changes, but overall it’s a valuable and enjoyable learning experience."
101,45,maybank,review_body_text,4,"Things can get a bit hectic during system changes, but overall it’s a valuable and enjoyable learning experience.","A great place to learn and grow as an intern. The environment is supportive, with great leaders and amazing teammates who are always willing to help. There’s a good work-life balance, especially with the weekly work-from-home option. Things can get a bit hectic during system changes, but overall it’s a valuable and enjoyable learning experience."
102,46,Cimb-Group,review_title,1,Good workplace,Good workplace
103,46,Cimb-Group,review_body_text,1,"Outpatient, dental, optical, health check-up coverage, travelling claim","1) Outpatient, dental, optical, health check-up coverage, travelling claim 2) Maternity leave six months. 3) Bosses are good. 4) KPI is very agile, adjustable."
103,46,Cimb-Group,review_body_text,2,Maternity leave six months.,"1) Outpatient, dental, optical, health check-up coverage, travelling claim 2) Maternity leave six months. 3) Bosses are good. 4) KPI is very agile, adjustable."
103,46,Cimb-Group,review_body_text,3,Bosses are good.,"1) Outpatient, dental, optical, health check-up coverage, travelling claim 2) Maternity leave six months. 3) Bosses are good. 4) KPI is very agile, adjustable."
103,46,Cimb-Group,review_body_text,4,"KPI is very agile, adjustable.","1) Outpatient, dental, optical, health check-up coverage, travelling claim 2) Maternity leave six months. 3) Bosses are good. 4) KPI is very agile, adjustable."
104,47,maybank,review_title,1,very good experience because can learn about work environment,very good experience because can learn about work environment
105,47,maybank,review_body_text,1,What is the best part of working at the company?,What is the best part of working at the company? friendly staff and good environment. What is the most stressful part about working at the company? stress if there is any accidental mistake that we didn't notice and need to re do whole thing.
105,47,maybank,review_body_text,2,friendly staff and good environment.,What is the best part of working at the company? friendly staff and good environment. What is the most stressful part about working at the company? stress if there is any accidental mistake that we didn't notice and need to re do whole thing.
105,47,maybank,review_body_text,3,What is the most stressful part about working at the company?,What is the best part of working at the company? friendly staff and good environment. What is the most stressful part about working at the company? stress if there is any accidental mistake that we didn't notice and need to re do whole thing.
105,47,maybank,review_body_text,4,stress if there is any accidental mistake that we didn't notice and need to re do whole thing.,What is the best part of working at the company? friendly staff and good environment. What is the most stressful part about working at the company? stress if there is any accidental mistake that we didn't notice and need to re do whole thing.
106,48,bank islam,review_title,1,An All-rounder benefits kind of company.,An All-rounder benefits kind of company. Work-life balance on top!
106,48,bank islam,review_title,2,Work-life balance on top!,An All-rounder benefits kind of company. Work-life balance on top!
107,48,bank islam,review_body_text,1,The best working place for intern.,"The best working place for intern. The allowance are great. All colleagues, team leaders and seniors are all great. The work-life balance here is to die for. One in a million."
107,48,bank islam,review_body_text,2,The allowance are great.,"The best working place for intern. The allowance are great. All colleagues, team leaders and seniors are all great. The work-life balance here is to die for. One in a million."
107,48,bank islam,review_body_text,3,"All colleagues, team leaders and seniors are all great.","The best working place for intern. The allowance are great. All colleagues, team leaders and seniors are all great. The work-life balance here is to die for. One in a million."
107,48,bank islam,review_body_text,4,The work-life balance here is to die for.,"The best working place for intern. The allowance are great. All colleagues, team leaders and seniors are all great. The work-life balance here is to die for. One in a million."
107,48,bank islam,review_body_text,5,One in a million.,"The best working place for intern. The allowance are great. All colleagues, team leaders and seniors are all great. The work-life balance here is to die for. One in a million."
108,49,United Overseas Bank,review_title,1,Good benefit but high volume,Good benefit but high volume
109,49,United Overseas Bank,review_body_text,1,"A lot of parties or events, good for extrovert but not a good thing for introverts.","A lot of parties or events, good for extrovert but not a good thing for introverts. Still a lot of manual work and very volume based KPI. Team lead quality is average. Good benefits like flexcare."
109,49,United Overseas Bank,review_body_text,2,Still a lot of manual work and very volume based KPI.,"A lot of parties or events, good for extrovert but not a good thing for introverts. Still a lot of manual work and very volume based KPI. Team lead quality is average. Good benefits like flexcare."
109,49,United Overseas Bank,review_body_text,3,Team lead quality is average.,"A lot of parties or events, good for extrovert but not a good thing for introverts. Still a lot of manual work and very volume based KPI. Team lead quality is average. Good benefits like flexcare."
109,49,United Overseas Bank,review_body_text,4,Good benefits like flexcare.,"A lot of parties or events, good for extrovert but not a good thing for introverts. Still a lot of manual work and very volume based KPI. Team lead quality is average. Good benefits like flexcare."
111,50,HSBC,review_body_text,1,"limited support and some bias in how situations are handled, especially concerning differences in religion.","limited support and some bias in how situations are handled, especially concerning differences in religion. At times, certain staff members have spoken harshly or disrespectfully toward others, yet no action was taken to address it. For personal growth, it would help if staff are encouraged to practice discipline and self-development. Additionally, there appears to be a lack of transparency in commission structures, with practices that may unintentionally favor certain individuals. Clearer, fairer systems would build more trust and motivation among the team. Career growth no unless you are chinese"
111,50,HSBC,review_body_text,2,"At times, certain staff members have spoken harshly or disrespectfully toward others, yet no action was taken to address it.","limited support and some bias in how situations are handled, especially concerning differences in religion. At times, certain staff members have spoken harshly or disrespectfully toward others, yet no action was taken to address it. For personal growth, it would help if staff are encouraged to practice discipline and self-development. Additionally, there appears to be a lack of transparency in commission structures, with practices that may unintentionally favor certain individuals. Clearer, fairer systems would build more trust and motivation among the team. Career growth no unless you are chinese"
111,50,HSBC,review_body_text,3,"For personal growth, it would help if staff are encouraged to practice discipline and self-development.","limited support and some bias in how situations are handled, especially concerning differences in religion. At times, certain staff members have spoken harshly or disrespectfully toward others, yet no action was taken to address it. For personal growth, it would help if staff are encouraged to practice discipline and self-development. Additionally, there appears to be a lack of transparency in commission structures, with practices that may unintentionally favor certain individuals. Clearer, fairer systems would build more trust and motivation among the team. Career growth no unless you are chinese"
111,50,HSBC,review_body_text,4,"Additionally, there appears to be a lack of transparency in commission structures, with practices that may unintentionally favor certain individuals.","limited support and some bias in how situations are handled, especially concerning differences in religion. At times, certain staff members have spoken harshly or disrespectfully toward others, yet no action was taken to address it. For personal growth, it would help if staff are encouraged to practice discipline and self-development. Additionally, there appears to be a lack of transparency in commission structures, with practices that may unintentionally favor certain individuals. Clearer, fairer systems would build more trust and motivation among the team. Career growth no unless you are chinese"
111,50,HSBC,review_body_text,5,"Clearer, fairer systems would build more trust and motivation among the team.","limited support and some bias in how situations are handled, especially concerning differences in religion. At times, certain staff members have spoken harshly or disrespectfully toward others, yet no action was taken to address it. For personal growth, it would help if staff are encouraged to practice discipline and self-development. Additionally, there appears to be a lack of transparency in commission structures, with practices that may unintentionally favor certain individuals. Clearer, fairer systems would build more trust and motivation among the team. Career growth no unless you are chinese"
111,50,HSBC,review_body_text,6,Career growth no unless you are chinese,"limited support and some bias in how situations are handled, especially concerning differences in religion. At times, certain staff members have spoken harshly or disrespectfully toward others, yet no action was taken to address it. For personal growth, it would help if staff are encouraged to practice discipline and self-development. Additionally, there appears to be a lack of transparency in commission structures, with practices that may unintentionally favor certain individuals. Clearer, fairer systems would build more trust and motivation among the team. Career growth no unless you are chinese"
112,51,bank islam,review_title,1,Good pay for OT,Good pay for OT
113,51,bank islam,review_body_text,1,Pros: staff mostly friendly.,Pros: staff mostly friendly. Good OT pay. Staff got a lot of AL Cons: Management. Messy SOP No career advancement Old equipment Hard to apply for AL even got alot of it
113,51,bank islam,review_body_text,2,Good OT pay.,Pros: staff mostly friendly. Good OT pay. Staff got a lot of AL Cons: Management. Messy SOP No career advancement Old equipment Hard to apply for AL even got alot of it
113,51,bank islam,review_body_text,3,Staff got a lot of AL,Pros: staff mostly friendly. Good OT pay. Staff got a lot of AL Cons: Management. Messy SOP No career advancement Old equipment Hard to apply for AL even got alot of it
113,51,bank islam,review_body_text,4,Cons: Management.,Pros: staff mostly friendly. Good OT pay. Staff got a lot of AL Cons: Management. Messy SOP No career advancement Old equipment Hard to apply for AL even got alot of it
113,51,bank islam,review_body_text,5,Messy SOP No career advancement Old equipment Hard to apply for AL even got alot of it,Pros: staff mostly friendly. Good OT pay. Staff got a lot of AL Cons: Management. Messy SOP No career advancement Old equipment Hard to apply for AL even got alot of it
114,52,Cimb-Group,review_title,1,"Kpi very strict, no work life balance","Kpi very strict, no work life balance"
115,52,Cimb-Group,review_body_text,1,"Kpi very strict, no work life balance, but is very good to learn a new things but your should depend by yourself because nobody will no help your because everyone is busy","Kpi very strict, no work life balance, but is very good to learn a new things but your should depend by yourself because nobody will no help your because everyone is busy"
116,53,Public-Bank-Berhad,review_title,1,Forget about life if u work in this company,Forget about life if u work in this company
117,53,Public-Bank-Berhad,review_body_text,1,"Place to look for experience only (1 - 2 years cap), dont mind if u being diaturb at weekend especially hire purchase dept.","Place to look for experience only (1 - 2 years cap), dont mind if u being diaturb at weekend especially hire purchase dept. long working hours n no wfh"
117,53,Public-Bank-Berhad,review_body_text,2,long working hours n no wfh,"Place to look for experience only (1 - 2 years cap), dont mind if u being diaturb at weekend especially hire purchase dept. long working hours n no wfh"
119,54,United Overseas Bank,review_title,1,Rights by you both to the staff and customer,Rights by you both to the staff and customer
120,54,United Overseas Bank,review_body_text,1,What is the best part of working at the company?,"What is the best part of working at the company? Comprehensive rewards and employee wellness. Employee recognition and culture. Learning, growth and inclusive culture What is the most stressful part about working at the company? As usual stress to get year enda target met. What is the work environment and culture like at the company? Rights by you, United-Work as one"
120,54,United Overseas Bank,review_body_text,2,Comprehensive rewards and employee wellness.,"What is the best part of working at the company? Comprehensive rewards and employee wellness. Employee recognition and culture. Learning, growth and inclusive culture What is the most stressful part about working at the company? As usual stress to get year enda target met. What is the work environment and culture like at the company? Rights by you, United-Work as one"
120,54,United Overseas Bank,review_body_text,3,Employee recognition and culture.,"What is the best part of working at the company? Comprehensive rewards and employee wellness. Employee recognition and culture. Learning, growth and inclusive culture What is the most stressful part about working at the company? As usual stress to get year enda target met. What is the work environment and culture like at the company? Rights by you, United-Work as one"
120,54,United Overseas Bank,review_body_text,4,"Learning, growth and inclusive culture What is the most stressful part about working at the company?","What is the best part of working at the company? Comprehensive rewards and employee wellness. Employee recognition and culture. Learning, growth and inclusive culture What is the most stressful part about working at the company? As usual stress to get year enda target met. What is the work environment and culture like at the company? Rights by you, United-Work as one"
120,54,United Overseas Bank,review_body_text,5,As usual stress to get year enda target met.,"What is the best part of working at the company? Comprehensive rewards and employee wellness. Employee recognition and culture. Learning, growth and inclusive culture What is the most stressful part about working at the company? As usual stress to get year enda target met. What is the work environment and culture like at the company? Rights by you, United-Work as one"
120,54,United Overseas Bank,review_body_text,6,What is the work environment and culture like at the company?,"What is the best part of working at the company? Comprehensive rewards and employee wellness. Employee recognition and culture. Learning, growth and inclusive culture What is the most stressful part about working at the company? As usual stress to get year enda target met. What is the work environment and culture like at the company? Rights by you, United-Work as one"
120,54,United Overseas Bank,review_body_text,7,"Rights by you, United-Work as one","What is the best part of working at the company? Comprehensive rewards and employee wellness. Employee recognition and culture. Learning, growth and inclusive culture What is the most stressful part about working at the company? As usual stress to get year enda target met. What is the work environment and culture like at the company? Rights by you, United-Work as one"
121,55,HSBC,review_title,1,Great collaborative culture,Great collaborative culture
122,55,HSBC,review_body_text,1,Good work life balance great compensation.,"Good work life balance great compensation. However, team is very lean, therefore it can be stressful at times and things are fast paced. Team mates are knowledgeable and helpful."
122,55,HSBC,review_body_text,2,"However, team is very lean, therefore it can be stressful at times and things are fast paced.","Good work life balance great compensation. However, team is very lean, therefore it can be stressful at times and things are fast paced. Team mates are knowledgeable and helpful."
122,55,HSBC,review_body_text,3,Team mates are knowledgeable and helpful.,"Good work life balance great compensation. However, team is very lean, therefore it can be stressful at times and things are fast paced. Team mates are knowledgeable and helpful."
124,56,bank islam,review_body_text,1,they really took a good care of their intern.,they really took a good care of their intern. computer provided allowance high and also have training to build intern knowledge to enter work enviroment
124,56,bank islam,review_body_text,2,computer provided allowance high and also have training to build intern knowledge to enter work enviroment,they really took a good care of their intern. computer provided allowance high and also have training to build intern knowledge to enter work enviroment
125,57,United Overseas Bank,review_title,1,It's a great place to work... but the supervisors...,It's a great place to work... but the supervisors...
126,57,United Overseas Bank,review_body_text,1,I worked here before and the work load is quite ok and bearable.,"I worked here before and the work load is quite ok and bearable. Only 'some' supervisor are really getting on your nerve... overall, it's a good place to work"
126,57,United Overseas Bank,review_body_text,2,"Only 'some' supervisor are really getting on your nerve... overall, it's a good place to work","I worked here before and the work load is quite ok and bearable. Only 'some' supervisor are really getting on your nerve... overall, it's a good place to work"
127,58,maybank,review_title,1,High kpi with fast pace,High kpi with fast pace
128,58,maybank,review_body_text,1,Need to achieve a high kpi with changing directions from upper management.,Need to achieve a high kpi with changing directions from upper management. Fast pace environment. Not supportive manager. However good environment and supportive team members
128,58,maybank,review_body_text,2,Fast pace environment.,Need to achieve a high kpi with changing directions from upper management. Fast pace environment. Not supportive manager. However good environment and supportive team members
128,58,maybank,review_body_text,3,Not supportive manager.,Need to achieve a high kpi with changing directions from upper management. Fast pace environment. Not supportive manager. However good environment and supportive team members
128,58,maybank,review_body_text,4,However good environment and supportive team members,Need to achieve a high kpi with changing directions from upper management. Fast pace environment. Not supportive manager. However good environment and supportive team members
129,59,maybank,review_title,1,"Everything is great here, can learn so many things but do not become protege or join programme","Everything is great here, can learn so many things but do not become protege or join programme"
130,59,maybank,review_body_text,1,Chances of you getting a job permanently is almost impossible.,Chances of you getting a job permanently is almost impossible. Please reconsider if you expecting to have stable career soon after graduation. In terms of learning and experience you might gain a lot but not appreciating protege or graduate lvl.
130,59,maybank,review_body_text,2,Please reconsider if you expecting to have stable career soon after graduation.,Chances of you getting a job permanently is almost impossible. Please reconsider if you expecting to have stable career soon after graduation. In terms of learning and experience you might gain a lot but not appreciating protege or graduate lvl.
130,59,maybank,review_body_text,3,In terms of learning and experience you might gain a lot but not appreciating protege or graduate lvl.,Chances of you getting a job permanently is almost impossible. Please reconsider if you expecting to have stable career soon after graduation. In terms of learning and experience you might gain a lot but not appreciating protege or graduate lvl.
131,60,United Overseas Bank,review_title,1,Benefit & environment,Benefit & environment
132,60,United Overseas Bank,review_body_text,1,"The benefit are superb , you can claim everything for personal things ie hotel , flight ticket , sport & etc.","The benefit are superb , you can claim everything for personal things ie hotel , flight ticket , sport & etc. But for working environment, quiet tough. The pressure unbelievable."
132,60,United Overseas Bank,review_body_text,2,"But for working environment, quiet tough.","The benefit are superb , you can claim everything for personal things ie hotel , flight ticket , sport & etc. But for working environment, quiet tough. The pressure unbelievable."
132,60,United Overseas Bank,review_body_text,3,The pressure unbelievable.,"The benefit are superb , you can claim everything for personal things ie hotel , flight ticket , sport & etc. But for working environment, quiet tough. The pressure unbelievable."
134,61,maybank,review_body_text,1,great co workers never stressful you can go home on time work life balance bosses are kind and they always check up on you they are also responsive of your inquiries,great co workers never stressful you can go home on time work life balance bosses are kind and they always check up on you they are also responsive of your inquiries
135,62,Cimb-Group,review_title,1,Good Benefits but Depends on Your Tolerance with the Culture,Good Benefits but Depends on Your Tolerance with the Culture
136,62,Cimb-Group,review_body_text,1,"They are offering better benefits in comparison to other companies, i.e. annual leave, medical, insurance etc.","They are offering better benefits in comparison to other companies, i.e. annual leave, medical, insurance etc. However the working culture is highly dependent on your team leads and preferences from the top management. People from banking industry may find it normal."
136,62,Cimb-Group,review_body_text,2,However the working culture is highly dependent on your team leads and preferences from the top management.,"They are offering better benefits in comparison to other companies, i.e. annual leave, medical, insurance etc. However the working culture is highly dependent on your team leads and preferences from the top management. People from banking industry may find it normal."
136,62,Cimb-Group,review_body_text,3,People from banking industry may find it normal.,"They are offering better benefits in comparison to other companies, i.e. annual leave, medical, insurance etc. However the working culture is highly dependent on your team leads and preferences from the top management. People from banking industry may find it normal."
137,63,Public-Bank-Berhad,review_title,1,Salary is reasonable,Salary is reasonable
138,63,Public-Bank-Berhad,review_body_text,1,Benefits: - Basic salary meets the market range.,"Benefits:- Basic salary meets the market range. However, increment, year-end bonus and performance bonus are based on your job performance and supervisor. Management Style:- Old-school management required multiple layers to apply work access. No flexible working hours and no remote. Promotion will be mostly based on the service years rather than job performance."
138,63,Public-Bank-Berhad,review_body_text,2,"However, increment, year-end bonus and performance bonus are based on your job performance and supervisor.","Benefits:- Basic salary meets the market range. However, increment, year-end bonus and performance bonus are based on your job performance and supervisor. Management Style:- Old-school management required multiple layers to apply work access. No flexible working hours and no remote. Promotion will be mostly based on the service years rather than job performance."
138,63,Public-Bank-Berhad,review_body_text,3,Management Style: - Old-school management required multiple layers to apply work access.,"Benefits:- Basic salary meets the market range. However, increment, year-end bonus and performance bonus are based on your job performance and supervisor. Management Style:- Old-school management required multiple layers to apply work access. No flexible working hours and no remote. Promotion will be mostly based on the service years rather than job performance."
138,63,Public-Bank-Berhad,review_body_text,4,No flexible working hours and no remote.,"Benefits:- Basic salary meets the market range. However, increment, year-end bonus and performance bonus are based on your job performance and supervisor. Management Style:- Old-school management required multiple layers to apply work access. No flexible working hours and no remote. Promotion will be mostly based on the service years rather than job performance."
138,63,Public-Bank-Berhad,review_body_text,5,Promotion will be mostly based on the service years rather than job performance.,"Benefits:- Basic salary meets the market range. However, increment, year-end bonus and performance bonus are based on your job performance and supervisor. Management Style:- Old-school management required multiple layers to apply work access. No flexible working hours and no remote. Promotion will be mostly based on the service years rather than job performance."
139,64,maybank,review_title,1,Good friend,Good friend
140,64,maybank,review_body_text,1,I would like to take this opportunity to express my heartfelt appreciation to my colleagues at Maybank Alor Setar who have been incredibly supportive and generous with their guidance since my very first day.,"I would like to take this opportunity to express my heartfelt appreciation to my colleagues at Maybank Alor Setar who have been incredibly supportive and generous with their guidance since my very first day. Their willingness to share knowledge, their patience in teaching, and their constant encouragement have made a huge difference in my growth and confidence at work. They’re not just coworkers — they’ve become mentors who are always ready to help without hesitation. Every piece of advice and every small lesson has helped me improve and become more efficient in handling my responsibilities. I truly value the positive and professional work environment they create, filled with teamwork, respect, and mutual support. Thank you for being such wonderful teammates and for making my experience here so meaningful. I’m truly grateful, and I hope our bond continues to grow stronger as we move forward together."
140,64,maybank,review_body_text,2,"Their willingness to share knowledge, their patience in teaching, and their constant encouragement have made a huge difference in my growth and confidence at work.","I would like to take this opportunity to express my heartfelt appreciation to my colleagues at Maybank Alor Setar who have been incredibly supportive and generous with their guidance since my very first day. Their willingness to share knowledge, their patience in teaching, and their constant encouragement have made a huge difference in my growth and confidence at work. They’re not just coworkers — they’ve become mentors who are always ready to help without hesitation. Every piece of advice and every small lesson has helped me improve and become more efficient in handling my responsibilities. I truly value the positive and professional work environment they create, filled with teamwork, respect, and mutual support. Thank you for being such wonderful teammates and for making my experience here so meaningful. I’m truly grateful, and I hope our bond continues to grow stronger as we move forward together."
140,64,maybank,review_body_text,3,They’re not just coworkers — they’ve become mentors who are always ready to help without hesitation.,"I would like to take this opportunity to express my heartfelt appreciation to my colleagues at Maybank Alor Setar who have been incredibly supportive and generous with their guidance since my very first day. Their willingness to share knowledge, their patience in teaching, and their constant encouragement have made a huge difference in my growth and confidence at work. They’re not just coworkers — they’ve become mentors who are always ready to help without hesitation. Every piece of advice and every small lesson has helped me improve and become more efficient in handling my responsibilities. I truly value the positive and professional work environment they create, filled with teamwork, respect, and mutual support. Thank you for being such wonderful teammates and for making my experience here so meaningful. I’m truly grateful, and I hope our bond continues to grow stronger as we move forward together."
140,64,maybank,review_body_text,4,Every piece of advice and every small lesson has helped me improve and become more efficient in handling my responsibilities.,"I would like to take this opportunity to express my heartfelt appreciation to my colleagues at Maybank Alor Setar who have been incredibly supportive and generous with their guidance since my very first day. Their willingness to share knowledge, their patience in teaching, and their constant encouragement have made a huge difference in my growth and confidence at work. They’re not just coworkers — they’ve become mentors who are always ready to help without hesitation. Every piece of advice and every small lesson has helped me improve and become more efficient in handling my responsibilities. I truly value the positive and professional work environment they create, filled with teamwork, respect, and mutual support. Thank you for being such wonderful teammates and for making my experience here so meaningful. I’m truly grateful, and I hope our bond continues to grow stronger as we move forward together."
140,64,maybank,review_body_text,5,"I truly value the positive and professional work environment they create, filled with teamwork, respect, and mutual support.","I would like to take this opportunity to express my heartfelt appreciation to my colleagues at Maybank Alor Setar who have been incredibly supportive and generous with their guidance since my very first day. Their willingness to share knowledge, their patience in teaching, and their constant encouragement have made a huge difference in my growth and confidence at work. They’re not just coworkers — they’ve become mentors who are always ready to help without hesitation. Every piece of advice and every small lesson has helped me improve and become more efficient in handling my responsibilities. I truly value the positive and professional work environment they create, filled with teamwork, respect, and mutual support. Thank you for being such wonderful teammates and for making my experience here so meaningful. I’m truly grateful, and I hope our bond continues to grow stronger as we move forward together."
140,64,maybank,review_body_text,6,Thank you for being such wonderful teammates and for making my experience here so meaningful.,"I would like to take this opportunity to express my heartfelt appreciation to my colleagues at Maybank Alor Setar who have been incredibly supportive and generous with their guidance since my very first day. Their willingness to share knowledge, their patience in teaching, and their constant encouragement have made a huge difference in my growth and confidence at work. They’re not just coworkers — they’ve become mentors who are always ready to help without hesitation. Every piece of advice and every small lesson has helped me improve and become more efficient in handling my responsibilities. I truly value the positive and professional work environment they create, filled with teamwork, respect, and mutual support. Thank you for being such wonderful teammates and for making my experience here so meaningful. I’m truly grateful, and I hope our bond continues to grow stronger as we move forward together."
140,64,maybank,review_body_text,7,"I’m truly grateful, and I hope our bond continues to grow stronger as we move forward together.","I would like to take this opportunity to express my heartfelt appreciation to my colleagues at Maybank Alor Setar who have been incredibly supportive and generous with their guidance since my very first day. Their willingness to share knowledge, their patience in teaching, and their constant encouragement have made a huge difference in my growth and confidence at work. They’re not just coworkers — they’ve become mentors who are always ready to help without hesitation. Every piece of advice and every small lesson has helped me improve and become more efficient in handling my responsibilities. I truly value the positive and professional work environment they create, filled with teamwork, respect, and mutual support. Thank you for being such wonderful teammates and for making my experience here so meaningful. I’m truly grateful, and I hope our bond continues to grow stronger as we move forward together."
141,65,Cimb-Group,review_title,1,Long hours,Long hours
142,65,Cimb-Group,review_body_text,1,so tired even during the weekends have to work long hours.,so tired even during the weekends have to work long hours. management dont want to help you or give you proper direction - it was fun at first but now they dont even care
142,65,Cimb-Group,review_body_text,2,management dont want to help you or give you proper direction,so tired even during the weekends have to work long hours. management dont want to help you or give you proper direction - it was fun at first but now they dont even care
142,65,Cimb-Group,review_body_text,3,it was fun at first but now they dont even care,so tired even during the weekends have to work long hours. management dont want to help you or give you proper direction - it was fun at first but now they dont even care
143,66,Public-Bank-Berhad,review_title,1,Good Company but not a Good Division,Good Company but not a Good Division
144,66,Public-Bank-Berhad,review_body_text,1,"Great benefits, encouraging bonus and competitive salary if you work in HQ.","Great benefits, encouraging bonus and competitive salary if you work in HQ. Work life balance is achievable if you're in the right division, right department and under the right team. One step wrong, crazy amount of OT and gaslighting. Could be toxic and unbearable."
144,66,Public-Bank-Berhad,review_body_text,2,"Work life balance is achievable if you're in the right division, right department and under the right team.","Great benefits, encouraging bonus and competitive salary if you work in HQ. Work life balance is achievable if you're in the right division, right department and under the right team. One step wrong, crazy amount of OT and gaslighting. Could be toxic and unbearable."
144,66,Public-Bank-Berhad,review_body_text,3,"One step wrong, crazy amount of OT and gaslighting.","Great benefits, encouraging bonus and competitive salary if you work in HQ. Work life balance is achievable if you're in the right division, right department and under the right team. One step wrong, crazy amount of OT and gaslighting. Could be toxic and unbearable."
144,66,Public-Bank-Berhad,review_body_text,4,Could be toxic and unbearable.,"Great benefits, encouraging bonus and competitive salary if you work in HQ. Work life balance is achievable if you're in the right division, right department and under the right team. One step wrong, crazy amount of OT and gaslighting. Could be toxic and unbearable."
145,67,Cimb-Group,review_title,1,Productive and supportive team,Productive and supportive team
146,67,Cimb-Group,review_body_text,1,It was good.,"It was good. My department and team was very supportive. My supervisor was very supportive in terms of my work and even career. They always include me in every meeting, give advices and guide when I need it."
146,67,Cimb-Group,review_body_text,2,My department and team was very supportive.,"It was good. My department and team was very supportive. My supervisor was very supportive in terms of my work and even career. They always include me in every meeting, give advices and guide when I need it."
146,67,Cimb-Group,review_body_text,3,My supervisor was very supportive in terms of my work and even career.,"It was good. My department and team was very supportive. My supervisor was very supportive in terms of my work and even career. They always include me in every meeting, give advices and guide when I need it."
146,67,Cimb-Group,review_body_text,4,"They always include me in every meeting, give advices and guide when I need it.","It was good. My department and team was very supportive. My supervisor was very supportive in terms of my work and even career. They always include me in every meeting, give advices and guide when I need it."
147,68,bank islam,review_title,1,"No Guidance, No Space, and No Credit","No Guidance, No Space, and No Credit"
148,68,bank islam,review_body_text,1,"This review is for most positions under the Deposit Department: Poor management, no proper space to meet clients, and zero guidance.","This review is for most positions under the Deposit Department: Poor management, no proper space to meet clients, and zero guidance. Had to self-learn everything. Toxic culture—colleagues fought over customers, and superiors claimed credit for our hard work and performance. Stressful job with little support or recognition. High targets, but performance not fairly recognised. The most enjoyable part was achieving targets through my own effort, despite the lack of support. It gave me a sense of personal accomplishment, even if it wasn’t recognised by management."
148,68,bank islam,review_body_text,2,Had to self-learn everything.,"This review is for most positions under the Deposit Department: Poor management, no proper space to meet clients, and zero guidance. Had to self-learn everything. Toxic culture—colleagues fought over customers, and superiors claimed credit for our hard work and performance. Stressful job with little support or recognition. High targets, but performance not fairly recognised. The most enjoyable part was achieving targets through my own effort, despite the lack of support. It gave me a sense of personal accomplishment, even if it wasn’t recognised by management."
148,68,bank islam,review_body_text,3,"Toxic culture—colleagues fought over customers, and superiors claimed credit for our hard work and performance.","This review is for most positions under the Deposit Department: Poor management, no proper space to meet clients, and zero guidance. Had to self-learn everything. Toxic culture—colleagues fought over customers, and superiors claimed credit for our hard work and performance. Stressful job with little support or recognition. High targets, but performance not fairly recognised. The most enjoyable part was achieving targets through my own effort, despite the lack of support. It gave me a sense of personal accomplishment, even if it wasn’t recognised by management."
148,68,bank islam,review_body_text,4,Stressful job with little support or recognition.,"This review is for most positions under the Deposit Department: Poor management, no proper space to meet clients, and zero guidance. Had to self-learn everything. Toxic culture—colleagues fought over customers, and superiors claimed credit for our hard work and performance. Stressful job with little support or recognition. High targets, but performance not fairly recognised. The most enjoyable part was achieving targets through my own effort, despite the lack of support. It gave me a sense of personal accomplishment, even if it wasn’t recognised by management."
148,68,bank islam,review_body_text,5,"High targets, but performance not fairly recognised.","This review is for most positions under the Deposit Department: Poor management, no proper space to meet clients, and zero guidance. Had to self-learn everything. Toxic culture—colleagues fought over customers, and superiors claimed credit for our hard work and performance. Stressful job with little support or recognition. High targets, but performance not fairly recognised. The most enjoyable part was achieving targets through my own effort, despite the lack of support. It gave me a sense of personal accomplishment, even if it wasn’t recognised by management."
148,68,bank islam,review_body_text,6,"The most enjoyable part was achieving targets through my own effort, despite the lack of support.","This review is for most positions under the Deposit Department: Poor management, no proper space to meet clients, and zero guidance. Had to self-learn everything. Toxic culture—colleagues fought over customers, and superiors claimed credit for our hard work and performance. Stressful job with little support or recognition. High targets, but performance not fairly recognised. The most enjoyable part was achieving targets through my own effort, despite the lack of support. It gave me a sense of personal accomplishment, even if it wasn’t recognised by management."
148,68,bank islam,review_body_text,7,"It gave me a sense of personal accomplishment, even if it wasn’t recognised by management.","This review is for most positions under the Deposit Department: Poor management, no proper space to meet clients, and zero guidance. Had to self-learn everything. Toxic culture—colleagues fought over customers, and superiors claimed credit for our hard work and performance. Stressful job with little support or recognition. High targets, but performance not fairly recognised. The most enjoyable part was achieving targets through my own effort, despite the lack of support. It gave me a sense of personal accomplishment, even if it wasn’t recognised by management."
149,68,bank islam,pros_text,1,Learn to work independently.,Learn to work independently. Personal growth through self-initiative.
149,68,bank islam,pros_text,2,Personal growth through self-initiative.,Learn to work independently. Personal growth through self-initiative.
150,68,bank islam,cons_text,1,Poor management and lack of guidance,"Poor management and lack of guidance; No proper workspace for meeting clients; Toxic, competitive environment; Superiors claim credit for your work ; High targets, but performance not fairly recognised; No commission or very minimal rewards; Constant stress, unclear roles, and no team support"
150,68,bank islam,cons_text,2,No proper workspace for meeting clients,"Poor management and lack of guidance; No proper workspace for meeting clients; Toxic, competitive environment; Superiors claim credit for your work ; High targets, but performance not fairly recognised; No commission or very minimal rewards; Constant stress, unclear roles, and no team support"
150,68,bank islam,cons_text,3,"Toxic, competitive environment","Poor management and lack of guidance; No proper workspace for meeting clients; Toxic, competitive environment; Superiors claim credit for your work ; High targets, but performance not fairly recognised; No commission or very minimal rewards; Constant stress, unclear roles, and no team support"
150,68,bank islam,cons_text,4,Superiors claim credit for your work,"Poor management and lack of guidance; No proper workspace for meeting clients; Toxic, competitive environment; Superiors claim credit for your work ; High targets, but performance not fairly recognised; No commission or very minimal rewards; Constant stress, unclear roles, and no team support"
150,68,bank islam,cons_text,5,"High targets, but performance not fairly recognised","Poor management and lack of guidance; No proper workspace for meeting clients; Toxic, competitive environment; Superiors claim credit for your work ; High targets, but performance not fairly recognised; No commission or very minimal rewards; Constant stress, unclear roles, and no team support"
150,68,bank islam,cons_text,6,No commission or very minimal rewards,"Poor management and lack of guidance; No proper workspace for meeting clients; Toxic, competitive environment; Superiors claim credit for your work ; High targets, but performance not fairly recognised; No commission or very minimal rewards; Constant stress, unclear roles, and no team support"
150,68,bank islam,cons_text,7,"Constant stress, unclear roles, and no team support","Poor management and lack of guidance; No proper workspace for meeting clients; Toxic, competitive environment; Superiors claim credit for your work ; High targets, but performance not fairly recognised; No commission or very minimal rewards; Constant stress, unclear roles, and no team support"
151,69,RHB Bank Berhad,review_title,1,informative yet surface level exposure towards nature of business,informative yet surface level exposure towards nature of business
152,69,RHB Bank Berhad,review_body_text,1,prepare monthly reporting tasks and mostly does market research.,"prepare monthly reporting tasks and mostly does market research. Does offer hybrid working style, imcludes activities like townhall, learning week, team building, and upskilling depending on the department."
152,69,RHB Bank Berhad,review_body_text,2,"Does offer hybrid working style, imcludes activities like townhall, learning week, team building, and upskilling depending on the department.","prepare monthly reporting tasks and mostly does market research. Does offer hybrid working style, imcludes activities like townhall, learning week, team building, and upskilling depending on the department."
153,70,Public-Bank-Berhad,review_title,1,Monetary benefits is fine but overload with work,Monetary benefits is fine but overload with work
154,70,Public-Bank-Berhad,review_body_text,1,"Public Bank offers strong pay, bonuses & stability, but suffers from outdated systems, clunky app, heavy workload & limited work‑life balance.","Public Bank offers strong pay, bonuses & stability, but suffers from outdated systems, clunky app, heavy workload & limited work‑life balance. Turnover rate is quite high"
154,70,Public-Bank-Berhad,review_body_text,2,Turnover rate is quite high,"Public Bank offers strong pay, bonuses & stability, but suffers from outdated systems, clunky app, heavy workload & limited work‑life balance. Turnover rate is quite high"
156,71,HSBC,review_body_text,1,Good work culture Good boss Good working environment Good colleagues Got engagement between team members Workload is heavy but can learn a lot of knowledge,Good work culture Good boss Good working environment Good colleagues Got engagement between team members Workload is heavy but can learn a lot of knowledge
157,72,Public-Bank-Berhad,review_title,1,Traditional thinking and working ethics,Traditional thinking and working ethics
158,72,Public-Bank-Berhad,review_body_text,1,'- Boss treats workers like highschoolers,'- Boss treats workers like highschoolers - Little to no staff engagement - Require staffs to stay back but wont pay for overtime - Environment limits you from learning new stuff
158,72,Public-Bank-Berhad,review_body_text,2,Little to no staff engagement,'- Boss treats workers like highschoolers - Little to no staff engagement - Require staffs to stay back but wont pay for overtime - Environment limits you from learning new stuff
158,72,Public-Bank-Berhad,review_body_text,3,Require staffs to stay back but wont pay for overtime,'- Boss treats workers like highschoolers - Little to no staff engagement - Require staffs to stay back but wont pay for overtime - Environment limits you from learning new stuff
158,72,Public-Bank-Berhad,review_body_text,4,Environment limits you from learning new stuff,'- Boss treats workers like highschoolers - Little to no staff engagement - Require staffs to stay back but wont pay for overtime - Environment limits you from learning new stuff
159,73,Ocbc,review_title,1,"OCBC is a stable, growth-oriented bank that values people and innovation.","OCBC is a stable, growth-oriented bank that values people and innovation."
160,73,Ocbc,review_body_text,1,Pros: Supportive Work Environment: Encouraging leadership and helpful colleagues foster a positive workplace culture.,"Pros: Supportive Work Environment: Encouraging leadership and helpful colleagues foster a positive workplace culture. Career Development: Offers structured training programs and opportunities for internal mobility. Innovation-Driven: Focus on digital transformation makes it an exciting place for tech-savvy professionals. Customer-Centric Values: Strong emphasis on delivering quality service, which builds purpose in daily work. Work-Life Balance: Reasonable workload and flexible arrangements support personal well-being. Recognition & Ownership: Employees are empowered to lead initiatives and recognized for their contributions. Cons: Pace of Change: Decision-making can sometimes be slower due to the size of the organization. Cross-Functional Collaboration: While encouraged, it may face occasional resistance due to siloed structures. Competitive Progression: Career advancement can be competitive in certain departments."
160,73,Ocbc,review_body_text,2,Career Development: Offers structured training programs and opportunities for internal mobility.,"Pros: Supportive Work Environment: Encouraging leadership and helpful colleagues foster a positive workplace culture. Career Development: Offers structured training programs and opportunities for internal mobility. Innovation-Driven: Focus on digital transformation makes it an exciting place for tech-savvy professionals. Customer-Centric Values: Strong emphasis on delivering quality service, which builds purpose in daily work. Work-Life Balance: Reasonable workload and flexible arrangements support personal well-being. Recognition & Ownership: Employees are empowered to lead initiatives and recognized for their contributions. Cons: Pace of Change: Decision-making can sometimes be slower due to the size of the organization. Cross-Functional Collaboration: While encouraged, it may face occasional resistance due to siloed structures. Competitive Progression: Career advancement can be competitive in certain departments."
160,73,Ocbc,review_body_text,3,Innovation-Driven: Focus on digital transformation makes it an exciting place for tech-savvy professionals.,"Pros: Supportive Work Environment: Encouraging leadership and helpful colleagues foster a positive workplace culture. Career Development: Offers structured training programs and opportunities for internal mobility. Innovation-Driven: Focus on digital transformation makes it an exciting place for tech-savvy professionals. Customer-Centric Values: Strong emphasis on delivering quality service, which builds purpose in daily work. Work-Life Balance: Reasonable workload and flexible arrangements support personal well-being. Recognition & Ownership: Employees are empowered to lead initiatives and recognized for their contributions. Cons: Pace of Change: Decision-making can sometimes be slower due to the size of the organization. Cross-Functional Collaboration: While encouraged, it may face occasional resistance due to siloed structures. Competitive Progression: Career advancement can be competitive in certain departments."
160,73,Ocbc,review_body_text,4,"Customer-Centric Values: Strong emphasis on delivering quality service, which builds purpose in daily work.","Pros: Supportive Work Environment: Encouraging leadership and helpful colleagues foster a positive workplace culture. Career Development: Offers structured training programs and opportunities for internal mobility. Innovation-Driven: Focus on digital transformation makes it an exciting place for tech-savvy professionals. Customer-Centric Values: Strong emphasis on delivering quality service, which builds purpose in daily work. Work-Life Balance: Reasonable workload and flexible arrangements support personal well-being. Recognition & Ownership: Employees are empowered to lead initiatives and recognized for their contributions. Cons: Pace of Change: Decision-making can sometimes be slower due to the size of the organization. Cross-Functional Collaboration: While encouraged, it may face occasional resistance due to siloed structures. Competitive Progression: Career advancement can be competitive in certain departments."
160,73,Ocbc,review_body_text,5,Work-Life Balance: Reasonable workload and flexible arrangements support personal well-being.,"Pros: Supportive Work Environment: Encouraging leadership and helpful colleagues foster a positive workplace culture. Career Development: Offers structured training programs and opportunities for internal mobility. Innovation-Driven: Focus on digital transformation makes it an exciting place for tech-savvy professionals. Customer-Centric Values: Strong emphasis on delivering quality service, which builds purpose in daily work. Work-Life Balance: Reasonable workload and flexible arrangements support personal well-being. Recognition & Ownership: Employees are empowered to lead initiatives and recognized for their contributions. Cons: Pace of Change: Decision-making can sometimes be slower due to the size of the organization. Cross-Functional Collaboration: While encouraged, it may face occasional resistance due to siloed structures. Competitive Progression: Career advancement can be competitive in certain departments."
160,73,Ocbc,review_body_text,6,Recognition & Ownership: Employees are empowered to lead initiatives and recognized for their contributions.,"Pros: Supportive Work Environment: Encouraging leadership and helpful colleagues foster a positive workplace culture. Career Development: Offers structured training programs and opportunities for internal mobility. Innovation-Driven: Focus on digital transformation makes it an exciting place for tech-savvy professionals. Customer-Centric Values: Strong emphasis on delivering quality service, which builds purpose in daily work. Work-Life Balance: Reasonable workload and flexible arrangements support personal well-being. Recognition & Ownership: Employees are empowered to lead initiatives and recognized for their contributions. Cons: Pace of Change: Decision-making can sometimes be slower due to the size of the organization. Cross-Functional Collaboration: While encouraged, it may face occasional resistance due to siloed structures. Competitive Progression: Career advancement can be competitive in certain departments."
160,73,Ocbc,review_body_text,7,Cons: Pace of Change: Decision-making can sometimes be slower due to the size of the organization.,"Pros: Supportive Work Environment: Encouraging leadership and helpful colleagues foster a positive workplace culture. Career Development: Offers structured training programs and opportunities for internal mobility. Innovation-Driven: Focus on digital transformation makes it an exciting place for tech-savvy professionals. Customer-Centric Values: Strong emphasis on delivering quality service, which builds purpose in daily work. Work-Life Balance: Reasonable workload and flexible arrangements support personal well-being. Recognition & Ownership: Employees are empowered to lead initiatives and recognized for their contributions. Cons: Pace of Change: Decision-making can sometimes be slower due to the size of the organization. Cross-Functional Collaboration: While encouraged, it may face occasional resistance due to siloed structures. Competitive Progression: Career advancement can be competitive in certain departments."
160,73,Ocbc,review_body_text,8,"Cross-Functional Collaboration: While encouraged, it may face occasional resistance due to siloed structures.","Pros: Supportive Work Environment: Encouraging leadership and helpful colleagues foster a positive workplace culture. Career Development: Offers structured training programs and opportunities for internal mobility. Innovation-Driven: Focus on digital transformation makes it an exciting place for tech-savvy professionals. Customer-Centric Values: Strong emphasis on delivering quality service, which builds purpose in daily work. Work-Life Balance: Reasonable workload and flexible arrangements support personal well-being. Recognition & Ownership: Employees are empowered to lead initiatives and recognized for their contributions. Cons: Pace of Change: Decision-making can sometimes be slower due to the size of the organization. Cross-Functional Collaboration: While encouraged, it may face occasional resistance due to siloed structures. Competitive Progression: Career advancement can be competitive in certain departments."
160,73,Ocbc,review_body_text,9,Competitive Progression: Career advancement can be competitive in certain departments.,"Pros: Supportive Work Environment: Encouraging leadership and helpful colleagues foster a positive workplace culture. Career Development: Offers structured training programs and opportunities for internal mobility. Innovation-Driven: Focus on digital transformation makes it an exciting place for tech-savvy professionals. Customer-Centric Values: Strong emphasis on delivering quality service, which builds purpose in daily work. Work-Life Balance: Reasonable workload and flexible arrangements support personal well-being. Recognition & Ownership: Employees are empowered to lead initiatives and recognized for their contributions. Cons: Pace of Change: Decision-making can sometimes be slower due to the size of the organization. Cross-Functional Collaboration: While encouraged, it may face occasional resistance due to siloed structures. Competitive Progression: Career advancement can be competitive in certain departments."
161,74,United Overseas Bank,review_title,1,"While the job offered some valuable learning experiences, the overall environment at UOB Bank—particularly post-Citi Bank migration—was demoralizing.","While the job offered some valuable learning experiences, the overall environment at UOB Bank—particularly post-Citi Bank migration—was demoralizing."
162,74,United Overseas Bank,review_body_text,1,"A typical day was fast-paced, handling high volumes of customer issues with tight performance targets.","A typical day was fast-paced, handling high volumes of customer issues with tight performance targets. I learned to manage pressure, improve my communication skills, and adapt quickly especially after the Citi Bank migration. Unfortunately, management was unresponsive and showed little concern for employee well-being. The culture was heavily politicized, with favoritism and internal politics often overshadowing merit and hard work. There was no work-life balance, and internal politics were overwhelming. Citi staff were treated poorly after the transition, which made things even harder. The hardest part was staying motivated in a toxic environment. The best part was helping customers and resolving their issues—it gave a real sense of accomplishment. Overall, not a supportive place to grow long-term."
162,74,United Overseas Bank,review_body_text,2,"I learned to manage pressure, improve my communication skills, and adapt quickly especially after the Citi Bank migration.","A typical day was fast-paced, handling high volumes of customer issues with tight performance targets. I learned to manage pressure, improve my communication skills, and adapt quickly especially after the Citi Bank migration. Unfortunately, management was unresponsive and showed little concern for employee well-being. The culture was heavily politicized, with favoritism and internal politics often overshadowing merit and hard work. There was no work-life balance, and internal politics were overwhelming. Citi staff were treated poorly after the transition, which made things even harder. The hardest part was staying motivated in a toxic environment. The best part was helping customers and resolving their issues—it gave a real sense of accomplishment. Overall, not a supportive place to grow long-term."
162,74,United Overseas Bank,review_body_text,3,"Unfortunately, management was unresponsive and showed little concern for employee well-being.","A typical day was fast-paced, handling high volumes of customer issues with tight performance targets. I learned to manage pressure, improve my communication skills, and adapt quickly especially after the Citi Bank migration. Unfortunately, management was unresponsive and showed little concern for employee well-being. The culture was heavily politicized, with favoritism and internal politics often overshadowing merit and hard work. There was no work-life balance, and internal politics were overwhelming. Citi staff were treated poorly after the transition, which made things even harder. The hardest part was staying motivated in a toxic environment. The best part was helping customers and resolving their issues—it gave a real sense of accomplishment. Overall, not a supportive place to grow long-term."
162,74,United Overseas Bank,review_body_text,4,"The culture was heavily politicized, with favoritism and internal politics often overshadowing merit and hard work.","A typical day was fast-paced, handling high volumes of customer issues with tight performance targets. I learned to manage pressure, improve my communication skills, and adapt quickly especially after the Citi Bank migration. Unfortunately, management was unresponsive and showed little concern for employee well-being. The culture was heavily politicized, with favoritism and internal politics often overshadowing merit and hard work. There was no work-life balance, and internal politics were overwhelming. Citi staff were treated poorly after the transition, which made things even harder. The hardest part was staying motivated in a toxic environment. The best part was helping customers and resolving their issues—it gave a real sense of accomplishment. Overall, not a supportive place to grow long-term."
162,74,United Overseas Bank,review_body_text,5,"There was no work-life balance, and internal politics were overwhelming.","A typical day was fast-paced, handling high volumes of customer issues with tight performance targets. I learned to manage pressure, improve my communication skills, and adapt quickly especially after the Citi Bank migration. Unfortunately, management was unresponsive and showed little concern for employee well-being. The culture was heavily politicized, with favoritism and internal politics often overshadowing merit and hard work. There was no work-life balance, and internal politics were overwhelming. Citi staff were treated poorly after the transition, which made things even harder. The hardest part was staying motivated in a toxic environment. The best part was helping customers and resolving their issues—it gave a real sense of accomplishment. Overall, not a supportive place to grow long-term."
162,74,United Overseas Bank,review_body_text,6,"Citi staff were treated poorly after the transition, which made things even harder.","A typical day was fast-paced, handling high volumes of customer issues with tight performance targets. I learned to manage pressure, improve my communication skills, and adapt quickly especially after the Citi Bank migration. Unfortunately, management was unresponsive and showed little concern for employee well-being. The culture was heavily politicized, with favoritism and internal politics often overshadowing merit and hard work. There was no work-life balance, and internal politics were overwhelming. Citi staff were treated poorly after the transition, which made things even harder. The hardest part was staying motivated in a toxic environment. The best part was helping customers and resolving their issues—it gave a real sense of accomplishment. Overall, not a supportive place to grow long-term."
162,74,United Overseas Bank,review_body_text,7,The hardest part was staying motivated in a toxic environment.,"A typical day was fast-paced, handling high volumes of customer issues with tight performance targets. I learned to manage pressure, improve my communication skills, and adapt quickly especially after the Citi Bank migration. Unfortunately, management was unresponsive and showed little concern for employee well-being. The culture was heavily politicized, with favoritism and internal politics often overshadowing merit and hard work. There was no work-life balance, and internal politics were overwhelming. Citi staff were treated poorly after the transition, which made things even harder. The hardest part was staying motivated in a toxic environment. The best part was helping customers and resolving their issues—it gave a real sense of accomplishment. Overall, not a supportive place to grow long-term."
162,74,United Overseas Bank,review_body_text,8,The best part was helping customers and resolving their issues—it gave a real sense of accomplishment.,"A typical day was fast-paced, handling high volumes of customer issues with tight performance targets. I learned to manage pressure, improve my communication skills, and adapt quickly especially after the Citi Bank migration. Unfortunately, management was unresponsive and showed little concern for employee well-being. The culture was heavily politicized, with favoritism and internal politics often overshadowing merit and hard work. There was no work-life balance, and internal politics were overwhelming. Citi staff were treated poorly after the transition, which made things even harder. The hardest part was staying motivated in a toxic environment. The best part was helping customers and resolving their issues—it gave a real sense of accomplishment. Overall, not a supportive place to grow long-term."
162,74,United Overseas Bank,review_body_text,9,"Overall, not a supportive place to grow long-term.","A typical day was fast-paced, handling high volumes of customer issues with tight performance targets. I learned to manage pressure, improve my communication skills, and adapt quickly especially after the Citi Bank migration. Unfortunately, management was unresponsive and showed little concern for employee well-being. The culture was heavily politicized, with favoritism and internal politics often overshadowing merit and hard work. There was no work-life balance, and internal politics were overwhelming. Citi staff were treated poorly after the transition, which made things even harder. The hardest part was staying motivated in a toxic environment. The best part was helping customers and resolving their issues—it gave a real sense of accomplishment. Overall, not a supportive place to grow long-term."
163,75,Public-Bank-Berhad,review_title,1,Good bonus and benefit,Good bonus and benefit
164,75,Public-Bank-Berhad,review_body_text,1,Good bonus and benefit.,Good bonus and benefit. For career growth depends on department and bosses. They easily hire fresh grad. No work life balance and they will pressure you all the time
164,75,Public-Bank-Berhad,review_body_text,2,For career growth depends on department and bosses.,Good bonus and benefit. For career growth depends on department and bosses. They easily hire fresh grad. No work life balance and they will pressure you all the time
164,75,Public-Bank-Berhad,review_body_text,3,They easily hire fresh grad.,Good bonus and benefit. For career growth depends on department and bosses. They easily hire fresh grad. No work life balance and they will pressure you all the time
164,75,Public-Bank-Berhad,review_body_text,4,No work life balance and they will pressure you all the time,Good bonus and benefit. For career growth depends on department and bosses. They easily hire fresh grad. No work life balance and they will pressure you all the time
165,75,Public-Bank-Berhad,pros_text,1,Benefit and bonus,Benefit and bonus
166,75,Public-Bank-Berhad,cons_text,1,Office politics,Office politics
168,76,Public-Bank-Berhad,review_body_text,1,Traditional type of work experience.,Traditional type of work experience. Good place to learn for fresh. Typical corporate company with a lot of procedures and ethics that you need to follow.
168,76,Public-Bank-Berhad,review_body_text,2,Good place to learn for fresh.,Traditional type of work experience. Good place to learn for fresh. Typical corporate company with a lot of procedures and ethics that you need to follow.
168,76,Public-Bank-Berhad,review_body_text,3,Typical corporate company with a lot of procedures and ethics that you need to follow.,Traditional type of work experience. Good place to learn for fresh. Typical corporate company with a lot of procedures and ethics that you need to follow.
170,77,Public-Bank-Berhad,review_body_text,1,What is the work environment and culture like at the company?,"What is the work environment and culture like at the company? The company has a fast-paced and high-performance work culture that challenges you to grow. While expectations are high, it encourages resilience and strong work ethics. It’s a place where dedication and hard work are key to success. What is a typical day like for you at the company? A typical day is dynamic and fast-moving, with everyone focused and efficient. There's always something happening, which keeps the work engaging and helps sharpen multitasking and time management skills"
170,77,Public-Bank-Berhad,review_body_text,2,The company has a fast-paced and high-performance work culture that challenges you to grow.,"What is the work environment and culture like at the company? The company has a fast-paced and high-performance work culture that challenges you to grow. While expectations are high, it encourages resilience and strong work ethics. It’s a place where dedication and hard work are key to success. What is a typical day like for you at the company? A typical day is dynamic and fast-moving, with everyone focused and efficient. There's always something happening, which keeps the work engaging and helps sharpen multitasking and time management skills"
170,77,Public-Bank-Berhad,review_body_text,3,"While expectations are high, it encourages resilience and strong work ethics.","What is the work environment and culture like at the company? The company has a fast-paced and high-performance work culture that challenges you to grow. While expectations are high, it encourages resilience and strong work ethics. It’s a place where dedication and hard work are key to success. What is a typical day like for you at the company? A typical day is dynamic and fast-moving, with everyone focused and efficient. There's always something happening, which keeps the work engaging and helps sharpen multitasking and time management skills"
170,77,Public-Bank-Berhad,review_body_text,4,It’s a place where dedication and hard work are key to success.,"What is the work environment and culture like at the company? The company has a fast-paced and high-performance work culture that challenges you to grow. While expectations are high, it encourages resilience and strong work ethics. It’s a place where dedication and hard work are key to success. What is a typical day like for you at the company? A typical day is dynamic and fast-moving, with everyone focused and efficient. There's always something happening, which keeps the work engaging and helps sharpen multitasking and time management skills"
170,77,Public-Bank-Berhad,review_body_text,5,What is a typical day like for you at the company?,"What is the work environment and culture like at the company? The company has a fast-paced and high-performance work culture that challenges you to grow. While expectations are high, it encourages resilience and strong work ethics. It’s a place where dedication and hard work are key to success. What is a typical day like for you at the company? A typical day is dynamic and fast-moving, with everyone focused and efficient. There's always something happening, which keeps the work engaging and helps sharpen multitasking and time management skills"
170,77,Public-Bank-Berhad,review_body_text,6,"A typical day is dynamic and fast-moving, with everyone focused and efficient.","What is the work environment and culture like at the company? The company has a fast-paced and high-performance work culture that challenges you to grow. While expectations are high, it encourages resilience and strong work ethics. It’s a place where dedication and hard work are key to success. What is a typical day like for you at the company? A typical day is dynamic and fast-moving, with everyone focused and efficient. There's always something happening, which keeps the work engaging and helps sharpen multitasking and time management skills"
170,77,Public-Bank-Berhad,review_body_text,7,"There's always something happening, which keeps the work engaging and helps sharpen multitasking and time management skills","What is the work environment and culture like at the company? The company has a fast-paced and high-performance work culture that challenges you to grow. While expectations are high, it encourages resilience and strong work ethics. It’s a place where dedication and hard work are key to success. What is a typical day like for you at the company? A typical day is dynamic and fast-moving, with everyone focused and efficient. There's always something happening, which keeps the work engaging and helps sharpen multitasking and time management skills"
171,78,HSBC,review_title,1,Fun place to work,Fun place to work
172,78,HSBC,review_body_text,1,"best work environment, encourage speak-up culture, management and colleagues are friendly and helpful.","best work environment, encourage speak-up culture, management and colleagues are friendly and helpful. Learn a lot from them. The staff benefits were good."
172,78,HSBC,review_body_text,2,Learn a lot from them.,"best work environment, encourage speak-up culture, management and colleagues are friendly and helpful. Learn a lot from them. The staff benefits were good."
172,78,HSBC,review_body_text,3,The staff benefits were good.,"best work environment, encourage speak-up culture, management and colleagues are friendly and helpful. Learn a lot from them. The staff benefits were good."
173,78,HSBC,pros_text,1,strong staff engagement,strong staff engagement
174,78,HSBC,cons_text,1,Remuneration not as expectation,Remuneration not as expectation
175,79,RHB Bank Berhad,review_title,1,Good for fresh grad,Good for fresh grad
176,79,RHB Bank Berhad,review_body_text,1,"Good environment, good salary, will give u experience, but compared to other commercial bank, rhb is like medium.","Good environment, good salary, will give u experience, but compared to other commercial bank, rhb is like medium. Not many clients will prefer rhb. The name is not top."
176,79,RHB Bank Berhad,review_body_text,2,Not many clients will prefer rhb.,"Good environment, good salary, will give u experience, but compared to other commercial bank, rhb is like medium. Not many clients will prefer rhb. The name is not top."
176,79,RHB Bank Berhad,review_body_text,3,The name is not top.,"Good environment, good salary, will give u experience, but compared to other commercial bank, rhb is like medium. Not many clients will prefer rhb. The name is not top."
177,80,RHB Bank Berhad,review_title,1,Not bad,Not bad
178,80,RHB Bank Berhad,review_body_text,1,Overall not bad.,Overall not bad. Lack increment and bonus. Working hour not flexible. Not good to stay for a long time. Working environment can be improved. Team members are good.
178,80,RHB Bank Berhad,review_body_text,2,Lack increment and bonus.,Overall not bad. Lack increment and bonus. Working hour not flexible. Not good to stay for a long time. Working environment can be improved. Team members are good.
178,80,RHB Bank Berhad,review_body_text,3,Working hour not flexible.,Overall not bad. Lack increment and bonus. Working hour not flexible. Not good to stay for a long time. Working environment can be improved. Team members are good.
178,80,RHB Bank Berhad,review_body_text,4,Not good to stay for a long time.,Overall not bad. Lack increment and bonus. Working hour not flexible. Not good to stay for a long time. Working environment can be improved. Team members are good.
178,80,RHB Bank Berhad,review_body_text,5,Working environment can be improved.,Overall not bad. Lack increment and bonus. Working hour not flexible. Not good to stay for a long time. Working environment can be improved. Team members are good.
178,80,RHB Bank Berhad,review_body_text,6,Team members are good.,Overall not bad. Lack increment and bonus. Working hour not flexible. Not good to stay for a long time. Working environment can be improved. Team members are good.
179,81,maybank,review_title,1,"Department-dependent, decent experience","Department-dependent, decent experience"
180,81,maybank,review_body_text,1,My internship experience was okay overall.,"My internship experience was okay overall. It really depends on which department you’re placed in—if you end up in the right one, it’s easier to fit in and there’s a better chance of getting absorbed into the company. The allowance was given based on the number of days you worked, which might not work for everyone expecting a fixed monthly pay. Honestly the people in my team are nice, but in terms of workloads there weren’t much that interns are allowed to do as it is customer’s privacy matters."
180,81,maybank,review_body_text,2,"It really depends on which department you’re placed in—if you end up in the right one, it’s easier to fit in and there’s a better chance of getting absorbed into the company.","My internship experience was okay overall. It really depends on which department you’re placed in—if you end up in the right one, it’s easier to fit in and there’s a better chance of getting absorbed into the company. The allowance was given based on the number of days you worked, which might not work for everyone expecting a fixed monthly pay. Honestly the people in my team are nice, but in terms of workloads there weren’t much that interns are allowed to do as it is customer’s privacy matters."
180,81,maybank,review_body_text,3,"The allowance was given based on the number of days you worked, which might not work for everyone expecting a fixed monthly pay.","My internship experience was okay overall. It really depends on which department you’re placed in—if you end up in the right one, it’s easier to fit in and there’s a better chance of getting absorbed into the company. The allowance was given based on the number of days you worked, which might not work for everyone expecting a fixed monthly pay. Honestly the people in my team are nice, but in terms of workloads there weren’t much that interns are allowed to do as it is customer’s privacy matters."
180,81,maybank,review_body_text,4,"Honestly the people in my team are nice, but in terms of workloads there weren’t much that interns are allowed to do as it is customer’s privacy matters.","My internship experience was okay overall. It really depends on which department you’re placed in—if you end up in the right one, it’s easier to fit in and there’s a better chance of getting absorbed into the company. The allowance was given based on the number of days you worked, which might not work for everyone expecting a fixed monthly pay. Honestly the people in my team are nice, but in terms of workloads there weren’t much that interns are allowed to do as it is customer’s privacy matters."
181,82,Cimb-Group,review_title,1,"Learn a lot, good managers","Learn a lot, good managers"
182,82,Cimb-Group,review_body_text,1,"The work environment is fast-paced, with supportive senior colleagues and ample opportunities to learn.","The work environment is fast-paced, with supportive senior colleagues and ample opportunities to learn. However, the role requires a significant amount of self-directed learning. Overall, it provides a valuable experience for fresh graduates to develop their skills and grow their careers"
182,82,Cimb-Group,review_body_text,2,"However, the role requires a significant amount of self-directed learning.","The work environment is fast-paced, with supportive senior colleagues and ample opportunities to learn. However, the role requires a significant amount of self-directed learning. Overall, it provides a valuable experience for fresh graduates to develop their skills and grow their careers"
182,82,Cimb-Group,review_body_text,3,"Overall, it provides a valuable experience for fresh graduates to develop their skills and grow their careers","The work environment is fast-paced, with supportive senior colleagues and ample opportunities to learn. However, the role requires a significant amount of self-directed learning. Overall, it provides a valuable experience for fresh graduates to develop their skills and grow their careers"
183,83,Ocbc,review_title,1,High inbound rate and very stressful,High inbound rate and very stressful
184,83,Ocbc,review_body_text,1,"As a fresh grad I thought would capable to learn something , but they failed my expectations, too stressful and unable to handle it, very very lousy management","As a fresh grad I thought would capable to learn something , but they failed my expectations, too stressful and unable to handle it, very very lousy management"
185,84,Ocbc,review_title,1,Good experience,Good experience
186,84,Ocbc,review_body_text,1,Good experience Various benefits and care on employee.,Good experience Various benefits and care on employee. Have 7 days block leave every year to get away from work. Many other benefits for claim as well and
186,84,Ocbc,review_body_text,2,Have 7 days block leave every year to get away from work.,Good experience Various benefits and care on employee. Have 7 days block leave every year to get away from work. Many other benefits for claim as well and
186,84,Ocbc,review_body_text,3,Many other benefits for claim as well and,Good experience Various benefits and care on employee. Have 7 days block leave every year to get away from work. Many other benefits for claim as well and
188,85,Cimb-Group,review_body_text,1,"I interned at CIMB Bank hoping for a dynamic learning experience, but overall, it fell short of expectations.","I interned at CIMB Bank hoping for a dynamic learning experience, but overall, it fell short of expectations. Most of my time was spent on repetitive, low-impact assignments that didn’t contribute much to my growth or understanding of the banking sector."
188,85,Cimb-Group,review_body_text,2,"Most of my time was spent on repetitive, low-impact assignments that didn’t contribute much to my growth or understanding of the banking sector.","I interned at CIMB Bank hoping for a dynamic learning experience, but overall, it fell short of expectations. Most of my time was spent on repetitive, low-impact assignments that didn’t contribute much to my growth or understanding of the banking sector."
189,86,HSBC,review_title,1,Productive and fun workplace,Productive and fun workplace
190,86,HSBC,review_body_text,1,My internship experience has been incredibly rewarding.,"My internship experience has been incredibly rewarding. I had the chance to work on real-world projects, apply my skills, and learn from talented professionals. The team was supportive and always willing to offer guidance, helping me grow both personally and professionally. I gained valuable insights into marketing and developed a stronger foundation for my career. Overall, this experience has been enriching, and I’m grateful for the opportunity to have been part of such a dynamic environment."
190,86,HSBC,review_body_text,2,"I had the chance to work on real-world projects, apply my skills, and learn from talented professionals.","My internship experience has been incredibly rewarding. I had the chance to work on real-world projects, apply my skills, and learn from talented professionals. The team was supportive and always willing to offer guidance, helping me grow both personally and professionally. I gained valuable insights into marketing and developed a stronger foundation for my career. Overall, this experience has been enriching, and I’m grateful for the opportunity to have been part of such a dynamic environment."
190,86,HSBC,review_body_text,3,"The team was supportive and always willing to offer guidance, helping me grow both personally and professionally.","My internship experience has been incredibly rewarding. I had the chance to work on real-world projects, apply my skills, and learn from talented professionals. The team was supportive and always willing to offer guidance, helping me grow both personally and professionally. I gained valuable insights into marketing and developed a stronger foundation for my career. Overall, this experience has been enriching, and I’m grateful for the opportunity to have been part of such a dynamic environment."
190,86,HSBC,review_body_text,4,I gained valuable insights into marketing and developed a stronger foundation for my career.,"My internship experience has been incredibly rewarding. I had the chance to work on real-world projects, apply my skills, and learn from talented professionals. The team was supportive and always willing to offer guidance, helping me grow both personally and professionally. I gained valuable insights into marketing and developed a stronger foundation for my career. Overall, this experience has been enriching, and I’m grateful for the opportunity to have been part of such a dynamic environment."
190,86,HSBC,review_body_text,5,"Overall, this experience has been enriching, and I’m grateful for the opportunity to have been part of such a dynamic environment.","My internship experience has been incredibly rewarding. I had the chance to work on real-world projects, apply my skills, and learn from talented professionals. The team was supportive and always willing to offer guidance, helping me grow both personally and professionally. I gained valuable insights into marketing and developed a stronger foundation for my career. Overall, this experience has been enriching, and I’m grateful for the opportunity to have been part of such a dynamic environment."
191,87,United Overseas Bank,review_title,1,No work life balance,No work life balance
192,87,United Overseas Bank,review_body_text,1,No work life balance Pay is high Stressful working place Good benefit Politic environment Annual leave a lot Manager stress Long working hour Good place to learn,No work life balance Pay is high Stressful working place Good benefit Politic environment Annual leave a lot Manager stress Long working hour Good place to learn
193,88,Public-Bank-Berhad,review_title,1,Intense pressure & high expectations,Intense pressure & high expectations
194,88,Public-Bank-Berhad,review_body_text,1,Intense pressure & high expectations.,Intense pressure & high expectations. Very Chinese man and traditional way of approaching work. Expected to OT everday and even on weekends without getting paid OT.
194,88,Public-Bank-Berhad,review_body_text,2,Very Chinese man and traditional way of approaching work.,Intense pressure & high expectations. Very Chinese man and traditional way of approaching work. Expected to OT everday and even on weekends without getting paid OT.
194,88,Public-Bank-Berhad,review_body_text,3,Expected to OT everday and even on weekends without getting paid OT.,Intense pressure & high expectations. Very Chinese man and traditional way of approaching work. Expected to OT everday and even on weekends without getting paid OT.
195,89,Public-Bank-Berhad,review_title,1,Not a good choice,Not a good choice
196,89,Public-Bank-Berhad,review_body_text,1,"I am currently working there as a Management Trainee, i find it even in a week it is too overwhelming.","I am currently working there as a Management Trainee, i find it even in a week it is too overwhelming. The management is on another whole different level, they tend to stick with the paper based era whereas people are going towards technologies. I would say run while you can, there is no good employee welfare, pantry is provided but not with food, works are expected to be learnt in one go despite learning phase. Superiors are just not very welcoming, there is this heavy aura around them. Working here means forgetting of going back on time, the very first day itself the manager told me "" here i don't want people to go back on time"" usual working time is from 08:45 am to 5:45pm but you are required to work more but none is claimable. Basically speaking no one goes back on time sharp 05:45pm. Overall the management and the way they handle the process of everything is super old school, they still have typewriters to write on vouchers. therefore, explore other firm or field this place is not recommended for the sake of sanity."
196,89,Public-Bank-Berhad,review_body_text,2,"The management is on another whole different level, they tend to stick with the paper based era whereas people are going towards technologies.","I am currently working there as a Management Trainee, i find it even in a week it is too overwhelming. The management is on another whole different level, they tend to stick with the paper based era whereas people are going towards technologies. I would say run while you can, there is no good employee welfare, pantry is provided but not with food, works are expected to be learnt in one go despite learning phase. Superiors are just not very welcoming, there is this heavy aura around them. Working here means forgetting of going back on time, the very first day itself the manager told me "" here i don't want people to go back on time"" usual working time is from 08:45 am to 5:45pm but you are required to work more but none is claimable. Basically speaking no one goes back on time sharp 05:45pm. Overall the management and the way they handle the process of everything is super old school, they still have typewriters to write on vouchers. therefore, explore other firm or field this place is not recommended for the sake of sanity."
196,89,Public-Bank-Berhad,review_body_text,3,"I would say run while you can, there is no good employee welfare, pantry is provided but not with food, works are expected to be learnt in one go despite learning phase.","I am currently working there as a Management Trainee, i find it even in a week it is too overwhelming. The management is on another whole different level, they tend to stick with the paper based era whereas people are going towards technologies. I would say run while you can, there is no good employee welfare, pantry is provided but not with food, works are expected to be learnt in one go despite learning phase. Superiors are just not very welcoming, there is this heavy aura around them. Working here means forgetting of going back on time, the very first day itself the manager told me "" here i don't want people to go back on time"" usual working time is from 08:45 am to 5:45pm but you are required to work more but none is claimable. Basically speaking no one goes back on time sharp 05:45pm. Overall the management and the way they handle the process of everything is super old school, they still have typewriters to write on vouchers. therefore, explore other firm or field this place is not recommended for the sake of sanity."
196,89,Public-Bank-Berhad,review_body_text,4,"Superiors are just not very welcoming, there is this heavy aura around them.","I am currently working there as a Management Trainee, i find it even in a week it is too overwhelming. The management is on another whole different level, they tend to stick with the paper based era whereas people are going towards technologies. I would say run while you can, there is no good employee welfare, pantry is provided but not with food, works are expected to be learnt in one go despite learning phase. Superiors are just not very welcoming, there is this heavy aura around them. Working here means forgetting of going back on time, the very first day itself the manager told me "" here i don't want people to go back on time"" usual working time is from 08:45 am to 5:45pm but you are required to work more but none is claimable. Basically speaking no one goes back on time sharp 05:45pm. Overall the management and the way they handle the process of everything is super old school, they still have typewriters to write on vouchers. therefore, explore other firm or field this place is not recommended for the sake of sanity."
196,89,Public-Bank-Berhad,review_body_text,5,"Working here means forgetting of going back on time, the very first day itself the manager told me "" here i don't want people to go back on time"" usual working time is from 08:45 am to 5:45pm but you are required to work more but none is claimable.","I am currently working there as a Management Trainee, i find it even in a week it is too overwhelming. The management is on another whole different level, they tend to stick with the paper based era whereas people are going towards technologies. I would say run while you can, there is no good employee welfare, pantry is provided but not with food, works are expected to be learnt in one go despite learning phase. Superiors are just not very welcoming, there is this heavy aura around them. Working here means forgetting of going back on time, the very first day itself the manager told me "" here i don't want people to go back on time"" usual working time is from 08:45 am to 5:45pm but you are required to work more but none is claimable. Basically speaking no one goes back on time sharp 05:45pm. Overall the management and the way they handle the process of everything is super old school, they still have typewriters to write on vouchers. therefore, explore other firm or field this place is not recommended for the sake of sanity."
196,89,Public-Bank-Berhad,review_body_text,6,Basically speaking no one goes back on time sharp 05:45pm.,"I am currently working there as a Management Trainee, i find it even in a week it is too overwhelming. The management is on another whole different level, they tend to stick with the paper based era whereas people are going towards technologies. I would say run while you can, there is no good employee welfare, pantry is provided but not with food, works are expected to be learnt in one go despite learning phase. Superiors are just not very welcoming, there is this heavy aura around them. Working here means forgetting of going back on time, the very first day itself the manager told me "" here i don't want people to go back on time"" usual working time is from 08:45 am to 5:45pm but you are required to work more but none is claimable. Basically speaking no one goes back on time sharp 05:45pm. Overall the management and the way they handle the process of everything is super old school, they still have typewriters to write on vouchers. therefore, explore other firm or field this place is not recommended for the sake of sanity."
196,89,Public-Bank-Berhad,review_body_text,7,"Overall the management and the way they handle the process of everything is super old school, they still have typewriters to write on vouchers.","I am currently working there as a Management Trainee, i find it even in a week it is too overwhelming. The management is on another whole different level, they tend to stick with the paper based era whereas people are going towards technologies. I would say run while you can, there is no good employee welfare, pantry is provided but not with food, works are expected to be learnt in one go despite learning phase. Superiors are just not very welcoming, there is this heavy aura around them. Working here means forgetting of going back on time, the very first day itself the manager told me "" here i don't want people to go back on time"" usual working time is from 08:45 am to 5:45pm but you are required to work more but none is claimable. Basically speaking no one goes back on time sharp 05:45pm. Overall the management and the way they handle the process of everything is super old school, they still have typewriters to write on vouchers. therefore, explore other firm or field this place is not recommended for the sake of sanity."
196,89,Public-Bank-Berhad,review_body_text,8,"therefore, explore other firm or field this place is not recommended for the sake of sanity.","I am currently working there as a Management Trainee, i find it even in a week it is too overwhelming. The management is on another whole different level, they tend to stick with the paper based era whereas people are going towards technologies. I would say run while you can, there is no good employee welfare, pantry is provided but not with food, works are expected to be learnt in one go despite learning phase. Superiors are just not very welcoming, there is this heavy aura around them. Working here means forgetting of going back on time, the very first day itself the manager told me "" here i don't want people to go back on time"" usual working time is from 08:45 am to 5:45pm but you are required to work more but none is claimable. Basically speaking no one goes back on time sharp 05:45pm. Overall the management and the way they handle the process of everything is super old school, they still have typewriters to write on vouchers. therefore, explore other firm or field this place is not recommended for the sake of sanity."
198,90,Cimb-Group,review_body_text,1,great place to work and grow.,great place to work and grow. Superior guidance all the time. Great benefits. Nice working environment and space. Flexible working hours. Cons - distance
198,90,Cimb-Group,review_body_text,2,Superior guidance all the time.,great place to work and grow. Superior guidance all the time. Great benefits. Nice working environment and space. Flexible working hours. Cons - distance
198,90,Cimb-Group,review_body_text,3,Great benefits.,great place to work and grow. Superior guidance all the time. Great benefits. Nice working environment and space. Flexible working hours. Cons - distance
198,90,Cimb-Group,review_body_text,4,Nice working environment and space.,great place to work and grow. Superior guidance all the time. Great benefits. Nice working environment and space. Flexible working hours. Cons - distance
198,90,Cimb-Group,review_body_text,5,Flexible working hours.,great place to work and grow. Superior guidance all the time. Great benefits. Nice working environment and space. Flexible working hours. Cons - distance
198,90,Cimb-Group,review_body_text,6,Cons - distance,great place to work and grow. Superior guidance all the time. Great benefits. Nice working environment and space. Flexible working hours. Cons - distance
199,91,RHB Bank Berhad,review_title,1,good environment and supportive,good environment and supportive
200,91,RHB Bank Berhad,review_body_text,1,"No increment, not offered as permanent position even though work more than 3years, low benefit.","No increment, not offered as permanent position even though work more than 3years, low benefit. It is not wrong to use the offer contract thru agency but if the employee already work more than 1 year with a good results, offer them permanent position."
200,91,RHB Bank Berhad,review_body_text,2,"It is not wrong to use the offer contract thru agency but if the employee already work more than 1 year with a good results, offer them permanent position.","No increment, not offered as permanent position even though work more than 3years, low benefit. It is not wrong to use the offer contract thru agency but if the employee already work more than 1 year with a good results, offer them permanent position."
201,92,HSBC,review_title,1,Experience Raw Adulting,Experience Raw Adulting
202,92,HSBC,review_body_text,1,"Bosses with mood swings, low salary, terrible growth opportunities BUT an opportunity to also learn about banking systems and its SOPs?","Bosses with mood swings, low salary, terrible growth opportunities BUT an opportunity to also learn about banking systems and its SOPs? Look no further! HSBC is here :)"
202,92,HSBC,review_body_text,2,Look no further!,"Bosses with mood swings, low salary, terrible growth opportunities BUT an opportunity to also learn about banking systems and its SOPs? Look no further! HSBC is here :)"
202,92,HSBC,review_body_text,3,HSBC is here :),"Bosses with mood swings, low salary, terrible growth opportunities BUT an opportunity to also learn about banking systems and its SOPs? Look no further! HSBC is here :)"
203,93,Public-Bank-Berhad,review_title,1,Profesional Environment,Profesional Environment
204,93,Public-Bank-Berhad,review_body_text,1,"Didnt work here, but got the chances to be interviewed but unfortunately, it didnt goes really well.","Didnt work here, but got the chances to be interviewed but unfortunately, it didnt goes really well. The interview process was nice tho, the hr seems professional. They call u right after seeing ur resume"
204,93,Public-Bank-Berhad,review_body_text,2,"The interview process was nice tho, the hr seems professional.","Didnt work here, but got the chances to be interviewed but unfortunately, it didnt goes really well. The interview process was nice tho, the hr seems professional. They call u right after seeing ur resume"
204,93,Public-Bank-Berhad,review_body_text,3,They call u right after seeing ur resume,"Didnt work here, but got the chances to be interviewed but unfortunately, it didnt goes really well. The interview process was nice tho, the hr seems professional. They call u right after seeing ur resume"
205,94,RHB Bank Berhad,review_title,1,Flexible working mode,Flexible working mode
206,94,RHB Bank Berhad,review_body_text,1,The trust is given by allowing you to empower the action to complete your work & you are able to work from home.,The trust is given by allowing you to empower the action to complete your work & you are able to work from home. I hope for a better insurance benefit for dependents & salary base.
206,94,RHB Bank Berhad,review_body_text,2,I hope for a better insurance benefit for dependents & salary base.,The trust is given by allowing you to empower the action to complete your work & you are able to work from home. I hope for a better insurance benefit for dependents & salary base.
207,95,Public-Bank-Berhad,review_title,1,High expectation and workload,High expectation and workload
208,95,Public-Bank-Berhad,review_body_text,1,"Pros: Bonus and increment consistently high every year medical benefits great teammates, almost no politics","Pros: Bonus and increment consistently high every year medical benefits great teammates, almost no politics Cons: 1 person would do jobs of 3 people at other banks Expected to learn on the go old tech and equipment"
208,95,Public-Bank-Berhad,review_body_text,2,Cons: 1 person would do jobs of 3 people at other banks Expected to learn on the go old tech and equipment,"Pros: Bonus and increment consistently high every year medical benefits great teammates, almost no politics Cons: 1 person would do jobs of 3 people at other banks Expected to learn on the go old tech and equipment"
209,96,Cimb-Group,review_title,1,Gap between newbie and managers,Gap between newbie and managers
210,96,Cimb-Group,review_body_text,1,"I used to work at CIMB as financial analyst, working environment is fine but somehow I saw that everyone is trying really hard to appeal bosses which","I used to work at CIMB as financial analyst, working environment is fine but somehow I saw that everyone is trying really hard to appeal bosses which"
211,97,maybank,review_title,1,Good benefits,Good benefits
212,97,maybank,review_body_text,1,"Pro Good benefits to employee-insurance,bonus,allowances,increment,epf, staff loan, building facilities Cons Promoted next grade slow Too many expatriates","Pro Good benefits to employee-insurance,bonus,allowances,increment,epf, staff loan, building facilities Cons Promoted next grade slow Too many expatriates"
213,98,Public-Bank-Berhad,review_title,1,A good company to start with in banking line,A good company to start with in banking line
214,98,Public-Bank-Berhad,review_body_text,1,"Working at Public Bank Berhad can be a rewarding yet demanding experience, especially in the fast-paced environment of a commercial bank.","Working at Public Bank Berhad can be a rewarding yet demanding experience, especially in the fast-paced environment of a commercial bank. Like most banks, the workload can be overwhelming, with employees often expected to handle multiple responsibilities, tight deadlines, and high-performance targets. Long working hours are common, particularly in departments such as sales, credit analysis, and customer service. However, this is considered the norm in the banking industry, where efficiency and accuracy are crucial. One of the key factors that can make the experience more enjoyable is having supportive and competent teammates. A good team can help ease the workload, provide guidance, and create a positive work environment, making it easier to manage stress. Public Bank is known for its structured work culture, and employees who can adapt to its disciplined and customer-focused approach tend to succeed. Overall, while the job can be challenging, it offers stability, career growth opportunities, and valuable banking experience. Employees who thrive under pressure and enjoy teamwork may find Public Bank a good place to build a long-term career."
214,98,Public-Bank-Berhad,review_body_text,2,"Like most banks, the workload can be overwhelming, with employees often expected to handle multiple responsibilities, tight deadlines, and high-performance targets.","Working at Public Bank Berhad can be a rewarding yet demanding experience, especially in the fast-paced environment of a commercial bank. Like most banks, the workload can be overwhelming, with employees often expected to handle multiple responsibilities, tight deadlines, and high-performance targets. Long working hours are common, particularly in departments such as sales, credit analysis, and customer service. However, this is considered the norm in the banking industry, where efficiency and accuracy are crucial. One of the key factors that can make the experience more enjoyable is having supportive and competent teammates. A good team can help ease the workload, provide guidance, and create a positive work environment, making it easier to manage stress. Public Bank is known for its structured work culture, and employees who can adapt to its disciplined and customer-focused approach tend to succeed. Overall, while the job can be challenging, it offers stability, career growth opportunities, and valuable banking experience. Employees who thrive under pressure and enjoy teamwork may find Public Bank a good place to build a long-term career."
214,98,Public-Bank-Berhad,review_body_text,3,"Long working hours are common, particularly in departments such as sales, credit analysis, and customer service.","Working at Public Bank Berhad can be a rewarding yet demanding experience, especially in the fast-paced environment of a commercial bank. Like most banks, the workload can be overwhelming, with employees often expected to handle multiple responsibilities, tight deadlines, and high-performance targets. Long working hours are common, particularly in departments such as sales, credit analysis, and customer service. However, this is considered the norm in the banking industry, where efficiency and accuracy are crucial. One of the key factors that can make the experience more enjoyable is having supportive and competent teammates. A good team can help ease the workload, provide guidance, and create a positive work environment, making it easier to manage stress. Public Bank is known for its structured work culture, and employees who can adapt to its disciplined and customer-focused approach tend to succeed. Overall, while the job can be challenging, it offers stability, career growth opportunities, and valuable banking experience. Employees who thrive under pressure and enjoy teamwork may find Public Bank a good place to build a long-term career."
214,98,Public-Bank-Berhad,review_body_text,4,"However, this is considered the norm in the banking industry, where efficiency and accuracy are crucial.","Working at Public Bank Berhad can be a rewarding yet demanding experience, especially in the fast-paced environment of a commercial bank. Like most banks, the workload can be overwhelming, with employees often expected to handle multiple responsibilities, tight deadlines, and high-performance targets. Long working hours are common, particularly in departments such as sales, credit analysis, and customer service. However, this is considered the norm in the banking industry, where efficiency and accuracy are crucial. One of the key factors that can make the experience more enjoyable is having supportive and competent teammates. A good team can help ease the workload, provide guidance, and create a positive work environment, making it easier to manage stress. Public Bank is known for its structured work culture, and employees who can adapt to its disciplined and customer-focused approach tend to succeed. Overall, while the job can be challenging, it offers stability, career growth opportunities, and valuable banking experience. Employees who thrive under pressure and enjoy teamwork may find Public Bank a good place to build a long-term career."
214,98,Public-Bank-Berhad,review_body_text,5,One of the key factors that can make the experience more enjoyable is having supportive and competent teammates.,"Working at Public Bank Berhad can be a rewarding yet demanding experience, especially in the fast-paced environment of a commercial bank. Like most banks, the workload can be overwhelming, with employees often expected to handle multiple responsibilities, tight deadlines, and high-performance targets. Long working hours are common, particularly in departments such as sales, credit analysis, and customer service. However, this is considered the norm in the banking industry, where efficiency and accuracy are crucial. One of the key factors that can make the experience more enjoyable is having supportive and competent teammates. A good team can help ease the workload, provide guidance, and create a positive work environment, making it easier to manage stress. Public Bank is known for its structured work culture, and employees who can adapt to its disciplined and customer-focused approach tend to succeed. Overall, while the job can be challenging, it offers stability, career growth opportunities, and valuable banking experience. Employees who thrive under pressure and enjoy teamwork may find Public Bank a good place to build a long-term career."
214,98,Public-Bank-Berhad,review_body_text,6,"A good team can help ease the workload, provide guidance, and create a positive work environment, making it easier to manage stress.","Working at Public Bank Berhad can be a rewarding yet demanding experience, especially in the fast-paced environment of a commercial bank. Like most banks, the workload can be overwhelming, with employees often expected to handle multiple responsibilities, tight deadlines, and high-performance targets. Long working hours are common, particularly in departments such as sales, credit analysis, and customer service. However, this is considered the norm in the banking industry, where efficiency and accuracy are crucial. One of the key factors that can make the experience more enjoyable is having supportive and competent teammates. A good team can help ease the workload, provide guidance, and create a positive work environment, making it easier to manage stress. Public Bank is known for its structured work culture, and employees who can adapt to its disciplined and customer-focused approach tend to succeed. Overall, while the job can be challenging, it offers stability, career growth opportunities, and valuable banking experience. Employees who thrive under pressure and enjoy teamwork may find Public Bank a good place to build a long-term career."
214,98,Public-Bank-Berhad,review_body_text,7,"Public Bank is known for its structured work culture, and employees who can adapt to its disciplined and customer-focused approach tend to succeed.","Working at Public Bank Berhad can be a rewarding yet demanding experience, especially in the fast-paced environment of a commercial bank. Like most banks, the workload can be overwhelming, with employees often expected to handle multiple responsibilities, tight deadlines, and high-performance targets. Long working hours are common, particularly in departments such as sales, credit analysis, and customer service. However, this is considered the norm in the banking industry, where efficiency and accuracy are crucial. One of the key factors that can make the experience more enjoyable is having supportive and competent teammates. A good team can help ease the workload, provide guidance, and create a positive work environment, making it easier to manage stress. Public Bank is known for its structured work culture, and employees who can adapt to its disciplined and customer-focused approach tend to succeed. Overall, while the job can be challenging, it offers stability, career growth opportunities, and valuable banking experience. Employees who thrive under pressure and enjoy teamwork may find Public Bank a good place to build a long-term career."
214,98,Public-Bank-Berhad,review_body_text,8,"Overall, while the job can be challenging, it offers stability, career growth opportunities, and valuable banking experience.","Working at Public Bank Berhad can be a rewarding yet demanding experience, especially in the fast-paced environment of a commercial bank. Like most banks, the workload can be overwhelming, with employees often expected to handle multiple responsibilities, tight deadlines, and high-performance targets. Long working hours are common, particularly in departments such as sales, credit analysis, and customer service. However, this is considered the norm in the banking industry, where efficiency and accuracy are crucial. One of the key factors that can make the experience more enjoyable is having supportive and competent teammates. A good team can help ease the workload, provide guidance, and create a positive work environment, making it easier to manage stress. Public Bank is known for its structured work culture, and employees who can adapt to its disciplined and customer-focused approach tend to succeed. Overall, while the job can be challenging, it offers stability, career growth opportunities, and valuable banking experience. Employees who thrive under pressure and enjoy teamwork may find Public Bank a good place to build a long-term career."
214,98,Public-Bank-Berhad,review_body_text,9,Employees who thrive under pressure and enjoy teamwork may find Public Bank a good place to build a long-term career.,"Working at Public Bank Berhad can be a rewarding yet demanding experience, especially in the fast-paced environment of a commercial bank. Like most banks, the workload can be overwhelming, with employees often expected to handle multiple responsibilities, tight deadlines, and high-performance targets. Long working hours are common, particularly in departments such as sales, credit analysis, and customer service. However, this is considered the norm in the banking industry, where efficiency and accuracy are crucial. One of the key factors that can make the experience more enjoyable is having supportive and competent teammates. A good team can help ease the workload, provide guidance, and create a positive work environment, making it easier to manage stress. Public Bank is known for its structured work culture, and employees who can adapt to its disciplined and customer-focused approach tend to succeed. Overall, while the job can be challenging, it offers stability, career growth opportunities, and valuable banking experience. Employees who thrive under pressure and enjoy teamwork may find Public Bank a good place to build a long-term career."
215,99,maybank,review_title,1,Great for experience,Great for experience
216,99,maybank,review_body_text,1,"Maybank is a good place for fresh graduate, a lot you can learn and develop here.","Maybank is a good place for fresh graduate, a lot you can learn and develop here. However, there is no work life balance that may make you exhausted. Need to always on standby mode."
216,99,maybank,review_body_text,2,"However, there is no work life balance that may make you exhausted.","Maybank is a good place for fresh graduate, a lot you can learn and develop here. However, there is no work life balance that may make you exhausted. Need to always on standby mode."
216,99,maybank,review_body_text,3,Need to always on standby mode.,"Maybank is a good place for fresh graduate, a lot you can learn and develop here. However, there is no work life balance that may make you exhausted. Need to always on standby mode."
217,100,United Overseas Bank,review_title,1,Staff Experience,Staff Experience
218,100,United Overseas Bank,review_body_text,1,"Poor management and leadership, with a lack of recognition for employees who go above and beyond their regular duties.","Poor management and leadership, with a lack of recognition for employees who go above and beyond their regular duties. During bonus and increment cycles, staff handling only BAU tasks often receive higher total compensation than those who take on additional responsibilities. Moreover, there is a lack of transparency in the compensation distribution process. Favoritism from both leadership and HRBP influences career growth, resulting in the same individuals receiving promotions every 2–3 years, while others are overlooked. Despite implementing 360-degree feedback and the Employee Engagement Survey (EES), employee concerns remain unaddressed. The work environment is highly political and toxic, with poor work-life balance. The recent acquisition of Citi’s business appears to have been poorly managed, leading to a hiring freeze post-merger. As a result, employees are now handling workloads far beyond their capacity, yet compensation remains minimal, with low increments and bonuses. While it is understandable that the bank must demonstrate profitability to shareholders, it is crucial to acknowledge the efforts of employees who drive this success."
218,100,United Overseas Bank,review_body_text,2,"During bonus and increment cycles, staff handling only BAU tasks often receive higher total compensation than those who take on additional responsibilities.","Poor management and leadership, with a lack of recognition for employees who go above and beyond their regular duties. During bonus and increment cycles, staff handling only BAU tasks often receive higher total compensation than those who take on additional responsibilities. Moreover, there is a lack of transparency in the compensation distribution process. Favoritism from both leadership and HRBP influences career growth, resulting in the same individuals receiving promotions every 2–3 years, while others are overlooked. Despite implementing 360-degree feedback and the Employee Engagement Survey (EES), employee concerns remain unaddressed. The work environment is highly political and toxic, with poor work-life balance. The recent acquisition of Citi’s business appears to have been poorly managed, leading to a hiring freeze post-merger. As a result, employees are now handling workloads far beyond their capacity, yet compensation remains minimal, with low increments and bonuses. While it is understandable that the bank must demonstrate profitability to shareholders, it is crucial to acknowledge the efforts of employees who drive this success."
218,100,United Overseas Bank,review_body_text,3,"Moreover, there is a lack of transparency in the compensation distribution process.","Poor management and leadership, with a lack of recognition for employees who go above and beyond their regular duties. During bonus and increment cycles, staff handling only BAU tasks often receive higher total compensation than those who take on additional responsibilities. Moreover, there is a lack of transparency in the compensation distribution process. Favoritism from both leadership and HRBP influences career growth, resulting in the same individuals receiving promotions every 2–3 years, while others are overlooked. Despite implementing 360-degree feedback and the Employee Engagement Survey (EES), employee concerns remain unaddressed. The work environment is highly political and toxic, with poor work-life balance. The recent acquisition of Citi’s business appears to have been poorly managed, leading to a hiring freeze post-merger. As a result, employees are now handling workloads far beyond their capacity, yet compensation remains minimal, with low increments and bonuses. While it is understandable that the bank must demonstrate profitability to shareholders, it is crucial to acknowledge the efforts of employees who drive this success."
218,100,United Overseas Bank,review_body_text,4,"Favoritism from both leadership and HRBP influences career growth, resulting in the same individuals receiving promotions every 2–3 years, while others are overlooked.","Poor management and leadership, with a lack of recognition for employees who go above and beyond their regular duties. During bonus and increment cycles, staff handling only BAU tasks often receive higher total compensation than those who take on additional responsibilities. Moreover, there is a lack of transparency in the compensation distribution process. Favoritism from both leadership and HRBP influences career growth, resulting in the same individuals receiving promotions every 2–3 years, while others are overlooked. Despite implementing 360-degree feedback and the Employee Engagement Survey (EES), employee concerns remain unaddressed. The work environment is highly political and toxic, with poor work-life balance. The recent acquisition of Citi’s business appears to have been poorly managed, leading to a hiring freeze post-merger. As a result, employees are now handling workloads far beyond their capacity, yet compensation remains minimal, with low increments and bonuses. While it is understandable that the bank must demonstrate profitability to shareholders, it is crucial to acknowledge the efforts of employees who drive this success."
218,100,United Overseas Bank,review_body_text,5,"Despite implementing 360-degree feedback and the Employee Engagement Survey (EES), employee concerns remain unaddressed.","Poor management and leadership, with a lack of recognition for employees who go above and beyond their regular duties. During bonus and increment cycles, staff handling only BAU tasks often receive higher total compensation than those who take on additional responsibilities. Moreover, there is a lack of transparency in the compensation distribution process. Favoritism from both leadership and HRBP influences career growth, resulting in the same individuals receiving promotions every 2–3 years, while others are overlooked. Despite implementing 360-degree feedback and the Employee Engagement Survey (EES), employee concerns remain unaddressed. The work environment is highly political and toxic, with poor work-life balance. The recent acquisition of Citi’s business appears to have been poorly managed, leading to a hiring freeze post-merger. As a result, employees are now handling workloads far beyond their capacity, yet compensation remains minimal, with low increments and bonuses. While it is understandable that the bank must demonstrate profitability to shareholders, it is crucial to acknowledge the efforts of employees who drive this success."
218,100,United Overseas Bank,review_body_text,6,"The work environment is highly political and toxic, with poor work-life balance.","Poor management and leadership, with a lack of recognition for employees who go above and beyond their regular duties. During bonus and increment cycles, staff handling only BAU tasks often receive higher total compensation than those who take on additional responsibilities. Moreover, there is a lack of transparency in the compensation distribution process. Favoritism from both leadership and HRBP influences career growth, resulting in the same individuals receiving promotions every 2–3 years, while others are overlooked. Despite implementing 360-degree feedback and the Employee Engagement Survey (EES), employee concerns remain unaddressed. The work environment is highly political and toxic, with poor work-life balance. The recent acquisition of Citi’s business appears to have been poorly managed, leading to a hiring freeze post-merger. As a result, employees are now handling workloads far beyond their capacity, yet compensation remains minimal, with low increments and bonuses. While it is understandable that the bank must demonstrate profitability to shareholders, it is crucial to acknowledge the efforts of employees who drive this success."
218,100,United Overseas Bank,review_body_text,7,"The recent acquisition of Citi’s business appears to have been poorly managed, leading to a hiring freeze post-merger.","Poor management and leadership, with a lack of recognition for employees who go above and beyond their regular duties. During bonus and increment cycles, staff handling only BAU tasks often receive higher total compensation than those who take on additional responsibilities. Moreover, there is a lack of transparency in the compensation distribution process. Favoritism from both leadership and HRBP influences career growth, resulting in the same individuals receiving promotions every 2–3 years, while others are overlooked. Despite implementing 360-degree feedback and the Employee Engagement Survey (EES), employee concerns remain unaddressed. The work environment is highly political and toxic, with poor work-life balance. The recent acquisition of Citi’s business appears to have been poorly managed, leading to a hiring freeze post-merger. As a result, employees are now handling workloads far beyond their capacity, yet compensation remains minimal, with low increments and bonuses. While it is understandable that the bank must demonstrate profitability to shareholders, it is crucial to acknowledge the efforts of employees who drive this success."
218,100,United Overseas Bank,review_body_text,8,"As a result, employees are now handling workloads far beyond their capacity, yet compensation remains minimal, with low increments and bonuses.","Poor management and leadership, with a lack of recognition for employees who go above and beyond their regular duties. During bonus and increment cycles, staff handling only BAU tasks often receive higher total compensation than those who take on additional responsibilities. Moreover, there is a lack of transparency in the compensation distribution process. Favoritism from both leadership and HRBP influences career growth, resulting in the same individuals receiving promotions every 2–3 years, while others are overlooked. Despite implementing 360-degree feedback and the Employee Engagement Survey (EES), employee concerns remain unaddressed. The work environment is highly political and toxic, with poor work-life balance. The recent acquisition of Citi’s business appears to have been poorly managed, leading to a hiring freeze post-merger. As a result, employees are now handling workloads far beyond their capacity, yet compensation remains minimal, with low increments and bonuses. While it is understandable that the bank must demonstrate profitability to shareholders, it is crucial to acknowledge the efforts of employees who drive this success."
218,100,United Overseas Bank,review_body_text,9,"While it is understandable that the bank must demonstrate profitability to shareholders, it is crucial to acknowledge the efforts of employees who drive this success.","Poor management and leadership, with a lack of recognition for employees who go above and beyond their regular duties. During bonus and increment cycles, staff handling only BAU tasks often receive higher total compensation than those who take on additional responsibilities. Moreover, there is a lack of transparency in the compensation distribution process. Favoritism from both leadership and HRBP influences career growth, resulting in the same individuals receiving promotions every 2–3 years, while others are overlooked. Despite implementing 360-degree feedback and the Employee Engagement Survey (EES), employee concerns remain unaddressed. The work environment is highly political and toxic, with poor work-life balance. The recent acquisition of Citi’s business appears to have been poorly managed, leading to a hiring freeze post-merger. As a result, employees are now handling workloads far beyond their capacity, yet compensation remains minimal, with low increments and bonuses. While it is understandable that the bank must demonstrate profitability to shareholders, it is crucial to acknowledge the efforts of employees who drive this success."
219,101,Cimb-Group,review_title,1,Good place to start your finance entry level career,Good place to start your finance entry level career
220,101,Cimb-Group,review_body_text,1,"Good benefits such as maternity, healthcare, dental, optical, etc.","Good benefits such as maternity, healthcare, dental, optical, etc. Environment health depends on your manager and other staffs. Good start to learn to be a banker. Incentives are small compared to other banks."
220,101,Cimb-Group,review_body_text,2,Environment health depends on your manager and other staffs.,"Good benefits such as maternity, healthcare, dental, optical, etc. Environment health depends on your manager and other staffs. Good start to learn to be a banker. Incentives are small compared to other banks."
220,101,Cimb-Group,review_body_text,3,Good start to learn to be a banker.,"Good benefits such as maternity, healthcare, dental, optical, etc. Environment health depends on your manager and other staffs. Good start to learn to be a banker. Incentives are small compared to other banks."
220,101,Cimb-Group,review_body_text,4,Incentives are small compared to other banks.,"Good benefits such as maternity, healthcare, dental, optical, etc. Environment health depends on your manager and other staffs. Good start to learn to be a banker. Incentives are small compared to other banks."
221,102,Ocbc,review_title,1,Best place to have an internship,Best place to have an internship
222,102,Ocbc,review_body_text,1,"HR is so helpful, usually remain in the company after internship.","HR is so helpful, usually remain in the company after internship. Everyone is welcoming and even the ceo are greeting interns in a friendlt manner. Best learning experience."
222,102,Ocbc,review_body_text,2,Everyone is welcoming and even the ceo are greeting interns in a friendlt manner.,"HR is so helpful, usually remain in the company after internship. Everyone is welcoming and even the ceo are greeting interns in a friendlt manner. Best learning experience."
222,102,Ocbc,review_body_text,3,Best learning experience.,"HR is so helpful, usually remain in the company after internship. Everyone is welcoming and even the ceo are greeting interns in a friendlt manner. Best learning experience."
223,103,Cimb-Group,review_title,1,fun workplace,fun workplace
224,103,Cimb-Group,review_body_text,1,"fun, nice, chill workplace, sometimes stressful, Good for Union Staff (Low Rank Position Fixed annual increment and salary adjustment every year, however amount is small","fun, nice, chill workplace, sometimes stressful, Good for Union Staff (Low Rank Position Fixed annual increment and salary adjustment every year, however amount is small"
225,104,Public-Bank-Berhad,review_title,1,no work life balance,no work life balance
226,104,Public-Bank-Berhad,review_body_text,1,not recommended for those who didnt know handle their stress.,not recommended for those who didnt know handle their stress. they can be crazy to meet up their kpi. those fresh graduate who want to work here need to have strong physical and mental to sustain in a long run.
226,104,Public-Bank-Berhad,review_body_text,2,they can be crazy to meet up their kpi.,not recommended for those who didnt know handle their stress. they can be crazy to meet up their kpi. those fresh graduate who want to work here need to have strong physical and mental to sustain in a long run.
226,104,Public-Bank-Berhad,review_body_text,3,those fresh graduate who want to work here need to have strong physical and mental to sustain in a long run.,not recommended for those who didnt know handle their stress. they can be crazy to meet up their kpi. those fresh graduate who want to work here need to have strong physical and mental to sustain in a long run.
228,105,Bank-Rakyat,review_body_text,1,"During my internship at Bank Rakyat, I had the opportunity to gain practical experience in one of Malaysia's leading cooperative banks.","During my internship at Bank Rakyat, I had the opportunity to gain practical experience in one of Malaysia's leading cooperative banks. I was involved in various aspects of banking operations, such as customer service, handling financial products, and administrative support. This experience allowed me to enhance my communication, teamwork, and problem-solving skills while learning from experienced professionals. It provided me with valuable insights into the cooperative banking sector and contributed significantly to my personal and professional development."
228,105,Bank-Rakyat,review_body_text,2,"I was involved in various aspects of banking operations, such as customer service, handling financial products, and administrative support.","During my internship at Bank Rakyat, I had the opportunity to gain practical experience in one of Malaysia's leading cooperative banks. I was involved in various aspects of banking operations, such as customer service, handling financial products, and administrative support. This experience allowed me to enhance my communication, teamwork, and problem-solving skills while learning from experienced professionals. It provided me with valuable insights into the cooperative banking sector and contributed significantly to my personal and professional development."
228,105,Bank-Rakyat,review_body_text,3,"This experience allowed me to enhance my communication, teamwork, and problem-solving skills while learning from experienced professionals.","During my internship at Bank Rakyat, I had the opportunity to gain practical experience in one of Malaysia's leading cooperative banks. I was involved in various aspects of banking operations, such as customer service, handling financial products, and administrative support. This experience allowed me to enhance my communication, teamwork, and problem-solving skills while learning from experienced professionals. It provided me with valuable insights into the cooperative banking sector and contributed significantly to my personal and professional development."
228,105,Bank-Rakyat,review_body_text,4,It provided me with valuable insights into the cooperative banking sector and contributed significantly to my personal and professional development.,"During my internship at Bank Rakyat, I had the opportunity to gain practical experience in one of Malaysia's leading cooperative banks. I was involved in various aspects of banking operations, such as customer service, handling financial products, and administrative support. This experience allowed me to enhance my communication, teamwork, and problem-solving skills while learning from experienced professionals. It provided me with valuable insights into the cooperative banking sector and contributed significantly to my personal and professional development."
229,106,United Overseas Bank,review_title,1,Great company to work for,Great company to work for
230,106,United Overseas Bank,review_body_text,1,Good company to work for.,Good company to work for. Great benefits and team. Sufficient AL provided. Unlimited health benefits. Flex care provided with more than 10 categories claimable
230,106,United Overseas Bank,review_body_text,2,Great benefits and team.,Good company to work for. Great benefits and team. Sufficient AL provided. Unlimited health benefits. Flex care provided with more than 10 categories claimable
230,106,United Overseas Bank,review_body_text,3,Sufficient AL provided.,Good company to work for. Great benefits and team. Sufficient AL provided. Unlimited health benefits. Flex care provided with more than 10 categories claimable
230,106,United Overseas Bank,review_body_text,4,Unlimited health benefits.,Good company to work for. Great benefits and team. Sufficient AL provided. Unlimited health benefits. Flex care provided with more than 10 categories claimable
230,106,United Overseas Bank,review_body_text,5,Flex care provided with more than 10 categories claimable,Good company to work for. Great benefits and team. Sufficient AL provided. Unlimited health benefits. Flex care provided with more than 10 categories claimable
231,107,Public-Bank-Berhad,review_title,1,Good pay,Good pay
232,107,Public-Bank-Berhad,review_body_text,1,Good pay and bonus.,"Good pay and bonus. Team members also nice . But in sale, have to deal with a lot of pressure. Everything is manual and use a lot of paper. Good for fresh graduate to take experience"
232,107,Public-Bank-Berhad,review_body_text,2,Team members also nice .,"Good pay and bonus. Team members also nice . But in sale, have to deal with a lot of pressure. Everything is manual and use a lot of paper. Good for fresh graduate to take experience"
232,107,Public-Bank-Berhad,review_body_text,3,"But in sale, have to deal with a lot of pressure.","Good pay and bonus. Team members also nice . But in sale, have to deal with a lot of pressure. Everything is manual and use a lot of paper. Good for fresh graduate to take experience"
232,107,Public-Bank-Berhad,review_body_text,4,Everything is manual and use a lot of paper.,"Good pay and bonus. Team members also nice . But in sale, have to deal with a lot of pressure. Everything is manual and use a lot of paper. Good for fresh graduate to take experience"
232,107,Public-Bank-Berhad,review_body_text,5,Good for fresh graduate to take experience,"Good pay and bonus. Team members also nice . But in sale, have to deal with a lot of pressure. Everything is manual and use a lot of paper. Good for fresh graduate to take experience"
234,108,maybank,review_body_text,1,Good environment good workplace excellent customer care service able to deliver customer satisfaction with care.,Good environment good workplace excellent customer care service able to deliver customer satisfaction with care. Career enhancing and good vibes. Really enjoyed
234,108,maybank,review_body_text,2,Career enhancing and good vibes.,Good environment good workplace excellent customer care service able to deliver customer satisfaction with care. Career enhancing and good vibes. Really enjoyed
234,108,maybank,review_body_text,3,Really enjoyed,Good environment good workplace excellent customer care service able to deliver customer satisfaction with care. Career enhancing and good vibes. Really enjoyed
237,109,United Overseas Bank,review_title,1,Great environment but poor management,Great environment but poor management
238,109,United Overseas Bank,review_body_text,1,Colleagues are supportive and helpful but management is poor.,"Colleagues are supportive and helpful but management is poor. Impose very strict and lousy rules and most of the time, very pushy and keep forcing staffs to perform OTs."
238,109,United Overseas Bank,review_body_text,2,"Impose very strict and lousy rules and most of the time, very pushy and keep forcing staffs to perform OTs.","Colleagues are supportive and helpful but management is poor. Impose very strict and lousy rules and most of the time, very pushy and keep forcing staffs to perform OTs."
239,110,United Overseas Bank,review_title,1,A bit challenging,A bit challenging
240,110,United Overseas Bank,review_body_text,1,fun workplace if got some friends shift schedule rotate every two weeks good team leader training sometime not enough time good salary and benefit OT they paid salary on time,fun workplace if got some friends shift schedule rotate every two weeks good team leader training sometime not enough time good salary and benefit OT they paid salary on time
241,111,United Overseas Bank,review_title,1,Best place to learn new things but low pay basic salary,Best place to learn new things but low pay basic salary
242,111,United Overseas Bank,review_body_text,1,'-Good vibe working here but the basic salary that this company offer was to low.,'-Good vibe working here but the basic salary that this company offer was to low. -The workload that you must do was not worth it by the salary offer - Have nice benefit compare to other company
242,111,United Overseas Bank,review_body_text,2,The workload that you must do was not worth it by the salary offer,'-Good vibe working here but the basic salary that this company offer was to low. -The workload that you must do was not worth it by the salary offer - Have nice benefit compare to other company
242,111,United Overseas Bank,review_body_text,3,Have nice benefit compare to other company,'-Good vibe working here but the basic salary that this company offer was to low. -The workload that you must do was not worth it by the salary offer - Have nice benefit compare to other company
243,112,United Overseas Bank,review_title,1,Productive and fun workplace,Productive and fun workplace
244,112,United Overseas Bank,review_body_text,1,So far so good.,So far so good. No complaint. Good colleagues and the task can be conducted efficiently. Everyday supply of snacks in the pantry. I love the office environment where it has provided some entertainment space for fun & release stress.
244,112,United Overseas Bank,review_body_text,2,No complaint.,So far so good. No complaint. Good colleagues and the task can be conducted efficiently. Everyday supply of snacks in the pantry. I love the office environment where it has provided some entertainment space for fun & release stress.
244,112,United Overseas Bank,review_body_text,3,Good colleagues and the task can be conducted efficiently.,So far so good. No complaint. Good colleagues and the task can be conducted efficiently. Everyday supply of snacks in the pantry. I love the office environment where it has provided some entertainment space for fun & release stress.
244,112,United Overseas Bank,review_body_text,4,Everyday supply of snacks in the pantry.,So far so good. No complaint. Good colleagues and the task can be conducted efficiently. Everyday supply of snacks in the pantry. I love the office environment where it has provided some entertainment space for fun & release stress.
244,112,United Overseas Bank,review_body_text,5,I love the office environment where it has provided some entertainment space for fun & release stress.,So far so good. No complaint. Good colleagues and the task can be conducted efficiently. Everyday supply of snacks in the pantry. I love the office environment where it has provided some entertainment space for fun & release stress.
246,113,Cimb-Group,review_body_text,1,"Fun and good, environment is OK.","Fun and good, environment is OK. Working at CIMB Bank offers a range of experiences, Learning Opportunities: can develop new skills and advance the career"
246,113,Cimb-Group,review_body_text,2,"Working at CIMB Bank offers a range of experiences, Learning Opportunities: can develop new skills and advance the career","Fun and good, environment is OK. Working at CIMB Bank offers a range of experiences, Learning Opportunities: can develop new skills and advance the career"
247,114,HSBC,review_title,1,Fun workplace,Fun workplace
248,114,HSBC,review_body_text,1,Fun place to work at.,"Fun place to work at. Superiors r very helpful and knowledgeable. The food at the cafe is so good. Many facilities provided, gym, game room etc workloads r manageable"
248,114,HSBC,review_body_text,2,Superiors r very helpful and knowledgeable.,"Fun place to work at. Superiors r very helpful and knowledgeable. The food at the cafe is so good. Many facilities provided, gym, game room etc workloads r manageable"
248,114,HSBC,review_body_text,3,The food at the cafe is so good.,"Fun place to work at. Superiors r very helpful and knowledgeable. The food at the cafe is so good. Many facilities provided, gym, game room etc workloads r manageable"
248,114,HSBC,review_body_text,4,"Many facilities provided, gym, game room etc workloads r manageable","Fun place to work at. Superiors r very helpful and knowledgeable. The food at the cafe is so good. Many facilities provided, gym, game room etc workloads r manageable"
249,115,maybank,review_title,1,good place to work,good place to work
250,115,maybank,review_body_text,1,Great Work Environment: Employees often mention the inclusive and collaborative culture at Maybank.,"Great Work Environment: Employees often mention the inclusive and collaborative culture at Maybank. There is a strong sense of teamwork, and people enjoy working in a diverse, respectful, and supportive environment. Work-Life Balance: Many reviews highlight the company's efforts to maintain a good work-life balance. Employees appreciate the flexibility in working hours, the option for remote work (in some roles), and generous leave policies. Career Growth Opportunities: Maybank is known for offering career advancement opportunities. Employees often note that the company invests in their professional development, with various training programs and mentorship opportunities available to support career progression. Employee Benefits: Benefits packages are another strong point. Maybank offers competitive compensation, health insurance, retirement benefits, and wellness programs. Employees value these perks, which contribute to their overall job satisfaction. Leadership and Management: Many employees appreciate the approachable leadership at Maybank, noting that management is supportive and values open communication. The company fosters a culture of feedback, which helps employees feel heard and valued."
250,115,maybank,review_body_text,2,"There is a strong sense of teamwork, and people enjoy working in a diverse, respectful, and supportive environment.","Great Work Environment: Employees often mention the inclusive and collaborative culture at Maybank. There is a strong sense of teamwork, and people enjoy working in a diverse, respectful, and supportive environment. Work-Life Balance: Many reviews highlight the company's efforts to maintain a good work-life balance. Employees appreciate the flexibility in working hours, the option for remote work (in some roles), and generous leave policies. Career Growth Opportunities: Maybank is known for offering career advancement opportunities. Employees often note that the company invests in their professional development, with various training programs and mentorship opportunities available to support career progression. Employee Benefits: Benefits packages are another strong point. Maybank offers competitive compensation, health insurance, retirement benefits, and wellness programs. Employees value these perks, which contribute to their overall job satisfaction. Leadership and Management: Many employees appreciate the approachable leadership at Maybank, noting that management is supportive and values open communication. The company fosters a culture of feedback, which helps employees feel heard and valued."
250,115,maybank,review_body_text,3,Work-Life Balance: Many reviews highlight the company's efforts to maintain a good work-life balance.,"Great Work Environment: Employees often mention the inclusive and collaborative culture at Maybank. There is a strong sense of teamwork, and people enjoy working in a diverse, respectful, and supportive environment. Work-Life Balance: Many reviews highlight the company's efforts to maintain a good work-life balance. Employees appreciate the flexibility in working hours, the option for remote work (in some roles), and generous leave policies. Career Growth Opportunities: Maybank is known for offering career advancement opportunities. Employees often note that the company invests in their professional development, with various training programs and mentorship opportunities available to support career progression. Employee Benefits: Benefits packages are another strong point. Maybank offers competitive compensation, health insurance, retirement benefits, and wellness programs. Employees value these perks, which contribute to their overall job satisfaction. Leadership and Management: Many employees appreciate the approachable leadership at Maybank, noting that management is supportive and values open communication. The company fosters a culture of feedback, which helps employees feel heard and valued."
250,115,maybank,review_body_text,4,"Employees appreciate the flexibility in working hours, the option for remote work (in some roles), and generous leave policies.","Great Work Environment: Employees often mention the inclusive and collaborative culture at Maybank. There is a strong sense of teamwork, and people enjoy working in a diverse, respectful, and supportive environment. Work-Life Balance: Many reviews highlight the company's efforts to maintain a good work-life balance. Employees appreciate the flexibility in working hours, the option for remote work (in some roles), and generous leave policies. Career Growth Opportunities: Maybank is known for offering career advancement opportunities. Employees often note that the company invests in their professional development, with various training programs and mentorship opportunities available to support career progression. Employee Benefits: Benefits packages are another strong point. Maybank offers competitive compensation, health insurance, retirement benefits, and wellness programs. Employees value these perks, which contribute to their overall job satisfaction. Leadership and Management: Many employees appreciate the approachable leadership at Maybank, noting that management is supportive and values open communication. The company fosters a culture of feedback, which helps employees feel heard and valued."
250,115,maybank,review_body_text,5,Career Growth Opportunities: Maybank is known for offering career advancement opportunities.,"Great Work Environment: Employees often mention the inclusive and collaborative culture at Maybank. There is a strong sense of teamwork, and people enjoy working in a diverse, respectful, and supportive environment. Work-Life Balance: Many reviews highlight the company's efforts to maintain a good work-life balance. Employees appreciate the flexibility in working hours, the option for remote work (in some roles), and generous leave policies. Career Growth Opportunities: Maybank is known for offering career advancement opportunities. Employees often note that the company invests in their professional development, with various training programs and mentorship opportunities available to support career progression. Employee Benefits: Benefits packages are another strong point. Maybank offers competitive compensation, health insurance, retirement benefits, and wellness programs. Employees value these perks, which contribute to their overall job satisfaction. Leadership and Management: Many employees appreciate the approachable leadership at Maybank, noting that management is supportive and values open communication. The company fosters a culture of feedback, which helps employees feel heard and valued."
250,115,maybank,review_body_text,6,"Employees often note that the company invests in their professional development, with various training programs and mentorship opportunities available to support career progression.","Great Work Environment: Employees often mention the inclusive and collaborative culture at Maybank. There is a strong sense of teamwork, and people enjoy working in a diverse, respectful, and supportive environment. Work-Life Balance: Many reviews highlight the company's efforts to maintain a good work-life balance. Employees appreciate the flexibility in working hours, the option for remote work (in some roles), and generous leave policies. Career Growth Opportunities: Maybank is known for offering career advancement opportunities. Employees often note that the company invests in their professional development, with various training programs and mentorship opportunities available to support career progression. Employee Benefits: Benefits packages are another strong point. Maybank offers competitive compensation, health insurance, retirement benefits, and wellness programs. Employees value these perks, which contribute to their overall job satisfaction. Leadership and Management: Many employees appreciate the approachable leadership at Maybank, noting that management is supportive and values open communication. The company fosters a culture of feedback, which helps employees feel heard and valued."
250,115,maybank,review_body_text,7,Employee Benefits: Benefits packages are another strong point.,"Great Work Environment: Employees often mention the inclusive and collaborative culture at Maybank. There is a strong sense of teamwork, and people enjoy working in a diverse, respectful, and supportive environment. Work-Life Balance: Many reviews highlight the company's efforts to maintain a good work-life balance. Employees appreciate the flexibility in working hours, the option for remote work (in some roles), and generous leave policies. Career Growth Opportunities: Maybank is known for offering career advancement opportunities. Employees often note that the company invests in their professional development, with various training programs and mentorship opportunities available to support career progression. Employee Benefits: Benefits packages are another strong point. Maybank offers competitive compensation, health insurance, retirement benefits, and wellness programs. Employees value these perks, which contribute to their overall job satisfaction. Leadership and Management: Many employees appreciate the approachable leadership at Maybank, noting that management is supportive and values open communication. The company fosters a culture of feedback, which helps employees feel heard and valued."
250,115,maybank,review_body_text,8,"Maybank offers competitive compensation, health insurance, retirement benefits, and wellness programs. Employees value these perks, which contribute to their overall job satisfaction.","Great Work Environment: Employees often mention the inclusive and collaborative culture at Maybank. There is a strong sense of teamwork, and people enjoy working in a diverse, respectful, and supportive environment. Work-Life Balance: Many reviews highlight the company's efforts to maintain a good work-life balance. Employees appreciate the flexibility in working hours, the option for remote work (in some roles), and generous leave policies. Career Growth Opportunities: Maybank is known for offering career advancement opportunities. Employees often note that the company invests in their professional development, with various training programs and mentorship opportunities available to support career progression. Employee Benefits: Benefits packages are another strong point. Maybank offers competitive compensation, health insurance, retirement benefits, and wellness programs. Employees value these perks, which contribute to their overall job satisfaction. Leadership and Management: Many employees appreciate the approachable leadership at Maybank, noting that management is supportive and values open communication. The company fosters a culture of feedback, which helps employees feel heard and valued."
250,115,maybank,review_body_text,9,"Leadership and Management: Many employees appreciate the approachable leadership at Maybank, noting that management is supportive and values open communication.","Great Work Environment: Employees often mention the inclusive and collaborative culture at Maybank. There is a strong sense of teamwork, and people enjoy working in a diverse, respectful, and supportive environment. Work-Life Balance: Many reviews highlight the company's efforts to maintain a good work-life balance. Employees appreciate the flexibility in working hours, the option for remote work (in some roles), and generous leave policies. Career Growth Opportunities: Maybank is known for offering career advancement opportunities. Employees often note that the company invests in their professional development, with various training programs and mentorship opportunities available to support career progression. Employee Benefits: Benefits packages are another strong point. Maybank offers competitive compensation, health insurance, retirement benefits, and wellness programs. Employees value these perks, which contribute to their overall job satisfaction. Leadership and Management: Many employees appreciate the approachable leadership at Maybank, noting that management is supportive and values open communication. The company fosters a culture of feedback, which helps employees feel heard and valued."
250,115,maybank,review_body_text,10,"The company fosters a culture of feedback, which helps employees feel heard and valued.","Great Work Environment: Employees often mention the inclusive and collaborative culture at Maybank. There is a strong sense of teamwork, and people enjoy working in a diverse, respectful, and supportive environment. Work-Life Balance: Many reviews highlight the company's efforts to maintain a good work-life balance. Employees appreciate the flexibility in working hours, the option for remote work (in some roles), and generous leave policies. Career Growth Opportunities: Maybank is known for offering career advancement opportunities. Employees often note that the company invests in their professional development, with various training programs and mentorship opportunities available to support career progression. Employee Benefits: Benefits packages are another strong point. Maybank offers competitive compensation, health insurance, retirement benefits, and wellness programs. Employees value these perks, which contribute to their overall job satisfaction. Leadership and Management: Many employees appreciate the approachable leadership at Maybank, noting that management is supportive and values open communication. The company fosters a culture of feedback, which helps employees feel heard and valued."
251,116,Cimb-Group,review_title,1,Multitasking and workload,Multitasking and workload
252,116,Cimb-Group,review_body_text,1,"have to do multitasking task , work long hours sometimes to work over the weekend.","have to do multitasking task , work long hours sometimes to work over the weekend. tracker in place to track everyone’s task. a lot of meetings. sometimes back to back meetings."
252,116,Cimb-Group,review_body_text,2,tracker in place to track everyone’s task.,"have to do multitasking task , work long hours sometimes to work over the weekend. tracker in place to track everyone’s task. a lot of meetings. sometimes back to back meetings."
252,116,Cimb-Group,review_body_text,3,a lot of meetings.,"have to do multitasking task , work long hours sometimes to work over the weekend. tracker in place to track everyone’s task. a lot of meetings. sometimes back to back meetings."
252,116,Cimb-Group,review_body_text,4,sometimes back to back meetings.,"have to do multitasking task , work long hours sometimes to work over the weekend. tracker in place to track everyone’s task. a lot of meetings. sometimes back to back meetings."
253,117,RHB Bank Berhad,review_title,1,Okay averagely,Okay averagely
254,117,RHB Bank Berhad,review_body_text,1,Normal working hours but beed to work weekends with no overtime pay at all.,Normal working hours but beed to work weekends with no overtime pay at all. Commisions are ok but lower than other banks. Would be nice to have help from top management for new staff
254,117,RHB Bank Berhad,review_body_text,2,Commisions are ok but lower than other banks.,Normal working hours but beed to work weekends with no overtime pay at all. Commisions are ok but lower than other banks. Would be nice to have help from top management for new staff
254,117,RHB Bank Berhad,review_body_text,3,Would be nice to have help from top management for new staff,Normal working hours but beed to work weekends with no overtime pay at all. Commisions are ok but lower than other banks. Would be nice to have help from top management for new staff
255,118,RHB Bank Berhad,review_title,1,Got good,Got good
256,118,RHB Bank Berhad,review_body_text,1,Dont really like the benefits they offer especially in terms of commision.,Dont really like the benefits they offer especially in terms of commision. They would claw back 20% of the comm and only give it to u after 1 year. Its a way for them to hold their staff to not resign.
256,118,RHB Bank Berhad,review_body_text,2,They would claw back 20% of the comm and only give it to u after 1 year.,Dont really like the benefits they offer especially in terms of commision. They would claw back 20% of the comm and only give it to u after 1 year. Its a way for them to hold their staff to not resign.
256,118,RHB Bank Berhad,review_body_text,3,Its a way for them to hold their staff to not resign.,Dont really like the benefits they offer especially in terms of commision. They would claw back 20% of the comm and only give it to u after 1 year. Its a way for them to hold their staff to not resign.
257,119,Cimb-Group,review_title,1,Productive & Good Place to learn,Productive & Good Place to learn
258,119,Cimb-Group,review_body_text,1,It is a very good company to start your career with great salary package for fresh graduates.,"It is a very good company to start your career with great salary package for fresh graduates. I learnt a lot during my time in CIMB, however the KPI target just keep getting higher and you need to work harder to achieve the KPI."
258,119,Cimb-Group,review_body_text,2,"I learnt a lot during my time in CIMB, however the KPI target just keep getting higher and you need to work harder to achieve the KPI.","It is a very good company to start your career with great salary package for fresh graduates. I learnt a lot during my time in CIMB, however the KPI target just keep getting higher and you need to work harder to achieve the KPI."
259,120,RHB Bank Berhad,review_title,1,Fun workplace,Fun workplace
260,120,RHB Bank Berhad,review_body_text,1,"The location is near the public access which is good, training and script is given and the colleague is helpful.","The location is near the public access which is good, training and script is given and the colleague is helpful. The every single day work is basically the have same routine."
260,120,RHB Bank Berhad,review_body_text,2,The every single day work is basically the have same routine.,"The location is near the public access which is good, training and script is given and the colleague is helpful. The every single day work is basically the have same routine."
261,121,United Overseas Bank,review_title,1,Will find a good friend.,Will find a good friend. Everyone will fell the same as you. But overall very bad Team Leader manager. Always pass the job back to you
261,121,United Overseas Bank,review_title,2,Everyone will fell the same as you.,Will find a good friend. Everyone will fell the same as you. But overall very bad Team Leader manager. Always pass the job back to you
261,121,United Overseas Bank,review_title,3,But overall very bad Team Leader manager.,Will find a good friend. Everyone will fell the same as you. But overall very bad Team Leader manager. Always pass the job back to you
261,121,United Overseas Bank,review_title,4,Always pass the job back to you,Will find a good friend. Everyone will fell the same as you. But overall very bad Team Leader manager. Always pass the job back to you
262,121,United Overseas Bank,review_body_text,1,If you fresh graduate and want to learn a new skill.,"If you fresh graduate and want to learn a new skill. Please try this position as you will improve you thinking skill and communication skill. Don't push yourself to hard, but learn and try to slowly to improve your future. Good to try as probation only hahaha. Anyways I find many good friends."
262,121,United Overseas Bank,review_body_text,2,Please try this position as you will improve you thinking skill and communication skill.,"If you fresh graduate and want to learn a new skill. Please try this position as you will improve you thinking skill and communication skill. Don't push yourself to hard, but learn and try to slowly to improve your future. Good to try as probation only hahaha. Anyways I find many good friends."
262,121,United Overseas Bank,review_body_text,3,"Don't push yourself to hard, but learn and try to slowly to improve your future.","If you fresh graduate and want to learn a new skill. Please try this position as you will improve you thinking skill and communication skill. Don't push yourself to hard, but learn and try to slowly to improve your future. Good to try as probation only hahaha. Anyways I find many good friends."
262,121,United Overseas Bank,review_body_text,4,Good to try as probation only hahaha.,"If you fresh graduate and want to learn a new skill. Please try this position as you will improve you thinking skill and communication skill. Don't push yourself to hard, but learn and try to slowly to improve your future. Good to try as probation only hahaha. Anyways I find many good friends."
262,121,United Overseas Bank,review_body_text,5,Anyways I find many good friends.,"If you fresh graduate and want to learn a new skill. Please try this position as you will improve you thinking skill and communication skill. Don't push yourself to hard, but learn and try to slowly to improve your future. Good to try as probation only hahaha. Anyways I find many good friends."
263,121,United Overseas Bank,pros_text,1,Have graduate and certification if pass the exam and roleplay,Have graduate and certification if pass the exam and roleplay
264,121,United Overseas Bank,cons_text,1,Only give short break,Only give short break
265,122,maybank,review_title,1,Very productive,Very productive
266,122,maybank,review_body_text,1,Maybank offers a fun and healthy work environment where employees were able to work and strive to be better everyday.,Maybank offers a fun and healthy work environment where employees were able to work and strive to be better everyday. The employees were very supportive.
266,122,maybank,review_body_text,2,The employees were very supportive.,Maybank offers a fun and healthy work environment where employees were able to work and strive to be better everyday. The employees were very supportive.
267,123,United Overseas Bank,review_title,1,"Fast paced, great opportunity but no career growth","Fast paced, great opportunity but no career growth"
268,123,United Overseas Bank,review_body_text,1,Good working enviroment but no promotion.,Good working enviroment but no promotion. Had to leave after 1 year contract. Also micromanagement exist when manager only trust the leader not knowing the real problem from colleague.
268,123,United Overseas Bank,review_body_text,2,Had to leave after 1 year contract.,Good working enviroment but no promotion. Had to leave after 1 year contract. Also micromanagement exist when manager only trust the leader not knowing the real problem from colleague.
268,123,United Overseas Bank,review_body_text,3,Also micromanagement exist when manager only trust the leader not knowing the real problem from colleague.,Good working enviroment but no promotion. Had to leave after 1 year contract. Also micromanagement exist when manager only trust the leader not knowing the real problem from colleague.
269,124,Cimb-Group,review_title,1,Performance-driven Culture,Performance-driven Culture
270,124,Cimb-Group,review_body_text,1,"With a fast-moving performance-based work culture, I was trained to work smart, fast and deliver work accurately.","With a fast-moving performance-based work culture, I was trained to work smart, fast and deliver work accurately. Try to test your limit in this environment of long working hours and extensive work load. If you adapt to it, you can excel in many workplaces."
270,124,Cimb-Group,review_body_text,2,Try to test your limit in this environment of long working hours and extensive work load.,"With a fast-moving performance-based work culture, I was trained to work smart, fast and deliver work accurately. Try to test your limit in this environment of long working hours and extensive work load. If you adapt to it, you can excel in many workplaces."
270,124,Cimb-Group,review_body_text,3,"If you adapt to it, you can excel in many workplaces.","With a fast-moving performance-based work culture, I was trained to work smart, fast and deliver work accurately. Try to test your limit in this environment of long working hours and extensive work load. If you adapt to it, you can excel in many workplaces."
271,125,bank islam,review_title,1,Good experience,Good experience
272,125,bank islam,review_body_text,1,I had a great experience working at Bank Islam.,"I had a great experience working at Bank Islam. The environment was collaborative and supportive, with a strong focus on both employee development and customer satisfaction. The leadership team was approachable, and there were many opportunities to grow and learn within the organization. I especially appreciated the structured training programs and the emphasis on teamwork, which helped me develop valuable skills in financial services and customer relations. Overall, Bank Islam is an excellent place to work if you’re looking for a dynamic, professional, and rewarding workplace"
272,125,bank islam,review_body_text,2,"The environment was collaborative and supportive, with a strong focus on both employee development and customer satisfaction.","I had a great experience working at Bank Islam. The environment was collaborative and supportive, with a strong focus on both employee development and customer satisfaction. The leadership team was approachable, and there were many opportunities to grow and learn within the organization. I especially appreciated the structured training programs and the emphasis on teamwork, which helped me develop valuable skills in financial services and customer relations. Overall, Bank Islam is an excellent place to work if you’re looking for a dynamic, professional, and rewarding workplace"
272,125,bank islam,review_body_text,3,"The leadership team was approachable, and there were many opportunities to grow and learn within the organization.","I had a great experience working at Bank Islam. The environment was collaborative and supportive, with a strong focus on both employee development and customer satisfaction. The leadership team was approachable, and there were many opportunities to grow and learn within the organization. I especially appreciated the structured training programs and the emphasis on teamwork, which helped me develop valuable skills in financial services and customer relations. Overall, Bank Islam is an excellent place to work if you’re looking for a dynamic, professional, and rewarding workplace"
272,125,bank islam,review_body_text,4,"I especially appreciated the structured training programs and the emphasis on teamwork, which helped me develop valuable skills in financial services and customer relations.","I had a great experience working at Bank Islam. The environment was collaborative and supportive, with a strong focus on both employee development and customer satisfaction. The leadership team was approachable, and there were many opportunities to grow and learn within the organization. I especially appreciated the structured training programs and the emphasis on teamwork, which helped me develop valuable skills in financial services and customer relations. Overall, Bank Islam is an excellent place to work if you’re looking for a dynamic, professional, and rewarding workplace"
272,125,bank islam,review_body_text,5,"Overall, Bank Islam is an excellent place to work if you’re looking for a dynamic, professional, and rewarding workplace","I had a great experience working at Bank Islam. The environment was collaborative and supportive, with a strong focus on both employee development and customer satisfaction. The leadership team was approachable, and there were many opportunities to grow and learn within the organization. I especially appreciated the structured training programs and the emphasis on teamwork, which helped me develop valuable skills in financial services and customer relations. Overall, Bank Islam is an excellent place to work if you’re looking for a dynamic, professional, and rewarding workplace"
273,126,RHB Bank Berhad,review_title,1,Banking Culture,Banking Culture
274,126,RHB Bank Berhad,review_body_text,1,Working as Collector is hard as doing Sales for bank.,Working as Collector is hard as doing Sales for bank. They offered a contract position. Even top performer is hard to secure a permanent position. You need to achieved all the monthly target so you can stay respected. Need to stay back without paying OT. Because they are paying commission if you hit the monthly target.
274,126,RHB Bank Berhad,review_body_text,2,They offered a contract position.,Working as Collector is hard as doing Sales for bank. They offered a contract position. Even top performer is hard to secure a permanent position. You need to achieved all the monthly target so you can stay respected. Need to stay back without paying OT. Because they are paying commission if you hit the monthly target.
274,126,RHB Bank Berhad,review_body_text,3,Even top performer is hard to secure a permanent position.,Working as Collector is hard as doing Sales for bank. They offered a contract position. Even top performer is hard to secure a permanent position. You need to achieved all the monthly target so you can stay respected. Need to stay back without paying OT. Because they are paying commission if you hit the monthly target.
274,126,RHB Bank Berhad,review_body_text,4,You need to achieved all the monthly target so you can stay respected.,Working as Collector is hard as doing Sales for bank. They offered a contract position. Even top performer is hard to secure a permanent position. You need to achieved all the monthly target so you can stay respected. Need to stay back without paying OT. Because they are paying commission if you hit the monthly target.
274,126,RHB Bank Berhad,review_body_text,5,Need to stay back without paying OT.,Working as Collector is hard as doing Sales for bank. They offered a contract position. Even top performer is hard to secure a permanent position. You need to achieved all the monthly target so you can stay respected. Need to stay back without paying OT. Because they are paying commission if you hit the monthly target.
274,126,RHB Bank Berhad,review_body_text,6,Because they are paying commission if you hit the monthly target.,Working as Collector is hard as doing Sales for bank. They offered a contract position. Even top performer is hard to secure a permanent position. You need to achieved all the monthly target so you can stay respected. Need to stay back without paying OT. Because they are paying commission if you hit the monthly target.
275,126,RHB Bank Berhad,pros_text,1,Good Environment for fresh grads.,Good Environment for fresh grads.
276,126,RHB Bank Berhad,cons_text,1,Need to stay back without pay OT.,Need to stay back without pay OT.
277,127,Public-Bank-Berhad,review_title,1,Good benefits,Good benefits
278,127,Public-Bank-Berhad,review_body_text,1,Bonus and increment are definitely the best in the market.,Bonus and increment are definitely the best in the market. Workload OK depending on the team and bosses. Turn based style promotions. Annual leaves and Mc good
278,127,Public-Bank-Berhad,review_body_text,2,Workload OK depending on the team and bosses.,Bonus and increment are definitely the best in the market. Workload OK depending on the team and bosses. Turn based style promotions. Annual leaves and Mc good
278,127,Public-Bank-Berhad,review_body_text,3,Turn based style promotions.,Bonus and increment are definitely the best in the market. Workload OK depending on the team and bosses. Turn based style promotions. Annual leaves and Mc good
278,127,Public-Bank-Berhad,review_body_text,4,Annual leaves and Mc good,Bonus and increment are definitely the best in the market. Workload OK depending on the team and bosses. Turn based style promotions. Annual leaves and Mc good
279,128,RHB Bank Berhad,review_title,1,"have experience deal with customer, quality management and time handling.","have experience deal with customer, quality management and time handling."
280,128,RHB Bank Berhad,review_body_text,1,What is the best part of working at the company?,"What is the best part of working at the company? They provided staff engagement event and activities What is the most stressful part about working at the company? Must to find customer salary basic above 3k to get better achievement but in kedah and penang most workers basic 1.5k What is the work environment and culture like at the company? a positive workplace culture is one that is built on meaningful work, open communication, and core values. What is a typical day like for you at the company? On my average day of work, I start the day off by checking my emails. This way, I can reply to clients and get everything organized at the start of the day. I then look over my to-do list and get started on the day that have my top priority."
280,128,RHB Bank Berhad,review_body_text,2,They provided staff engagement event and activities What is the most stressful part about working at the company?,"What is the best part of working at the company? They provided staff engagement event and activities What is the most stressful part about working at the company? Must to find customer salary basic above 3k to get better achievement but in kedah and penang most workers basic 1.5k What is the work environment and culture like at the company? a positive workplace culture is one that is built on meaningful work, open communication, and core values. What is a typical day like for you at the company? On my average day of work, I start the day off by checking my emails. This way, I can reply to clients and get everything organized at the start of the day. I then look over my to-do list and get started on the day that have my top priority."
280,128,RHB Bank Berhad,review_body_text,3,Must to find customer salary basic above 3k to get better achievement but in kedah and penang most workers basic 1.5k What is the work environment and culture like at the company?,"What is the best part of working at the company? They provided staff engagement event and activities What is the most stressful part about working at the company? Must to find customer salary basic above 3k to get better achievement but in kedah and penang most workers basic 1.5k What is the work environment and culture like at the company? a positive workplace culture is one that is built on meaningful work, open communication, and core values. What is a typical day like for you at the company? On my average day of work, I start the day off by checking my emails. This way, I can reply to clients and get everything organized at the start of the day. I then look over my to-do list and get started on the day that have my top priority."
280,128,RHB Bank Berhad,review_body_text,4,"a positive workplace culture is one that is built on meaningful work, open communication, and core values.","What is the best part of working at the company? They provided staff engagement event and activities What is the most stressful part about working at the company? Must to find customer salary basic above 3k to get better achievement but in kedah and penang most workers basic 1.5k What is the work environment and culture like at the company? a positive workplace culture is one that is built on meaningful work, open communication, and core values. What is a typical day like for you at the company? On my average day of work, I start the day off by checking my emails. This way, I can reply to clients and get everything organized at the start of the day. I then look over my to-do list and get started on the day that have my top priority."
280,128,RHB Bank Berhad,review_body_text,5,What is a typical day like for you at the company?,"What is the best part of working at the company? They provided staff engagement event and activities What is the most stressful part about working at the company? Must to find customer salary basic above 3k to get better achievement but in kedah and penang most workers basic 1.5k What is the work environment and culture like at the company? a positive workplace culture is one that is built on meaningful work, open communication, and core values. What is a typical day like for you at the company? On my average day of work, I start the day off by checking my emails. This way, I can reply to clients and get everything organized at the start of the day. I then look over my to-do list and get started on the day that have my top priority."
280,128,RHB Bank Berhad,review_body_text,6,"On my average day of work, I start the day off by checking my emails.","What is the best part of working at the company? They provided staff engagement event and activities What is the most stressful part about working at the company? Must to find customer salary basic above 3k to get better achievement but in kedah and penang most workers basic 1.5k What is the work environment and culture like at the company? a positive workplace culture is one that is built on meaningful work, open communication, and core values. What is a typical day like for you at the company? On my average day of work, I start the day off by checking my emails. This way, I can reply to clients and get everything organized at the start of the day. I then look over my to-do list and get started on the day that have my top priority."
280,128,RHB Bank Berhad,review_body_text,7,"This way, I can reply to clients and get everything organized at the start of the day.","What is the best part of working at the company? They provided staff engagement event and activities What is the most stressful part about working at the company? Must to find customer salary basic above 3k to get better achievement but in kedah and penang most workers basic 1.5k What is the work environment and culture like at the company? a positive workplace culture is one that is built on meaningful work, open communication, and core values. What is a typical day like for you at the company? On my average day of work, I start the day off by checking my emails. This way, I can reply to clients and get everything organized at the start of the day. I then look over my to-do list and get started on the day that have my top priority."
280,128,RHB Bank Berhad,review_body_text,8,I then look over my to-do list and get started on the day that have my top priority.,"What is the best part of working at the company? They provided staff engagement event and activities What is the most stressful part about working at the company? Must to find customer salary basic above 3k to get better achievement but in kedah and penang most workers basic 1.5k What is the work environment and culture like at the company? a positive workplace culture is one that is built on meaningful work, open communication, and core values. What is a typical day like for you at the company? On my average day of work, I start the day off by checking my emails. This way, I can reply to clients and get everything organized at the start of the day. I then look over my to-do list and get started on the day that have my top priority."
281,129,Cimb-Group,review_title,1,harmony workplace,harmony workplace
282,129,Cimb-Group,review_body_text,1,the good place to enhance skill in ur career in financial institutions .,the good place to enhance skill in ur career in financial institutions . if ur fresh graduate just try to gain experience . just give ur base on your job
282,129,Cimb-Group,review_body_text,2,if ur fresh graduate just try to gain experience .,the good place to enhance skill in ur career in financial institutions . if ur fresh graduate just try to gain experience . just give ur base on your job
282,129,Cimb-Group,review_body_text,3,just give ur base on your job,the good place to enhance skill in ur career in financial institutions . if ur fresh graduate just try to gain experience . just give ur base on your job
283,130,HSBC,review_title,1,Flexible hybrid,Flexible hybrid
284,130,HSBC,review_body_text,1,Hybrid working.,"Hybrid working. 3day office, 2 days wfh. Can choose which day in a week. Got gym, game room, hot desking must book desk so can choose desk wherever u want to sit"
284,130,HSBC,review_body_text,2,"3day office, 2 days wfh.","Hybrid working. 3day office, 2 days wfh. Can choose which day in a week. Got gym, game room, hot desking must book desk so can choose desk wherever u want to sit"
284,130,HSBC,review_body_text,3,Can choose which day in a week.,"Hybrid working. 3day office, 2 days wfh. Can choose which day in a week. Got gym, game room, hot desking must book desk so can choose desk wherever u want to sit"
284,130,HSBC,review_body_text,4,"Got gym, game room, hot desking must book desk so can choose desk wherever u want to sit","Hybrid working. 3day office, 2 days wfh. Can choose which day in a week. Got gym, game room, hot desking must book desk so can choose desk wherever u want to sit"
285,131,RHB Bank Berhad,review_title,1,Workplace and culture are very good,Workplace and culture are very good
286,131,RHB Bank Berhad,review_body_text,1,What is the best part of working at the company?,What is the best part of working at the company? Good environment and management What is the most stressful part about working at the company? Nothing stressful for me. I take has a challenge and enhance my work skill. What is the work environment and culture like at the company? The staff and taller very helpful and good place to enhance skill and also good for your career What is a typical day like for you at the company? Wednesday because every Wednesday is a briefing day
286,131,RHB Bank Berhad,review_body_text,2,Good environment and management What is the most stressful part about working at the company?,What is the best part of working at the company? Good environment and management What is the most stressful part about working at the company? Nothing stressful for me. I take has a challenge and enhance my work skill. What is the work environment and culture like at the company? The staff and taller very helpful and good place to enhance skill and also good for your career What is a typical day like for you at the company? Wednesday because every Wednesday is a briefing day
286,131,RHB Bank Berhad,review_body_text,3,Nothing stressful for me.,What is the best part of working at the company? Good environment and management What is the most stressful part about working at the company? Nothing stressful for me. I take has a challenge and enhance my work skill. What is the work environment and culture like at the company? The staff and taller very helpful and good place to enhance skill and also good for your career What is a typical day like for you at the company? Wednesday because every Wednesday is a briefing day
286,131,RHB Bank Berhad,review_body_text,4,I take has a challenge and enhance my work skill.,What is the best part of working at the company? Good environment and management What is the most stressful part about working at the company? Nothing stressful for me. I take has a challenge and enhance my work skill. What is the work environment and culture like at the company? The staff and taller very helpful and good place to enhance skill and also good for your career What is a typical day like for you at the company? Wednesday because every Wednesday is a briefing day
286,131,RHB Bank Berhad,review_body_text,5,What is the work environment and culture like at the company?,What is the best part of working at the company? Good environment and management What is the most stressful part about working at the company? Nothing stressful for me. I take has a challenge and enhance my work skill. What is the work environment and culture like at the company? The staff and taller very helpful and good place to enhance skill and also good for your career What is a typical day like for you at the company? Wednesday because every Wednesday is a briefing day
286,131,RHB Bank Berhad,review_body_text,6,The staff and taller very helpful and good place to enhance skill and also good for your career What is a typical day like for you at the company?,What is the best part of working at the company? Good environment and management What is the most stressful part about working at the company? Nothing stressful for me. I take has a challenge and enhance my work skill. What is the work environment and culture like at the company? The staff and taller very helpful and good place to enhance skill and also good for your career What is a typical day like for you at the company? Wednesday because every Wednesday is a briefing day
286,131,RHB Bank Berhad,review_body_text,7,Wednesday because every Wednesday is a briefing day,What is the best part of working at the company? Good environment and management What is the most stressful part about working at the company? Nothing stressful for me. I take has a challenge and enhance my work skill. What is the work environment and culture like at the company? The staff and taller very helpful and good place to enhance skill and also good for your career What is a typical day like for you at the company? Wednesday because every Wednesday is a briefing day
287,132,Public-Bank-Berhad,review_title,1,Benefit wise and working like servant.,Benefit wise and working like servant.
288,132,Public-Bank-Berhad,review_body_text,1,What is the best part of working at the company?,"What is the best part of working at the company? The remunerations given are very beneficial especially for holiday leave and medical benefit. What is the most stressful part about working at the company? Unreasonable workload. No work-life balance. You have to give full commitment to this organisation even in weekend especially when you are involve in marketing scope. What is the work environment and culture like at the company? Work like dog, work until you die, no one gonna appreciate you. What is a typical day like for you at the company? It was hectic working. Everyone walking like super flash, too much work to be settle."
288,132,Public-Bank-Berhad,review_body_text,2,The remunerations given are very beneficial especially for holiday leave and medical benefit.,"What is the best part of working at the company? The remunerations given are very beneficial especially for holiday leave and medical benefit. What is the most stressful part about working at the company? Unreasonable workload. No work-life balance. You have to give full commitment to this organisation even in weekend especially when you are involve in marketing scope. What is the work environment and culture like at the company? Work like dog, work until you die, no one gonna appreciate you. What is a typical day like for you at the company? It was hectic working. Everyone walking like super flash, too much work to be settle."
288,132,Public-Bank-Berhad,review_body_text,3,What is the most stressful part about working at the company?,"What is the best part of working at the company? The remunerations given are very beneficial especially for holiday leave and medical benefit. What is the most stressful part about working at the company? Unreasonable workload. No work-life balance. You have to give full commitment to this organisation even in weekend especially when you are involve in marketing scope. What is the work environment and culture like at the company? Work like dog, work until you die, no one gonna appreciate you. What is a typical day like for you at the company? It was hectic working. Everyone walking like super flash, too much work to be settle."
288,132,Public-Bank-Berhad,review_body_text,4,Unreasonable workload.,"What is the best part of working at the company? The remunerations given are very beneficial especially for holiday leave and medical benefit. What is the most stressful part about working at the company? Unreasonable workload. No work-life balance. You have to give full commitment to this organisation even in weekend especially when you are involve in marketing scope. What is the work environment and culture like at the company? Work like dog, work until you die, no one gonna appreciate you. What is a typical day like for you at the company? It was hectic working. Everyone walking like super flash, too much work to be settle."
288,132,Public-Bank-Berhad,review_body_text,5,No work-life balance.,"What is the best part of working at the company? The remunerations given are very beneficial especially for holiday leave and medical benefit. What is the most stressful part about working at the company? Unreasonable workload. No work-life balance. You have to give full commitment to this organisation even in weekend especially when you are involve in marketing scope. What is the work environment and culture like at the company? Work like dog, work until you die, no one gonna appreciate you. What is a typical day like for you at the company? It was hectic working. Everyone walking like super flash, too much work to be settle."
288,132,Public-Bank-Berhad,review_body_text,6,You have to give full commitment to this organisation even in weekend especially when you are involve in marketing scope.,"What is the best part of working at the company? The remunerations given are very beneficial especially for holiday leave and medical benefit. What is the most stressful part about working at the company? Unreasonable workload. No work-life balance. You have to give full commitment to this organisation even in weekend especially when you are involve in marketing scope. What is the work environment and culture like at the company? Work like dog, work until you die, no one gonna appreciate you. What is a typical day like for you at the company? It was hectic working. Everyone walking like super flash, too much work to be settle."
288,132,Public-Bank-Berhad,review_body_text,7,What is the work environment and culture like at the company?,"What is the best part of working at the company? The remunerations given are very beneficial especially for holiday leave and medical benefit. What is the most stressful part about working at the company? Unreasonable workload. No work-life balance. You have to give full commitment to this organisation even in weekend especially when you are involve in marketing scope. What is the work environment and culture like at the company? Work like dog, work until you die, no one gonna appreciate you. What is a typical day like for you at the company? It was hectic working. Everyone walking like super flash, too much work to be settle."
288,132,Public-Bank-Berhad,review_body_text,8,"Work like dog, work until you die, no one gonna appreciate you.","What is the best part of working at the company? The remunerations given are very beneficial especially for holiday leave and medical benefit. What is the most stressful part about working at the company? Unreasonable workload. No work-life balance. You have to give full commitment to this organisation even in weekend especially when you are involve in marketing scope. What is the work environment and culture like at the company? Work like dog, work until you die, no one gonna appreciate you. What is a typical day like for you at the company? It was hectic working. Everyone walking like super flash, too much work to be settle."
288,132,Public-Bank-Berhad,review_body_text,9,What is a typical day like for you at the company?,"What is the best part of working at the company? The remunerations given are very beneficial especially for holiday leave and medical benefit. What is the most stressful part about working at the company? Unreasonable workload. No work-life balance. You have to give full commitment to this organisation even in weekend especially when you are involve in marketing scope. What is the work environment and culture like at the company? Work like dog, work until you die, no one gonna appreciate you. What is a typical day like for you at the company? It was hectic working. Everyone walking like super flash, too much work to be settle."
288,132,Public-Bank-Berhad,review_body_text,10,It was hectic working.,"What is the best part of working at the company? The remunerations given are very beneficial especially for holiday leave and medical benefit. What is the most stressful part about working at the company? Unreasonable workload. No work-life balance. You have to give full commitment to this organisation even in weekend especially when you are involve in marketing scope. What is the work environment and culture like at the company? Work like dog, work until you die, no one gonna appreciate you. What is a typical day like for you at the company? It was hectic working. Everyone walking like super flash, too much work to be settle."
288,132,Public-Bank-Berhad,review_body_text,11,"Everyone walking like super flash, too much work to be settle.","What is the best part of working at the company? The remunerations given are very beneficial especially for holiday leave and medical benefit. What is the most stressful part about working at the company? Unreasonable workload. No work-life balance. You have to give full commitment to this organisation even in weekend especially when you are involve in marketing scope. What is the work environment and culture like at the company? Work like dog, work until you die, no one gonna appreciate you. What is a typical day like for you at the company? It was hectic working. Everyone walking like super flash, too much work to be settle."
289,133,RHB Bank Berhad,review_title,1,Flexible working hour,Flexible working hour
290,133,RHB Bank Berhad,review_body_text,1,Fast and Easy interview and hiring process Flexible working hour as sales person Friendly Colleague Low commission compare to other banks Slow system for loan submission,Fast and Easy interview and hiring process Flexible working hour as sales person Friendly Colleague Low commission compare to other banks Slow system for loan submission
291,134,RHB Bank Berhad,review_title,1,Challenging environment,Challenging environment
292,134,RHB Bank Berhad,review_body_text,1,Pros - Able to develop relevant experience,Pros:- - Able to develop relevant experience - Friendly colleagues - Plenty of trainings for sales staff Cons:- - Micromanage on daily basis - Management practice favouritism - Subpar bonuses
292,134,RHB Bank Berhad,review_body_text,2,Friendly colleagues,Pros:- - Able to develop relevant experience - Friendly colleagues - Plenty of trainings for sales staff Cons:- - Micromanage on daily basis - Management practice favouritism - Subpar bonuses
292,134,RHB Bank Berhad,review_body_text,3,Plenty of trainings for sales staff Cons - Micromanage on daily basis,Pros:- - Able to develop relevant experience - Friendly colleagues - Plenty of trainings for sales staff Cons:- - Micromanage on daily basis - Management practice favouritism - Subpar bonuses
292,134,RHB Bank Berhad,review_body_text,4,Management practice favouritism,Pros:- - Able to develop relevant experience - Friendly colleagues - Plenty of trainings for sales staff Cons:- - Micromanage on daily basis - Management practice favouritism - Subpar bonuses
292,134,RHB Bank Berhad,review_body_text,5,Subpar bonuses,Pros:- - Able to develop relevant experience - Friendly colleagues - Plenty of trainings for sales staff Cons:- - Micromanage on daily basis - Management practice favouritism - Subpar bonuses
293,135,Public-Bank-Berhad,review_title,1,Good place to learn,Good place to learn
294,135,Public-Bank-Berhad,review_body_text,1,Benefit: Intern can learn a lot of knowledge and skills here.,Benefit: Intern can learn a lot of knowledge and skills here. The salary pay on time. Challenge: The working is quite stressful. Need to adopt quickly in working
294,135,Public-Bank-Berhad,review_body_text,2,The salary pay on time.,Benefit: Intern can learn a lot of knowledge and skills here. The salary pay on time. Challenge: The working is quite stressful. Need to adopt quickly in working
294,135,Public-Bank-Berhad,review_body_text,3,Challenge: The working is quite stressful.,Benefit: Intern can learn a lot of knowledge and skills here. The salary pay on time. Challenge: The working is quite stressful. Need to adopt quickly in working
294,135,Public-Bank-Berhad,review_body_text,4,Need to adopt quickly in working,Benefit: Intern can learn a lot of knowledge and skills here. The salary pay on time. Challenge: The working is quite stressful. Need to adopt quickly in working
295,136,Public-Bank-Berhad,review_title,1,Good salary,Good salary
296,136,Public-Bank-Berhad,review_body_text,1,"Public sector banks are known for offering stable and attractive salary packages, making them a popular choice for individuals seeking long-term career opportunities.","Public sector banks are known for offering stable and attractive salary packages, making them a popular choice for individuals seeking long-term career opportunities. While the salary structure varies based on the position and level of experience, public bank employees typically enjoy competitive pay scales that are often revised based on recommendations from government pay commissions. A key advantage is the inclusion of various allowances such as housing rent allowance (HRA), dearness allowance (DA), and special allowances. In addition to the fixed salary, public bank employees also receive additional perks like medical benefits, pension schemes, and paid leave. Bonuses and annual increments are also part of the compensation structure, making it financially rewarding over time. The salary in public banks may not be as high as in private sector banks initially, but the long-term financial security, work-life balance, and other benefits make public banks a desirable option for many. Additionally, public bank employees often have more structured career paths, including promotional avenues that lead to higher pay grades and responsibilities."
296,136,Public-Bank-Berhad,review_body_text,2,"While the salary structure varies based on the position and level of experience, public bank employees typically enjoy competitive pay scales that are often revised based on recommendations from government pay commissions.","Public sector banks are known for offering stable and attractive salary packages, making them a popular choice for individuals seeking long-term career opportunities. While the salary structure varies based on the position and level of experience, public bank employees typically enjoy competitive pay scales that are often revised based on recommendations from government pay commissions. A key advantage is the inclusion of various allowances such as housing rent allowance (HRA), dearness allowance (DA), and special allowances. In addition to the fixed salary, public bank employees also receive additional perks like medical benefits, pension schemes, and paid leave. Bonuses and annual increments are also part of the compensation structure, making it financially rewarding over time. The salary in public banks may not be as high as in private sector banks initially, but the long-term financial security, work-life balance, and other benefits make public banks a desirable option for many. Additionally, public bank employees often have more structured career paths, including promotional avenues that lead to higher pay grades and responsibilities."
296,136,Public-Bank-Berhad,review_body_text,3,"A key advantage is the inclusion of various allowances such as housing rent allowance (HRA), dearness allowance (DA), and special allowances.","Public sector banks are known for offering stable and attractive salary packages, making them a popular choice for individuals seeking long-term career opportunities. While the salary structure varies based on the position and level of experience, public bank employees typically enjoy competitive pay scales that are often revised based on recommendations from government pay commissions. A key advantage is the inclusion of various allowances such as housing rent allowance (HRA), dearness allowance (DA), and special allowances. In addition to the fixed salary, public bank employees also receive additional perks like medical benefits, pension schemes, and paid leave. Bonuses and annual increments are also part of the compensation structure, making it financially rewarding over time. The salary in public banks may not be as high as in private sector banks initially, but the long-term financial security, work-life balance, and other benefits make public banks a desirable option for many. Additionally, public bank employees often have more structured career paths, including promotional avenues that lead to higher pay grades and responsibilities."
296,136,Public-Bank-Berhad,review_body_text,4,"In addition to the fixed salary, public bank employees also receive additional perks like medical benefits, pension schemes, and paid leave.","Public sector banks are known for offering stable and attractive salary packages, making them a popular choice for individuals seeking long-term career opportunities. While the salary structure varies based on the position and level of experience, public bank employees typically enjoy competitive pay scales that are often revised based on recommendations from government pay commissions. A key advantage is the inclusion of various allowances such as housing rent allowance (HRA), dearness allowance (DA), and special allowances. In addition to the fixed salary, public bank employees also receive additional perks like medical benefits, pension schemes, and paid leave. Bonuses and annual increments are also part of the compensation structure, making it financially rewarding over time. The salary in public banks may not be as high as in private sector banks initially, but the long-term financial security, work-life balance, and other benefits make public banks a desirable option for many. Additionally, public bank employees often have more structured career paths, including promotional avenues that lead to higher pay grades and responsibilities."
296,136,Public-Bank-Berhad,review_body_text,5,"Bonuses and annual increments are also part of the compensation structure, making it financially rewarding over time.","Public sector banks are known for offering stable and attractive salary packages, making them a popular choice for individuals seeking long-term career opportunities. While the salary structure varies based on the position and level of experience, public bank employees typically enjoy competitive pay scales that are often revised based on recommendations from government pay commissions. A key advantage is the inclusion of various allowances such as housing rent allowance (HRA), dearness allowance (DA), and special allowances. In addition to the fixed salary, public bank employees also receive additional perks like medical benefits, pension schemes, and paid leave. Bonuses and annual increments are also part of the compensation structure, making it financially rewarding over time. The salary in public banks may not be as high as in private sector banks initially, but the long-term financial security, work-life balance, and other benefits make public banks a desirable option for many. Additionally, public bank employees often have more structured career paths, including promotional avenues that lead to higher pay grades and responsibilities."
296,136,Public-Bank-Berhad,review_body_text,6,"The salary in public banks may not be as high as in private sector banks initially, but the long-term financial security, work-life balance, and other benefits make public banks a desirable option for many.","Public sector banks are known for offering stable and attractive salary packages, making them a popular choice for individuals seeking long-term career opportunities. While the salary structure varies based on the position and level of experience, public bank employees typically enjoy competitive pay scales that are often revised based on recommendations from government pay commissions. A key advantage is the inclusion of various allowances such as housing rent allowance (HRA), dearness allowance (DA), and special allowances. In addition to the fixed salary, public bank employees also receive additional perks like medical benefits, pension schemes, and paid leave. Bonuses and annual increments are also part of the compensation structure, making it financially rewarding over time. The salary in public banks may not be as high as in private sector banks initially, but the long-term financial security, work-life balance, and other benefits make public banks a desirable option for many. Additionally, public bank employees often have more structured career paths, including promotional avenues that lead to higher pay grades and responsibilities."
296,136,Public-Bank-Berhad,review_body_text,7,"Additionally, public bank employees often have more structured career paths, including promotional avenues that lead to higher pay grades and responsibilities.","Public sector banks are known for offering stable and attractive salary packages, making them a popular choice for individuals seeking long-term career opportunities. While the salary structure varies based on the position and level of experience, public bank employees typically enjoy competitive pay scales that are often revised based on recommendations from government pay commissions. A key advantage is the inclusion of various allowances such as housing rent allowance (HRA), dearness allowance (DA), and special allowances. In addition to the fixed salary, public bank employees also receive additional perks like medical benefits, pension schemes, and paid leave. Bonuses and annual increments are also part of the compensation structure, making it financially rewarding over time. The salary in public banks may not be as high as in private sector banks initially, but the long-term financial security, work-life balance, and other benefits make public banks a desirable option for many. Additionally, public bank employees often have more structured career paths, including promotional avenues that lead to higher pay grades and responsibilities."
297,137,maybank,review_title,1,Great place to kickstart your career,Great place to kickstart your career
298,137,maybank,review_body_text,1,"A typical day is fast-paced, full of learning opportunities.","A typical day is fast-paced, full of learning opportunities. Great management, supportive culture. Hardest part: tight deadlines. Best part: teamwork!"
298,137,maybank,review_body_text,2,"Great management, supportive culture.","A typical day is fast-paced, full of learning opportunities. Great management, supportive culture. Hardest part: tight deadlines. Best part: teamwork!"
298,137,maybank,review_body_text,3,Hardest part: tight deadlines.,"A typical day is fast-paced, full of learning opportunities. Great management, supportive culture. Hardest part: tight deadlines. Best part: teamwork!"
298,137,maybank,review_body_text,4,Best part: teamwork!,"A typical day is fast-paced, full of learning opportunities. Great management, supportive culture. Hardest part: tight deadlines. Best part: teamwork!"
299,137,maybank,pros_text,1,The people,The people
301,138,United Overseas Bank,review_body_text,1,Please don’t work here this company is really give a mental health issue and they will demand you to pay 2500 for this job who have slow system and everything look old.,Please don’t work here this company is really give a mental health issue and they will demand you to pay 2500 for this job who have slow system and everything look old. I regret joining them. Try other company
301,138,United Overseas Bank,review_body_text,2,I regret joining them.,Please don’t work here this company is really give a mental health issue and they will demand you to pay 2500 for this job who have slow system and everything look old. I regret joining them. Try other company
301,138,United Overseas Bank,review_body_text,3,Try other company,Please don’t work here this company is really give a mental health issue and they will demand you to pay 2500 for this job who have slow system and everything look old. I regret joining them. Try other company
302,139,maybank,review_title,1,Fun place,Fun place
303,139,maybank,review_body_text,1,A lot people that you can meet.,A lot people that you can meet. Salary is quite ok but not too fancy. Bonus can be down to 2 months. But usually is 3 months. Management will be depends on your manager
303,139,maybank,review_body_text,2,Salary is quite ok but not too fancy.,A lot people that you can meet. Salary is quite ok but not too fancy. Bonus can be down to 2 months. But usually is 3 months. Management will be depends on your manager
303,139,maybank,review_body_text,3,Bonus can be down to 2 months.,A lot people that you can meet. Salary is quite ok but not too fancy. Bonus can be down to 2 months. But usually is 3 months. Management will be depends on your manager
303,139,maybank,review_body_text,4,But usually is 3 months.,A lot people that you can meet. Salary is quite ok but not too fancy. Bonus can be down to 2 months. But usually is 3 months. Management will be depends on your manager
303,139,maybank,review_body_text,5,Management will be depends on your manager,A lot people that you can meet. Salary is quite ok but not too fancy. Bonus can be down to 2 months. But usually is 3 months. Management will be depends on your manager
304,140,United Overseas Bank,review_title,1,Worst management,Worst management
305,140,United Overseas Bank,review_body_text,1,Bad management and worst banking system i had ever work for.,"Bad management and worst banking system i had ever work for. The lunch break is on 45 minutes, short break applicable only 15 minutes, the management syok sendiri!"
305,140,United Overseas Bank,review_body_text,2,"The lunch break is on 45 minutes, short break applicable only 15 minutes, the management syok sendiri!","Bad management and worst banking system i had ever work for. The lunch break is on 45 minutes, short break applicable only 15 minutes, the management syok sendiri!"
306,140,United Overseas Bank,pros_text,1,Unlimited medical coverage,Unlimited medical coverage
307,140,United Overseas Bank,cons_text,1,"Short break, management suck","Short break, management suck"
308,141,Public-Bank-Berhad,review_title,1,Bad corporate culture with good benefits,Bad corporate culture with good benefits
309,141,Public-Bank-Berhad,review_body_text,1,Last time staff needed to perform for annual dinners if selected.,Last time staff needed to perform for annual dinners if selected. No option for you to reject. I heard it is different now but despised the cult-like annual dinners. Good thing are the benefits like AL and bonus.
309,141,Public-Bank-Berhad,review_body_text,2,No option for you to reject.,Last time staff needed to perform for annual dinners if selected. No option for you to reject. I heard it is different now but despised the cult-like annual dinners. Good thing are the benefits like AL and bonus.
309,141,Public-Bank-Berhad,review_body_text,3,I heard it is different now but despised the cult-like annual dinners.,Last time staff needed to perform for annual dinners if selected. No option for you to reject. I heard it is different now but despised the cult-like annual dinners. Good thing are the benefits like AL and bonus.
309,141,Public-Bank-Berhad,review_body_text,4,Good thing are the benefits like AL and bonus.,Last time staff needed to perform for annual dinners if selected. No option for you to reject. I heard it is different now but despised the cult-like annual dinners. Good thing are the benefits like AL and bonus.
310,142,Cimb-Group,review_title,1,Challenging enviroment,Challenging enviroment
311,142,Cimb-Group,review_body_text,1,High turnover rate and role was not as described.,High turnover rate and role was not as described. Ended up working 12 hours most days and weekends too. Benefits were below average. But bonus is pretty good. around 6 months
311,142,Cimb-Group,review_body_text,2,Ended up working 12 hours most days and weekends too.,High turnover rate and role was not as described. Ended up working 12 hours most days and weekends too. Benefits were below average. But bonus is pretty good. around 6 months
311,142,Cimb-Group,review_body_text,3,Benefits were below average.,High turnover rate and role was not as described. Ended up working 12 hours most days and weekends too. Benefits were below average. But bonus is pretty good. around 6 months
311,142,Cimb-Group,review_body_text,4,But bonus is pretty good.,High turnover rate and role was not as described. Ended up working 12 hours most days and weekends too. Benefits were below average. But bonus is pretty good. around 6 months
311,142,Cimb-Group,review_body_text,5,around 6 months,High turnover rate and role was not as described. Ended up working 12 hours most days and weekends too. Benefits were below average. But bonus is pretty good. around 6 months
312,143,Public-Bank-Berhad,review_title,1,"KPI too high, but benefit all great","KPI too high, but benefit all great"
313,143,Public-Bank-Berhad,review_body_text,1,"Branch environment is good, got to know and work together with new people.","Branch environment is good, got to know and work together with new people. Benefit and salary also good, but the kpi is too high for even for staff thats in under probation."
313,143,Public-Bank-Berhad,review_body_text,2,"Benefit and salary also good, but the kpi is too high for even for staff thats in under probation.","Branch environment is good, got to know and work together with new people. Benefit and salary also good, but the kpi is too high for even for staff thats in under probation."
314,144,RHB Bank Berhad,review_title,1,Amazing Place To Work,Amazing Place To Work
315,144,RHB Bank Berhad,review_body_text,1,A typical work place with great colleagues and manager in guiding the work flow.,A typical work place with great colleagues and manager in guiding the work flow. Salary was on par on the position applied. Benefits were great for big company.
315,144,RHB Bank Berhad,review_body_text,2,Salary was on par on the position applied.,A typical work place with great colleagues and manager in guiding the work flow. Salary was on par on the position applied. Benefits were great for big company.
315,144,RHB Bank Berhad,review_body_text,3,Benefits were great for big company.,A typical work place with great colleagues and manager in guiding the work flow. Salary was on par on the position applied. Benefits were great for big company.
316,145,maybank,review_title,1,ok to work,ok to work
317,145,maybank,review_body_text,1,the working enviroment depends on the department.,the working enviroment depends on the department. Good paying company and work life balance. the work is stress and if u can handle then you can work here
317,145,maybank,review_body_text,2,Good paying company and work life balance.,the working enviroment depends on the department. Good paying company and work life balance. the work is stress and if u can handle then you can work here
317,145,maybank,review_body_text,3,the work is stress and if u can handle then you can work here,the working enviroment depends on the department. Good paying company and work life balance. the work is stress and if u can handle then you can work here
318,146,Public-Bank-Berhad,review_title,1,No worklife balance,No worklife balance
319,146,Public-Bank-Berhad,review_body_text,1,"No worklife balance, prepare to work overtime without extra pay.","No worklife balance, prepare to work overtime without extra pay. Management is toxic, they do not care about your concerns. It was a very bad experience."
319,146,Public-Bank-Berhad,review_body_text,2,"Management is toxic, they do not care about your concerns.","No worklife balance, prepare to work overtime without extra pay. Management is toxic, they do not care about your concerns. It was a very bad experience."
319,146,Public-Bank-Berhad,review_body_text,3,It was a very bad experience.,"No worklife balance, prepare to work overtime without extra pay. Management is toxic, they do not care about your concerns. It was a very bad experience."
320,147,maybank,review_title,1,Fun and new experience.,Fun and new experience. Fresh
321,147,maybank,review_body_text,1,The best experience ever.,The best experience ever. Learnt a lot of new stuff and get a lot of help from higher ups regarding the work scope. Easy to apply. Able to learn about market
321,147,maybank,review_body_text,2,Learnt a lot of new stuff and get a lot of help from higher ups regarding the work scope.,The best experience ever. Learnt a lot of new stuff and get a lot of help from higher ups regarding the work scope. Easy to apply. Able to learn about market
321,147,maybank,review_body_text,3,Easy to apply.,The best experience ever. Learnt a lot of new stuff and get a lot of help from higher ups regarding the work scope. Easy to apply. Able to learn about market
321,147,maybank,review_body_text,4,Able to learn about market,The best experience ever. Learnt a lot of new stuff and get a lot of help from higher ups regarding the work scope. Easy to apply. Able to learn about market
322,148,bank islam,review_title,1,Best colleagues but bad upper management,Best colleagues but bad upper management
323,148,bank islam,review_body_text,1,"Day to day work very easy, but need to be careful due to working with money after all.","Day to day work very easy, but need to be careful due to working with money after all. Bosses not supportive at all and keep pressure us without listen to our opinions."
323,148,bank islam,review_body_text,2,Bosses not supportive at all and keep pressure us without listen to our opinions.,"Day to day work very easy, but need to be careful due to working with money after all. Bosses not supportive at all and keep pressure us without listen to our opinions."
324,149,HSBC,review_title,1,Fast Pace,Fast Pace
325,149,HSBC,review_body_text,1,"Its a fast pace environment, we start to move in sale’s instead of solely giving service and it become challenging to reaching target every month.","Its a fast pace environment, we start to move in sale’s instead of solely giving service and it become challenging to reaching target every month. It depands on the team you in. If you love to give service the job will be fun and enjoyable. No much time to have a talk with colleague due to call que most of the time."
325,149,HSBC,review_body_text,2,It depands on the team you in.,"Its a fast pace environment, we start to move in sale’s instead of solely giving service and it become challenging to reaching target every month. It depands on the team you in. If you love to give service the job will be fun and enjoyable. No much time to have a talk with colleague due to call que most of the time."
325,149,HSBC,review_body_text,3,If you love to give service the job will be fun and enjoyable.,"Its a fast pace environment, we start to move in sale’s instead of solely giving service and it become challenging to reaching target every month. It depands on the team you in. If you love to give service the job will be fun and enjoyable. No much time to have a talk with colleague due to call que most of the time."
325,149,HSBC,review_body_text,4,No much time to have a talk with colleague due to call que most of the time.,"Its a fast pace environment, we start to move in sale’s instead of solely giving service and it become challenging to reaching target every month. It depands on the team you in. If you love to give service the job will be fun and enjoyable. No much time to have a talk with colleague due to call que most of the time."
326,150,RHB Bank Berhad,review_title,1,Engaging and Challenging,Engaging and Challenging
327,150,RHB Bank Berhad,review_body_text,1,"With thorough guidance and resilient, every job made possible.","With thorough guidance and resilient, every job made possible. The culture can be improved with good leader and cooperation. Initiatives for better working environment should be implimented."
327,150,RHB Bank Berhad,review_body_text,2,The culture can be improved with good leader and cooperation.,"With thorough guidance and resilient, every job made possible. The culture can be improved with good leader and cooperation. Initiatives for better working environment should be implimented."
327,150,RHB Bank Berhad,review_body_text,3,Initiatives for better working environment should be implimented.,"With thorough guidance and resilient, every job made possible. The culture can be improved with good leader and cooperation. Initiatives for better working environment should be implimented."
328,151,United Overseas Bank,review_title,1,Overall ok,Overall ok
329,151,United Overseas Bank,review_body_text,1,'- can be very stress if you can't hit the sales target,'- can be very stress if you can't hit the sales target - usually will stay until 7pm ++ to do cold calling - need to attend branch morning briefing every day - company willing to provide training to staffs to help us to development softskills - salary at average & quite many campaigns for staff to earn commision
329,151,United Overseas Bank,review_body_text,2,usually will stay until 7pm ++ to do cold calling,'- can be very stress if you can't hit the sales target - usually will stay until 7pm ++ to do cold calling - need to attend branch morning briefing every day - company willing to provide training to staffs to help us to development softskills - salary at average & quite many campaigns for staff to earn commision
329,151,United Overseas Bank,review_body_text,3,need to attend branch morning briefing every day,'- can be very stress if you can't hit the sales target - usually will stay until 7pm ++ to do cold calling - need to attend branch morning briefing every day - company willing to provide training to staffs to help us to development softskills - salary at average & quite many campaigns for staff to earn commision
329,151,United Overseas Bank,review_body_text,4,company willing to provide training to staffs to help us to development softskills,'- can be very stress if you can't hit the sales target - usually will stay until 7pm ++ to do cold calling - need to attend branch morning briefing every day - company willing to provide training to staffs to help us to development softskills - salary at average & quite many campaigns for staff to earn commision
329,151,United Overseas Bank,review_body_text,5,salary at average & quite many campaigns for staff to earn commision,'- can be very stress if you can't hit the sales target - usually will stay until 7pm ++ to do cold calling - need to attend branch morning briefing every day - company willing to provide training to staffs to help us to development softskills - salary at average & quite many campaigns for staff to earn commision
330,152,Public-Bank-Berhad,review_title,1,good salary,good salary
331,152,Public-Bank-Berhad,review_body_text,1,pb has a lot of benefits.,"pb has a lot of benefits. good for fresh grad that wants to pursue career in financial sector. you'll learn more about it here at pb, staff are friendly"
331,152,Public-Bank-Berhad,review_body_text,2,good for fresh grad that wants to pursue career in financial sector.,"pb has a lot of benefits. good for fresh grad that wants to pursue career in financial sector. you'll learn more about it here at pb, staff are friendly"
331,152,Public-Bank-Berhad,review_body_text,3,"you'll learn more about it here at pb, staff are friendly","pb has a lot of benefits. good for fresh grad that wants to pursue career in financial sector. you'll learn more about it here at pb, staff are friendly"
332,153,bank islam,review_title,1,Fun workplace,Fun workplace
333,153,bank islam,review_body_text,1,Learning Experience: Gain a deep understanding of Islamic finance principles and practices.,"Learning Experience: Gain a deep understanding of Islamic finance principles and practices. Professional Development: Opportunities for skill-building through workshops and mentorship. Networking: Connect with professionals in the banking industry, which can be beneficial for future career opportunities."
333,153,bank islam,review_body_text,2,Professional Development: Opportunities for skill-building through workshops and mentorship.,"Learning Experience: Gain a deep understanding of Islamic finance principles and practices. Professional Development: Opportunities for skill-building through workshops and mentorship. Networking: Connect with professionals in the banking industry, which can be beneficial for future career opportunities."
333,153,bank islam,review_body_text,3,"Networking: Connect with professionals in the banking industry, which can be beneficial for future career opportunities.","Learning Experience: Gain a deep understanding of Islamic finance principles and practices. Professional Development: Opportunities for skill-building through workshops and mentorship. Networking: Connect with professionals in the banking industry, which can be beneficial for future career opportunities."
334,154,HSBC,review_title,1,Great networking but bad management,Great networking but bad management
335,154,HSBC,review_body_text,1,Great networking but bad management.,Great networking but bad management. Chnage the commisioning structure without prior notice. Pushes us to the limit but suddenly change the comissioning structure
335,154,HSBC,review_body_text,2,Chnage the commisioning structure without prior notice.,Great networking but bad management. Chnage the commisioning structure without prior notice. Pushes us to the limit but suddenly change the comissioning structure
335,154,HSBC,review_body_text,3,Pushes us to the limit but suddenly change the comissioning structure,Great networking but bad management. Chnage the commisioning structure without prior notice. Pushes us to the limit but suddenly change the comissioning structure
337,155,United Overseas Bank,review_body_text,1,"Corporate style with multiple hierarchy, you get to survive if you have a strong mentality to cope stress.","Corporate style with multiple hierarchy, you get to survive if you have a strong mentality to cope stress. Stability is there just that need to work hard and sometimes luck."
337,155,United Overseas Bank,review_body_text,2,Stability is there just that need to work hard and sometimes luck.,"Corporate style with multiple hierarchy, you get to survive if you have a strong mentality to cope stress. Stability is there just that need to work hard and sometimes luck."
338,156,United Overseas Bank,review_title,1,Good environment,Good environment
339,156,United Overseas Bank,review_body_text,1,Most people here are around your age so you’ll definitely be able to get along with everyone there.,"Most people here are around your age so you’ll definitely be able to get along with everyone there. High salary, especially for fresh graduates who intend to work here"
339,156,United Overseas Bank,review_body_text,2,"High salary, especially for fresh graduates who intend to work here","Most people here are around your age so you’ll definitely be able to get along with everyone there. High salary, especially for fresh graduates who intend to work here"
340,157,Bank-Rakyat,review_title,1,Fun and supportive workplace,Fun and supportive workplace
341,157,Bank-Rakyat,review_body_text,1,"During my internship at Bank Rakyat, I had the opportunity to gain practical experience in one of Malaysia's leading cooperative banks.","During my internship at Bank Rakyat, I had the opportunity to gain practical experience in one of Malaysia's leading cooperative banks. I was involved in various aspects of banking operations, such as customer service, handling financial products, and administrative support. This experience allowed me to enhance my communication, teamwork, and problem-solving skills while learning from experienced professionals. It provided me with valuable insights into the cooperative banking sector and contributed significantly to my personal and professional development."
341,157,Bank-Rakyat,review_body_text,2,"I was involved in various aspects of banking operations, such as customer service, handling financial products, and administrative support.","During my internship at Bank Rakyat, I had the opportunity to gain practical experience in one of Malaysia's leading cooperative banks. I was involved in various aspects of banking operations, such as customer service, handling financial products, and administrative support. This experience allowed me to enhance my communication, teamwork, and problem-solving skills while learning from experienced professionals. It provided me with valuable insights into the cooperative banking sector and contributed significantly to my personal and professional development."
341,157,Bank-Rakyat,review_body_text,3,"This experience allowed me to enhance my communication, teamwork, and problem-solving skills while learning from experienced professionals.","During my internship at Bank Rakyat, I had the opportunity to gain practical experience in one of Malaysia's leading cooperative banks. I was involved in various aspects of banking operations, such as customer service, handling financial products, and administrative support. This experience allowed me to enhance my communication, teamwork, and problem-solving skills while learning from experienced professionals. It provided me with valuable insights into the cooperative banking sector and contributed significantly to my personal and professional development."
341,157,Bank-Rakyat,review_body_text,4,It provided me with valuable insights into the cooperative banking sector and contributed significantly to my personal and professional development.,"During my internship at Bank Rakyat, I had the opportunity to gain practical experience in one of Malaysia's leading cooperative banks. I was involved in various aspects of banking operations, such as customer service, handling financial products, and administrative support. This experience allowed me to enhance my communication, teamwork, and problem-solving skills while learning from experienced professionals. It provided me with valuable insights into the cooperative banking sector and contributed significantly to my personal and professional development."
342,158,HSBC,review_title,1,Fun workplace and good colleagues,Fun workplace and good colleagues
343,158,HSBC,review_body_text,1,Busy and stressful sometimes but got good colleagues that can help from time to time.,Busy and stressful sometimes but got good colleagues that can help from time to time. I learned a lot from here as we need to work as a team to ensure to move forward and excel together
343,158,HSBC,review_body_text,2,I learned a lot from here as we need to work as a team to ensure to move forward and excel together,Busy and stressful sometimes but got good colleagues that can help from time to time. I learned a lot from here as we need to work as a team to ensure to move forward and excel together
344,159,RHB Bank Berhad,review_title,1,a good start for fresh grad who are willing to work under stress,a good start for fresh grad who are willing to work under stress
345,159,RHB Bank Berhad,review_body_text,1,work under minimal supervision as long as you are able to hit the KPI set by the management good manager and supervisor makes my work easier as they are willing to help me seek for approval with cases that require higher up to issue,work under minimal supervision as long as you are able to hit the KPI set by the management good manager and supervisor makes my work easier as they are willing to help me seek for approval with cases that require higher up to issue
346,160,bank islam,review_title,1,workplace culture,workplace culture
347,160,bank islam,review_body_text,1,"as we all grew older, the first impression of ourselves is important when dealing with our client.","as we all grew older, the first impression of ourselves is important when dealing with our client. but somehow i found some of workers loves to overdressed and indifference dress etiquette, also give a bad impression to the company."
347,160,bank islam,review_body_text,2,"but somehow i found some of workers loves to overdressed and indifference dress etiquette, also give a bad impression to the company.","as we all grew older, the first impression of ourselves is important when dealing with our client. but somehow i found some of workers loves to overdressed and indifference dress etiquette, also give a bad impression to the company."
348,161,Public-Bank-Berhad,review_title,1,Great benefit but no work life balance,Great benefit but no work life balance
349,161,Public-Bank-Berhad,review_body_text,1,"Cannot go back on time, a lot of manual work and unnecessary things.","Cannot go back on time, a lot of manual work and unnecessary things. Great benefits such as annual leave, medical benefit. Should focus on tech such as fill up form online instead of using paper"
349,161,Public-Bank-Berhad,review_body_text,2,"Great benefits such as annual leave, medical benefit.","Cannot go back on time, a lot of manual work and unnecessary things. Great benefits such as annual leave, medical benefit. Should focus on tech such as fill up form online instead of using paper"
349,161,Public-Bank-Berhad,review_body_text,3,Should focus on tech such as fill up form online instead of using paper,"Cannot go back on time, a lot of manual work and unnecessary things. Great benefits such as annual leave, medical benefit. Should focus on tech such as fill up form online instead of using paper"
350,162,RHB Bank Berhad,review_title,1,Soso only,Soso only
351,162,RHB Bank Berhad,review_body_text,1,What is the best part of working at the company?,"What is the best part of working at the company? Among colleagues ok, management not good What is the most stressful part about working at the company? HQ management and HQ support not enough What is the work environment and culture like at the company? Working environment ok, culture not so good"
351,162,RHB Bank Berhad,review_body_text,2,"Among colleagues ok, management not good What is the most stressful part about working at the company?","What is the best part of working at the company? Among colleagues ok, management not good What is the most stressful part about working at the company? HQ management and HQ support not enough What is the work environment and culture like at the company? Working environment ok, culture not so good"
351,162,RHB Bank Berhad,review_body_text,3,HQ management and HQ support not enough What is the work environment and culture like at the company?,"What is the best part of working at the company? Among colleagues ok, management not good What is the most stressful part about working at the company? HQ management and HQ support not enough What is the work environment and culture like at the company? Working environment ok, culture not so good"
351,162,RHB Bank Berhad,review_body_text,4,"Working environment ok, culture not so good","What is the best part of working at the company? Among colleagues ok, management not good What is the most stressful part about working at the company? HQ management and HQ support not enough What is the work environment and culture like at the company? Working environment ok, culture not so good"
352,163,Cimb-Group,review_title,1,Fun mix stress,Fun mix stress
353,163,Cimb-Group,review_body_text,1,Mon - Fri Friendly environment but the workload will be more than expected due to manpower shortages.,Mon - Fri Friendly environment but the workload will be more than expected due to manpower shortages. The hardest part will working hours after office hours and will always stayed late
353,163,Cimb-Group,review_body_text,2,The hardest part will working hours after office hours and will always stayed late,Mon - Fri Friendly environment but the workload will be more than expected due to manpower shortages. The hardest part will working hours after office hours and will always stayed late
354,164,Public-Bank-Berhad,review_title,1,Great Start but no wlb,Great Start but no wlb
355,164,Public-Bank-Berhad,review_body_text,1,A good starting point for fresh graduate to start their career.,"A good starting point for fresh graduate to start their career. The starting salary is quite good. However, the manangement keeps pushing figure which could make people feel stressful and also almost ot everyday."
355,164,Public-Bank-Berhad,review_body_text,2,The starting salary is quite good.,"A good starting point for fresh graduate to start their career. The starting salary is quite good. However, the manangement keeps pushing figure which could make people feel stressful and also almost ot everyday."
355,164,Public-Bank-Berhad,review_body_text,3,"However, the manangement keeps pushing figure which could make people feel stressful and also almost ot everyday.","A good starting point for fresh graduate to start their career. The starting salary is quite good. However, the manangement keeps pushing figure which could make people feel stressful and also almost ot everyday."
357,165,Cimb-Group,review_body_text,1,Benefit: - Medical for self & family.,Benefit: - Medical for self & family. Free hospitalisation. - Good friendship What you learned: - Good Communication The Hardest Part: - KPI & Do sales since slow walk in at the branch
357,165,Cimb-Group,review_body_text,2,Free hospitalisation.,Benefit: - Medical for self & family. Free hospitalisation. - Good friendship What you learned: - Good Communication The Hardest Part: - KPI & Do sales since slow walk in at the branch
357,165,Cimb-Group,review_body_text,3,Good friendship,Benefit: - Medical for self & family. Free hospitalisation. - Good friendship What you learned: - Good Communication The Hardest Part: - KPI & Do sales since slow walk in at the branch
357,165,Cimb-Group,review_body_text,4,What you learned: - Good Communication,Benefit: - Medical for self & family. Free hospitalisation. - Good friendship What you learned: - Good Communication The Hardest Part: - KPI & Do sales since slow walk in at the branch
357,165,Cimb-Group,review_body_text,5,The Hardest Part: - KPI & Do sales since slow walk in at the branch,Benefit: - Medical for self & family. Free hospitalisation. - Good friendship What you learned: - Good Communication The Hardest Part: - KPI & Do sales since slow walk in at the branch
358,166,HSBC,review_title,1,good place for newbies,good place for newbies
359,166,HSBC,review_body_text,1,goodplace for newbies.,goodplace for newbies. alot things can discover. depends on your luck if you team is positive or toxic. so far ive had good time with good manager. workload is always alot unless during low season
359,166,HSBC,review_body_text,2,alot things can discover.,goodplace for newbies. alot things can discover. depends on your luck if you team is positive or toxic. so far ive had good time with good manager. workload is always alot unless during low season
359,166,HSBC,review_body_text,3,depends on your luck if you team is positive or toxic.,goodplace for newbies. alot things can discover. depends on your luck if you team is positive or toxic. so far ive had good time with good manager. workload is always alot unless during low season
359,166,HSBC,review_body_text,4,so far ive had good time with good manager.,goodplace for newbies. alot things can discover. depends on your luck if you team is positive or toxic. so far ive had good time with good manager. workload is always alot unless during low season
359,166,HSBC,review_body_text,5,workload is always alot unless during low season,goodplace for newbies. alot things can discover. depends on your luck if you team is positive or toxic. so far ive had good time with good manager. workload is always alot unless during low season
360,167,Public-Bank-Berhad,review_title,1,toxic environment,toxic environment
361,167,Public-Bank-Berhad,review_body_text,1,"if you like to work late at night without ot, getting scold with your senior, getting push by your colleges, unproper training given by your company, then this is the job your looking for.","if you like to work late at night without ot, getting scold with your senior, getting push by your colleges, unproper training given by your company, then this is the job your looking for."
362,168,RHB Bank Berhad,review_title,1,"Happy, productive and fun workplace","Happy, productive and fun workplace"
363,168,RHB Bank Berhad,review_body_text,1,What is the best part of working at the company?,"What is the best part of working at the company? RHB take care of staffs and give good benefit What is the most stressful part about working at the company? Doing sales is the most stressful part What is the work environment and culture like at the company? RHB created happy and enjoy environment What is a typical day like for you at the company? At branch, meet customer and give best service to customer"
363,168,RHB Bank Berhad,review_body_text,2,RHB take care of staffs and give good benefit What is the most stressful part about working at the company?,"What is the best part of working at the company? RHB take care of staffs and give good benefit What is the most stressful part about working at the company? Doing sales is the most stressful part What is the work environment and culture like at the company? RHB created happy and enjoy environment What is a typical day like for you at the company? At branch, meet customer and give best service to customer"
363,168,RHB Bank Berhad,review_body_text,3,Doing sales is the most stressful part What is the work environment and culture like at the company?,"What is the best part of working at the company? RHB take care of staffs and give good benefit What is the most stressful part about working at the company? Doing sales is the most stressful part What is the work environment and culture like at the company? RHB created happy and enjoy environment What is a typical day like for you at the company? At branch, meet customer and give best service to customer"
363,168,RHB Bank Berhad,review_body_text,4,RHB created happy and enjoy environment What is a typical day like for you at the company?,"What is the best part of working at the company? RHB take care of staffs and give good benefit What is the most stressful part about working at the company? Doing sales is the most stressful part What is the work environment and culture like at the company? RHB created happy and enjoy environment What is a typical day like for you at the company? At branch, meet customer and give best service to customer"
363,168,RHB Bank Berhad,review_body_text,5,"At branch, meet customer and give best service to customer","What is the best part of working at the company? RHB take care of staffs and give good benefit What is the most stressful part about working at the company? Doing sales is the most stressful part What is the work environment and culture like at the company? RHB created happy and enjoy environment What is a typical day like for you at the company? At branch, meet customer and give best service to customer"
364,169,Public-Bank-Berhad,review_title,1,Fast paced and have to be independent,Fast paced and have to be independent
365,169,Public-Bank-Berhad,review_body_text,1,"They'll teach you the basics, provided training and little knowledge.","They'll teach you the basics, provided training and little knowledge. You need to stand on your two feet and learn as you go. Once you get the hang of it, things might be easier but always watch out for your target (KPI)"
365,169,Public-Bank-Berhad,review_body_text,2,You need to stand on your two feet and learn as you go.,"They'll teach you the basics, provided training and little knowledge. You need to stand on your two feet and learn as you go. Once you get the hang of it, things might be easier but always watch out for your target (KPI)"
365,169,Public-Bank-Berhad,review_body_text,3,"Once you get the hang of it, things might be easier but always watch out for your target (KPI)","They'll teach you the basics, provided training and little knowledge. You need to stand on your two feet and learn as you go. Once you get the hang of it, things might be easier but always watch out for your target (KPI)"
366,170,HSBC,review_title,1,Good place and good job,Good place and good job
367,170,HSBC,review_body_text,1,Good commission and fun place to work Nice and understanding management Stressful when comes to sales.,Good commission and fun place to work Nice and understanding management Stressful when comes to sales. Stable job and good remuneration. Overall good sales
367,170,HSBC,review_body_text,2,Stable job and good remuneration.,Good commission and fun place to work Nice and understanding management Stressful when comes to sales. Stable job and good remuneration. Overall good sales
367,170,HSBC,review_body_text,3,Overall good sales,Good commission and fun place to work Nice and understanding management Stressful when comes to sales. Stable job and good remuneration. Overall good sales
368,171,Public-Bank-Berhad,review_title,1,Busy but supportive work environment,Busy but supportive work environment
369,171,Public-Bank-Berhad,review_body_text,1,A day in the Bank can be busy depending on the the day or the weekend.,A day in the Bank can be busy depending on the the day or the weekend. The week before any celebrations can be busy . Supportive colleagues around to show and guide how the job is done .
369,171,Public-Bank-Berhad,review_body_text,2,The week before any celebrations can be busy .,A day in the Bank can be busy depending on the the day or the weekend. The week before any celebrations can be busy . Supportive colleagues around to show and guide how the job is done .
369,171,Public-Bank-Berhad,review_body_text,3,Supportive colleagues around to show and guide how the job is done .,A day in the Bank can be busy depending on the the day or the weekend. The week before any celebrations can be busy . Supportive colleagues around to show and guide how the job is done .
370,172,maybank,review_title,1,"no good when things happened eg, customer complaint there is no 1 to help u & support u.","no good when things happened eg, customer complaint there is no 1 to help u & support u. the company only side customer"
370,172,maybank,review_title,2,the company only side customer,"no good when things happened eg, customer complaint there is no 1 to help u & support u. the company only side customer"
371,172,maybank,review_body_text,1,"no good when things happened eg, customer complaint there is no one to help u & support u.","no good when things happened eg, customer complaint there is no one to help u & support u. the company only side customer as they sacred in trouble"
371,172,maybank,review_body_text,2,the company only side customer as they sacred in trouble,"no good when things happened eg, customer complaint there is no one to help u & support u. the company only side customer as they sacred in trouble"
373,172,maybank,cons_text,1,no one hlp when things happened,no one hlp when things happened
374,173,Public-Bank-Berhad,review_title,1,Humanity and harmony environment,Humanity and harmony environment
375,173,Public-Bank-Berhad,review_body_text,1,What is the best part of working at the company?,"What is the best part of working at the company? Good employee benefit. Performance bonus , commission scheme for sales staff , retirement benefits for all officer level .EPF benefits. What is the most stressful part about working at the company? For sales for sure is sales target.the only things is difficult to get reffaller for small branches What is the work environment and culture like at the company? Good and friendly staff , senior staff more helpful What is a typical day like for you at the company? When MCO take is the typical time for me"
375,173,Public-Bank-Berhad,review_body_text,2,Good employee benefit.,"What is the best part of working at the company? Good employee benefit. Performance bonus , commission scheme for sales staff , retirement benefits for all officer level .EPF benefits. What is the most stressful part about working at the company? For sales for sure is sales target.the only things is difficult to get reffaller for small branches What is the work environment and culture like at the company? Good and friendly staff , senior staff more helpful What is a typical day like for you at the company? When MCO take is the typical time for me"
375,173,Public-Bank-Berhad,review_body_text,3,"Performance bonus , commission scheme for sales staff , retirement benefits for all officer level .","What is the best part of working at the company? Good employee benefit. Performance bonus , commission scheme for sales staff , retirement benefits for all officer level .EPF benefits. What is the most stressful part about working at the company? For sales for sure is sales target.the only things is difficult to get reffaller for small branches What is the work environment and culture like at the company? Good and friendly staff , senior staff more helpful What is a typical day like for you at the company? When MCO take is the typical time for me"
375,173,Public-Bank-Berhad,review_body_text,4,EPF benefits.,"What is the best part of working at the company? Good employee benefit. Performance bonus , commission scheme for sales staff , retirement benefits for all officer level .EPF benefits. What is the most stressful part about working at the company? For sales for sure is sales target.the only things is difficult to get reffaller for small branches What is the work environment and culture like at the company? Good and friendly staff , senior staff more helpful What is a typical day like for you at the company? When MCO take is the typical time for me"
375,173,Public-Bank-Berhad,review_body_text,5,What is the most stressful part about working at the company?,"What is the best part of working at the company? Good employee benefit. Performance bonus , commission scheme for sales staff , retirement benefits for all officer level .EPF benefits. What is the most stressful part about working at the company? For sales for sure is sales target.the only things is difficult to get reffaller for small branches What is the work environment and culture like at the company? Good and friendly staff , senior staff more helpful What is a typical day like for you at the company? When MCO take is the typical time for me"
375,173,Public-Bank-Berhad,review_body_text,6,For sales for sure is sales target.,"What is the best part of working at the company? Good employee benefit. Performance bonus , commission scheme for sales staff , retirement benefits for all officer level .EPF benefits. What is the most stressful part about working at the company? For sales for sure is sales target.the only things is difficult to get reffaller for small branches What is the work environment and culture like at the company? Good and friendly staff , senior staff more helpful What is a typical day like for you at the company? When MCO take is the typical time for me"
375,173,Public-Bank-Berhad,review_body_text,7,the only things is difficult to get reffaller for small branches What is the work environment and culture like at the company?,"What is the best part of working at the company? Good employee benefit. Performance bonus , commission scheme for sales staff , retirement benefits for all officer level .EPF benefits. What is the most stressful part about working at the company? For sales for sure is sales target.the only things is difficult to get reffaller for small branches What is the work environment and culture like at the company? Good and friendly staff , senior staff more helpful What is a typical day like for you at the company? When MCO take is the typical time for me"
375,173,Public-Bank-Berhad,review_body_text,8,"Good and friendly staff , senior staff more helpful What is a typical day like for you at the company?","What is the best part of working at the company? Good employee benefit. Performance bonus , commission scheme for sales staff , retirement benefits for all officer level .EPF benefits. What is the most stressful part about working at the company? For sales for sure is sales target.the only things is difficult to get reffaller for small branches What is the work environment and culture like at the company? Good and friendly staff , senior staff more helpful What is a typical day like for you at the company? When MCO take is the typical time for me"
375,173,Public-Bank-Berhad,review_body_text,9,When MCO take is the typical time for me,"What is the best part of working at the company? Good employee benefit. Performance bonus , commission scheme for sales staff , retirement benefits for all officer level .EPF benefits. What is the most stressful part about working at the company? For sales for sure is sales target.the only things is difficult to get reffaller for small branches What is the work environment and culture like at the company? Good and friendly staff , senior staff more helpful What is a typical day like for you at the company? When MCO take is the typical time for me"
376,174,RHB Bank Berhad,review_title,1,Good bonus,Good bonus
377,174,RHB Bank Berhad,review_body_text,1,Good bonus.,"Good bonus. Workload is manageable, although at times it can be quite heavy. Flexi working hours. Most colleagues are helpful and professional, although there will be some bad apples (which can be found in any company tbh)"
377,174,RHB Bank Berhad,review_body_text,2,"Workload is manageable, although at times it can be quite heavy.","Good bonus. Workload is manageable, although at times it can be quite heavy. Flexi working hours. Most colleagues are helpful and professional, although there will be some bad apples (which can be found in any company tbh)"
377,174,RHB Bank Berhad,review_body_text,3,Flexi working hours.,"Good bonus. Workload is manageable, although at times it can be quite heavy. Flexi working hours. Most colleagues are helpful and professional, although there will be some bad apples (which can be found in any company tbh)"
377,174,RHB Bank Berhad,review_body_text,4,"Most colleagues are helpful and professional, although there will be some bad apples (which can be found in any company tbh)","Good bonus. Workload is manageable, although at times it can be quite heavy. Flexi working hours. Most colleagues are helpful and professional, although there will be some bad apples (which can be found in any company tbh)"
378,175,Ocbc,review_title,1,A good start for fresh graduate,A good start for fresh graduate
379,175,Ocbc,review_body_text,1,Colleagues were very helpful.,Colleagues were very helpful. Provide a lot of training to new joiner. Will be more compliance compare to other banks Management keeps chasing the target
379,175,Ocbc,review_body_text,2,Provide a lot of training to new joiner.,Colleagues were very helpful. Provide a lot of training to new joiner. Will be more compliance compare to other banks Management keeps chasing the target
379,175,Ocbc,review_body_text,3,Will be more compliance compare to other banks Management keeps chasing the target,Colleagues were very helpful. Provide a lot of training to new joiner. Will be more compliance compare to other banks Management keeps chasing the target
380,176,United Overseas Bank,review_title,1,Productive and good place to learn,Productive and good place to learn
381,176,United Overseas Bank,review_body_text,1,Good place and suitable for a starter or fresh graduate.,Good place and suitable for a starter or fresh graduate. Supportive colleagues as they always show the guidance towards the new employees. Able to learn a lot of valuable knowledges of how bank operations works on daily basis.
381,176,United Overseas Bank,review_body_text,2,Supportive colleagues as they always show the guidance towards the new employees.,Good place and suitable for a starter or fresh graduate. Supportive colleagues as they always show the guidance towards the new employees. Able to learn a lot of valuable knowledges of how bank operations works on daily basis.
381,176,United Overseas Bank,review_body_text,3,Able to learn a lot of valuable knowledges of how bank operations works on daily basis.,Good place and suitable for a starter or fresh graduate. Supportive colleagues as they always show the guidance towards the new employees. Able to learn a lot of valuable knowledges of how bank operations works on daily basis.
382,177,RHB Bank Berhad,review_title,1,"No work life balance, stressful and so much pressure","No work life balance, stressful and so much pressure"
383,177,RHB Bank Berhad,review_body_text,1,The work environment were stressful and pressure.,The work environment were stressful and pressure. Forcefully have to OT on weekdays without paid! Need to work on Sunday 2 times per month so overall you just have 2 days of offday per month.
383,177,RHB Bank Berhad,review_body_text,2,Forcefully have to OT on weekdays without paid!,The work environment were stressful and pressure. Forcefully have to OT on weekdays without paid! Need to work on Sunday 2 times per month so overall you just have 2 days of offday per month.
383,177,RHB Bank Berhad,review_body_text,3,Need to work on Sunday 2 times per month so overall you just have 2 days of offday per month.,The work environment were stressful and pressure. Forcefully have to OT on weekdays without paid! Need to work on Sunday 2 times per month so overall you just have 2 days of offday per month.
385,177,RHB Bank Berhad,cons_text,1,No work life balance,No work life balance
386,178,Cimb-Group,review_title,1,Productive and hectic,Productive and hectic
387,178,Cimb-Group,review_body_text,1,It can be hectic at one point but productive.,It can be hectic at one point but productive. Not many incentive for protege. Would love to see how would they expand and attract youngster into their company
387,178,Cimb-Group,review_body_text,2,Not many incentive for protege.,It can be hectic at one point but productive. Not many incentive for protege. Would love to see how would they expand and attract youngster into their company
387,178,Cimb-Group,review_body_text,3,Would love to see how would they expand and attract youngster into their company,It can be hectic at one point but productive. Not many incentive for protege. Would love to see how would they expand and attract youngster into their company
388,179,Public-Bank-Berhad,review_title,1,Nothing good there,Nothing good there
389,179,Public-Bank-Berhad,review_body_text,1,"No work life balance, expected to work 13 hours everyday, high workload and marketing officer will keep pressuring you to meet their figure, supposed to work as a team but end up each of team member only work for their own target and goal, not recommend","No work life balance, expected to work 13 hours everyday, high workload and marketing officer will keep pressuring you to meet their figure, supposed to work as a team but end up each of team member only work for their own target and goal, not recommend"
390,179,Public-Bank-Berhad,pros_text,1,Nothing good there,Nothing good there
391,179,Public-Bank-Berhad,cons_text,1,No work life balance,No work life balance
392,180,Bank-Rakyat,review_title,1,HR and HQ is OK but CURRENT Manager is TOXIC,HR and HQ is OK but CURRENT Manager is TOXIC
393,180,Bank-Rakyat,review_body_text,2,typical day at work is ok .,. typical day at work is ok . but current manager is toxic . I learn that my current manager only know how to talk . HR and HQ is ok but current manager is toxic . workplace culture not ok because senior behave like intern . the hardest part of the job is current manager is toxic . the most enjoyable part of the job is big bonus and medical expenses fully cover
393,180,Bank-Rakyat,review_body_text,3,but current manager is toxic .,. typical day at work is ok . but current manager is toxic . I learn that my current manager only know how to talk . HR and HQ is ok but current manager is toxic . workplace culture not ok because senior behave like intern . the hardest part of the job is current manager is toxic . the most enjoyable part of the job is big bonus and medical expenses fully cover
393,180,Bank-Rakyat,review_body_text,4,I learn that my current manager only know how to talk .,. typical day at work is ok . but current manager is toxic . I learn that my current manager only know how to talk . HR and HQ is ok but current manager is toxic . workplace culture not ok because senior behave like intern . the hardest part of the job is current manager is toxic . the most enjoyable part of the job is big bonus and medical expenses fully cover
393,180,Bank-Rakyat,review_body_text,5,HR and HQ is ok but current manager is toxic .,. typical day at work is ok . but current manager is toxic . I learn that my current manager only know how to talk . HR and HQ is ok but current manager is toxic . workplace culture not ok because senior behave like intern . the hardest part of the job is current manager is toxic . the most enjoyable part of the job is big bonus and medical expenses fully cover
393,180,Bank-Rakyat,review_body_text,6,workplace culture not ok because senior behave like intern .,. typical day at work is ok . but current manager is toxic . I learn that my current manager only know how to talk . HR and HQ is ok but current manager is toxic . workplace culture not ok because senior behave like intern . the hardest part of the job is current manager is toxic . the most enjoyable part of the job is big bonus and medical expenses fully cover
393,180,Bank-Rakyat,review_body_text,7,the hardest part of the job is current manager is toxic .,. typical day at work is ok . but current manager is toxic . I learn that my current manager only know how to talk . HR and HQ is ok but current manager is toxic . workplace culture not ok because senior behave like intern . the hardest part of the job is current manager is toxic . the most enjoyable part of the job is big bonus and medical expenses fully cover
393,180,Bank-Rakyat,review_body_text,8,the most enjoyable part of the job is big bonus and medical expenses fully cover,. typical day at work is ok . but current manager is toxic . I learn that my current manager only know how to talk . HR and HQ is ok but current manager is toxic . workplace culture not ok because senior behave like intern . the hardest part of the job is current manager is toxic . the most enjoyable part of the job is big bonus and medical expenses fully cover
394,180,Bank-Rakyat,pros_text,1,big bonus,big bonus
395,180,Bank-Rakyat,cons_text,1,current manager is toxic,current manager is toxic
396,181,bank islam,review_title,1,Nice place to work,Nice place to work
397,181,bank islam,review_body_text,2,Great staff benefit.,Pro: -Great staff benefit. -Pleasant environment. -Good for fresh graduate as a learning centre Cons: -salary not balance -no benefits for staff working for so long -favoritism
397,181,bank islam,review_body_text,3,Pleasant environment.,Pro: -Great staff benefit. -Pleasant environment. -Good for fresh graduate as a learning centre Cons: -salary not balance -no benefits for staff working for so long -favoritism
397,181,bank islam,review_body_text,4,Good for fresh graduate as a learning centre,Pro: -Great staff benefit. -Pleasant environment. -Good for fresh graduate as a learning centre Cons: -salary not balance -no benefits for staff working for so long -favoritism
397,181,bank islam,review_body_text,6,salary not balance,Pro: -Great staff benefit. -Pleasant environment. -Good for fresh graduate as a learning centre Cons: -salary not balance -no benefits for staff working for so long -favoritism
397,181,bank islam,review_body_text,7,no benefits for staff working for so long,Pro: -Great staff benefit. -Pleasant environment. -Good for fresh graduate as a learning centre Cons: -salary not balance -no benefits for staff working for so long -favoritism
398,182,United Overseas Bank,review_title,1,Stressful and Rigid,Stressful and Rigid
399,182,United Overseas Bank,review_body_text,1,Stress and rigid working environment without system and computers upgrade.,"Stress and rigid working environment without system and computers upgrade. Software are outdated, payment system is slow and 90s era. Management level is rigid and has no one to one communication. This"
399,182,United Overseas Bank,review_body_text,2,"Software are outdated, payment system is slow and 90s era.","Stress and rigid working environment without system and computers upgrade. Software are outdated, payment system is slow and 90s era. Management level is rigid and has no one to one communication. This"
399,182,United Overseas Bank,review_body_text,3,Management level is rigid and has no one to one communication.,"Stress and rigid working environment without system and computers upgrade. Software are outdated, payment system is slow and 90s era. Management level is rigid and has no one to one communication. This"
400,182,United Overseas Bank,pros_text,1,Friendly colleagues,Friendly colleagues
401,182,United Overseas Bank,cons_text,1,Long hours,Long hours
402,183,Public-Bank-Berhad,review_title,1,Helpful senior but seniority culture quite strong,Helpful senior but seniority culture quite strong
403,183,Public-Bank-Berhad,review_body_text,1,Pbb is good to learn various things.,"Pbb is good to learn various things. However, the workflow very messy & u gotta do everything & not specialised in something, which not align with my career goals. System very outdated & bad. Need to relief ppl a lot if u are from branch."
403,183,Public-Bank-Berhad,review_body_text,2,"However, the workflow very messy & u gotta do everything & not specialised in something, which not align with my career goals.","Pbb is good to learn various things. However, the workflow very messy & u gotta do everything & not specialised in something, which not align with my career goals. System very outdated & bad. Need to relief ppl a lot if u are from branch."
403,183,Public-Bank-Berhad,review_body_text,3,System very outdated & bad.,"Pbb is good to learn various things. However, the workflow very messy & u gotta do everything & not specialised in something, which not align with my career goals. System very outdated & bad. Need to relief ppl a lot if u are from branch."
403,183,Public-Bank-Berhad,review_body_text,4,Need to relief ppl a lot if u are from branch.,"Pbb is good to learn various things. However, the workflow very messy & u gotta do everything & not specialised in something, which not align with my career goals. System very outdated & bad. Need to relief ppl a lot if u are from branch."
404,184,maybank,review_title,1,Fun work place,Fun work place
405,184,maybank,review_body_text,1,Good environment and helpful colleagues.,Good environment and helpful colleagues. Gain a lot of benefits. Sometimes hard to dealing with customers. Overall it was a nice company to working with.
405,184,maybank,review_body_text,2,Gain a lot of benefits.,Good environment and helpful colleagues. Gain a lot of benefits. Sometimes hard to dealing with customers. Overall it was a nice company to working with.
405,184,maybank,review_body_text,3,Sometimes hard to dealing with customers.,Good environment and helpful colleagues. Gain a lot of benefits. Sometimes hard to dealing with customers. Overall it was a nice company to working with.
405,184,maybank,review_body_text,4,Overall it was a nice company to working with.,Good environment and helpful colleagues. Gain a lot of benefits. Sometimes hard to dealing with customers. Overall it was a nice company to working with.
406,185,RHB Bank Berhad,review_title,1,"Agile title but with old mindset, spent too much customization on legacy system instead of determine to revamp it","Agile title but with old mindset, spent too much customization on legacy system instead of determine to revamp it"
407,185,RHB Bank Berhad,review_body_text,1,"If want to explore, have to be mentally prepared with unnecessary approvals, overprocess of workflow for the sake of governance and fairly decaded legacy system that is counterproductive and isn't align with the latest development of technology(Datalake, Big Data, OCR, Robotic, AI, Chatgpt) .","If want to explore, have to be mentally prepared with unnecessary approvals, overprocess of workflow for the sake of governance and fairly decaded legacy system that is counterproductive and isn't align with the latest development of technology(Datalake, Big Data, OCR, Robotic, AI, Chatgpt) . Spent a lot of time for manual activities due to reluctant to invest a new system, continue waste money for customization on incompetent system which only safeguard vendor evergreen businesses."
407,185,RHB Bank Berhad,review_body_text,2,"Spent a lot of time for manual activities due to reluctant to invest a new system, continue waste money for customization on incompetent system which only safeguard vendor evergreen businesses.","If want to explore, have to be mentally prepared with unnecessary approvals, overprocess of workflow for the sake of governance and fairly decaded legacy system that is counterproductive and isn't align with the latest development of technology(Datalake, Big Data, OCR, Robotic, AI, Chatgpt) . Spent a lot of time for manual activities due to reluctant to invest a new system, continue waste money for customization on incompetent system which only safeguard vendor evergreen businesses."
408,185,RHB Bank Berhad,pros_text,1,"Discounted rate for company cafeteria, tentative work from home policy, learning programme","Discounted rate for company cafeteria, tentative work from home policy, learning programme"
409,185,RHB Bank Berhad,cons_text,1,"People mindset, processes, legacy systems, pay and promotion","People mindset, processes, legacy systems, pay and promotion"
411,186,Cimb-Group,review_body_text,1,Position that I'm holding is very multitasking and need to carry to target as well .,Position that I'm holding is very multitasking and need to carry to target as well . For the benefits it's tip top . But for the target that we need to carry tgter with incentive scheme need to revise
411,186,Cimb-Group,review_body_text,2,For the benefits it's tip top .,Position that I'm holding is very multitasking and need to carry to target as well . For the benefits it's tip top . But for the target that we need to carry tgter with incentive scheme need to revise
411,186,Cimb-Group,review_body_text,3,But for the target that we need to carry tgter with incentive scheme need to revise,Position that I'm holding is very multitasking and need to carry to target as well . For the benefits it's tip top . But for the target that we need to carry tgter with incentive scheme need to revise
412,187,Cimb-Group,review_title,1,Bad working culture at Finance and Risk division,Bad working culture at Finance and Risk division
413,187,Cimb-Group,review_body_text,1,very political culture.. some people do not want to work but want to get credit of other peoples' works.,"very political culture.. some people do not want to work but want to get credit of other peoples' works. However, staff benefits are generally better than other banks."
413,187,Cimb-Group,review_body_text,2,"However, staff benefits are generally better than other banks.","very political culture.. some people do not want to work but want to get credit of other peoples' works. However, staff benefits are generally better than other banks."
415,188,HSBC,review_body_text,1,the working there is quite tough for people who are passionate can work there.,the working there is quite tough for people who are passionate can work there. overall good in term of medical benefits. but usually management would keep
415,188,HSBC,review_body_text,2,overall good in term of medical benefits.,the working there is quite tough for people who are passionate can work there. overall good in term of medical benefits. but usually management would keep
415,188,HSBC,review_body_text,3,but usually management would keep,the working there is quite tough for people who are passionate can work there. overall good in term of medical benefits. but usually management would keep
417,189,Cimb-Group,review_body_text,1,My time at CIMB has unfortunately been less than satisfactory.,"My time at CIMB has unfortunately been less than satisfactory. While there are some positives, such as a supportive team and a convenient location, the overall experience has been marred by significant shortcomings. One of the most glaring issues is the lack of effective management. There seems to be a disconnect between upper management's vision and the day-to-day operations, leading to confusion and a sense of aimlessness among employees. This has resulted in inefficiencies and missed opportunities for improvement. Additionally, the work-life balance at CIMB leaves much to be desired. The workload can be overwhelming, often requiring employees to work long hours with little acknowledgment or compensation. This imbalance has taken a toll on morale and productivity. Furthermore, opportunities for career development are scarce. There is a noticeable absence of structured programs or support for advancing one's skills and career within the company. In conclusion, while there are some positive aspects to working at CIMB, such as a supportive team environment and convenient location, the overall experience has been subpar due to ineffective management, poor work-life balance, and limited career development opportunities. Prospective employees should carefully weigh these factors before considering employment here.."
417,189,Cimb-Group,review_body_text,2,"While there are some positives, such as a supportive team and a convenient location, the overall experience has been marred by significant shortcomings.","My time at CIMB has unfortunately been less than satisfactory. While there are some positives, such as a supportive team and a convenient location, the overall experience has been marred by significant shortcomings. One of the most glaring issues is the lack of effective management. There seems to be a disconnect between upper management's vision and the day-to-day operations, leading to confusion and a sense of aimlessness among employees. This has resulted in inefficiencies and missed opportunities for improvement. Additionally, the work-life balance at CIMB leaves much to be desired. The workload can be overwhelming, often requiring employees to work long hours with little acknowledgment or compensation. This imbalance has taken a toll on morale and productivity. Furthermore, opportunities for career development are scarce. There is a noticeable absence of structured programs or support for advancing one's skills and career within the company. In conclusion, while there are some positive aspects to working at CIMB, such as a supportive team environment and convenient location, the overall experience has been subpar due to ineffective management, poor work-life balance, and limited career development opportunities. Prospective employees should carefully weigh these factors before considering employment here.."
417,189,Cimb-Group,review_body_text,3,One of the most glaring issues is the lack of effective management.,"My time at CIMB has unfortunately been less than satisfactory. While there are some positives, such as a supportive team and a convenient location, the overall experience has been marred by significant shortcomings. One of the most glaring issues is the lack of effective management. There seems to be a disconnect between upper management's vision and the day-to-day operations, leading to confusion and a sense of aimlessness among employees. This has resulted in inefficiencies and missed opportunities for improvement. Additionally, the work-life balance at CIMB leaves much to be desired. The workload can be overwhelming, often requiring employees to work long hours with little acknowledgment or compensation. This imbalance has taken a toll on morale and productivity. Furthermore, opportunities for career development are scarce. There is a noticeable absence of structured programs or support for advancing one's skills and career within the company. In conclusion, while there are some positive aspects to working at CIMB, such as a supportive team environment and convenient location, the overall experience has been subpar due to ineffective management, poor work-life balance, and limited career development opportunities. Prospective employees should carefully weigh these factors before considering employment here.."
417,189,Cimb-Group,review_body_text,4,"There seems to be a disconnect between upper management's vision and the day-to-day operations, leading to confusion and a sense of aimlessness among employees.","My time at CIMB has unfortunately been less than satisfactory. While there are some positives, such as a supportive team and a convenient location, the overall experience has been marred by significant shortcomings. One of the most glaring issues is the lack of effective management. There seems to be a disconnect between upper management's vision and the day-to-day operations, leading to confusion and a sense of aimlessness among employees. This has resulted in inefficiencies and missed opportunities for improvement. Additionally, the work-life balance at CIMB leaves much to be desired. The workload can be overwhelming, often requiring employees to work long hours with little acknowledgment or compensation. This imbalance has taken a toll on morale and productivity. Furthermore, opportunities for career development are scarce. There is a noticeable absence of structured programs or support for advancing one's skills and career within the company. In conclusion, while there are some positive aspects to working at CIMB, such as a supportive team environment and convenient location, the overall experience has been subpar due to ineffective management, poor work-life balance, and limited career development opportunities. Prospective employees should carefully weigh these factors before considering employment here.."
417,189,Cimb-Group,review_body_text,5,This has resulted in inefficiencies and missed opportunities for improvement.,"My time at CIMB has unfortunately been less than satisfactory. While there are some positives, such as a supportive team and a convenient location, the overall experience has been marred by significant shortcomings. One of the most glaring issues is the lack of effective management. There seems to be a disconnect between upper management's vision and the day-to-day operations, leading to confusion and a sense of aimlessness among employees. This has resulted in inefficiencies and missed opportunities for improvement. Additionally, the work-life balance at CIMB leaves much to be desired. The workload can be overwhelming, often requiring employees to work long hours with little acknowledgment or compensation. This imbalance has taken a toll on morale and productivity. Furthermore, opportunities for career development are scarce. There is a noticeable absence of structured programs or support for advancing one's skills and career within the company. In conclusion, while there are some positive aspects to working at CIMB, such as a supportive team environment and convenient location, the overall experience has been subpar due to ineffective management, poor work-life balance, and limited career development opportunities. Prospective employees should carefully weigh these factors before considering employment here.."
417,189,Cimb-Group,review_body_text,6,"Additionally, the work-life balance at CIMB leaves much to be desired.","My time at CIMB has unfortunately been less than satisfactory. While there are some positives, such as a supportive team and a convenient location, the overall experience has been marred by significant shortcomings. One of the most glaring issues is the lack of effective management. There seems to be a disconnect between upper management's vision and the day-to-day operations, leading to confusion and a sense of aimlessness among employees. This has resulted in inefficiencies and missed opportunities for improvement. Additionally, the work-life balance at CIMB leaves much to be desired. The workload can be overwhelming, often requiring employees to work long hours with little acknowledgment or compensation. This imbalance has taken a toll on morale and productivity. Furthermore, opportunities for career development are scarce. There is a noticeable absence of structured programs or support for advancing one's skills and career within the company. In conclusion, while there are some positive aspects to working at CIMB, such as a supportive team environment and convenient location, the overall experience has been subpar due to ineffective management, poor work-life balance, and limited career development opportunities. Prospective employees should carefully weigh these factors before considering employment here.."
417,189,Cimb-Group,review_body_text,7,"The workload can be overwhelming, often requiring employees to work long hours with little acknowledgment or compensation.","My time at CIMB has unfortunately been less than satisfactory. While there are some positives, such as a supportive team and a convenient location, the overall experience has been marred by significant shortcomings. One of the most glaring issues is the lack of effective management. There seems to be a disconnect between upper management's vision and the day-to-day operations, leading to confusion and a sense of aimlessness among employees. This has resulted in inefficiencies and missed opportunities for improvement. Additionally, the work-life balance at CIMB leaves much to be desired. The workload can be overwhelming, often requiring employees to work long hours with little acknowledgment or compensation. This imbalance has taken a toll on morale and productivity. Furthermore, opportunities for career development are scarce. There is a noticeable absence of structured programs or support for advancing one's skills and career within the company. In conclusion, while there are some positive aspects to working at CIMB, such as a supportive team environment and convenient location, the overall experience has been subpar due to ineffective management, poor work-life balance, and limited career development opportunities. Prospective employees should carefully weigh these factors before considering employment here.."
417,189,Cimb-Group,review_body_text,8,This imbalance has taken a toll on morale and productivity.,"My time at CIMB has unfortunately been less than satisfactory. While there are some positives, such as a supportive team and a convenient location, the overall experience has been marred by significant shortcomings. One of the most glaring issues is the lack of effective management. There seems to be a disconnect between upper management's vision and the day-to-day operations, leading to confusion and a sense of aimlessness among employees. This has resulted in inefficiencies and missed opportunities for improvement. Additionally, the work-life balance at CIMB leaves much to be desired. The workload can be overwhelming, often requiring employees to work long hours with little acknowledgment or compensation. This imbalance has taken a toll on morale and productivity. Furthermore, opportunities for career development are scarce. There is a noticeable absence of structured programs or support for advancing one's skills and career within the company. In conclusion, while there are some positive aspects to working at CIMB, such as a supportive team environment and convenient location, the overall experience has been subpar due to ineffective management, poor work-life balance, and limited career development opportunities. Prospective employees should carefully weigh these factors before considering employment here.."
417,189,Cimb-Group,review_body_text,9,"Furthermore, opportunities for career development are scarce.","My time at CIMB has unfortunately been less than satisfactory. While there are some positives, such as a supportive team and a convenient location, the overall experience has been marred by significant shortcomings. One of the most glaring issues is the lack of effective management. There seems to be a disconnect between upper management's vision and the day-to-day operations, leading to confusion and a sense of aimlessness among employees. This has resulted in inefficiencies and missed opportunities for improvement. Additionally, the work-life balance at CIMB leaves much to be desired. The workload can be overwhelming, often requiring employees to work long hours with little acknowledgment or compensation. This imbalance has taken a toll on morale and productivity. Furthermore, opportunities for career development are scarce. There is a noticeable absence of structured programs or support for advancing one's skills and career within the company. In conclusion, while there are some positive aspects to working at CIMB, such as a supportive team environment and convenient location, the overall experience has been subpar due to ineffective management, poor work-life balance, and limited career development opportunities. Prospective employees should carefully weigh these factors before considering employment here.."
417,189,Cimb-Group,review_body_text,10,There is a noticeable absence of structured programs or support for advancing one's skills and career within the company.,"My time at CIMB has unfortunately been less than satisfactory. While there are some positives, such as a supportive team and a convenient location, the overall experience has been marred by significant shortcomings. One of the most glaring issues is the lack of effective management. There seems to be a disconnect between upper management's vision and the day-to-day operations, leading to confusion and a sense of aimlessness among employees. This has resulted in inefficiencies and missed opportunities for improvement. Additionally, the work-life balance at CIMB leaves much to be desired. The workload can be overwhelming, often requiring employees to work long hours with little acknowledgment or compensation. This imbalance has taken a toll on morale and productivity. Furthermore, opportunities for career development are scarce. There is a noticeable absence of structured programs or support for advancing one's skills and career within the company. In conclusion, while there are some positive aspects to working at CIMB, such as a supportive team environment and convenient location, the overall experience has been subpar due to ineffective management, poor work-life balance, and limited career development opportunities. Prospective employees should carefully weigh these factors before considering employment here.."
417,189,Cimb-Group,review_body_text,11,"In conclusion, while there are some positive aspects to working at CIMB, such as a supportive team environment and convenient location, the overall experience has been subpar due to ineffective management, poor work-life balance, and limited career development opportunities.","My time at CIMB has unfortunately been less than satisfactory. While there are some positives, such as a supportive team and a convenient location, the overall experience has been marred by significant shortcomings. One of the most glaring issues is the lack of effective management. There seems to be a disconnect between upper management's vision and the day-to-day operations, leading to confusion and a sense of aimlessness among employees. This has resulted in inefficiencies and missed opportunities for improvement. Additionally, the work-life balance at CIMB leaves much to be desired. The workload can be overwhelming, often requiring employees to work long hours with little acknowledgment or compensation. This imbalance has taken a toll on morale and productivity. Furthermore, opportunities for career development are scarce. There is a noticeable absence of structured programs or support for advancing one's skills and career within the company. In conclusion, while there are some positive aspects to working at CIMB, such as a supportive team environment and convenient location, the overall experience has been subpar due to ineffective management, poor work-life balance, and limited career development opportunities. Prospective employees should carefully weigh these factors before considering employment here.."
417,189,Cimb-Group,review_body_text,12,Prospective employees should carefully weigh these factors before considering employment here..,"My time at CIMB has unfortunately been less than satisfactory. While there are some positives, such as a supportive team and a convenient location, the overall experience has been marred by significant shortcomings. One of the most glaring issues is the lack of effective management. There seems to be a disconnect between upper management's vision and the day-to-day operations, leading to confusion and a sense of aimlessness among employees. This has resulted in inefficiencies and missed opportunities for improvement. Additionally, the work-life balance at CIMB leaves much to be desired. The workload can be overwhelming, often requiring employees to work long hours with little acknowledgment or compensation. This imbalance has taken a toll on morale and productivity. Furthermore, opportunities for career development are scarce. There is a noticeable absence of structured programs or support for advancing one's skills and career within the company. In conclusion, while there are some positive aspects to working at CIMB, such as a supportive team environment and convenient location, the overall experience has been subpar due to ineffective management, poor work-life balance, and limited career development opportunities. Prospective employees should carefully weigh these factors before considering employment here.."
418,190,maybank,review_title,1,Good workplace overall,Good workplace overall
419,190,maybank,review_body_text,1,Overall it's a good workplace and there are many roles in the Bank where you can apply for swaps.,"Overall it's a good workplace and there are many roles in the Bank where you can apply for swaps. Good pay and bonus, yet there's no work life balance."
419,190,maybank,review_body_text,2,"Good pay and bonus, yet there's no work life balance.","Overall it's a good workplace and there are many roles in the Bank where you can apply for swaps. Good pay and bonus, yet there's no work life balance."
420,191,Ocbc,review_title,1,Good and productive place,Good and productive place
421,191,Ocbc,review_body_text,1,"Open to feedback, work life balance culture, slow increment and promotion.","Open to feedback, work life balance culture, slow increment and promotion. management is competent. Need to review the benefits structure, transparency of promotion"
421,191,Ocbc,review_body_text,2,management is competent.,"Open to feedback, work life balance culture, slow increment and promotion. management is competent. Need to review the benefits structure, transparency of promotion"
421,191,Ocbc,review_body_text,3,"Need to review the benefits structure, transparency of promotion","Open to feedback, work life balance culture, slow increment and promotion. management is competent. Need to review the benefits structure, transparency of promotion"
422,192,Public-Bank-Berhad,review_title,1,Attractive benefits but limited growth,Attractive benefits but limited growth
423,192,Public-Bank-Berhad,review_body_text,1,Pros - The renumeration packages and bonuses are great.,Pros - The renumeration packages and bonuses are great. There are fixed two months annual bonus and at least one month performance bonus. - Colleagues are helpful and supportive. Cons - The senior management will keep chasing you when something urgent requires your help and don't even bother you at other times. - No wfh.
423,192,Public-Bank-Berhad,review_body_text,2,There are fixed two months annual bonus and at least one month performance bonus.,Pros - The renumeration packages and bonuses are great. There are fixed two months annual bonus and at least one month performance bonus. - Colleagues are helpful and supportive. Cons - The senior management will keep chasing you when something urgent requires your help and don't even bother you at other times. - No wfh.
423,192,Public-Bank-Berhad,review_body_text,3,Colleagues are helpful and supportive.,Pros - The renumeration packages and bonuses are great. There are fixed two months annual bonus and at least one month performance bonus. - Colleagues are helpful and supportive. Cons - The senior management will keep chasing you when something urgent requires your help and don't even bother you at other times. - No wfh.
423,192,Public-Bank-Berhad,review_body_text,4,Cons - The senior management will keep chasing you when something urgent requires your help and don't even bother you at other times.,Pros - The renumeration packages and bonuses are great. There are fixed two months annual bonus and at least one month performance bonus. - Colleagues are helpful and supportive. Cons - The senior management will keep chasing you when something urgent requires your help and don't even bother you at other times. - No wfh.
423,192,Public-Bank-Berhad,review_body_text,5,No wfh.,Pros - The renumeration packages and bonuses are great. There are fixed two months annual bonus and at least one month performance bonus. - Colleagues are helpful and supportive. Cons - The senior management will keep chasing you when something urgent requires your help and don't even bother you at other times. - No wfh.
424,193,RHB Bank Berhad,review_title,1,Not productive and efficient environment,Not productive and efficient environment
425,193,RHB Bank Berhad,review_body_text,1,You will learn how to “tai-chi” in this company.,You will learn how to “tai-chi” in this company. From HR to all other department. Each department only knows their own product instead of knowing all.
425,193,RHB Bank Berhad,review_body_text,2,From HR to all other department.,You will learn how to “tai-chi” in this company. From HR to all other department. Each department only knows their own product instead of knowing all.
425,193,RHB Bank Berhad,review_body_text,3,Each department only knows their own product instead of knowing all.,You will learn how to “tai-chi” in this company. From HR to all other department. Each department only knows their own product instead of knowing all.
426,194,RHB Bank Berhad,review_title,1,Top 4 Local Bank in Malaysia,Top 4 Local Bank in Malaysia
427,194,RHB Bank Berhad,review_body_text,1,Working environment and collaborative colleagues are positive that push you forward to the limit.,"Working environment and collaborative colleagues are positive that push you forward to the limit. Although, some of the reviewer said that the employee's benefits are below the industry benchmarking, but I can see that the Management has been working to improve it accordingly. The working pace in a banking sector is vibrant and demanding hence there are rigorous regulatory reportings have to be made."
427,194,RHB Bank Berhad,review_body_text,2,"Although, some of the reviewer said that the employee's benefits are below the industry benchmarking, but I can see that the Management has been working to improve it accordingly.","Working environment and collaborative colleagues are positive that push you forward to the limit. Although, some of the reviewer said that the employee's benefits are below the industry benchmarking, but I can see that the Management has been working to improve it accordingly. The working pace in a banking sector is vibrant and demanding hence there are rigorous regulatory reportings have to be made."
427,194,RHB Bank Berhad,review_body_text,3,The working pace in a banking sector is vibrant and demanding hence there are rigorous regulatory reportings have to be made.,"Working environment and collaborative colleagues are positive that push you forward to the limit. Although, some of the reviewer said that the employee's benefits are below the industry benchmarking, but I can see that the Management has been working to improve it accordingly. The working pace in a banking sector is vibrant and demanding hence there are rigorous regulatory reportings have to be made."
428,195,Cimb-Group,review_title,1,Over Productive.,Over Productive.
429,195,Cimb-Group,review_body_text,1,Very restricted working environment.,Very restricted working environment. Need to be pro in multi tasking as need to handle multi systems. Need to be highly motivated and prepare multiple report in advance by guessing the report may request by management.
429,195,Cimb-Group,review_body_text,2,Need to be pro in multi tasking as need to handle multi systems. Need to be highly motivated and prepare multiple report in advance by guessing the report may request by management.,Very restricted working environment. Need to be pro in multi tasking as need to handle multi systems. Need to be highly motivated and prepare multiple report in advance by guessing the report may request by management.
430,195,Cimb-Group,pros_text,1,Banking industries and product details.,Banking industries and product details. Surrounded by senior managers.
430,195,Cimb-Group,pros_text,2,Surrounded by senior managers.,Banking industries and product details. Surrounded by senior managers.
431,195,Cimb-Group,cons_text,1,"Work Load, old systems, difficult to get permanent.","Work Load, old systems, difficult to get permanent."
432,196,Public-Bank-Berhad,review_title,1,Not good environment,Not good environment
433,196,Public-Bank-Berhad,review_body_text,1,Some staffs act bossy and like to scold colleagues.,Some staffs act bossy and like to scold colleagues. Need to stay too long in office. Need also to involve with events and might need to stay very late.
433,196,Public-Bank-Berhad,review_body_text,2,Need to stay too long in office.,Some staffs act bossy and like to scold colleagues. Need to stay too long in office. Need also to involve with events and might need to stay very late.
433,196,Public-Bank-Berhad,review_body_text,3,Need also to involve with events and might need to stay very late.,Some staffs act bossy and like to scold colleagues. Need to stay too long in office. Need also to involve with events and might need to stay very late.
434,197,RHB Bank Berhad,review_title,1,Fix increment yearly,Fix increment yearly
435,197,RHB Bank Berhad,review_body_text,1,"Fix increment yearly, perks for staff, hospitalisation, dental, permanent position, work from home, positive working environment, need to achieve target.","Fix increment yearly, perks for staff, hospitalisation, dental, permanent position, work from home, positive working environment, need to achieve target."
436,198,maybank,review_title,1,Progression Limited,Progression Limited
437,198,maybank,review_body_text,1,"Can be limited progression, especially in a competitive environment.","Can be limited progression, especially in a competitive environment. The quiet ones but really great working attitude tends to be left out n teased upon."
437,198,maybank,review_body_text,2,The quiet ones but really great working attitude tends to be left out n teased upon.,"Can be limited progression, especially in a competitive environment. The quiet ones but really great working attitude tends to be left out n teased upon."
438,199,Public-Bank-Berhad,review_title,1,Recruitment Process,Recruitment Process
439,199,Public-Bank-Berhad,review_body_text,1,"HR from HQ is friendly, helpful & response very fast on inquiries regarding the recruitment process.","HR from HQ is friendly, helpful & response very fast on inquiries regarding the recruitment process. As a first job for fresh graduates with no solid ideas & knowledge on the procedure. They take their time to answer my question. Kudos for that."
439,199,Public-Bank-Berhad,review_body_text,2,As a first job for fresh graduates with no solid ideas & knowledge on the procedure.,"HR from HQ is friendly, helpful & response very fast on inquiries regarding the recruitment process. As a first job for fresh graduates with no solid ideas & knowledge on the procedure. They take their time to answer my question. Kudos for that."
439,199,Public-Bank-Berhad,review_body_text,3,They take their time to answer my question.,"HR from HQ is friendly, helpful & response very fast on inquiries regarding the recruitment process. As a first job for fresh graduates with no solid ideas & knowledge on the procedure. They take their time to answer my question. Kudos for that."
439,199,Public-Bank-Berhad,review_body_text,4,Kudos for that.,"HR from HQ is friendly, helpful & response very fast on inquiries regarding the recruitment process. As a first job for fresh graduates with no solid ideas & knowledge on the procedure. They take their time to answer my question. Kudos for that."
440,200,RHB Bank Berhad,review_title,1,Productive and fundwork place.,Productive and fundwork place.
441,200,RHB Bank Berhad,review_body_text,2,Learn how to negotiate different type of customer.,Nice. Learn how to negotiate different type of customer. Manager will guide you A to Z. Just follow the flow setup by your manager. You will learn how to manage your time management skills.
441,200,RHB Bank Berhad,review_body_text,3,Manager will guide you A to Z.,Nice. Learn how to negotiate different type of customer. Manager will guide you A to Z. Just follow the flow setup by your manager. You will learn how to manage your time management skills.
441,200,RHB Bank Berhad,review_body_text,4,Just follow the flow setup by your manager.,Nice. Learn how to negotiate different type of customer. Manager will guide you A to Z. Just follow the flow setup by your manager. You will learn how to manage your time management skills.
441,200,RHB Bank Berhad,review_body_text,5,You will learn how to manage your time management skills.,Nice. Learn how to negotiate different type of customer. Manager will guide you A to Z. Just follow the flow setup by your manager. You will learn how to manage your time management skills.
442,201,Cimb-Group,review_title,1,Good company for your resume,Good company for your resume
443,201,Cimb-Group,review_body_text,1,"As a protege, the workload is quite ok as it can definitely give you a work-life balance.","As a protege, the workload is quite ok as it can definitely give you a work-life balance. However, for my department, it is actually quite boring as all you do is data entry for the whole day, the learning curve is quite limited, you wont learn much if you fulfill the contract. CIMB is actually quite a manual-based company (attendance have to sign on paper). the workers are mostly boomers, which is normal since that is how local bank is, lots of boomers"
443,201,Cimb-Group,review_body_text,2,"However, for my department, it is actually quite boring as all you do is data entry for the whole day, the learning curve is quite limited, you wont learn much if you fulfill the contract.","As a protege, the workload is quite ok as it can definitely give you a work-life balance. However, for my department, it is actually quite boring as all you do is data entry for the whole day, the learning curve is quite limited, you wont learn much if you fulfill the contract. CIMB is actually quite a manual-based company (attendance have to sign on paper). the workers are mostly boomers, which is normal since that is how local bank is, lots of boomers"
443,201,Cimb-Group,review_body_text,3,CIMB is actually quite a manual-based company (attendance have to sign on paper).,"As a protege, the workload is quite ok as it can definitely give you a work-life balance. However, for my department, it is actually quite boring as all you do is data entry for the whole day, the learning curve is quite limited, you wont learn much if you fulfill the contract. CIMB is actually quite a manual-based company (attendance have to sign on paper). the workers are mostly boomers, which is normal since that is how local bank is, lots of boomers"
443,201,Cimb-Group,review_body_text,4,"the workers are mostly boomers, which is normal since that is how local bank is, lots of boomers","As a protege, the workload is quite ok as it can definitely give you a work-life balance. However, for my department, it is actually quite boring as all you do is data entry for the whole day, the learning curve is quite limited, you wont learn much if you fulfill the contract. CIMB is actually quite a manual-based company (attendance have to sign on paper). the workers are mostly boomers, which is normal since that is how local bank is, lots of boomers"
444,202,HSBC,review_title,1,Career progression,Career progression
445,202,HSBC,review_body_text,1,Its a good place to learn and good career progression.,"Its a good place to learn and good career progression. Stressful for sales staff but luckily managers are good. Meet good colleagues and friends. However, incentives are not transparent."
445,202,HSBC,review_body_text,2,Stressful for sales staff but luckily managers are good.,"Its a good place to learn and good career progression. Stressful for sales staff but luckily managers are good. Meet good colleagues and friends. However, incentives are not transparent."
445,202,HSBC,review_body_text,3,Meet good colleagues and friends.,"Its a good place to learn and good career progression. Stressful for sales staff but luckily managers are good. Meet good colleagues and friends. However, incentives are not transparent."
445,202,HSBC,review_body_text,4,"However, incentives are not transparent.","Its a good place to learn and good career progression. Stressful for sales staff but luckily managers are good. Meet good colleagues and friends. However, incentives are not transparent."
446,203,HSBC,review_title,1,productive and fun,productive and fun
447,203,HSBC,review_body_text,1,good company and culture the colleagues are helpful help each others to solve problems the environment is nice competitive salary package good benefit recommend,good company and culture the colleagues are helpful help each others to solve problems the environment is nice competitive salary package good benefit recommend
448,204,bank islam,review_title,1,"Good team, but salary to low at airport","Good team, but salary to low at airport"
449,204,bank islam,review_body_text,1,Too many task appointed with very low salary.,"Too many task appointed with very low salary. Company got a lot of profit every year, must increase salary & also the cost living there very high. ."
449,204,bank islam,review_body_text,2,"Company got a lot of profit every year, must increase salary & also the cost living there very high.","Too many task appointed with very low salary. Company got a lot of profit every year, must increase salary & also the cost living there very high. ."
450,205,Ocbc,review_title,1,Good staff benefit and learning place,Good staff benefit and learning place
451,205,Ocbc,review_body_text,1,Good staff benefit and learning place.,"Good staff benefit and learning place. Can learn alot of financial knowledge and pitching skill. Other than that, it train your multitasking skill as well"
451,205,Ocbc,review_body_text,2,Can learn alot of financial knowledge and pitching skill.,"Good staff benefit and learning place. Can learn alot of financial knowledge and pitching skill. Other than that, it train your multitasking skill as well"
451,205,Ocbc,review_body_text,3,"Other than that, it train your multitasking skill as well","Good staff benefit and learning place. Can learn alot of financial knowledge and pitching skill. Other than that, it train your multitasking skill as well"
452,206,RHB Bank Berhad,review_title,1,"If you have experiences, try somewhere else","If you have experiences, try somewhere else"
453,206,RHB Bank Berhad,review_body_text,1,Very unprofessional from team manager up to higher management lvl.,Very unprofessional from team manager up to higher management lvl. Buli staff all the way eventho they made mistakes n didnt admit it. Not recommended
453,206,RHB Bank Berhad,review_body_text,2,Buli staff all the way eventho they made mistakes n didnt admit it.,Very unprofessional from team manager up to higher management lvl. Buli staff all the way eventho they made mistakes n didnt admit it. Not recommended
453,206,RHB Bank Berhad,review_body_text,3,Not recommended,Very unprofessional from team manager up to higher management lvl. Buli staff all the way eventho they made mistakes n didnt admit it. Not recommended
454,206,RHB Bank Berhad,pros_text,1,None pros factor,None pros factor
455,206,RHB Bank Berhad,cons_text,1,Too many to list down.,"Too many to list down. If you preffered working like a robot, can try this"
455,206,RHB Bank Berhad,cons_text,2,"If you preffered working like a robot, can try this","Too many to list down. If you preffered working like a robot, can try this"
456,207,maybank,review_title,1,Decent Place to Start Your Internship,Decent Place to Start Your Internship
457,207,maybank,review_body_text,1,Overall internship experience was good.,"Overall internship experience was good. There were a lot of event being held at Menara Maybank for the seasonal events, such as Chinese New Year and Christmas."
457,207,maybank,review_body_text,2,"There were a lot of event being held at Menara Maybank for the seasonal events, such as Chinese New Year and Christmas.","Overall internship experience was good. There were a lot of event being held at Menara Maybank for the seasonal events, such as Chinese New Year and Christmas."
458,208,RHB Bank Berhad,review_title,1,Good experience,Good experience
459,208,RHB Bank Berhad,review_body_text,1,"Learn various things during my period, got the supportive supervisor and good working environment.","Learn various things during my period, got the supportive supervisor and good working environment. But the salary is a bit low for the fresh grade in order to compare with others banking company"
459,208,RHB Bank Berhad,review_body_text,2,But the salary is a bit low for the fresh grade in order to compare with others banking company,"Learn various things during my period, got the supportive supervisor and good working environment. But the salary is a bit low for the fresh grade in order to compare with others banking company"
460,209,maybank,review_title,1,Good career progression opportunities,Good career progression opportunities
461,209,maybank,review_body_text,1,Good benefits,1. Good benefits 2. Good career progression opportunities 3. Freedom to be creative and develop solutions as long as it’s aligned with the bank’s values 4. Great environment 5. A lot of opportunities to learn and develop skills
461,209,maybank,review_body_text,2,Good career progression opportunities,1. Good benefits 2. Good career progression opportunities 3. Freedom to be creative and develop solutions as long as it’s aligned with the bank’s values 4. Great environment 5. A lot of opportunities to learn and develop skills
461,209,maybank,review_body_text,3,Freedom to be creative and develop solutions as long as it’s aligned with the bank’s values,1. Good benefits 2. Good career progression opportunities 3. Freedom to be creative and develop solutions as long as it’s aligned with the bank’s values 4. Great environment 5. A lot of opportunities to learn and develop skills
461,209,maybank,review_body_text,4,Great environment,1. Good benefits 2. Good career progression opportunities 3. Freedom to be creative and develop solutions as long as it’s aligned with the bank’s values 4. Great environment 5. A lot of opportunities to learn and develop skills
461,209,maybank,review_body_text,5,A lot of opportunities to learn and develop skills,1. Good benefits 2. Good career progression opportunities 3. Freedom to be creative and develop solutions as long as it’s aligned with the bank’s values 4. Great environment 5. A lot of opportunities to learn and develop skills
462,210,RHB Bank Berhad,review_title,1,Bad management,Bad management
463,210,RHB Bank Berhad,review_body_text,1,"Good colleagues at the branches , bad management.","Good colleagues at the branches , bad management. Sales could be challenging here, as the products are not really competitive. Turnover rate is high."
463,210,RHB Bank Berhad,review_body_text,2,"Sales could be challenging here, as the products are not really competitive.","Good colleagues at the branches , bad management. Sales could be challenging here, as the products are not really competitive. Turnover rate is high."
463,210,RHB Bank Berhad,review_body_text,3,Turnover rate is high.,"Good colleagues at the branches , bad management. Sales could be challenging here, as the products are not really competitive. Turnover rate is high."
464,211,Cimb-Group,review_title,1,Learn a lot,Learn a lot
465,211,Cimb-Group,review_body_text,1,"Overall, the internship was rewarding, offering significant learning and development opportunities.","Overall, the internship was rewarding, offering significant learning and development opportunities. For future interns: be proactive, network actively, and stay organized to maximize the experience."
465,211,Cimb-Group,review_body_text,2,"For future interns: be proactive, network actively, and stay organized to maximize the experience.","Overall, the internship was rewarding, offering significant learning and development opportunities. For future interns: be proactive, network actively, and stay organized to maximize the experience."
466,212,Cimb-Group,review_title,1,Good for fresh graduate,Good for fresh graduate
467,212,Cimb-Group,review_body_text,1,Overall ok but need to be patients handling customer.,Overall ok but need to be patients handling customer. Colleagues nice and helpful Got shift allowance Be independent and quick learn in order to settle customer inquiries
467,212,Cimb-Group,review_body_text,2,Colleagues nice and helpful Got shift allowance Be independent and quick learn in order to settle customer inquiries,Overall ok but need to be patients handling customer. Colleagues nice and helpful Got shift allowance Be independent and quick learn in order to settle customer inquiries
468,213,HSBC,review_title,1,Productive and fun,Productive and fun
469,213,HSBC,review_body_text,1,Good working place and provides a best working experience.,Good working place and provides a best working experience. Just that work will be stressful but manageable with good working colleagues. Banking will be stressful
469,213,HSBC,review_body_text,2,Just that work will be stressful but manageable with good working colleagues.,Good working place and provides a best working experience. Just that work will be stressful but manageable with good working colleagues. Banking will be stressful
469,213,HSBC,review_body_text,3,Banking will be stressful,Good working place and provides a best working experience. Just that work will be stressful but manageable with good working colleagues. Banking will be stressful
471,214,Cimb-Group,review_body_text,1,what I enjoy while working in this company is being able to learn something new such as being able to communicate with a large number of customers because I am an introvert in talking to strangers and gaining experience in managing tasks or customers with a large number and making decisions quickly and accurately.,what I enjoy while working in this company is being able to learn something new such as being able to communicate with a large number of customers because I am an introvert in talking to strangers and gaining experience in managing tasks or customers with a large number and making decisions quickly and accurately.
473,215,Public-Bank-Berhad,review_body_text,1,Great place with great people.,Great place with great people. Learnt a lot of stuff during my period. Good bosses. Challenging. High work load comes with great help from colleagues
473,215,Public-Bank-Berhad,review_body_text,2,Learnt a lot of stuff during my period.,Great place with great people. Learnt a lot of stuff during my period. Good bosses. Challenging. High work load comes with great help from colleagues
473,215,Public-Bank-Berhad,review_body_text,3,Good bosses.,Great place with great people. Learnt a lot of stuff during my period. Good bosses. Challenging. High work load comes with great help from colleagues
473,215,Public-Bank-Berhad,review_body_text,5,High work load comes with great help from colleagues,Great place with great people. Learnt a lot of stuff during my period. Good bosses. Challenging. High work load comes with great help from colleagues
474,216,maybank,review_title,1,Good opportunity to learn,Good opportunity to learn
475,216,maybank,review_body_text,1,Very good first job... blessed to have the opportunity to work at Maybank!,"Very good first job... blessed to have the opportunity to work at Maybank! Besides the steep learning curve, I had the opportunity to learn from very capable colleagues."
475,216,maybank,review_body_text,2,"Besides the steep learning curve, I had the opportunity to learn from very capable colleagues.","Very good first job... blessed to have the opportunity to work at Maybank! Besides the steep learning curve, I had the opportunity to learn from very capable colleagues."
476,216,maybank,pros_text,1,Learning curve,Learning curve
477,216,maybank,cons_text,1,Learning curve,Learning curve
478,217,Public-Bank-Berhad,review_title,1,High work load with no work life balance,High work load with no work life balance
479,217,Public-Bank-Berhad,review_body_text,1,"My time at PBB was a valuable learning experience, and I'm grateful for the opportunities I had during my tenure.","My time at PBB was a valuable learning experience, and I'm grateful for the opportunities I had during my tenure. While there were challenges along the way, the positives outweighed the negatives. I would recommend PBB to prospective employees who are eager to work in a dynamic environment and are passionate about banking."
479,217,Public-Bank-Berhad,review_body_text,2,"While there were challenges along the way, the positives outweighed the negatives.","My time at PBB was a valuable learning experience, and I'm grateful for the opportunities I had during my tenure. While there were challenges along the way, the positives outweighed the negatives. I would recommend PBB to prospective employees who are eager to work in a dynamic environment and are passionate about banking."
479,217,Public-Bank-Berhad,review_body_text,3,I would recommend PBB to prospective employees who are eager to work in a dynamic environment and are passionate about banking.,"My time at PBB was a valuable learning experience, and I'm grateful for the opportunities I had during my tenure. While there were challenges along the way, the positives outweighed the negatives. I would recommend PBB to prospective employees who are eager to work in a dynamic environment and are passionate about banking."
480,218,HSBC,review_title,1,Fun and supportive culture but too many task,Fun and supportive culture but too many task
481,218,HSBC,review_body_text,1,"I love the environment and the people but the downside is only that they make changes very often and immediate.. too many task to handle at one time.. pay is good, bonus is just like 1/2 from 1 month salary","I love the environment and the people but the downside is only that they make changes very often and immediate.. too many task to handle at one time.. pay is good, bonus is just like 1/2 from 1 month salary"
482,219,RHB Bank Berhad,review_title,1,Working at sales centre in shopping mall is quite fun.,Working at sales centre in shopping mall is quite fun.
483,219,RHB Bank Berhad,review_body_text,1,easy to meet customer from walk-in,> easy to meet customer from walk-in > flexible lunch time > working following retail operation time > having shift rotation > banking industry but in retail culture
483,219,RHB Bank Berhad,review_body_text,2,flexible lunch time,> easy to meet customer from walk-in > flexible lunch time > working following retail operation time > having shift rotation > banking industry but in retail culture
483,219,RHB Bank Berhad,review_body_text,3,working following retail operation time,> easy to meet customer from walk-in > flexible lunch time > working following retail operation time > having shift rotation > banking industry but in retail culture
483,219,RHB Bank Berhad,review_body_text,4,having shift rotation,> easy to meet customer from walk-in > flexible lunch time > working following retail operation time > having shift rotation > banking industry but in retail culture
483,219,RHB Bank Berhad,review_body_text,5,banking industry but in retail culture,> easy to meet customer from walk-in > flexible lunch time > working following retail operation time > having shift rotation > banking industry but in retail culture
484,219,RHB Bank Berhad,pros_text,1,Have allowance and good medical insurance,Have allowance and good medical insurance
485,219,RHB Bank Berhad,cons_text,1,No OT and working in every public holiday since working as sales consultant,No OT and working in every public holiday since working as sales consultant
486,220,United Overseas Bank,review_title,1,Good Workplace but Overload Task,Good Workplace but Overload Task
487,220,United Overseas Bank,review_body_text,1,"Operation Team negative: Lack of staff lead to task overloaded, will be under pressure a lot.","Operation Team negative: Lack of staff lead to task overloaded, will be under pressure a lot. Need to cover the task for the colleague that take leave. Need to do a lot of OT but intern/trainee did not get paid OT. positive: The allowance was good. The colleagues are friendly. The environment was okay. Strategic location. If finish work early, can go shopping at Jalan Tar."
487,220,United Overseas Bank,review_body_text,2,Need to cover the task for the colleague that take leave.,"Operation Team negative: Lack of staff lead to task overloaded, will be under pressure a lot. Need to cover the task for the colleague that take leave. Need to do a lot of OT but intern/trainee did not get paid OT. positive: The allowance was good. The colleagues are friendly. The environment was okay. Strategic location. If finish work early, can go shopping at Jalan Tar."
487,220,United Overseas Bank,review_body_text,3,Need to do a lot of OT but intern/trainee did not get paid OT.,"Operation Team negative: Lack of staff lead to task overloaded, will be under pressure a lot. Need to cover the task for the colleague that take leave. Need to do a lot of OT but intern/trainee did not get paid OT. positive: The allowance was good. The colleagues are friendly. The environment was okay. Strategic location. If finish work early, can go shopping at Jalan Tar."
487,220,United Overseas Bank,review_body_text,4,positive: The allowance was good.,"Operation Team negative: Lack of staff lead to task overloaded, will be under pressure a lot. Need to cover the task for the colleague that take leave. Need to do a lot of OT but intern/trainee did not get paid OT. positive: The allowance was good. The colleagues are friendly. The environment was okay. Strategic location. If finish work early, can go shopping at Jalan Tar."
487,220,United Overseas Bank,review_body_text,5,The colleagues are friendly.,"Operation Team negative: Lack of staff lead to task overloaded, will be under pressure a lot. Need to cover the task for the colleague that take leave. Need to do a lot of OT but intern/trainee did not get paid OT. positive: The allowance was good. The colleagues are friendly. The environment was okay. Strategic location. If finish work early, can go shopping at Jalan Tar."
487,220,United Overseas Bank,review_body_text,6,The environment was okay.,"Operation Team negative: Lack of staff lead to task overloaded, will be under pressure a lot. Need to cover the task for the colleague that take leave. Need to do a lot of OT but intern/trainee did not get paid OT. positive: The allowance was good. The colleagues are friendly. The environment was okay. Strategic location. If finish work early, can go shopping at Jalan Tar."
487,220,United Overseas Bank,review_body_text,7,Strategic location.,"Operation Team negative: Lack of staff lead to task overloaded, will be under pressure a lot. Need to cover the task for the colleague that take leave. Need to do a lot of OT but intern/trainee did not get paid OT. positive: The allowance was good. The colleagues are friendly. The environment was okay. Strategic location. If finish work early, can go shopping at Jalan Tar."
487,220,United Overseas Bank,review_body_text,8,"If finish work early, can go shopping at Jalan Tar.","Operation Team negative: Lack of staff lead to task overloaded, will be under pressure a lot. Need to cover the task for the colleague that take leave. Need to do a lot of OT but intern/trainee did not get paid OT. positive: The allowance was good. The colleagues are friendly. The environment was okay. Strategic location. If finish work early, can go shopping at Jalan Tar."
488,221,Ocbc,review_title,1,stressful but flexible schedule,stressful but flexible schedule
489,221,Ocbc,review_body_text,1,"selling sme loan by looking for your own cases are hectic having a good leader to guide you along the way as a freshie would help out a lot nonetheless, good benefits and flexible work schedule","selling sme loan by looking for your own cases are hectic having a good leader to guide you along the way as a freshie would help out a lot nonetheless, good benefits and flexible work schedule"
490,222,maybank,review_title,1,A good place to start but in term of job culture is slight disappointing,A good place to start but in term of job culture is slight disappointing
491,222,maybank,review_body_text,1,"Have a good company but not a good superior, learned a lot from senior and also from other tribe .","Have a good company but not a good superior, learned a lot from senior and also from other tribe . in term of management, they want feedback but doesnt improve . Workplace culture, lots of overseas worker than local and overtime almost everyday. Not enough of staff so ask to do extra work. Enjoyable in term of benefit and good friends. Thats all"
491,222,maybank,review_body_text,2,"in term of management, they want feedback but doesnt improve .","Have a good company but not a good superior, learned a lot from senior and also from other tribe . in term of management, they want feedback but doesnt improve . Workplace culture, lots of overseas worker than local and overtime almost everyday. Not enough of staff so ask to do extra work. Enjoyable in term of benefit and good friends. Thats all"
491,222,maybank,review_body_text,3,"Workplace culture, lots of overseas worker than local and overtime almost everyday.","Have a good company but not a good superior, learned a lot from senior and also from other tribe . in term of management, they want feedback but doesnt improve . Workplace culture, lots of overseas worker than local and overtime almost everyday. Not enough of staff so ask to do extra work. Enjoyable in term of benefit and good friends. Thats all"
491,222,maybank,review_body_text,4,Not enough of staff so ask to do extra work.,"Have a good company but not a good superior, learned a lot from senior and also from other tribe . in term of management, they want feedback but doesnt improve . Workplace culture, lots of overseas worker than local and overtime almost everyday. Not enough of staff so ask to do extra work. Enjoyable in term of benefit and good friends. Thats all"
491,222,maybank,review_body_text,5,Enjoyable in term of benefit and good friends.,"Have a good company but not a good superior, learned a lot from senior and also from other tribe . in term of management, they want feedback but doesnt improve . Workplace culture, lots of overseas worker than local and overtime almost everyday. Not enough of staff so ask to do extra work. Enjoyable in term of benefit and good friends. Thats all"
491,222,maybank,review_body_text,6,Thats all,"Have a good company but not a good superior, learned a lot from senior and also from other tribe . in term of management, they want feedback but doesnt improve . Workplace culture, lots of overseas worker than local and overtime almost everyday. Not enough of staff so ask to do extra work. Enjoyable in term of benefit and good friends. Thats all"
493,222,maybank,cons_text,1,Always overtime,Always overtime
494,223,HSBC,review_title,1,Fun working environment,Fun working environment
495,223,HSBC,review_body_text,1,What is the best part of working at the company?,What is the best part of working at the company? Best Benefits and Great Working Environment What is the most stressful part about working at the company? Learn how to manage stress if working in banking industry. There is stress in banking task but we as workers smart to handle it. What is the work environment and culture like at the company? Freestyle working environment. What is a typical day like for you at the company? When the volume work becomes high.And as banker we must manage our time with team to finish the task.
495,223,HSBC,review_body_text,2,Best Benefits and Great Working Environment What is the most stressful part about working at the company?,What is the best part of working at the company? Best Benefits and Great Working Environment What is the most stressful part about working at the company? Learn how to manage stress if working in banking industry. There is stress in banking task but we as workers smart to handle it. What is the work environment and culture like at the company? Freestyle working environment. What is a typical day like for you at the company? When the volume work becomes high.And as banker we must manage our time with team to finish the task.
495,223,HSBC,review_body_text,3,Learn how to manage stress if working in banking industry.,What is the best part of working at the company? Best Benefits and Great Working Environment What is the most stressful part about working at the company? Learn how to manage stress if working in banking industry. There is stress in banking task but we as workers smart to handle it. What is the work environment and culture like at the company? Freestyle working environment. What is a typical day like for you at the company? When the volume work becomes high.And as banker we must manage our time with team to finish the task.
495,223,HSBC,review_body_text,4,There is stress in banking task but we as workers smart to handle it.,What is the best part of working at the company? Best Benefits and Great Working Environment What is the most stressful part about working at the company? Learn how to manage stress if working in banking industry. There is stress in banking task but we as workers smart to handle it. What is the work environment and culture like at the company? Freestyle working environment. What is a typical day like for you at the company? When the volume work becomes high.And as banker we must manage our time with team to finish the task.
495,223,HSBC,review_body_text,5,What is the work environment and culture like at the company?,What is the best part of working at the company? Best Benefits and Great Working Environment What is the most stressful part about working at the company? Learn how to manage stress if working in banking industry. There is stress in banking task but we as workers smart to handle it. What is the work environment and culture like at the company? Freestyle working environment. What is a typical day like for you at the company? When the volume work becomes high.And as banker we must manage our time with team to finish the task.
495,223,HSBC,review_body_text,6,Freestyle working environment.,What is the best part of working at the company? Best Benefits and Great Working Environment What is the most stressful part about working at the company? Learn how to manage stress if working in banking industry. There is stress in banking task but we as workers smart to handle it. What is the work environment and culture like at the company? Freestyle working environment. What is a typical day like for you at the company? When the volume work becomes high.And as banker we must manage our time with team to finish the task.
495,223,HSBC,review_body_text,7,What is a typical day like for you at the company?,What is the best part of working at the company? Best Benefits and Great Working Environment What is the most stressful part about working at the company? Learn how to manage stress if working in banking industry. There is stress in banking task but we as workers smart to handle it. What is the work environment and culture like at the company? Freestyle working environment. What is a typical day like for you at the company? When the volume work becomes high.And as banker we must manage our time with team to finish the task.
495,223,HSBC,review_body_text,8,When the volume work becomes high.,What is the best part of working at the company? Best Benefits and Great Working Environment What is the most stressful part about working at the company? Learn how to manage stress if working in banking industry. There is stress in banking task but we as workers smart to handle it. What is the work environment and culture like at the company? Freestyle working environment. What is a typical day like for you at the company? When the volume work becomes high.And as banker we must manage our time with team to finish the task.
495,223,HSBC,review_body_text,9,And as banker we must manage our time with team to finish the task.,What is the best part of working at the company? Best Benefits and Great Working Environment What is the most stressful part about working at the company? Learn how to manage stress if working in banking industry. There is stress in banking task but we as workers smart to handle it. What is the work environment and culture like at the company? Freestyle working environment. What is a typical day like for you at the company? When the volume work becomes high.And as banker we must manage our time with team to finish the task.
496,224,Bank-Rakyat,review_title,1,Too much politics,Too much politics
497,224,Bank-Rakyat,review_body_text,1,Too much politics issue between bosses which is affected the staff.,Too much politics issue between bosses which is affected the staff. Benefit overall ok. You have to be “pandai bodek” bos for better career enhancement.
497,224,Bank-Rakyat,review_body_text,2,Benefit overall ok.,Too much politics issue between bosses which is affected the staff. Benefit overall ok. You have to be “pandai bodek” bos for better career enhancement.
497,224,Bank-Rakyat,review_body_text,3,You have to be “pandai bodek” bos for better career enhancement.,Too much politics issue between bosses which is affected the staff. Benefit overall ok. You have to be “pandai bodek” bos for better career enhancement.
499,225,Cimb-Group,review_body_text,1,"Ok lah, so far so good lol Can’t say too hard also can’t say easily All overall is medium only, don’t put too high expectations on banking line industry","Ok lah, so far so good lol Can’t say too hard also can’t say easily All overall is medium only, don’t put too high expectations on banking line industry"
500,226,Public-Bank-Berhad,review_title,1,Excellence staff benefits,Excellence staff benefits
501,226,Public-Bank-Berhad,review_body_text,1,Can learn lot of new things and how to solve it.,Can learn lot of new things and how to solve it. System part a bit outdated as time consuming is a concern. Need to have time management skills in order to complete each tasks.
501,226,Public-Bank-Berhad,review_body_text,2,System part a bit outdated as time consuming is a concern.,Can learn lot of new things and how to solve it. System part a bit outdated as time consuming is a concern. Need to have time management skills in order to complete each tasks.
501,226,Public-Bank-Berhad,review_body_text,3,Need to have time management skills in order to complete each tasks.,Can learn lot of new things and how to solve it. System part a bit outdated as time consuming is a concern. Need to have time management skills in order to complete each tasks.
502,226,Public-Bank-Berhad,pros_text,1,Staff benefits,Staff benefits
503,226,Public-Bank-Berhad,cons_text,1,No work life balance,No work life balance
504,227,RHB Bank Berhad,review_title,1,Good team,Good team
505,227,RHB Bank Berhad,review_body_text,1,The most enjoyable part of the job is people to guide you and some genuine people around.,The most enjoyable part of the job is people to guide you and some genuine people around. Overall in Ipoh if working in banking can lived a good life but work life balance not sure because too packed with task. Overall fine to work in bank under sales department.
505,227,RHB Bank Berhad,review_body_text,2,Overall in Ipoh if working in banking can lived a good life but work life balance not sure because too packed with task.,The most enjoyable part of the job is people to guide you and some genuine people around. Overall in Ipoh if working in banking can lived a good life but work life balance not sure because too packed with task. Overall fine to work in bank under sales department.
505,227,RHB Bank Berhad,review_body_text,3,Overall fine to work in bank under sales department.,The most enjoyable part of the job is people to guide you and some genuine people around. Overall in Ipoh if working in banking can lived a good life but work life balance not sure because too packed with task. Overall fine to work in bank under sales department.
506,227,RHB Bank Berhad,pros_text,1,training by professional team,training by professional team
507,227,RHB Bank Berhad,cons_text,1,Concall in the morning will pulled your mood,Concall in the morning will pulled your mood
508,228,United Overseas Bank,review_title,1,The worst place and management I've ever experienced,The worst place and management I've ever experienced
509,228,United Overseas Bank,review_body_text,1,What is the best part of working at the company?,"What is the best part of working at the company? Very toxic management style. Worst place I've ever worked at What is the most stressful part about working at the company? The job itself is stressful (the flow, the calls, the volume). The management doesn't help, but adds more stress What is the work environment and culture like at the company? Toxic, bad, negative. Simply appalling"
509,228,United Overseas Bank,review_body_text,2,Very toxic management style.,"What is the best part of working at the company? Very toxic management style. Worst place I've ever worked at What is the most stressful part about working at the company? The job itself is stressful (the flow, the calls, the volume). The management doesn't help, but adds more stress What is the work environment and culture like at the company? Toxic, bad, negative. Simply appalling"
509,228,United Overseas Bank,review_body_text,3,Worst place I've ever worked at What is the most stressful part about working at the company?,"What is the best part of working at the company? Very toxic management style. Worst place I've ever worked at What is the most stressful part about working at the company? The job itself is stressful (the flow, the calls, the volume). The management doesn't help, but adds more stress What is the work environment and culture like at the company? Toxic, bad, negative. Simply appalling"
509,228,United Overseas Bank,review_body_text,4,"The job itself is stressful (the flow, the calls, the volume).","What is the best part of working at the company? Very toxic management style. Worst place I've ever worked at What is the most stressful part about working at the company? The job itself is stressful (the flow, the calls, the volume). The management doesn't help, but adds more stress What is the work environment and culture like at the company? Toxic, bad, negative. Simply appalling"
509,228,United Overseas Bank,review_body_text,5,"The management doesn't help, but adds more stress What is the work environment and culture like at the company?","What is the best part of working at the company? Very toxic management style. Worst place I've ever worked at What is the most stressful part about working at the company? The job itself is stressful (the flow, the calls, the volume). The management doesn't help, but adds more stress What is the work environment and culture like at the company? Toxic, bad, negative. Simply appalling"
509,228,United Overseas Bank,review_body_text,6,"Toxic, bad, negative.","What is the best part of working at the company? Very toxic management style. Worst place I've ever worked at What is the most stressful part about working at the company? The job itself is stressful (the flow, the calls, the volume). The management doesn't help, but adds more stress What is the work environment and culture like at the company? Toxic, bad, negative. Simply appalling"
509,228,United Overseas Bank,review_body_text,7,Simply appalling,"What is the best part of working at the company? Very toxic management style. Worst place I've ever worked at What is the most stressful part about working at the company? The job itself is stressful (the flow, the calls, the volume). The management doesn't help, but adds more stress What is the work environment and culture like at the company? Toxic, bad, negative. Simply appalling"
510,229,maybank,review_title,1,Good to work,Good to work
511,229,maybank,review_body_text,1,Overall good.,Overall good. Nice colleagues and good place to learn. It's the largest bank in malaysia. Value employees and provide training and development as well as experiences
511,229,maybank,review_body_text,2,Nice colleagues and good place to learn.,Overall good. Nice colleagues and good place to learn. It's the largest bank in malaysia. Value employees and provide training and development as well as experiences
511,229,maybank,review_body_text,3,It's the largest bank in malaysia.,Overall good. Nice colleagues and good place to learn. It's the largest bank in malaysia. Value employees and provide training and development as well as experiences
511,229,maybank,review_body_text,4,Value employees and provide training and development as well as experiences,Overall good. Nice colleagues and good place to learn. It's the largest bank in malaysia. Value employees and provide training and development as well as experiences
512,230,Cimb-Group,review_title,1,Productive and fun work place,Productive and fun work place
513,230,Cimb-Group,review_body_text,1,"Fun and enjoy working here as all the seniors all really helpful... As i had experienced in sale department form previous employment, it actually help me a lot","Fun and enjoy working here as all the seniors all really helpful... As i had experienced in sale department form previous employment, it actually help me a lot"
514,231,RHB Bank Berhad,review_title,1,Great teamwork,Great teamwork
515,231,RHB Bank Berhad,review_body_text,1,"The compliance review team was responsible for numerous annual, bi-annual, thematic and ad-hoc reviews.","The compliance review team was responsible for numerous annual, bi-annual, thematic and ad-hoc reviews. Luckily teamwork is awesome but can't say the same about the manager and salary."
515,231,RHB Bank Berhad,review_body_text,2,Luckily teamwork is awesome but can't say the same about the manager and salary.,"The compliance review team was responsible for numerous annual, bi-annual, thematic and ad-hoc reviews. Luckily teamwork is awesome but can't say the same about the manager and salary."
516,232,United Overseas Bank,review_title,1,Bad experience,Bad experience
517,232,United Overseas Bank,review_body_text,1,Wished I check glassdoor reviews before joining.,"Wished I check glassdoor reviews before joining. Colleagues are nice, some team leaders aren't helpful at all and will look down on you if you don't know certain things. Management doesn't care about you."
517,232,United Overseas Bank,review_body_text,2,"Colleagues are nice, some team leaders aren't helpful at all and will look down on you if you don't know certain things.","Wished I check glassdoor reviews before joining. Colleagues are nice, some team leaders aren't helpful at all and will look down on you if you don't know certain things. Management doesn't care about you."
517,232,United Overseas Bank,review_body_text,3,Management doesn't care about you.,"Wished I check glassdoor reviews before joining. Colleagues are nice, some team leaders aren't helpful at all and will look down on you if you don't know certain things. Management doesn't care about you."
518,233,RHB Bank Berhad,review_title,1,Top 5 largest Bank in Malaysia,Top 5 largest Bank in Malaysia
519,233,RHB Bank Berhad,review_body_text,1,Good place to work but quite hierarchical due to the large size of the organisation.,"Good place to work but quite hierarchical due to the large size of the organisation. If you are looking for career progression, you’ll need to serve the time and slowly work your way up."
519,233,RHB Bank Berhad,review_body_text,2,"If you are looking for career progression, you’ll need to serve the time and slowly work your way up.","Good place to work but quite hierarchical due to the large size of the organisation. If you are looking for career progression, you’ll need to serve the time and slowly work your way up."
520,234,Public-Bank-Berhad,review_title,1,Fair salary for fresh,Fair salary for fresh
521,234,Public-Bank-Berhad,review_body_text,1,Having access to quality benefits and fair compensation not only enhances job satisfaction but also contributes to the salary.,Having access to quality benefits and fair compensation not only enhances job satisfaction but also contributes to the salary. Salary was higher than average.
521,234,Public-Bank-Berhad,review_body_text,2,Salary was higher than average.,Having access to quality benefits and fair compensation not only enhances job satisfaction but also contributes to the salary. Salary was higher than average.
522,235,Cimb-Group,review_title,1,Training is provided which is help in jobscope.,Training is provided which is help in jobscope.
523,235,Cimb-Group,review_body_text,1,Training is provided which is help a lot in job scope.,"Training is provided which is help a lot in job scope. Environment is okay, surrounded by coworker that help in so many thing. Salary is low compare to other banking industry but still okay"
523,235,Cimb-Group,review_body_text,2,"Environment is okay, surrounded by coworker that help in so many thing.","Training is provided which is help a lot in job scope. Environment is okay, surrounded by coworker that help in so many thing. Salary is low compare to other banking industry but still okay"
523,235,Cimb-Group,review_body_text,3,Salary is low compare to other banking industry but still okay,"Training is provided which is help a lot in job scope. Environment is okay, surrounded by coworker that help in so many thing. Salary is low compare to other banking industry but still okay"
524,236,Ocbc,review_title,1,Learning environment,Learning environment
525,236,Ocbc,review_body_text,1,"Learning environment , need cope with the stress of hitting sales target, multi-tasking is needed.","Learning environment , need cope with the stress of hitting sales target, multi-tasking is needed. Good employee benefits. Strategic working location"
525,236,Ocbc,review_body_text,2,Good employee benefits.,"Learning environment , need cope with the stress of hitting sales target, multi-tasking is needed. Good employee benefits. Strategic working location"
525,236,Ocbc,review_body_text,3,Strategic working location,"Learning environment , need cope with the stress of hitting sales target, multi-tasking is needed. Good employee benefits. Strategic working location"
526,237,RHB Bank Berhad,review_title,1,"Best workplace, good salary","Best workplace, good salary"
527,237,RHB Bank Berhad,review_body_text,1,"Good salary , Good Environment, No work life Balance, Opportunity to learn, good training , No career growth, Good team work, good Benefits and compensation","Good salary , Good Environment, No work life Balance, Opportunity to learn, good training , No career growth, Good team work, good Benefits and compensation"
528,238,maybank,review_title,1,fun workplace,fun workplace
529,238,maybank,review_body_text,1,"nice colleague, best working environment, got training and seniors are willingly to teach you if you are lost or dumbfounded.","nice colleague, best working environment, got training and seniors are willingly to teach you if you are lost or dumbfounded. hope to get a permanent job at maybank"
529,238,maybank,review_body_text,2,hope to get a permanent job at maybank,"nice colleague, best working environment, got training and seniors are willingly to teach you if you are lost or dumbfounded. hope to get a permanent job at maybank"
530,239,bank islam,review_title,1,Positive working environment,Positive working environment
531,239,bank islam,review_body_text,1,"The working environment is very positive, it is very inclusive and the colleagues are very supportive.","The working environment is very positive, it is very inclusive and the colleagues are very supportive. People are friendly and easy to approach. Recommended to join!"
531,239,bank islam,review_body_text,2,People are friendly and easy to approach.,"The working environment is very positive, it is very inclusive and the colleagues are very supportive. People are friendly and easy to approach. Recommended to join!"
531,239,bank islam,review_body_text,3,Recommended to join!,"The working environment is very positive, it is very inclusive and the colleagues are very supportive. People are friendly and easy to approach. Recommended to join!"
532,240,Cimb-Group,review_title,1,"Fun people, company guidelines are ever changing","Fun people, company guidelines are ever changing"
533,240,Cimb-Group,review_body_text,1,"In the spend of 6 months, the company had change its guidelines 4 times which effect the sales department heavily.","In the spend of 6 months, the company had change its guidelines 4 times which effect the sales department heavily. The company doesn't care for the sales people period."
533,240,Cimb-Group,review_body_text,2,The company doesn't care for the sales people period.,"In the spend of 6 months, the company had change its guidelines 4 times which effect the sales department heavily. The company doesn't care for the sales people period."
534,241,Public-Bank-Berhad,review_title,1,Good for stable life,Good for stable life
535,241,Public-Bank-Berhad,review_body_text,1,Different business units work in silos.,"Different business units work in silos. Hard to streamline processes to avoid manual work. However, remuneration package is good. Good for stable life."
535,241,Public-Bank-Berhad,review_body_text,2,Hard to streamline processes to avoid manual work.,"Different business units work in silos. Hard to streamline processes to avoid manual work. However, remuneration package is good. Good for stable life."
535,241,Public-Bank-Berhad,review_body_text,3,"However, remuneration package is good.","Different business units work in silos. Hard to streamline processes to avoid manual work. However, remuneration package is good. Good for stable life."
535,241,Public-Bank-Berhad,review_body_text,4,Good for stable life.,"Different business units work in silos. Hard to streamline processes to avoid manual work. However, remuneration package is good. Good for stable life."
536,242,Ocbc,review_title,1,"Well Work Life Balance, Friendly Colleague","Well Work Life Balance, Friendly Colleague"
537,242,Ocbc,review_body_text,1,Pros Workload not very heavy Senior Micro-Frontend Developer friendly and willing to teach us.,"Pros Workload not very heavy Senior Micro-Frontend Developer friendly and willing to teach us. Cons No more work from home, and fixed working hours. Summary Overall quite good"
537,242,Ocbc,review_body_text,2,"Cons No more work from home, and fixed working hours.","Pros Workload not very heavy Senior Micro-Frontend Developer friendly and willing to teach us. Cons No more work from home, and fixed working hours. Summary Overall quite good"
537,242,Ocbc,review_body_text,3,Summary Overall quite good,"Pros Workload not very heavy Senior Micro-Frontend Developer friendly and willing to teach us. Cons No more work from home, and fixed working hours. Summary Overall quite good"
538,243,Public-Bank-Berhad,review_title,1,Good Experience,Good Experience
539,243,Public-Bank-Berhad,review_body_text,1,Over all good experience and good remuneration.,"Over all good experience and good remuneration. Challenging in the sense of multitasking and sales targets to meet. Good experience, steep learning curve."
539,243,Public-Bank-Berhad,review_body_text,2,Challenging in the sense of multitasking and sales targets to meet.,"Over all good experience and good remuneration. Challenging in the sense of multitasking and sales targets to meet. Good experience, steep learning curve."
539,243,Public-Bank-Berhad,review_body_text,3,"Good experience, steep learning curve.","Over all good experience and good remuneration. Challenging in the sense of multitasking and sales targets to meet. Good experience, steep learning curve."
540,244,Public-Bank-Berhad,review_title,1,Productive and fun workplace,Productive and fun workplace
541,244,Public-Bank-Berhad,review_body_text,1,PB offer a lot of benefits compared to any other company.,PB offer a lot of benefits compared to any other company. This is the best thing in PB. You will think a lot of time if you want to resign because of the benefits
541,244,Public-Bank-Berhad,review_body_text,2,This is the best thing in PB.,PB offer a lot of benefits compared to any other company. This is the best thing in PB. You will think a lot of time if you want to resign because of the benefits
541,244,Public-Bank-Berhad,review_body_text,3,You will think a lot of time if you want to resign because of the benefits,PB offer a lot of benefits compared to any other company. This is the best thing in PB. You will think a lot of time if you want to resign because of the benefits
542,245,United Overseas Bank,review_title,1,good for learning something new,good for learning something new
543,245,United Overseas Bank,review_body_text,1,"good colleagues, good environment and good management.","good colleagues, good environment and good management. No toxic and eventho you were overwhelmed with heavy workloads, but its okay. The team really supportive and helpful especially when youre having trouble/problem in your work. You can learn a lot from the team. I miss my teamates so much."
543,245,United Overseas Bank,review_body_text,2,"No toxic and eventho you were overwhelmed with heavy workloads, but its okay.","good colleagues, good environment and good management. No toxic and eventho you were overwhelmed with heavy workloads, but its okay. The team really supportive and helpful especially when youre having trouble/problem in your work. You can learn a lot from the team. I miss my teamates so much."
543,245,United Overseas Bank,review_body_text,3,The team really supportive and helpful especially when youre having trouble/problem in your work.,"good colleagues, good environment and good management. No toxic and eventho you were overwhelmed with heavy workloads, but its okay. The team really supportive and helpful especially when youre having trouble/problem in your work. You can learn a lot from the team. I miss my teamates so much."
543,245,United Overseas Bank,review_body_text,4,You can learn a lot from the team.,"good colleagues, good environment and good management. No toxic and eventho you were overwhelmed with heavy workloads, but its okay. The team really supportive and helpful especially when youre having trouble/problem in your work. You can learn a lot from the team. I miss my teamates so much."
543,245,United Overseas Bank,review_body_text,5,I miss my teamates so much.,"good colleagues, good environment and good management. No toxic and eventho you were overwhelmed with heavy workloads, but its okay. The team really supportive and helpful especially when youre having trouble/problem in your work. You can learn a lot from the team. I miss my teamates so much."
544,246,Public-Bank-Berhad,review_title,1,Can learn something,Can learn something
545,246,Public-Bank-Berhad,review_body_text,1,"No work life balance, good benefits and increment with bonus.","No work life balance, good benefits and increment with bonus. Don't expect ot claim. Eg is your ot. Great for newbie. Can learn something from pb and make it as you stepping stone"
545,246,Public-Bank-Berhad,review_body_text,2,Don't expect ot claim.,"No work life balance, good benefits and increment with bonus. Don't expect ot claim. Eg is your ot. Great for newbie. Can learn something from pb and make it as you stepping stone"
545,246,Public-Bank-Berhad,review_body_text,3,Eg is your ot.,"No work life balance, good benefits and increment with bonus. Don't expect ot claim. Eg is your ot. Great for newbie. Can learn something from pb and make it as you stepping stone"
545,246,Public-Bank-Berhad,review_body_text,4,Great for newbie.,"No work life balance, good benefits and increment with bonus. Don't expect ot claim. Eg is your ot. Great for newbie. Can learn something from pb and make it as you stepping stone"
545,246,Public-Bank-Berhad,review_body_text,5,Can learn something from pb and make it as you stepping stone,"No work life balance, good benefits and increment with bonus. Don't expect ot claim. Eg is your ot. Great for newbie. Can learn something from pb and make it as you stepping stone"
547,247,Public-Bank-Berhad,review_body_text,1,The position is really stress.,The position is really stress. Branch manager and regional manager always push you to achieve the monthly target. They keep on asking why cant achieve the target.
547,247,Public-Bank-Berhad,review_body_text,2,Branch manager and regional manager always push you to achieve the monthly target.,The position is really stress. Branch manager and regional manager always push you to achieve the monthly target. They keep on asking why cant achieve the target.
547,247,Public-Bank-Berhad,review_body_text,3,They keep on asking why cant achieve the target.,The position is really stress. Branch manager and regional manager always push you to achieve the monthly target. They keep on asking why cant achieve the target.
548,248,maybank,review_title,1,stressful job but great benefit,stressful job but great benefit
549,248,maybank,review_body_text,1,sales target is too high and management will push you to hit every month.,"sales target is too high and management will push you to hit every month. management is not helping, but colleague all okay and supportive. benefits are great"
549,248,maybank,review_body_text,2,"management is not helping, but colleague all okay and supportive.","sales target is too high and management will push you to hit every month. management is not helping, but colleague all okay and supportive. benefits are great"
549,248,maybank,review_body_text,3,benefits are great,"sales target is too high and management will push you to hit every month. management is not helping, but colleague all okay and supportive. benefits are great"
550,249,maybank,review_title,1,productive and fun work place,productive and fun work place
551,249,maybank,review_body_text,1,Managers are quite supportive despite i was in sales line.,Managers are quite supportive despite i was in sales line. Customer base are quite wide and can be tricky to handle but the customer are very warm to hear any proposal from maybank
551,249,maybank,review_body_text,2,Customer base are quite wide and can be tricky to handle but the customer are very warm to hear any proposal from maybank,Managers are quite supportive despite i was in sales line. Customer base are quite wide and can be tricky to handle but the customer are very warm to hear any proposal from maybank
552,249,maybank,pros_text,1,Great medical benefits,Great medical benefits
553,250,Public-Bank-Berhad,review_title,1,Benefits is quite good,Benefits is quite good
554,250,Public-Bank-Berhad,review_body_text,1,"Our company offers exceptional benefits, including comprehensive health coverage, generous retirement plans, flexible work arrangements, professional development opportunities, wellness programs, and recognition for our hard work.","Our company offers exceptional benefits, including comprehensive health coverage, generous retirement plans, flexible work arrangements, professional development opportunities, wellness programs, and recognition for our hard work. These benefits reflect the company’s commitment to supporting and enriching the lives of its employees."
554,250,Public-Bank-Berhad,review_body_text,2,These benefits reflect the company’s commitment to supporting and enriching the lives of its employees.,"Our company offers exceptional benefits, including comprehensive health coverage, generous retirement plans, flexible work arrangements, professional development opportunities, wellness programs, and recognition for our hard work. These benefits reflect the company’s commitment to supporting and enriching the lives of its employees."
555,251,United Overseas Bank,review_title,1,Good company,Good company
556,251,United Overseas Bank,review_body_text,1,"Overall ok, management ok, benefits ok, paid on time , supportive team, good bank, good allowance, good salary, good benefits, good system, treat us fairly ,","Overall ok, management ok, benefits ok, paid on time , supportive team, good bank, good allowance, good salary, good benefits, good system, treat us fairly ,"
557,252,maybank,review_title,1,Productive and fun environment,Productive and fun environment
558,252,maybank,review_body_text,1,Good working in maybank.,"Good working in maybank. Have a good benefit, continuous learning, great teamwork with the team. But working in sales department , you must achieved target to get commission"
558,252,maybank,review_body_text,2,"Have a good benefit, continuous learning, great teamwork with the team.","Good working in maybank. Have a good benefit, continuous learning, great teamwork with the team. But working in sales department , you must achieved target to get commission"
558,252,maybank,review_body_text,3,"But working in sales department , you must achieved target to get commission","Good working in maybank. Have a good benefit, continuous learning, great teamwork with the team. But working in sales department , you must achieved target to get commission"
559,253,Public-Bank-Berhad,review_title,1,Okay place to work at,Okay place to work at
560,253,Public-Bank-Berhad,review_body_text,1,Salary is at least average.,Salary is at least average. People who works there are energized and driven. Some employees in the IT department work in a semi-basement that doesn't see a lot of sunlight during the day.
560,253,Public-Bank-Berhad,review_body_text,2,People who works there are energized and driven.,Salary is at least average. People who works there are energized and driven. Some employees in the IT department work in a semi-basement that doesn't see a lot of sunlight during the day.
560,253,Public-Bank-Berhad,review_body_text,3,Some employees in the IT department work in a semi-basement that doesn't see a lot of sunlight during the day.,Salary is at least average. People who works there are energized and driven. Some employees in the IT department work in a semi-basement that doesn't see a lot of sunlight during the day.
561,254,Bank-Rakyat,review_title,1,Great Place for work,Great Place for work
562,254,Bank-Rakyat,review_body_text,1,great place to start out my career.,great place to start out my career. my supervisor has been very helpful in teaching me the basics of the job to start of in the industry. Helpful colleagues as well and are willing to teach new joiners. office is great and also get to wear casual wear to the office
562,254,Bank-Rakyat,review_body_text,2,my supervisor has been very helpful in teaching me the basics of the job to start of in the industry.,great place to start out my career. my supervisor has been very helpful in teaching me the basics of the job to start of in the industry. Helpful colleagues as well and are willing to teach new joiners. office is great and also get to wear casual wear to the office
562,254,Bank-Rakyat,review_body_text,3,Helpful colleagues as well and are willing to teach new joiners.,great place to start out my career. my supervisor has been very helpful in teaching me the basics of the job to start of in the industry. Helpful colleagues as well and are willing to teach new joiners. office is great and also get to wear casual wear to the office
562,254,Bank-Rakyat,review_body_text,4,office is great and also get to wear casual wear to the office,great place to start out my career. my supervisor has been very helpful in teaching me the basics of the job to start of in the industry. Helpful colleagues as well and are willing to teach new joiners. office is great and also get to wear casual wear to the office
563,255,Public-Bank-Berhad,review_title,1,"No positive reviews, no work life balance.","No positive reviews, no work life balance. Everything is about selling"
563,255,Public-Bank-Berhad,review_title,2,Everything is about selling,"No positive reviews, no work life balance. Everything is about selling"
564,255,Public-Bank-Berhad,review_body_text,1,"No positive reviews, no work life balance.","No positive reviews, no work life balance. Everything is about selling here. You don’t get commission for during cross selling. Except for clericals every other officers has to do cross selling like saving accounts and so on."
564,255,Public-Bank-Berhad,review_body_text,2,Everything is about selling here.,"No positive reviews, no work life balance. Everything is about selling here. You don’t get commission for during cross selling. Except for clericals every other officers has to do cross selling like saving accounts and so on."
564,255,Public-Bank-Berhad,review_body_text,3,You don’t get commission for during cross selling.,"No positive reviews, no work life balance. Everything is about selling here. You don’t get commission for during cross selling. Except for clericals every other officers has to do cross selling like saving accounts and so on."
564,255,Public-Bank-Berhad,review_body_text,4,Except for clericals every other officers has to do cross selling like saving accounts and so on.,"No positive reviews, no work life balance. Everything is about selling here. You don’t get commission for during cross selling. Except for clericals every other officers has to do cross selling like saving accounts and so on."
565,256,Bank-Rakyat,review_title,1,Very productive and fun workplace,Very productive and fun workplace
566,256,Bank-Rakyat,review_body_text,1,"fun environment, less toxic, but not all workplace is perfect, so a little imperfections is acceptable.","fun environment, less toxic, but not all workplace is perfect, so a little imperfections is acceptable. Staff benefits is very very good in this company. Very recommended to work."
566,256,Bank-Rakyat,review_body_text,2,Staff benefits is very very good in this company.,"fun environment, less toxic, but not all workplace is perfect, so a little imperfections is acceptable. Staff benefits is very very good in this company. Very recommended to work."
566,256,Bank-Rakyat,review_body_text,3,Very recommended to work.,"fun environment, less toxic, but not all workplace is perfect, so a little imperfections is acceptable. Staff benefits is very very good in this company. Very recommended to work."
567,257,maybank,review_title,1,Fun and encouraging,Fun and encouraging
568,257,maybank,review_body_text,1,"Great team, supportive culture, challenging work.","Great team, supportive culture, challenging work. Fosters learning & growth, highly recommend! Positive environment, flexible hours, great benefits. High pressure, long hours, limited growth opportunities. Unclear expectations, poor communication, low morale."
568,257,maybank,review_body_text,2,"Fosters learning & growth, highly recommend!","Great team, supportive culture, challenging work. Fosters learning & growth, highly recommend! Positive environment, flexible hours, great benefits. High pressure, long hours, limited growth opportunities. Unclear expectations, poor communication, low morale."
568,257,maybank,review_body_text,3,"Positive environment, flexible hours, great benefits.","Great team, supportive culture, challenging work. Fosters learning & growth, highly recommend! Positive environment, flexible hours, great benefits. High pressure, long hours, limited growth opportunities. Unclear expectations, poor communication, low morale."
568,257,maybank,review_body_text,4,"High pressure, long hours, limited growth opportunities.","Great team, supportive culture, challenging work. Fosters learning & growth, highly recommend! Positive environment, flexible hours, great benefits. High pressure, long hours, limited growth opportunities. Unclear expectations, poor communication, low morale."
568,257,maybank,review_body_text,5,"Unclear expectations, poor communication, low morale.","Great team, supportive culture, challenging work. Fosters learning & growth, highly recommend! Positive environment, flexible hours, great benefits. High pressure, long hours, limited growth opportunities. Unclear expectations, poor communication, low morale."
569,258,Cimb-Group,review_title,1,Good working environment.,Good working environment.
570,258,Cimb-Group,review_body_text,1,Good place to start as a first time official job.,Good place to start as a first time official job. Learn to find ways in achievement. Incentive for sale staff is average. Location is strategic. Huge market.
570,258,Cimb-Group,review_body_text,2,Learn to find ways in achievement.,Good place to start as a first time official job. Learn to find ways in achievement. Incentive for sale staff is average. Location is strategic. Huge market.
570,258,Cimb-Group,review_body_text,3,Incentive for sale staff is average.,Good place to start as a first time official job. Learn to find ways in achievement. Incentive for sale staff is average. Location is strategic. Huge market.
570,258,Cimb-Group,review_body_text,4,Location is strategic.,Good place to start as a first time official job. Learn to find ways in achievement. Incentive for sale staff is average. Location is strategic. Huge market.
570,258,Cimb-Group,review_body_text,5,Huge market.,Good place to start as a first time official job. Learn to find ways in achievement. Incentive for sale staff is average. Location is strategic. Huge market.
571,259,HSBC,review_title,1,Fun workplace and nice working environment,Fun workplace and nice working environment
572,259,HSBC,review_body_text,1,The office is great and has a nice team to work together.,"The office is great and has a nice team to work together. Everyone helps each other. Some team leaders might not be helpful to the team. Overall, everyone feel welcome."
572,259,HSBC,review_body_text,2,Everyone helps each other.,"The office is great and has a nice team to work together. Everyone helps each other. Some team leaders might not be helpful to the team. Overall, everyone feel welcome."
572,259,HSBC,review_body_text,3,Some team leaders might not be helpful to the team.,"The office is great and has a nice team to work together. Everyone helps each other. Some team leaders might not be helpful to the team. Overall, everyone feel welcome."
572,259,HSBC,review_body_text,4,"Overall, everyone feel welcome.","The office is great and has a nice team to work together. Everyone helps each other. Some team leaders might not be helpful to the team. Overall, everyone feel welcome."
574,260,Ocbc,review_body_text,1,"shift hour working, the schedule was tiring coz keep changing, but the salary quite high, so its quite balance.","shift hour working, the schedule was tiring coz keep changing, but the salary quite high, so its quite balance. those who looking for experience, this is the place for you"
574,260,Ocbc,review_body_text,2,"those who looking for experience, this is the place for you","shift hour working, the schedule was tiring coz keep changing, but the salary quite high, so its quite balance. those who looking for experience, this is the place for you"
575,261,Public-Bank-Berhad,review_title,1,Long working hours,Long working hours
576,261,Public-Bank-Berhad,review_body_text,1,"Long working hours without pay, old school, very traditional company, a lot of paperworks, system always hang especially in the evening… nothing good except the benefits like increment and bonus and low interest on HL and HP..","Long working hours without pay, old school, very traditional company, a lot of paperworks, system always hang especially in the evening… nothing good except the benefits like increment and bonus and low interest on HL and HP.."
577,262,maybank,review_title,1,Not a productive environment to work with,Not a productive environment to work with
578,262,maybank,review_body_text,1,To much target to be achieved and ridiculous sales KPI.,To much target to be achieved and ridiculous sales KPI. Work environment is okay but still you had to blend in well. Salary is high for fresh graduate but with high salary comes with high risk as well
578,262,maybank,review_body_text,2,Work environment is okay but still you had to blend in well.,To much target to be achieved and ridiculous sales KPI. Work environment is okay but still you had to blend in well. Salary is high for fresh graduate but with high salary comes with high risk as well
578,262,maybank,review_body_text,3,Salary is high for fresh graduate but with high salary comes with high risk as well,To much target to be achieved and ridiculous sales KPI. Work environment is okay but still you had to blend in well. Salary is high for fresh graduate but with high salary comes with high risk as well
579,263,Public-Bank-Berhad,review_title,1,Long working hours,Long working hours
580,263,Public-Bank-Berhad,review_body_text,1,Expect long working hours.,"Expect long working hours. That being said, you get to learn a great deal about mortgages, banking and lending. Structured training is provided as well."
580,263,Public-Bank-Berhad,review_body_text,2,"That being said, you get to learn a great deal about mortgages, banking and lending.","Expect long working hours. That being said, you get to learn a great deal about mortgages, banking and lending. Structured training is provided as well."
580,263,Public-Bank-Berhad,review_body_text,3,Structured training is provided as well.,"Expect long working hours. That being said, you get to learn a great deal about mortgages, banking and lending. Structured training is provided as well."
581,264,Cimb-Group,review_title,1,Work pace is slow at my team,Work pace is slow at my team
582,264,Cimb-Group,review_body_text,1,"Was placed in a consumer banking team, which I find quite it quite chilling when I was looking for a more intense role.","Was placed in a consumer banking team, which I find quite it quite chilling when I was looking for a more intense role. However, boss was very kind and always help to guide me"
582,264,Cimb-Group,review_body_text,2,"However, boss was very kind and always help to guide me","Was placed in a consumer banking team, which I find quite it quite chilling when I was looking for a more intense role. However, boss was very kind and always help to guide me"
583,265,maybank,review_title,1,Productive and work fun place,Productive and work fun place
584,265,maybank,review_body_text,1,What is the best part of working at the company?,What is the best part of working at the company? Salary and the benefits. Experience What is the most stressful part about working at the company? Target given by company higher What is the work environment and culture like at the company? The place and also the customers What is a typical day like for you at the company? On the Friday..good mood always
584,265,maybank,review_body_text,2,Salary and the benefits.,What is the best part of working at the company? Salary and the benefits. Experience What is the most stressful part about working at the company? Target given by company higher What is the work environment and culture like at the company? The place and also the customers What is a typical day like for you at the company? On the Friday..good mood always
584,265,maybank,review_body_text,3,Experience What is the most stressful part about working at the company?,What is the best part of working at the company? Salary and the benefits. Experience What is the most stressful part about working at the company? Target given by company higher What is the work environment and culture like at the company? The place and also the customers What is a typical day like for you at the company? On the Friday..good mood always
584,265,maybank,review_body_text,4,Target given by company higher What is the work environment and culture like at the company?,What is the best part of working at the company? Salary and the benefits. Experience What is the most stressful part about working at the company? Target given by company higher What is the work environment and culture like at the company? The place and also the customers What is a typical day like for you at the company? On the Friday..good mood always
584,265,maybank,review_body_text,5,The place and also the customers What is a typical day like for you at the company?,What is the best part of working at the company? Salary and the benefits. Experience What is the most stressful part about working at the company? Target given by company higher What is the work environment and culture like at the company? The place and also the customers What is a typical day like for you at the company? On the Friday..good mood always
584,265,maybank,review_body_text,6,On the Friday..,What is the best part of working at the company? Salary and the benefits. Experience What is the most stressful part about working at the company? Target given by company higher What is the work environment and culture like at the company? The place and also the customers What is a typical day like for you at the company? On the Friday..good mood always
584,265,maybank,review_body_text,7,good mood always,What is the best part of working at the company? Salary and the benefits. Experience What is the most stressful part about working at the company? Target given by company higher What is the work environment and culture like at the company? The place and also the customers What is a typical day like for you at the company? On the Friday..good mood always
585,266,bank islam,review_title,1,Malay based,Malay based
586,266,bank islam,review_body_text,1,"OK, but not much career growth.","OK, but not much career growth. Not much diversity as well. But workers are very nice and friendly, sometimes got trips such as hiking to Mount Kinabalu"
586,266,bank islam,review_body_text,2,Not much diversity as well.,"OK, but not much career growth. Not much diversity as well. But workers are very nice and friendly, sometimes got trips such as hiking to Mount Kinabalu"
586,266,bank islam,review_body_text,3,"But workers are very nice and friendly, sometimes got trips such as hiking to Mount Kinabalu","OK, but not much career growth. Not much diversity as well. But workers are very nice and friendly, sometimes got trips such as hiking to Mount Kinabalu"
587,267,Public-Bank-Berhad,review_title,1,"Great salary, bonus and increment","Great salary, bonus and increment"
588,267,Public-Bank-Berhad,review_body_text,1,Im involved in HP.,"Im involved in HP. First of all, the position is quite hardcore. You are expected to go beyond ur KPI. The workload is quite heavy, but by time ull get used to it. The great thing about the position, is the pay, bonuses and increment. Overall its a great place to learn. But be ready to work long hours, as it is the norm here."
588,267,Public-Bank-Berhad,review_body_text,2,"First of all, the position is quite hardcore.","Im involved in HP. First of all, the position is quite hardcore. You are expected to go beyond ur KPI. The workload is quite heavy, but by time ull get used to it. The great thing about the position, is the pay, bonuses and increment. Overall its a great place to learn. But be ready to work long hours, as it is the norm here."
588,267,Public-Bank-Berhad,review_body_text,3,You are expected to go beyond ur KPI.,"Im involved in HP. First of all, the position is quite hardcore. You are expected to go beyond ur KPI. The workload is quite heavy, but by time ull get used to it. The great thing about the position, is the pay, bonuses and increment. Overall its a great place to learn. But be ready to work long hours, as it is the norm here."
588,267,Public-Bank-Berhad,review_body_text,4,"The workload is quite heavy, but by time ull get used to it.","Im involved in HP. First of all, the position is quite hardcore. You are expected to go beyond ur KPI. The workload is quite heavy, but by time ull get used to it. The great thing about the position, is the pay, bonuses and increment. Overall its a great place to learn. But be ready to work long hours, as it is the norm here."
588,267,Public-Bank-Berhad,review_body_text,5,"The great thing about the position, is the pay, bonuses and increment.","Im involved in HP. First of all, the position is quite hardcore. You are expected to go beyond ur KPI. The workload is quite heavy, but by time ull get used to it. The great thing about the position, is the pay, bonuses and increment. Overall its a great place to learn. But be ready to work long hours, as it is the norm here."
588,267,Public-Bank-Berhad,review_body_text,6,Overall its a great place to learn.,"Im involved in HP. First of all, the position is quite hardcore. You are expected to go beyond ur KPI. The workload is quite heavy, but by time ull get used to it. The great thing about the position, is the pay, bonuses and increment. Overall its a great place to learn. But be ready to work long hours, as it is the norm here."
588,267,Public-Bank-Berhad,review_body_text,7,"But be ready to work long hours, as it is the norm here.","Im involved in HP. First of all, the position is quite hardcore. You are expected to go beyond ur KPI. The workload is quite heavy, but by time ull get used to it. The great thing about the position, is the pay, bonuses and increment. Overall its a great place to learn. But be ready to work long hours, as it is the norm here."
589,268,maybank,review_title,1,Workload didn’t worth the salary.,Workload didn’t worth the salary. Old working system.
589,268,maybank,review_title,2,Old working system.,Workload didn’t worth the salary. Old working system.
590,268,maybank,review_body_text,1,2k salary for protege.,"2k salary for protege. OT can be claimed but depends on line manager. No benefits, 8 months contract with total of 16 annual leave. Old working system, old office."
590,268,maybank,review_body_text,2,OT can be claimed but depends on line manager.,"2k salary for protege. OT can be claimed but depends on line manager. No benefits, 8 months contract with total of 16 annual leave. Old working system, old office."
590,268,maybank,review_body_text,3,"No benefits, 8 months contract with total of 16 annual leave.","2k salary for protege. OT can be claimed but depends on line manager. No benefits, 8 months contract with total of 16 annual leave. Old working system, old office."
590,268,maybank,review_body_text,4,"Old working system, old office.","2k salary for protege. OT can be claimed but depends on line manager. No benefits, 8 months contract with total of 16 annual leave. Old working system, old office."
591,269,Public-Bank-Berhad,review_title,1,Not a good place unless you're willing to do anything for money,Not a good place unless you're willing to do anything for money
592,269,Public-Bank-Berhad,review_body_text,1,'-No guidance given to newbies,"'-No guidance given to newbies -No OT payment but expected to OT every single day -Toxic work environment, you just sit down for 9 hours and stay glued at your screen, and everybody hates it if you take a quick break to the toilet, or suggest any new approaches -Please digitalize the processes in credit as the bank is outdated in this expect, please look at other competitors."
592,269,Public-Bank-Berhad,review_body_text,2,No OT payment but expected to OT every single day,"'-No guidance given to newbies -No OT payment but expected to OT every single day -Toxic work environment, you just sit down for 9 hours and stay glued at your screen, and everybody hates it if you take a quick break to the toilet, or suggest any new approaches -Please digitalize the processes in credit as the bank is outdated in this expect, please look at other competitors."
592,269,Public-Bank-Berhad,review_body_text,3,"Toxic work environment, you just sit down for 9 hours and stay glued at your screen, and everybody hates it if you take a quick break to the toilet, or suggest any new approaches","'-No guidance given to newbies -No OT payment but expected to OT every single day -Toxic work environment, you just sit down for 9 hours and stay glued at your screen, and everybody hates it if you take a quick break to the toilet, or suggest any new approaches -Please digitalize the processes in credit as the bank is outdated in this expect, please look at other competitors."
592,269,Public-Bank-Berhad,review_body_text,4,"Please digitalize the processes in credit as the bank is outdated in this expect, please look at other competitors.","'-No guidance given to newbies -No OT payment but expected to OT every single day -Toxic work environment, you just sit down for 9 hours and stay glued at your screen, and everybody hates it if you take a quick break to the toilet, or suggest any new approaches -Please digitalize the processes in credit as the bank is outdated in this expect, please look at other competitors."
593,270,United Overseas Bank,review_title,1,Fast paced but try to connect with competent seniors/colleagues,Fast paced but try to connect with competent seniors/colleagues
594,270,United Overseas Bank,review_body_text,1,"You need to have communication skills including negotiation, patience, and listening skills to assist the customers with their inquiries outstandingly.","1. You need to have communication skills including negotiation, patience, and listening skills to assist the customers with their inquiries outstandingly. Customers are generally normal and sane. Regardless they might rant because they are having difficulties. Just assist, advise, and resolve. 2. Systems are numerous. Getting used to its interface. Your daily tasks may help you to improve how to utilize them. Also, please give ample time to catch up and get used to the systems even though OIC might not assist you many times. Some OICs did good things when they willingly shared notes about raising the service request. You just need to refer. 3. The 1-month training class might not be enough, the notes you can't gather from outside of class. So for those who want to revise, please jot down clearly inside your notebook. Once you hit the floor, you only can refer to their Infohub system or your simplified notes. You try to focus on the necessary topic first. Ask your trainer the most common inquiries about EACH topic. Because trust me, you can't remember 100% from class to call floor later on. 3. OICs might be helping you but they will expect you to work independently, and catch up so fast. Sometimes, they might get irritated when you ask twice because they think they already explained thousands of times. Perhaps the same questions also come from your colleagues. So for those who are not familiar with banking terms/products, if your background is not related to banking/financials, you have to learn yourself. This one is supposed to be okay, but if you need them and they don't entertain willingly, definitely that will let you down. 4. Systems are fine except I only encounter difficulties with R*W**, it needs to be redesigned to a friendlier interface at least for those agents. I think it's too chaotic and tedious. Just need to make it readable so that easier to answer the enquiries instead of arranging a callback because you usually need more time to extract the info. 5. No work-life balance, kindly expect this as you need to perform follow-ups. But, as recommended by OICs/seniors, try to multitask by submitting the SR while talking with customers. Either listen to rants and do your job, or just put them on hold to submit the SR, both have been practiced there. You can choose to claim OT as well at the end of the shift to submit the SR but extra works that you have to get validation from your OICs or TM. Despite this being normal, they needed to check first. 6. I realized that OICs might have different understandings. So well equipped yourself with knowledge, and practiced to rely on many OICs/TMs for the same inquiries. You will notice to get different answers. 7. The job is fun, especially for those who like to talk to people and assist them. I wanted to stay but I felt disappointed for a couple of reasons, which made me resign. But rest assured, if you have REALLY good support and fun colleagues, you actually can survive."
594,270,United Overseas Bank,review_body_text,2,Customers are generally normal and sane.,"1. You need to have communication skills including negotiation, patience, and listening skills to assist the customers with their inquiries outstandingly. Customers are generally normal and sane. Regardless they might rant because they are having difficulties. Just assist, advise, and resolve. 2. Systems are numerous. Getting used to its interface. Your daily tasks may help you to improve how to utilize them. Also, please give ample time to catch up and get used to the systems even though OIC might not assist you many times. Some OICs did good things when they willingly shared notes about raising the service request. You just need to refer. 3. The 1-month training class might not be enough, the notes you can't gather from outside of class. So for those who want to revise, please jot down clearly inside your notebook. Once you hit the floor, you only can refer to their Infohub system or your simplified notes. You try to focus on the necessary topic first. Ask your trainer the most common inquiries about EACH topic. Because trust me, you can't remember 100% from class to call floor later on. 3. OICs might be helping you but they will expect you to work independently, and catch up so fast. Sometimes, they might get irritated when you ask twice because they think they already explained thousands of times. Perhaps the same questions also come from your colleagues. So for those who are not familiar with banking terms/products, if your background is not related to banking/financials, you have to learn yourself. This one is supposed to be okay, but if you need them and they don't entertain willingly, definitely that will let you down. 4. Systems are fine except I only encounter difficulties with R*W**, it needs to be redesigned to a friendlier interface at least for those agents. I think it's too chaotic and tedious. Just need to make it readable so that easier to answer the enquiries instead of arranging a callback because you usually need more time to extract the info. 5. No work-life balance, kindly expect this as you need to perform follow-ups. But, as recommended by OICs/seniors, try to multitask by submitting the SR while talking with customers. Either listen to rants and do your job, or just put them on hold to submit the SR, both have been practiced there. You can choose to claim OT as well at the end of the shift to submit the SR but extra works that you have to get validation from your OICs or TM. Despite this being normal, they needed to check first. 6. I realized that OICs might have different understandings. So well equipped yourself with knowledge, and practiced to rely on many OICs/TMs for the same inquiries. You will notice to get different answers. 7. The job is fun, especially for those who like to talk to people and assist them. I wanted to stay but I felt disappointed for a couple of reasons, which made me resign. But rest assured, if you have REALLY good support and fun colleagues, you actually can survive."
594,270,United Overseas Bank,review_body_text,3,Regardless they might rant because they are having difficulties.,"1. You need to have communication skills including negotiation, patience, and listening skills to assist the customers with their inquiries outstandingly. Customers are generally normal and sane. Regardless they might rant because they are having difficulties. Just assist, advise, and resolve. 2. Systems are numerous. Getting used to its interface. Your daily tasks may help you to improve how to utilize them. Also, please give ample time to catch up and get used to the systems even though OIC might not assist you many times. Some OICs did good things when they willingly shared notes about raising the service request. You just need to refer. 3. The 1-month training class might not be enough, the notes you can't gather from outside of class. So for those who want to revise, please jot down clearly inside your notebook. Once you hit the floor, you only can refer to their Infohub system or your simplified notes. You try to focus on the necessary topic first. Ask your trainer the most common inquiries about EACH topic. Because trust me, you can't remember 100% from class to call floor later on. 3. OICs might be helping you but they will expect you to work independently, and catch up so fast. Sometimes, they might get irritated when you ask twice because they think they already explained thousands of times. Perhaps the same questions also come from your colleagues. So for those who are not familiar with banking terms/products, if your background is not related to banking/financials, you have to learn yourself. This one is supposed to be okay, but if you need them and they don't entertain willingly, definitely that will let you down. 4. Systems are fine except I only encounter difficulties with R*W**, it needs to be redesigned to a friendlier interface at least for those agents. I think it's too chaotic and tedious. Just need to make it readable so that easier to answer the enquiries instead of arranging a callback because you usually need more time to extract the info. 5. No work-life balance, kindly expect this as you need to perform follow-ups. But, as recommended by OICs/seniors, try to multitask by submitting the SR while talking with customers. Either listen to rants and do your job, or just put them on hold to submit the SR, both have been practiced there. You can choose to claim OT as well at the end of the shift to submit the SR but extra works that you have to get validation from your OICs or TM. Despite this being normal, they needed to check first. 6. I realized that OICs might have different understandings. So well equipped yourself with knowledge, and practiced to rely on many OICs/TMs for the same inquiries. You will notice to get different answers. 7. The job is fun, especially for those who like to talk to people and assist them. I wanted to stay but I felt disappointed for a couple of reasons, which made me resign. But rest assured, if you have REALLY good support and fun colleagues, you actually can survive."
594,270,United Overseas Bank,review_body_text,4,"Just assist, advise, and resolve.","1. You need to have communication skills including negotiation, patience, and listening skills to assist the customers with their inquiries outstandingly. Customers are generally normal and sane. Regardless they might rant because they are having difficulties. Just assist, advise, and resolve. 2. Systems are numerous. Getting used to its interface. Your daily tasks may help you to improve how to utilize them. Also, please give ample time to catch up and get used to the systems even though OIC might not assist you many times. Some OICs did good things when they willingly shared notes about raising the service request. You just need to refer. 3. The 1-month training class might not be enough, the notes you can't gather from outside of class. So for those who want to revise, please jot down clearly inside your notebook. Once you hit the floor, you only can refer to their Infohub system or your simplified notes. You try to focus on the necessary topic first. Ask your trainer the most common inquiries about EACH topic. Because trust me, you can't remember 100% from class to call floor later on. 3. OICs might be helping you but they will expect you to work independently, and catch up so fast. Sometimes, they might get irritated when you ask twice because they think they already explained thousands of times. Perhaps the same questions also come from your colleagues. So for those who are not familiar with banking terms/products, if your background is not related to banking/financials, you have to learn yourself. This one is supposed to be okay, but if you need them and they don't entertain willingly, definitely that will let you down. 4. Systems are fine except I only encounter difficulties with R*W**, it needs to be redesigned to a friendlier interface at least for those agents. I think it's too chaotic and tedious. Just need to make it readable so that easier to answer the enquiries instead of arranging a callback because you usually need more time to extract the info. 5. No work-life balance, kindly expect this as you need to perform follow-ups. But, as recommended by OICs/seniors, try to multitask by submitting the SR while talking with customers. Either listen to rants and do your job, or just put them on hold to submit the SR, both have been practiced there. You can choose to claim OT as well at the end of the shift to submit the SR but extra works that you have to get validation from your OICs or TM. Despite this being normal, they needed to check first. 6. I realized that OICs might have different understandings. So well equipped yourself with knowledge, and practiced to rely on many OICs/TMs for the same inquiries. You will notice to get different answers. 7. The job is fun, especially for those who like to talk to people and assist them. I wanted to stay but I felt disappointed for a couple of reasons, which made me resign. But rest assured, if you have REALLY good support and fun colleagues, you actually can survive."
594,270,United Overseas Bank,review_body_text,5,Systems are numerous.,"1. You need to have communication skills including negotiation, patience, and listening skills to assist the customers with their inquiries outstandingly. Customers are generally normal and sane. Regardless they might rant because they are having difficulties. Just assist, advise, and resolve. 2. Systems are numerous. Getting used to its interface. Your daily tasks may help you to improve how to utilize them. Also, please give ample time to catch up and get used to the systems even though OIC might not assist you many times. Some OICs did good things when they willingly shared notes about raising the service request. You just need to refer. 3. The 1-month training class might not be enough, the notes you can't gather from outside of class. So for those who want to revise, please jot down clearly inside your notebook. Once you hit the floor, you only can refer to their Infohub system or your simplified notes. You try to focus on the necessary topic first. Ask your trainer the most common inquiries about EACH topic. Because trust me, you can't remember 100% from class to call floor later on. 3. OICs might be helping you but they will expect you to work independently, and catch up so fast. Sometimes, they might get irritated when you ask twice because they think they already explained thousands of times. Perhaps the same questions also come from your colleagues. So for those who are not familiar with banking terms/products, if your background is not related to banking/financials, you have to learn yourself. This one is supposed to be okay, but if you need them and they don't entertain willingly, definitely that will let you down. 4. Systems are fine except I only encounter difficulties with R*W**, it needs to be redesigned to a friendlier interface at least for those agents. I think it's too chaotic and tedious. Just need to make it readable so that easier to answer the enquiries instead of arranging a callback because you usually need more time to extract the info. 5. No work-life balance, kindly expect this as you need to perform follow-ups. But, as recommended by OICs/seniors, try to multitask by submitting the SR while talking with customers. Either listen to rants and do your job, or just put them on hold to submit the SR, both have been practiced there. You can choose to claim OT as well at the end of the shift to submit the SR but extra works that you have to get validation from your OICs or TM. Despite this being normal, they needed to check first. 6. I realized that OICs might have different understandings. So well equipped yourself with knowledge, and practiced to rely on many OICs/TMs for the same inquiries. You will notice to get different answers. 7. The job is fun, especially for those who like to talk to people and assist them. I wanted to stay but I felt disappointed for a couple of reasons, which made me resign. But rest assured, if you have REALLY good support and fun colleagues, you actually can survive."
594,270,United Overseas Bank,review_body_text,6,Getting used to its interface.,"1. You need to have communication skills including negotiation, patience, and listening skills to assist the customers with their inquiries outstandingly. Customers are generally normal and sane. Regardless they might rant because they are having difficulties. Just assist, advise, and resolve. 2. Systems are numerous. Getting used to its interface. Your daily tasks may help you to improve how to utilize them. Also, please give ample time to catch up and get used to the systems even though OIC might not assist you many times. Some OICs did good things when they willingly shared notes about raising the service request. You just need to refer. 3. The 1-month training class might not be enough, the notes you can't gather from outside of class. So for those who want to revise, please jot down clearly inside your notebook. Once you hit the floor, you only can refer to their Infohub system or your simplified notes. You try to focus on the necessary topic first. Ask your trainer the most common inquiries about EACH topic. Because trust me, you can't remember 100% from class to call floor later on. 3. OICs might be helping you but they will expect you to work independently, and catch up so fast. Sometimes, they might get irritated when you ask twice because they think they already explained thousands of times. Perhaps the same questions also come from your colleagues. So for those who are not familiar with banking terms/products, if your background is not related to banking/financials, you have to learn yourself. This one is supposed to be okay, but if you need them and they don't entertain willingly, definitely that will let you down. 4. Systems are fine except I only encounter difficulties with R*W**, it needs to be redesigned to a friendlier interface at least for those agents. I think it's too chaotic and tedious. Just need to make it readable so that easier to answer the enquiries instead of arranging a callback because you usually need more time to extract the info. 5. No work-life balance, kindly expect this as you need to perform follow-ups. But, as recommended by OICs/seniors, try to multitask by submitting the SR while talking with customers. Either listen to rants and do your job, or just put them on hold to submit the SR, both have been practiced there. You can choose to claim OT as well at the end of the shift to submit the SR but extra works that you have to get validation from your OICs or TM. Despite this being normal, they needed to check first. 6. I realized that OICs might have different understandings. So well equipped yourself with knowledge, and practiced to rely on many OICs/TMs for the same inquiries. You will notice to get different answers. 7. The job is fun, especially for those who like to talk to people and assist them. I wanted to stay but I felt disappointed for a couple of reasons, which made me resign. But rest assured, if you have REALLY good support and fun colleagues, you actually can survive."
594,270,United Overseas Bank,review_body_text,7,Your daily tasks may help you to improve how to utilize them.,"1. You need to have communication skills including negotiation, patience, and listening skills to assist the customers with their inquiries outstandingly. Customers are generally normal and sane. Regardless they might rant because they are having difficulties. Just assist, advise, and resolve. 2. Systems are numerous. Getting used to its interface. Your daily tasks may help you to improve how to utilize them. Also, please give ample time to catch up and get used to the systems even though OIC might not assist you many times. Some OICs did good things when they willingly shared notes about raising the service request. You just need to refer. 3. The 1-month training class might not be enough, the notes you can't gather from outside of class. So for those who want to revise, please jot down clearly inside your notebook. Once you hit the floor, you only can refer to their Infohub system or your simplified notes. You try to focus on the necessary topic first. Ask your trainer the most common inquiries about EACH topic. Because trust me, you can't remember 100% from class to call floor later on. 3. OICs might be helping you but they will expect you to work independently, and catch up so fast. Sometimes, they might get irritated when you ask twice because they think they already explained thousands of times. Perhaps the same questions also come from your colleagues. So for those who are not familiar with banking terms/products, if your background is not related to banking/financials, you have to learn yourself. This one is supposed to be okay, but if you need them and they don't entertain willingly, definitely that will let you down. 4. Systems are fine except I only encounter difficulties with R*W**, it needs to be redesigned to a friendlier interface at least for those agents. I think it's too chaotic and tedious. Just need to make it readable so that easier to answer the enquiries instead of arranging a callback because you usually need more time to extract the info. 5. No work-life balance, kindly expect this as you need to perform follow-ups. But, as recommended by OICs/seniors, try to multitask by submitting the SR while talking with customers. Either listen to rants and do your job, or just put them on hold to submit the SR, both have been practiced there. You can choose to claim OT as well at the end of the shift to submit the SR but extra works that you have to get validation from your OICs or TM. Despite this being normal, they needed to check first. 6. I realized that OICs might have different understandings. So well equipped yourself with knowledge, and practiced to rely on many OICs/TMs for the same inquiries. You will notice to get different answers. 7. The job is fun, especially for those who like to talk to people and assist them. I wanted to stay but I felt disappointed for a couple of reasons, which made me resign. But rest assured, if you have REALLY good support and fun colleagues, you actually can survive."
594,270,United Overseas Bank,review_body_text,8,"Also, please give ample time to catch up and get used to the systems even though OIC might not assist you many times.","1. You need to have communication skills including negotiation, patience, and listening skills to assist the customers with their inquiries outstandingly. Customers are generally normal and sane. Regardless they might rant because they are having difficulties. Just assist, advise, and resolve. 2. Systems are numerous. Getting used to its interface. Your daily tasks may help you to improve how to utilize them. Also, please give ample time to catch up and get used to the systems even though OIC might not assist you many times. Some OICs did good things when they willingly shared notes about raising the service request. You just need to refer. 3. The 1-month training class might not be enough, the notes you can't gather from outside of class. So for those who want to revise, please jot down clearly inside your notebook. Once you hit the floor, you only can refer to their Infohub system or your simplified notes. You try to focus on the necessary topic first. Ask your trainer the most common inquiries about EACH topic. Because trust me, you can't remember 100% from class to call floor later on. 3. OICs might be helping you but they will expect you to work independently, and catch up so fast. Sometimes, they might get irritated when you ask twice because they think they already explained thousands of times. Perhaps the same questions also come from your colleagues. So for those who are not familiar with banking terms/products, if your background is not related to banking/financials, you have to learn yourself. This one is supposed to be okay, but if you need them and they don't entertain willingly, definitely that will let you down. 4. Systems are fine except I only encounter difficulties with R*W**, it needs to be redesigned to a friendlier interface at least for those agents. I think it's too chaotic and tedious. Just need to make it readable so that easier to answer the enquiries instead of arranging a callback because you usually need more time to extract the info. 5. No work-life balance, kindly expect this as you need to perform follow-ups. But, as recommended by OICs/seniors, try to multitask by submitting the SR while talking with customers. Either listen to rants and do your job, or just put them on hold to submit the SR, both have been practiced there. You can choose to claim OT as well at the end of the shift to submit the SR but extra works that you have to get validation from your OICs or TM. Despite this being normal, they needed to check first. 6. I realized that OICs might have different understandings. So well equipped yourself with knowledge, and practiced to rely on many OICs/TMs for the same inquiries. You will notice to get different answers. 7. The job is fun, especially for those who like to talk to people and assist them. I wanted to stay but I felt disappointed for a couple of reasons, which made me resign. But rest assured, if you have REALLY good support and fun colleagues, you actually can survive."
594,270,United Overseas Bank,review_body_text,9,Some OICs did good things when they willingly shared notes about raising the service request.,"1. You need to have communication skills including negotiation, patience, and listening skills to assist the customers with their inquiries outstandingly. Customers are generally normal and sane. Regardless they might rant because they are having difficulties. Just assist, advise, and resolve. 2. Systems are numerous. Getting used to its interface. Your daily tasks may help you to improve how to utilize them. Also, please give ample time to catch up and get used to the systems even though OIC might not assist you many times. Some OICs did good things when they willingly shared notes about raising the service request. You just need to refer. 3. The 1-month training class might not be enough, the notes you can't gather from outside of class. So for those who want to revise, please jot down clearly inside your notebook. Once you hit the floor, you only can refer to their Infohub system or your simplified notes. You try to focus on the necessary topic first. Ask your trainer the most common inquiries about EACH topic. Because trust me, you can't remember 100% from class to call floor later on. 3. OICs might be helping you but they will expect you to work independently, and catch up so fast. Sometimes, they might get irritated when you ask twice because they think they already explained thousands of times. Perhaps the same questions also come from your colleagues. So for those who are not familiar with banking terms/products, if your background is not related to banking/financials, you have to learn yourself. This one is supposed to be okay, but if you need them and they don't entertain willingly, definitely that will let you down. 4. Systems are fine except I only encounter difficulties with R*W**, it needs to be redesigned to a friendlier interface at least for those agents. I think it's too chaotic and tedious. Just need to make it readable so that easier to answer the enquiries instead of arranging a callback because you usually need more time to extract the info. 5. No work-life balance, kindly expect this as you need to perform follow-ups. But, as recommended by OICs/seniors, try to multitask by submitting the SR while talking with customers. Either listen to rants and do your job, or just put them on hold to submit the SR, both have been practiced there. You can choose to claim OT as well at the end of the shift to submit the SR but extra works that you have to get validation from your OICs or TM. Despite this being normal, they needed to check first. 6. I realized that OICs might have different understandings. So well equipped yourself with knowledge, and practiced to rely on many OICs/TMs for the same inquiries. You will notice to get different answers. 7. The job is fun, especially for those who like to talk to people and assist them. I wanted to stay but I felt disappointed for a couple of reasons, which made me resign. But rest assured, if you have REALLY good support and fun colleagues, you actually can survive."
594,270,United Overseas Bank,review_body_text,10,You just need to refer.,"1. You need to have communication skills including negotiation, patience, and listening skills to assist the customers with their inquiries outstandingly. Customers are generally normal and sane. Regardless they might rant because they are having difficulties. Just assist, advise, and resolve. 2. Systems are numerous. Getting used to its interface. Your daily tasks may help you to improve how to utilize them. Also, please give ample time to catch up and get used to the systems even though OIC might not assist you many times. Some OICs did good things when they willingly shared notes about raising the service request. You just need to refer. 3. The 1-month training class might not be enough, the notes you can't gather from outside of class. So for those who want to revise, please jot down clearly inside your notebook. Once you hit the floor, you only can refer to their Infohub system or your simplified notes. You try to focus on the necessary topic first. Ask your trainer the most common inquiries about EACH topic. Because trust me, you can't remember 100% from class to call floor later on. 3. OICs might be helping you but they will expect you to work independently, and catch up so fast. Sometimes, they might get irritated when you ask twice because they think they already explained thousands of times. Perhaps the same questions also come from your colleagues. So for those who are not familiar with banking terms/products, if your background is not related to banking/financials, you have to learn yourself. This one is supposed to be okay, but if you need them and they don't entertain willingly, definitely that will let you down. 4. Systems are fine except I only encounter difficulties with R*W**, it needs to be redesigned to a friendlier interface at least for those agents. I think it's too chaotic and tedious. Just need to make it readable so that easier to answer the enquiries instead of arranging a callback because you usually need more time to extract the info. 5. No work-life balance, kindly expect this as you need to perform follow-ups. But, as recommended by OICs/seniors, try to multitask by submitting the SR while talking with customers. Either listen to rants and do your job, or just put them on hold to submit the SR, both have been practiced there. You can choose to claim OT as well at the end of the shift to submit the SR but extra works that you have to get validation from your OICs or TM. Despite this being normal, they needed to check first. 6. I realized that OICs might have different understandings. So well equipped yourself with knowledge, and practiced to rely on many OICs/TMs for the same inquiries. You will notice to get different answers. 7. The job is fun, especially for those who like to talk to people and assist them. I wanted to stay but I felt disappointed for a couple of reasons, which made me resign. But rest assured, if you have REALLY good support and fun colleagues, you actually can survive."
594,270,United Overseas Bank,review_body_text,11,"The 1-month training class might not be enough, the notes you can't gather from outside of class.","1. You need to have communication skills including negotiation, patience, and listening skills to assist the customers with their inquiries outstandingly. Customers are generally normal and sane. Regardless they might rant because they are having difficulties. Just assist, advise, and resolve. 2. Systems are numerous. Getting used to its interface. Your daily tasks may help you to improve how to utilize them. Also, please give ample time to catch up and get used to the systems even though OIC might not assist you many times. Some OICs did good things when they willingly shared notes about raising the service request. You just need to refer. 3. The 1-month training class might not be enough, the notes you can't gather from outside of class. So for those who want to revise, please jot down clearly inside your notebook. Once you hit the floor, you only can refer to their Infohub system or your simplified notes. You try to focus on the necessary topic first. Ask your trainer the most common inquiries about EACH topic. Because trust me, you can't remember 100% from class to call floor later on. 3. OICs might be helping you but they will expect you to work independently, and catch up so fast. Sometimes, they might get irritated when you ask twice because they think they already explained thousands of times. Perhaps the same questions also come from your colleagues. So for those who are not familiar with banking terms/products, if your background is not related to banking/financials, you have to learn yourself. This one is supposed to be okay, but if you need them and they don't entertain willingly, definitely that will let you down. 4. Systems are fine except I only encounter difficulties with R*W**, it needs to be redesigned to a friendlier interface at least for those agents. I think it's too chaotic and tedious. Just need to make it readable so that easier to answer the enquiries instead of arranging a callback because you usually need more time to extract the info. 5. No work-life balance, kindly expect this as you need to perform follow-ups. But, as recommended by OICs/seniors, try to multitask by submitting the SR while talking with customers. Either listen to rants and do your job, or just put them on hold to submit the SR, both have been practiced there. You can choose to claim OT as well at the end of the shift to submit the SR but extra works that you have to get validation from your OICs or TM. Despite this being normal, they needed to check first. 6. I realized that OICs might have different understandings. So well equipped yourself with knowledge, and practiced to rely on many OICs/TMs for the same inquiries. You will notice to get different answers. 7. The job is fun, especially for those who like to talk to people and assist them. I wanted to stay but I felt disappointed for a couple of reasons, which made me resign. But rest assured, if you have REALLY good support and fun colleagues, you actually can survive."
594,270,United Overseas Bank,review_body_text,12,"So for those who want to revise, please jot down clearly inside your notebook.","1. You need to have communication skills including negotiation, patience, and listening skills to assist the customers with their inquiries outstandingly. Customers are generally normal and sane. Regardless they might rant because they are having difficulties. Just assist, advise, and resolve. 2. Systems are numerous. Getting used to its interface. Your daily tasks may help you to improve how to utilize them. Also, please give ample time to catch up and get used to the systems even though OIC might not assist you many times. Some OICs did good things when they willingly shared notes about raising the service request. You just need to refer. 3. The 1-month training class might not be enough, the notes you can't gather from outside of class. So for those who want to revise, please jot down clearly inside your notebook. Once you hit the floor, you only can refer to their Infohub system or your simplified notes. You try to focus on the necessary topic first. Ask your trainer the most common inquiries about EACH topic. Because trust me, you can't remember 100% from class to call floor later on. 3. OICs might be helping you but they will expect you to work independently, and catch up so fast. Sometimes, they might get irritated when you ask twice because they think they already explained thousands of times. Perhaps the same questions also come from your colleagues. So for those who are not familiar with banking terms/products, if your background is not related to banking/financials, you have to learn yourself. This one is supposed to be okay, but if you need them and they don't entertain willingly, definitely that will let you down. 4. Systems are fine except I only encounter difficulties with R*W**, it needs to be redesigned to a friendlier interface at least for those agents. I think it's too chaotic and tedious. Just need to make it readable so that easier to answer the enquiries instead of arranging a callback because you usually need more time to extract the info. 5. No work-life balance, kindly expect this as you need to perform follow-ups. But, as recommended by OICs/seniors, try to multitask by submitting the SR while talking with customers. Either listen to rants and do your job, or just put them on hold to submit the SR, both have been practiced there. You can choose to claim OT as well at the end of the shift to submit the SR but extra works that you have to get validation from your OICs or TM. Despite this being normal, they needed to check first. 6. I realized that OICs might have different understandings. So well equipped yourself with knowledge, and practiced to rely on many OICs/TMs for the same inquiries. You will notice to get different answers. 7. The job is fun, especially for those who like to talk to people and assist them. I wanted to stay but I felt disappointed for a couple of reasons, which made me resign. But rest assured, if you have REALLY good support and fun colleagues, you actually can survive."
594,270,United Overseas Bank,review_body_text,13,"Once you hit the floor, you only can refer to their Infohub system or your simplified notes.","1. You need to have communication skills including negotiation, patience, and listening skills to assist the customers with their inquiries outstandingly. Customers are generally normal and sane. Regardless they might rant because they are having difficulties. Just assist, advise, and resolve. 2. Systems are numerous. Getting used to its interface. Your daily tasks may help you to improve how to utilize them. Also, please give ample time to catch up and get used to the systems even though OIC might not assist you many times. Some OICs did good things when they willingly shared notes about raising the service request. You just need to refer. 3. The 1-month training class might not be enough, the notes you can't gather from outside of class. So for those who want to revise, please jot down clearly inside your notebook. Once you hit the floor, you only can refer to their Infohub system or your simplified notes. You try to focus on the necessary topic first. Ask your trainer the most common inquiries about EACH topic. Because trust me, you can't remember 100% from class to call floor later on. 3. OICs might be helping you but they will expect you to work independently, and catch up so fast. Sometimes, they might get irritated when you ask twice because they think they already explained thousands of times. Perhaps the same questions also come from your colleagues. So for those who are not familiar with banking terms/products, if your background is not related to banking/financials, you have to learn yourself. This one is supposed to be okay, but if you need them and they don't entertain willingly, definitely that will let you down. 4. Systems are fine except I only encounter difficulties with R*W**, it needs to be redesigned to a friendlier interface at least for those agents. I think it's too chaotic and tedious. Just need to make it readable so that easier to answer the enquiries instead of arranging a callback because you usually need more time to extract the info. 5. No work-life balance, kindly expect this as you need to perform follow-ups. But, as recommended by OICs/seniors, try to multitask by submitting the SR while talking with customers. Either listen to rants and do your job, or just put them on hold to submit the SR, both have been practiced there. You can choose to claim OT as well at the end of the shift to submit the SR but extra works that you have to get validation from your OICs or TM. Despite this being normal, they needed to check first. 6. I realized that OICs might have different understandings. So well equipped yourself with knowledge, and practiced to rely on many OICs/TMs for the same inquiries. You will notice to get different answers. 7. The job is fun, especially for those who like to talk to people and assist them. I wanted to stay but I felt disappointed for a couple of reasons, which made me resign. But rest assured, if you have REALLY good support and fun colleagues, you actually can survive."
594,270,United Overseas Bank,review_body_text,14,You try to focus on the necessary topic first.,"1. You need to have communication skills including negotiation, patience, and listening skills to assist the customers with their inquiries outstandingly. Customers are generally normal and sane. Regardless they might rant because they are having difficulties. Just assist, advise, and resolve. 2. Systems are numerous. Getting used to its interface. Your daily tasks may help you to improve how to utilize them. Also, please give ample time to catch up and get used to the systems even though OIC might not assist you many times. Some OICs did good things when they willingly shared notes about raising the service request. You just need to refer. 3. The 1-month training class might not be enough, the notes you can't gather from outside of class. So for those who want to revise, please jot down clearly inside your notebook. Once you hit the floor, you only can refer to their Infohub system or your simplified notes. You try to focus on the necessary topic first. Ask your trainer the most common inquiries about EACH topic. Because trust me, you can't remember 100% from class to call floor later on. 3. OICs might be helping you but they will expect you to work independently, and catch up so fast. Sometimes, they might get irritated when you ask twice because they think they already explained thousands of times. Perhaps the same questions also come from your colleagues. So for those who are not familiar with banking terms/products, if your background is not related to banking/financials, you have to learn yourself. This one is supposed to be okay, but if you need them and they don't entertain willingly, definitely that will let you down. 4. Systems are fine except I only encounter difficulties with R*W**, it needs to be redesigned to a friendlier interface at least for those agents. I think it's too chaotic and tedious. Just need to make it readable so that easier to answer the enquiries instead of arranging a callback because you usually need more time to extract the info. 5. No work-life balance, kindly expect this as you need to perform follow-ups. But, as recommended by OICs/seniors, try to multitask by submitting the SR while talking with customers. Either listen to rants and do your job, or just put them on hold to submit the SR, both have been practiced there. You can choose to claim OT as well at the end of the shift to submit the SR but extra works that you have to get validation from your OICs or TM. Despite this being normal, they needed to check first. 6. I realized that OICs might have different understandings. So well equipped yourself with knowledge, and practiced to rely on many OICs/TMs for the same inquiries. You will notice to get different answers. 7. The job is fun, especially for those who like to talk to people and assist them. I wanted to stay but I felt disappointed for a couple of reasons, which made me resign. But rest assured, if you have REALLY good support and fun colleagues, you actually can survive."
594,270,United Overseas Bank,review_body_text,15,Ask your trainer the most common inquiries about EACH topic.,"1. You need to have communication skills including negotiation, patience, and listening skills to assist the customers with their inquiries outstandingly. Customers are generally normal and sane. Regardless they might rant because they are having difficulties. Just assist, advise, and resolve. 2. Systems are numerous. Getting used to its interface. Your daily tasks may help you to improve how to utilize them. Also, please give ample time to catch up and get used to the systems even though OIC might not assist you many times. Some OICs did good things when they willingly shared notes about raising the service request. You just need to refer. 3. The 1-month training class might not be enough, the notes you can't gather from outside of class. So for those who want to revise, please jot down clearly inside your notebook. Once you hit the floor, you only can refer to their Infohub system or your simplified notes. You try to focus on the necessary topic first. Ask your trainer the most common inquiries about EACH topic. Because trust me, you can't remember 100% from class to call floor later on. 3. OICs might be helping you but they will expect you to work independently, and catch up so fast. Sometimes, they might get irritated when you ask twice because they think they already explained thousands of times. Perhaps the same questions also come from your colleagues. So for those who are not familiar with banking terms/products, if your background is not related to banking/financials, you have to learn yourself. This one is supposed to be okay, but if you need them and they don't entertain willingly, definitely that will let you down. 4. Systems are fine except I only encounter difficulties with R*W**, it needs to be redesigned to a friendlier interface at least for those agents. I think it's too chaotic and tedious. Just need to make it readable so that easier to answer the enquiries instead of arranging a callback because you usually need more time to extract the info. 5. No work-life balance, kindly expect this as you need to perform follow-ups. But, as recommended by OICs/seniors, try to multitask by submitting the SR while talking with customers. Either listen to rants and do your job, or just put them on hold to submit the SR, both have been practiced there. You can choose to claim OT as well at the end of the shift to submit the SR but extra works that you have to get validation from your OICs or TM. Despite this being normal, they needed to check first. 6. I realized that OICs might have different understandings. So well equipped yourself with knowledge, and practiced to rely on many OICs/TMs for the same inquiries. You will notice to get different answers. 7. The job is fun, especially for those who like to talk to people and assist them. I wanted to stay but I felt disappointed for a couple of reasons, which made me resign. But rest assured, if you have REALLY good support and fun colleagues, you actually can survive."
594,270,United Overseas Bank,review_body_text,16,"Because trust me, you can't remember 100% from class to call floor later on.","1. You need to have communication skills including negotiation, patience, and listening skills to assist the customers with their inquiries outstandingly. Customers are generally normal and sane. Regardless they might rant because they are having difficulties. Just assist, advise, and resolve. 2. Systems are numerous. Getting used to its interface. Your daily tasks may help you to improve how to utilize them. Also, please give ample time to catch up and get used to the systems even though OIC might not assist you many times. Some OICs did good things when they willingly shared notes about raising the service request. You just need to refer. 3. The 1-month training class might not be enough, the notes you can't gather from outside of class. So for those who want to revise, please jot down clearly inside your notebook. Once you hit the floor, you only can refer to their Infohub system or your simplified notes. You try to focus on the necessary topic first. Ask your trainer the most common inquiries about EACH topic. Because trust me, you can't remember 100% from class to call floor later on. 3. OICs might be helping you but they will expect you to work independently, and catch up so fast. Sometimes, they might get irritated when you ask twice because they think they already explained thousands of times. Perhaps the same questions also come from your colleagues. So for those who are not familiar with banking terms/products, if your background is not related to banking/financials, you have to learn yourself. This one is supposed to be okay, but if you need them and they don't entertain willingly, definitely that will let you down. 4. Systems are fine except I only encounter difficulties with R*W**, it needs to be redesigned to a friendlier interface at least for those agents. I think it's too chaotic and tedious. Just need to make it readable so that easier to answer the enquiries instead of arranging a callback because you usually need more time to extract the info. 5. No work-life balance, kindly expect this as you need to perform follow-ups. But, as recommended by OICs/seniors, try to multitask by submitting the SR while talking with customers. Either listen to rants and do your job, or just put them on hold to submit the SR, both have been practiced there. You can choose to claim OT as well at the end of the shift to submit the SR but extra works that you have to get validation from your OICs or TM. Despite this being normal, they needed to check first. 6. I realized that OICs might have different understandings. So well equipped yourself with knowledge, and practiced to rely on many OICs/TMs for the same inquiries. You will notice to get different answers. 7. The job is fun, especially for those who like to talk to people and assist them. I wanted to stay but I felt disappointed for a couple of reasons, which made me resign. But rest assured, if you have REALLY good support and fun colleagues, you actually can survive."
594,270,United Overseas Bank,review_body_text,17,"OICs might be helping you but they will expect you to work independently, and catch up so fast.","1. You need to have communication skills including negotiation, patience, and listening skills to assist the customers with their inquiries outstandingly. Customers are generally normal and sane. Regardless they might rant because they are having difficulties. Just assist, advise, and resolve. 2. Systems are numerous. Getting used to its interface. Your daily tasks may help you to improve how to utilize them. Also, please give ample time to catch up and get used to the systems even though OIC might not assist you many times. Some OICs did good things when they willingly shared notes about raising the service request. You just need to refer. 3. The 1-month training class might not be enough, the notes you can't gather from outside of class. So for those who want to revise, please jot down clearly inside your notebook. Once you hit the floor, you only can refer to their Infohub system or your simplified notes. You try to focus on the necessary topic first. Ask your trainer the most common inquiries about EACH topic. Because trust me, you can't remember 100% from class to call floor later on. 3. OICs might be helping you but they will expect you to work independently, and catch up so fast. Sometimes, they might get irritated when you ask twice because they think they already explained thousands of times. Perhaps the same questions also come from your colleagues. So for those who are not familiar with banking terms/products, if your background is not related to banking/financials, you have to learn yourself. This one is supposed to be okay, but if you need them and they don't entertain willingly, definitely that will let you down. 4. Systems are fine except I only encounter difficulties with R*W**, it needs to be redesigned to a friendlier interface at least for those agents. I think it's too chaotic and tedious. Just need to make it readable so that easier to answer the enquiries instead of arranging a callback because you usually need more time to extract the info. 5. No work-life balance, kindly expect this as you need to perform follow-ups. But, as recommended by OICs/seniors, try to multitask by submitting the SR while talking with customers. Either listen to rants and do your job, or just put them on hold to submit the SR, both have been practiced there. You can choose to claim OT as well at the end of the shift to submit the SR but extra works that you have to get validation from your OICs or TM. Despite this being normal, they needed to check first. 6. I realized that OICs might have different understandings. So well equipped yourself with knowledge, and practiced to rely on many OICs/TMs for the same inquiries. You will notice to get different answers. 7. The job is fun, especially for those who like to talk to people and assist them. I wanted to stay but I felt disappointed for a couple of reasons, which made me resign. But rest assured, if you have REALLY good support and fun colleagues, you actually can survive."
594,270,United Overseas Bank,review_body_text,18,"Sometimes, they might get irritated when you ask twice because they think they already explained thousands of times.","1. You need to have communication skills including negotiation, patience, and listening skills to assist the customers with their inquiries outstandingly. Customers are generally normal and sane. Regardless they might rant because they are having difficulties. Just assist, advise, and resolve. 2. Systems are numerous. Getting used to its interface. Your daily tasks may help you to improve how to utilize them. Also, please give ample time to catch up and get used to the systems even though OIC might not assist you many times. Some OICs did good things when they willingly shared notes about raising the service request. You just need to refer. 3. The 1-month training class might not be enough, the notes you can't gather from outside of class. So for those who want to revise, please jot down clearly inside your notebook. Once you hit the floor, you only can refer to their Infohub system or your simplified notes. You try to focus on the necessary topic first. Ask your trainer the most common inquiries about EACH topic. Because trust me, you can't remember 100% from class to call floor later on. 3. OICs might be helping you but they will expect you to work independently, and catch up so fast. Sometimes, they might get irritated when you ask twice because they think they already explained thousands of times. Perhaps the same questions also come from your colleagues. So for those who are not familiar with banking terms/products, if your background is not related to banking/financials, you have to learn yourself. This one is supposed to be okay, but if you need them and they don't entertain willingly, definitely that will let you down. 4. Systems are fine except I only encounter difficulties with R*W**, it needs to be redesigned to a friendlier interface at least for those agents. I think it's too chaotic and tedious. Just need to make it readable so that easier to answer the enquiries instead of arranging a callback because you usually need more time to extract the info. 5. No work-life balance, kindly expect this as you need to perform follow-ups. But, as recommended by OICs/seniors, try to multitask by submitting the SR while talking with customers. Either listen to rants and do your job, or just put them on hold to submit the SR, both have been practiced there. You can choose to claim OT as well at the end of the shift to submit the SR but extra works that you have to get validation from your OICs or TM. Despite this being normal, they needed to check first. 6. I realized that OICs might have different understandings. So well equipped yourself with knowledge, and practiced to rely on many OICs/TMs for the same inquiries. You will notice to get different answers. 7. The job is fun, especially for those who like to talk to people and assist them. I wanted to stay but I felt disappointed for a couple of reasons, which made me resign. But rest assured, if you have REALLY good support and fun colleagues, you actually can survive."
594,270,United Overseas Bank,review_body_text,19,Perhaps the same questions also come from your colleagues.,"1. You need to have communication skills including negotiation, patience, and listening skills to assist the customers with their inquiries outstandingly. Customers are generally normal and sane. Regardless they might rant because they are having difficulties. Just assist, advise, and resolve. 2. Systems are numerous. Getting used to its interface. Your daily tasks may help you to improve how to utilize them. Also, please give ample time to catch up and get used to the systems even though OIC might not assist you many times. Some OICs did good things when they willingly shared notes about raising the service request. You just need to refer. 3. The 1-month training class might not be enough, the notes you can't gather from outside of class. So for those who want to revise, please jot down clearly inside your notebook. Once you hit the floor, you only can refer to their Infohub system or your simplified notes. You try to focus on the necessary topic first. Ask your trainer the most common inquiries about EACH topic. Because trust me, you can't remember 100% from class to call floor later on. 3. OICs might be helping you but they will expect you to work independently, and catch up so fast. Sometimes, they might get irritated when you ask twice because they think they already explained thousands of times. Perhaps the same questions also come from your colleagues. So for those who are not familiar with banking terms/products, if your background is not related to banking/financials, you have to learn yourself. This one is supposed to be okay, but if you need them and they don't entertain willingly, definitely that will let you down. 4. Systems are fine except I only encounter difficulties with R*W**, it needs to be redesigned to a friendlier interface at least for those agents. I think it's too chaotic and tedious. Just need to make it readable so that easier to answer the enquiries instead of arranging a callback because you usually need more time to extract the info. 5. No work-life balance, kindly expect this as you need to perform follow-ups. But, as recommended by OICs/seniors, try to multitask by submitting the SR while talking with customers. Either listen to rants and do your job, or just put them on hold to submit the SR, both have been practiced there. You can choose to claim OT as well at the end of the shift to submit the SR but extra works that you have to get validation from your OICs or TM. Despite this being normal, they needed to check first. 6. I realized that OICs might have different understandings. So well equipped yourself with knowledge, and practiced to rely on many OICs/TMs for the same inquiries. You will notice to get different answers. 7. The job is fun, especially for those who like to talk to people and assist them. I wanted to stay but I felt disappointed for a couple of reasons, which made me resign. But rest assured, if you have REALLY good support and fun colleagues, you actually can survive."
594,270,United Overseas Bank,review_body_text,20,"So for those who are not familiar with banking terms/products, if your background is not related to banking/financials, you have to learn yourself.","1. You need to have communication skills including negotiation, patience, and listening skills to assist the customers with their inquiries outstandingly. Customers are generally normal and sane. Regardless they might rant because they are having difficulties. Just assist, advise, and resolve. 2. Systems are numerous. Getting used to its interface. Your daily tasks may help you to improve how to utilize them. Also, please give ample time to catch up and get used to the systems even though OIC might not assist you many times. Some OICs did good things when they willingly shared notes about raising the service request. You just need to refer. 3. The 1-month training class might not be enough, the notes you can't gather from outside of class. So for those who want to revise, please jot down clearly inside your notebook. Once you hit the floor, you only can refer to their Infohub system or your simplified notes. You try to focus on the necessary topic first. Ask your trainer the most common inquiries about EACH topic. Because trust me, you can't remember 100% from class to call floor later on. 3. OICs might be helping you but they will expect you to work independently, and catch up so fast. Sometimes, they might get irritated when you ask twice because they think they already explained thousands of times. Perhaps the same questions also come from your colleagues. So for those who are not familiar with banking terms/products, if your background is not related to banking/financials, you have to learn yourself. This one is supposed to be okay, but if you need them and they don't entertain willingly, definitely that will let you down. 4. Systems are fine except I only encounter difficulties with R*W**, it needs to be redesigned to a friendlier interface at least for those agents. I think it's too chaotic and tedious. Just need to make it readable so that easier to answer the enquiries instead of arranging a callback because you usually need more time to extract the info. 5. No work-life balance, kindly expect this as you need to perform follow-ups. But, as recommended by OICs/seniors, try to multitask by submitting the SR while talking with customers. Either listen to rants and do your job, or just put them on hold to submit the SR, both have been practiced there. You can choose to claim OT as well at the end of the shift to submit the SR but extra works that you have to get validation from your OICs or TM. Despite this being normal, they needed to check first. 6. I realized that OICs might have different understandings. So well equipped yourself with knowledge, and practiced to rely on many OICs/TMs for the same inquiries. You will notice to get different answers. 7. The job is fun, especially for those who like to talk to people and assist them. I wanted to stay but I felt disappointed for a couple of reasons, which made me resign. But rest assured, if you have REALLY good support and fun colleagues, you actually can survive."
594,270,United Overseas Bank,review_body_text,21,"This one is supposed to be okay, but if you need them and they don't entertain willingly, definitely that will let you down.","1. You need to have communication skills including negotiation, patience, and listening skills to assist the customers with their inquiries outstandingly. Customers are generally normal and sane. Regardless they might rant because they are having difficulties. Just assist, advise, and resolve. 2. Systems are numerous. Getting used to its interface. Your daily tasks may help you to improve how to utilize them. Also, please give ample time to catch up and get used to the systems even though OIC might not assist you many times. Some OICs did good things when they willingly shared notes about raising the service request. You just need to refer. 3. The 1-month training class might not be enough, the notes you can't gather from outside of class. So for those who want to revise, please jot down clearly inside your notebook. Once you hit the floor, you only can refer to their Infohub system or your simplified notes. You try to focus on the necessary topic first. Ask your trainer the most common inquiries about EACH topic. Because trust me, you can't remember 100% from class to call floor later on. 3. OICs might be helping you but they will expect you to work independently, and catch up so fast. Sometimes, they might get irritated when you ask twice because they think they already explained thousands of times. Perhaps the same questions also come from your colleagues. So for those who are not familiar with banking terms/products, if your background is not related to banking/financials, you have to learn yourself. This one is supposed to be okay, but if you need them and they don't entertain willingly, definitely that will let you down. 4. Systems are fine except I only encounter difficulties with R*W**, it needs to be redesigned to a friendlier interface at least for those agents. I think it's too chaotic and tedious. Just need to make it readable so that easier to answer the enquiries instead of arranging a callback because you usually need more time to extract the info. 5. No work-life balance, kindly expect this as you need to perform follow-ups. But, as recommended by OICs/seniors, try to multitask by submitting the SR while talking with customers. Either listen to rants and do your job, or just put them on hold to submit the SR, both have been practiced there. You can choose to claim OT as well at the end of the shift to submit the SR but extra works that you have to get validation from your OICs or TM. Despite this being normal, they needed to check first. 6. I realized that OICs might have different understandings. So well equipped yourself with knowledge, and practiced to rely on many OICs/TMs for the same inquiries. You will notice to get different answers. 7. The job is fun, especially for those who like to talk to people and assist them. I wanted to stay but I felt disappointed for a couple of reasons, which made me resign. But rest assured, if you have REALLY good support and fun colleagues, you actually can survive."
594,270,United Overseas Bank,review_body_text,22,"Systems are fine except I only encounter difficulties with R*W**, it needs to be redesigned to a friendlier interface at least for those agents.","1. You need to have communication skills including negotiation, patience, and listening skills to assist the customers with their inquiries outstandingly. Customers are generally normal and sane. Regardless they might rant because they are having difficulties. Just assist, advise, and resolve. 2. Systems are numerous. Getting used to its interface. Your daily tasks may help you to improve how to utilize them. Also, please give ample time to catch up and get used to the systems even though OIC might not assist you many times. Some OICs did good things when they willingly shared notes about raising the service request. You just need to refer. 3. The 1-month training class might not be enough, the notes you can't gather from outside of class. So for those who want to revise, please jot down clearly inside your notebook. Once you hit the floor, you only can refer to their Infohub system or your simplified notes. You try to focus on the necessary topic first. Ask your trainer the most common inquiries about EACH topic. Because trust me, you can't remember 100% from class to call floor later on. 3. OICs might be helping you but they will expect you to work independently, and catch up so fast. Sometimes, they might get irritated when you ask twice because they think they already explained thousands of times. Perhaps the same questions also come from your colleagues. So for those who are not familiar with banking terms/products, if your background is not related to banking/financials, you have to learn yourself. This one is supposed to be okay, but if you need them and they don't entertain willingly, definitely that will let you down. 4. Systems are fine except I only encounter difficulties with R*W**, it needs to be redesigned to a friendlier interface at least for those agents. I think it's too chaotic and tedious. Just need to make it readable so that easier to answer the enquiries instead of arranging a callback because you usually need more time to extract the info. 5. No work-life balance, kindly expect this as you need to perform follow-ups. But, as recommended by OICs/seniors, try to multitask by submitting the SR while talking with customers. Either listen to rants and do your job, or just put them on hold to submit the SR, both have been practiced there. You can choose to claim OT as well at the end of the shift to submit the SR but extra works that you have to get validation from your OICs or TM. Despite this being normal, they needed to check first. 6. I realized that OICs might have different understandings. So well equipped yourself with knowledge, and practiced to rely on many OICs/TMs for the same inquiries. You will notice to get different answers. 7. The job is fun, especially for those who like to talk to people and assist them. I wanted to stay but I felt disappointed for a couple of reasons, which made me resign. But rest assured, if you have REALLY good support and fun colleagues, you actually can survive."
594,270,United Overseas Bank,review_body_text,23,I think it's too chaotic and tedious.,"1. You need to have communication skills including negotiation, patience, and listening skills to assist the customers with their inquiries outstandingly. Customers are generally normal and sane. Regardless they might rant because they are having difficulties. Just assist, advise, and resolve. 2. Systems are numerous. Getting used to its interface. Your daily tasks may help you to improve how to utilize them. Also, please give ample time to catch up and get used to the systems even though OIC might not assist you many times. Some OICs did good things when they willingly shared notes about raising the service request. You just need to refer. 3. The 1-month training class might not be enough, the notes you can't gather from outside of class. So for those who want to revise, please jot down clearly inside your notebook. Once you hit the floor, you only can refer to their Infohub system or your simplified notes. You try to focus on the necessary topic first. Ask your trainer the most common inquiries about EACH topic. Because trust me, you can't remember 100% from class to call floor later on. 3. OICs might be helping you but they will expect you to work independently, and catch up so fast. Sometimes, they might get irritated when you ask twice because they think they already explained thousands of times. Perhaps the same questions also come from your colleagues. So for those who are not familiar with banking terms/products, if your background is not related to banking/financials, you have to learn yourself. This one is supposed to be okay, but if you need them and they don't entertain willingly, definitely that will let you down. 4. Systems are fine except I only encounter difficulties with R*W**, it needs to be redesigned to a friendlier interface at least for those agents. I think it's too chaotic and tedious. Just need to make it readable so that easier to answer the enquiries instead of arranging a callback because you usually need more time to extract the info. 5. No work-life balance, kindly expect this as you need to perform follow-ups. But, as recommended by OICs/seniors, try to multitask by submitting the SR while talking with customers. Either listen to rants and do your job, or just put them on hold to submit the SR, both have been practiced there. You can choose to claim OT as well at the end of the shift to submit the SR but extra works that you have to get validation from your OICs or TM. Despite this being normal, they needed to check first. 6. I realized that OICs might have different understandings. So well equipped yourself with knowledge, and practiced to rely on many OICs/TMs for the same inquiries. You will notice to get different answers. 7. The job is fun, especially for those who like to talk to people and assist them. I wanted to stay but I felt disappointed for a couple of reasons, which made me resign. But rest assured, if you have REALLY good support and fun colleagues, you actually can survive."
594,270,United Overseas Bank,review_body_text,24,Just need to make it readable so that easier to answer the enquiries instead of arranging a callback because you usually need more time to extract the info.,"1. You need to have communication skills including negotiation, patience, and listening skills to assist the customers with their inquiries outstandingly. Customers are generally normal and sane. Regardless they might rant because they are having difficulties. Just assist, advise, and resolve. 2. Systems are numerous. Getting used to its interface. Your daily tasks may help you to improve how to utilize them. Also, please give ample time to catch up and get used to the systems even though OIC might not assist you many times. Some OICs did good things when they willingly shared notes about raising the service request. You just need to refer. 3. The 1-month training class might not be enough, the notes you can't gather from outside of class. So for those who want to revise, please jot down clearly inside your notebook. Once you hit the floor, you only can refer to their Infohub system or your simplified notes. You try to focus on the necessary topic first. Ask your trainer the most common inquiries about EACH topic. Because trust me, you can't remember 100% from class to call floor later on. 3. OICs might be helping you but they will expect you to work independently, and catch up so fast. Sometimes, they might get irritated when you ask twice because they think they already explained thousands of times. Perhaps the same questions also come from your colleagues. So for those who are not familiar with banking terms/products, if your background is not related to banking/financials, you have to learn yourself. This one is supposed to be okay, but if you need them and they don't entertain willingly, definitely that will let you down. 4. Systems are fine except I only encounter difficulties with R*W**, it needs to be redesigned to a friendlier interface at least for those agents. I think it's too chaotic and tedious. Just need to make it readable so that easier to answer the enquiries instead of arranging a callback because you usually need more time to extract the info. 5. No work-life balance, kindly expect this as you need to perform follow-ups. But, as recommended by OICs/seniors, try to multitask by submitting the SR while talking with customers. Either listen to rants and do your job, or just put them on hold to submit the SR, both have been practiced there. You can choose to claim OT as well at the end of the shift to submit the SR but extra works that you have to get validation from your OICs or TM. Despite this being normal, they needed to check first. 6. I realized that OICs might have different understandings. So well equipped yourself with knowledge, and practiced to rely on many OICs/TMs for the same inquiries. You will notice to get different answers. 7. The job is fun, especially for those who like to talk to people and assist them. I wanted to stay but I felt disappointed for a couple of reasons, which made me resign. But rest assured, if you have REALLY good support and fun colleagues, you actually can survive."
594,270,United Overseas Bank,review_body_text,25,"No work-life balance, kindly expect this as you need to perform follow-ups.","1. You need to have communication skills including negotiation, patience, and listening skills to assist the customers with their inquiries outstandingly. Customers are generally normal and sane. Regardless they might rant because they are having difficulties. Just assist, advise, and resolve. 2. Systems are numerous. Getting used to its interface. Your daily tasks may help you to improve how to utilize them. Also, please give ample time to catch up and get used to the systems even though OIC might not assist you many times. Some OICs did good things when they willingly shared notes about raising the service request. You just need to refer. 3. The 1-month training class might not be enough, the notes you can't gather from outside of class. So for those who want to revise, please jot down clearly inside your notebook. Once you hit the floor, you only can refer to their Infohub system or your simplified notes. You try to focus on the necessary topic first. Ask your trainer the most common inquiries about EACH topic. Because trust me, you can't remember 100% from class to call floor later on. 3. OICs might be helping you but they will expect you to work independently, and catch up so fast. Sometimes, they might get irritated when you ask twice because they think they already explained thousands of times. Perhaps the same questions also come from your colleagues. So for those who are not familiar with banking terms/products, if your background is not related to banking/financials, you have to learn yourself. This one is supposed to be okay, but if you need them and they don't entertain willingly, definitely that will let you down. 4. Systems are fine except I only encounter difficulties with R*W**, it needs to be redesigned to a friendlier interface at least for those agents. I think it's too chaotic and tedious. Just need to make it readable so that easier to answer the enquiries instead of arranging a callback because you usually need more time to extract the info. 5. No work-life balance, kindly expect this as you need to perform follow-ups. But, as recommended by OICs/seniors, try to multitask by submitting the SR while talking with customers. Either listen to rants and do your job, or just put them on hold to submit the SR, both have been practiced there. You can choose to claim OT as well at the end of the shift to submit the SR but extra works that you have to get validation from your OICs or TM. Despite this being normal, they needed to check first. 6. I realized that OICs might have different understandings. So well equipped yourself with knowledge, and practiced to rely on many OICs/TMs for the same inquiries. You will notice to get different answers. 7. The job is fun, especially for those who like to talk to people and assist them. I wanted to stay but I felt disappointed for a couple of reasons, which made me resign. But rest assured, if you have REALLY good support and fun colleagues, you actually can survive."
594,270,United Overseas Bank,review_body_text,26,"But, as recommended by OICs/seniors, try to multitask by submitting the SR while talking with customers.","1. You need to have communication skills including negotiation, patience, and listening skills to assist the customers with their inquiries outstandingly. Customers are generally normal and sane. Regardless they might rant because they are having difficulties. Just assist, advise, and resolve. 2. Systems are numerous. Getting used to its interface. Your daily tasks may help you to improve how to utilize them. Also, please give ample time to catch up and get used to the systems even though OIC might not assist you many times. Some OICs did good things when they willingly shared notes about raising the service request. You just need to refer. 3. The 1-month training class might not be enough, the notes you can't gather from outside of class. So for those who want to revise, please jot down clearly inside your notebook. Once you hit the floor, you only can refer to their Infohub system or your simplified notes. You try to focus on the necessary topic first. Ask your trainer the most common inquiries about EACH topic. Because trust me, you can't remember 100% from class to call floor later on. 3. OICs might be helping you but they will expect you to work independently, and catch up so fast. Sometimes, they might get irritated when you ask twice because they think they already explained thousands of times. Perhaps the same questions also come from your colleagues. So for those who are not familiar with banking terms/products, if your background is not related to banking/financials, you have to learn yourself. This one is supposed to be okay, but if you need them and they don't entertain willingly, definitely that will let you down. 4. Systems are fine except I only encounter difficulties with R*W**, it needs to be redesigned to a friendlier interface at least for those agents. I think it's too chaotic and tedious. Just need to make it readable so that easier to answer the enquiries instead of arranging a callback because you usually need more time to extract the info. 5. No work-life balance, kindly expect this as you need to perform follow-ups. But, as recommended by OICs/seniors, try to multitask by submitting the SR while talking with customers. Either listen to rants and do your job, or just put them on hold to submit the SR, both have been practiced there. You can choose to claim OT as well at the end of the shift to submit the SR but extra works that you have to get validation from your OICs or TM. Despite this being normal, they needed to check first. 6. I realized that OICs might have different understandings. So well equipped yourself with knowledge, and practiced to rely on many OICs/TMs for the same inquiries. You will notice to get different answers. 7. The job is fun, especially for those who like to talk to people and assist them. I wanted to stay but I felt disappointed for a couple of reasons, which made me resign. But rest assured, if you have REALLY good support and fun colleagues, you actually can survive."
594,270,United Overseas Bank,review_body_text,27,"Either listen to rants and do your job, or just put them on hold to submit the SR, both have been practiced there.","1. You need to have communication skills including negotiation, patience, and listening skills to assist the customers with their inquiries outstandingly. Customers are generally normal and sane. Regardless they might rant because they are having difficulties. Just assist, advise, and resolve. 2. Systems are numerous. Getting used to its interface. Your daily tasks may help you to improve how to utilize them. Also, please give ample time to catch up and get used to the systems even though OIC might not assist you many times. Some OICs did good things when they willingly shared notes about raising the service request. You just need to refer. 3. The 1-month training class might not be enough, the notes you can't gather from outside of class. So for those who want to revise, please jot down clearly inside your notebook. Once you hit the floor, you only can refer to their Infohub system or your simplified notes. You try to focus on the necessary topic first. Ask your trainer the most common inquiries about EACH topic. Because trust me, you can't remember 100% from class to call floor later on. 3. OICs might be helping you but they will expect you to work independently, and catch up so fast. Sometimes, they might get irritated when you ask twice because they think they already explained thousands of times. Perhaps the same questions also come from your colleagues. So for those who are not familiar with banking terms/products, if your background is not related to banking/financials, you have to learn yourself. This one is supposed to be okay, but if you need them and they don't entertain willingly, definitely that will let you down. 4. Systems are fine except I only encounter difficulties with R*W**, it needs to be redesigned to a friendlier interface at least for those agents. I think it's too chaotic and tedious. Just need to make it readable so that easier to answer the enquiries instead of arranging a callback because you usually need more time to extract the info. 5. No work-life balance, kindly expect this as you need to perform follow-ups. But, as recommended by OICs/seniors, try to multitask by submitting the SR while talking with customers. Either listen to rants and do your job, or just put them on hold to submit the SR, both have been practiced there. You can choose to claim OT as well at the end of the shift to submit the SR but extra works that you have to get validation from your OICs or TM. Despite this being normal, they needed to check first. 6. I realized that OICs might have different understandings. So well equipped yourself with knowledge, and practiced to rely on many OICs/TMs for the same inquiries. You will notice to get different answers. 7. The job is fun, especially for those who like to talk to people and assist them. I wanted to stay but I felt disappointed for a couple of reasons, which made me resign. But rest assured, if you have REALLY good support and fun colleagues, you actually can survive."
594,270,United Overseas Bank,review_body_text,28,You can choose to claim OT as well at the end of the shift to submit the SR but extra works that you have to get validation from your OICs or TM.,"1. You need to have communication skills including negotiation, patience, and listening skills to assist the customers with their inquiries outstandingly. Customers are generally normal and sane. Regardless they might rant because they are having difficulties. Just assist, advise, and resolve. 2. Systems are numerous. Getting used to its interface. Your daily tasks may help you to improve how to utilize them. Also, please give ample time to catch up and get used to the systems even though OIC might not assist you many times. Some OICs did good things when they willingly shared notes about raising the service request. You just need to refer. 3. The 1-month training class might not be enough, the notes you can't gather from outside of class. So for those who want to revise, please jot down clearly inside your notebook. Once you hit the floor, you only can refer to their Infohub system or your simplified notes. You try to focus on the necessary topic first. Ask your trainer the most common inquiries about EACH topic. Because trust me, you can't remember 100% from class to call floor later on. 3. OICs might be helping you but they will expect you to work independently, and catch up so fast. Sometimes, they might get irritated when you ask twice because they think they already explained thousands of times. Perhaps the same questions also come from your colleagues. So for those who are not familiar with banking terms/products, if your background is not related to banking/financials, you have to learn yourself. This one is supposed to be okay, but if you need them and they don't entertain willingly, definitely that will let you down. 4. Systems are fine except I only encounter difficulties with R*W**, it needs to be redesigned to a friendlier interface at least for those agents. I think it's too chaotic and tedious. Just need to make it readable so that easier to answer the enquiries instead of arranging a callback because you usually need more time to extract the info. 5. No work-life balance, kindly expect this as you need to perform follow-ups. But, as recommended by OICs/seniors, try to multitask by submitting the SR while talking with customers. Either listen to rants and do your job, or just put them on hold to submit the SR, both have been practiced there. You can choose to claim OT as well at the end of the shift to submit the SR but extra works that you have to get validation from your OICs or TM. Despite this being normal, they needed to check first. 6. I realized that OICs might have different understandings. So well equipped yourself with knowledge, and practiced to rely on many OICs/TMs for the same inquiries. You will notice to get different answers. 7. The job is fun, especially for those who like to talk to people and assist them. I wanted to stay but I felt disappointed for a couple of reasons, which made me resign. But rest assured, if you have REALLY good support and fun colleagues, you actually can survive."
594,270,United Overseas Bank,review_body_text,29,"Despite this being normal, they needed to check first.","1. You need to have communication skills including negotiation, patience, and listening skills to assist the customers with their inquiries outstandingly. Customers are generally normal and sane. Regardless they might rant because they are having difficulties. Just assist, advise, and resolve. 2. Systems are numerous. Getting used to its interface. Your daily tasks may help you to improve how to utilize them. Also, please give ample time to catch up and get used to the systems even though OIC might not assist you many times. Some OICs did good things when they willingly shared notes about raising the service request. You just need to refer. 3. The 1-month training class might not be enough, the notes you can't gather from outside of class. So for those who want to revise, please jot down clearly inside your notebook. Once you hit the floor, you only can refer to their Infohub system or your simplified notes. You try to focus on the necessary topic first. Ask your trainer the most common inquiries about EACH topic. Because trust me, you can't remember 100% from class to call floor later on. 3. OICs might be helping you but they will expect you to work independently, and catch up so fast. Sometimes, they might get irritated when you ask twice because they think they already explained thousands of times. Perhaps the same questions also come from your colleagues. So for those who are not familiar with banking terms/products, if your background is not related to banking/financials, you have to learn yourself. This one is supposed to be okay, but if you need them and they don't entertain willingly, definitely that will let you down. 4. Systems are fine except I only encounter difficulties with R*W**, it needs to be redesigned to a friendlier interface at least for those agents. I think it's too chaotic and tedious. Just need to make it readable so that easier to answer the enquiries instead of arranging a callback because you usually need more time to extract the info. 5. No work-life balance, kindly expect this as you need to perform follow-ups. But, as recommended by OICs/seniors, try to multitask by submitting the SR while talking with customers. Either listen to rants and do your job, or just put them on hold to submit the SR, both have been practiced there. You can choose to claim OT as well at the end of the shift to submit the SR but extra works that you have to get validation from your OICs or TM. Despite this being normal, they needed to check first. 6. I realized that OICs might have different understandings. So well equipped yourself with knowledge, and practiced to rely on many OICs/TMs for the same inquiries. You will notice to get different answers. 7. The job is fun, especially for those who like to talk to people and assist them. I wanted to stay but I felt disappointed for a couple of reasons, which made me resign. But rest assured, if you have REALLY good support and fun colleagues, you actually can survive."
594,270,United Overseas Bank,review_body_text,30,I realized that OICs might have different understandings.,"1. You need to have communication skills including negotiation, patience, and listening skills to assist the customers with their inquiries outstandingly. Customers are generally normal and sane. Regardless they might rant because they are having difficulties. Just assist, advise, and resolve. 2. Systems are numerous. Getting used to its interface. Your daily tasks may help you to improve how to utilize them. Also, please give ample time to catch up and get used to the systems even though OIC might not assist you many times. Some OICs did good things when they willingly shared notes about raising the service request. You just need to refer. 3. The 1-month training class might not be enough, the notes you can't gather from outside of class. So for those who want to revise, please jot down clearly inside your notebook. Once you hit the floor, you only can refer to their Infohub system or your simplified notes. You try to focus on the necessary topic first. Ask your trainer the most common inquiries about EACH topic. Because trust me, you can't remember 100% from class to call floor later on. 3. OICs might be helping you but they will expect you to work independently, and catch up so fast. Sometimes, they might get irritated when you ask twice because they think they already explained thousands of times. Perhaps the same questions also come from your colleagues. So for those who are not familiar with banking terms/products, if your background is not related to banking/financials, you have to learn yourself. This one is supposed to be okay, but if you need them and they don't entertain willingly, definitely that will let you down. 4. Systems are fine except I only encounter difficulties with R*W**, it needs to be redesigned to a friendlier interface at least for those agents. I think it's too chaotic and tedious. Just need to make it readable so that easier to answer the enquiries instead of arranging a callback because you usually need more time to extract the info. 5. No work-life balance, kindly expect this as you need to perform follow-ups. But, as recommended by OICs/seniors, try to multitask by submitting the SR while talking with customers. Either listen to rants and do your job, or just put them on hold to submit the SR, both have been practiced there. You can choose to claim OT as well at the end of the shift to submit the SR but extra works that you have to get validation from your OICs or TM. Despite this being normal, they needed to check first. 6. I realized that OICs might have different understandings. So well equipped yourself with knowledge, and practiced to rely on many OICs/TMs for the same inquiries. You will notice to get different answers. 7. The job is fun, especially for those who like to talk to people and assist them. I wanted to stay but I felt disappointed for a couple of reasons, which made me resign. But rest assured, if you have REALLY good support and fun colleagues, you actually can survive."
594,270,United Overseas Bank,review_body_text,31,"So well equipped yourself with knowledge, and practiced to rely on many OICs/TMs for the same inquiries.","1. You need to have communication skills including negotiation, patience, and listening skills to assist the customers with their inquiries outstandingly. Customers are generally normal and sane. Regardless they might rant because they are having difficulties. Just assist, advise, and resolve. 2. Systems are numerous. Getting used to its interface. Your daily tasks may help you to improve how to utilize them. Also, please give ample time to catch up and get used to the systems even though OIC might not assist you many times. Some OICs did good things when they willingly shared notes about raising the service request. You just need to refer. 3. The 1-month training class might not be enough, the notes you can't gather from outside of class. So for those who want to revise, please jot down clearly inside your notebook. Once you hit the floor, you only can refer to their Infohub system or your simplified notes. You try to focus on the necessary topic first. Ask your trainer the most common inquiries about EACH topic. Because trust me, you can't remember 100% from class to call floor later on. 3. OICs might be helping you but they will expect you to work independently, and catch up so fast. Sometimes, they might get irritated when you ask twice because they think they already explained thousands of times. Perhaps the same questions also come from your colleagues. So for those who are not familiar with banking terms/products, if your background is not related to banking/financials, you have to learn yourself. This one is supposed to be okay, but if you need them and they don't entertain willingly, definitely that will let you down. 4. Systems are fine except I only encounter difficulties with R*W**, it needs to be redesigned to a friendlier interface at least for those agents. I think it's too chaotic and tedious. Just need to make it readable so that easier to answer the enquiries instead of arranging a callback because you usually need more time to extract the info. 5. No work-life balance, kindly expect this as you need to perform follow-ups. But, as recommended by OICs/seniors, try to multitask by submitting the SR while talking with customers. Either listen to rants and do your job, or just put them on hold to submit the SR, both have been practiced there. You can choose to claim OT as well at the end of the shift to submit the SR but extra works that you have to get validation from your OICs or TM. Despite this being normal, they needed to check first. 6. I realized that OICs might have different understandings. So well equipped yourself with knowledge, and practiced to rely on many OICs/TMs for the same inquiries. You will notice to get different answers. 7. The job is fun, especially for those who like to talk to people and assist them. I wanted to stay but I felt disappointed for a couple of reasons, which made me resign. But rest assured, if you have REALLY good support and fun colleagues, you actually can survive."
594,270,United Overseas Bank,review_body_text,32,You will notice to get different answers.,"1. You need to have communication skills including negotiation, patience, and listening skills to assist the customers with their inquiries outstandingly. Customers are generally normal and sane. Regardless they might rant because they are having difficulties. Just assist, advise, and resolve. 2. Systems are numerous. Getting used to its interface. Your daily tasks may help you to improve how to utilize them. Also, please give ample time to catch up and get used to the systems even though OIC might not assist you many times. Some OICs did good things when they willingly shared notes about raising the service request. You just need to refer. 3. The 1-month training class might not be enough, the notes you can't gather from outside of class. So for those who want to revise, please jot down clearly inside your notebook. Once you hit the floor, you only can refer to their Infohub system or your simplified notes. You try to focus on the necessary topic first. Ask your trainer the most common inquiries about EACH topic. Because trust me, you can't remember 100% from class to call floor later on. 3. OICs might be helping you but they will expect you to work independently, and catch up so fast. Sometimes, they might get irritated when you ask twice because they think they already explained thousands of times. Perhaps the same questions also come from your colleagues. So for those who are not familiar with banking terms/products, if your background is not related to banking/financials, you have to learn yourself. This one is supposed to be okay, but if you need them and they don't entertain willingly, definitely that will let you down. 4. Systems are fine except I only encounter difficulties with R*W**, it needs to be redesigned to a friendlier interface at least for those agents. I think it's too chaotic and tedious. Just need to make it readable so that easier to answer the enquiries instead of arranging a callback because you usually need more time to extract the info. 5. No work-life balance, kindly expect this as you need to perform follow-ups. But, as recommended by OICs/seniors, try to multitask by submitting the SR while talking with customers. Either listen to rants and do your job, or just put them on hold to submit the SR, both have been practiced there. You can choose to claim OT as well at the end of the shift to submit the SR but extra works that you have to get validation from your OICs or TM. Despite this being normal, they needed to check first. 6. I realized that OICs might have different understandings. So well equipped yourself with knowledge, and practiced to rely on many OICs/TMs for the same inquiries. You will notice to get different answers. 7. The job is fun, especially for those who like to talk to people and assist them. I wanted to stay but I felt disappointed for a couple of reasons, which made me resign. But rest assured, if you have REALLY good support and fun colleagues, you actually can survive."
594,270,United Overseas Bank,review_body_text,33,"The job is fun, especially for those who like to talk to people and assist them.","1. You need to have communication skills including negotiation, patience, and listening skills to assist the customers with their inquiries outstandingly. Customers are generally normal and sane. Regardless they might rant because they are having difficulties. Just assist, advise, and resolve. 2. Systems are numerous. Getting used to its interface. Your daily tasks may help you to improve how to utilize them. Also, please give ample time to catch up and get used to the systems even though OIC might not assist you many times. Some OICs did good things when they willingly shared notes about raising the service request. You just need to refer. 3. The 1-month training class might not be enough, the notes you can't gather from outside of class. So for those who want to revise, please jot down clearly inside your notebook. Once you hit the floor, you only can refer to their Infohub system or your simplified notes. You try to focus on the necessary topic first. Ask your trainer the most common inquiries about EACH topic. Because trust me, you can't remember 100% from class to call floor later on. 3. OICs might be helping you but they will expect you to work independently, and catch up so fast. Sometimes, they might get irritated when you ask twice because they think they already explained thousands of times. Perhaps the same questions also come from your colleagues. So for those who are not familiar with banking terms/products, if your background is not related to banking/financials, you have to learn yourself. This one is supposed to be okay, but if you need them and they don't entertain willingly, definitely that will let you down. 4. Systems are fine except I only encounter difficulties with R*W**, it needs to be redesigned to a friendlier interface at least for those agents. I think it's too chaotic and tedious. Just need to make it readable so that easier to answer the enquiries instead of arranging a callback because you usually need more time to extract the info. 5. No work-life balance, kindly expect this as you need to perform follow-ups. But, as recommended by OICs/seniors, try to multitask by submitting the SR while talking with customers. Either listen to rants and do your job, or just put them on hold to submit the SR, both have been practiced there. You can choose to claim OT as well at the end of the shift to submit the SR but extra works that you have to get validation from your OICs or TM. Despite this being normal, they needed to check first. 6. I realized that OICs might have different understandings. So well equipped yourself with knowledge, and practiced to rely on many OICs/TMs for the same inquiries. You will notice to get different answers. 7. The job is fun, especially for those who like to talk to people and assist them. I wanted to stay but I felt disappointed for a couple of reasons, which made me resign. But rest assured, if you have REALLY good support and fun colleagues, you actually can survive."
594,270,United Overseas Bank,review_body_text,34,"I wanted to stay but I felt disappointed for a couple of reasons, which made me resign.","1. You need to have communication skills including negotiation, patience, and listening skills to assist the customers with their inquiries outstandingly. Customers are generally normal and sane. Regardless they might rant because they are having difficulties. Just assist, advise, and resolve. 2. Systems are numerous. Getting used to its interface. Your daily tasks may help you to improve how to utilize them. Also, please give ample time to catch up and get used to the systems even though OIC might not assist you many times. Some OICs did good things when they willingly shared notes about raising the service request. You just need to refer. 3. The 1-month training class might not be enough, the notes you can't gather from outside of class. So for those who want to revise, please jot down clearly inside your notebook. Once you hit the floor, you only can refer to their Infohub system or your simplified notes. You try to focus on the necessary topic first. Ask your trainer the most common inquiries about EACH topic. Because trust me, you can't remember 100% from class to call floor later on. 3. OICs might be helping you but they will expect you to work independently, and catch up so fast. Sometimes, they might get irritated when you ask twice because they think they already explained thousands of times. Perhaps the same questions also come from your colleagues. So for those who are not familiar with banking terms/products, if your background is not related to banking/financials, you have to learn yourself. This one is supposed to be okay, but if you need them and they don't entertain willingly, definitely that will let you down. 4. Systems are fine except I only encounter difficulties with R*W**, it needs to be redesigned to a friendlier interface at least for those agents. I think it's too chaotic and tedious. Just need to make it readable so that easier to answer the enquiries instead of arranging a callback because you usually need more time to extract the info. 5. No work-life balance, kindly expect this as you need to perform follow-ups. But, as recommended by OICs/seniors, try to multitask by submitting the SR while talking with customers. Either listen to rants and do your job, or just put them on hold to submit the SR, both have been practiced there. You can choose to claim OT as well at the end of the shift to submit the SR but extra works that you have to get validation from your OICs or TM. Despite this being normal, they needed to check first. 6. I realized that OICs might have different understandings. So well equipped yourself with knowledge, and practiced to rely on many OICs/TMs for the same inquiries. You will notice to get different answers. 7. The job is fun, especially for those who like to talk to people and assist them. I wanted to stay but I felt disappointed for a couple of reasons, which made me resign. But rest assured, if you have REALLY good support and fun colleagues, you actually can survive."
594,270,United Overseas Bank,review_body_text,35,"But rest assured, if you have REALLY good support and fun colleagues, you actually can survive.","1. You need to have communication skills including negotiation, patience, and listening skills to assist the customers with their inquiries outstandingly. Customers are generally normal and sane. Regardless they might rant because they are having difficulties. Just assist, advise, and resolve. 2. Systems are numerous. Getting used to its interface. Your daily tasks may help you to improve how to utilize them. Also, please give ample time to catch up and get used to the systems even though OIC might not assist you many times. Some OICs did good things when they willingly shared notes about raising the service request. You just need to refer. 3. The 1-month training class might not be enough, the notes you can't gather from outside of class. So for those who want to revise, please jot down clearly inside your notebook. Once you hit the floor, you only can refer to their Infohub system or your simplified notes. You try to focus on the necessary topic first. Ask your trainer the most common inquiries about EACH topic. Because trust me, you can't remember 100% from class to call floor later on. 3. OICs might be helping you but they will expect you to work independently, and catch up so fast. Sometimes, they might get irritated when you ask twice because they think they already explained thousands of times. Perhaps the same questions also come from your colleagues. So for those who are not familiar with banking terms/products, if your background is not related to banking/financials, you have to learn yourself. This one is supposed to be okay, but if you need them and they don't entertain willingly, definitely that will let you down. 4. Systems are fine except I only encounter difficulties with R*W**, it needs to be redesigned to a friendlier interface at least for those agents. I think it's too chaotic and tedious. Just need to make it readable so that easier to answer the enquiries instead of arranging a callback because you usually need more time to extract the info. 5. No work-life balance, kindly expect this as you need to perform follow-ups. But, as recommended by OICs/seniors, try to multitask by submitting the SR while talking with customers. Either listen to rants and do your job, or just put them on hold to submit the SR, both have been practiced there. You can choose to claim OT as well at the end of the shift to submit the SR but extra works that you have to get validation from your OICs or TM. Despite this being normal, they needed to check first. 6. I realized that OICs might have different understandings. So well equipped yourself with knowledge, and practiced to rely on many OICs/TMs for the same inquiries. You will notice to get different answers. 7. The job is fun, especially for those who like to talk to people and assist them. I wanted to stay but I felt disappointed for a couple of reasons, which made me resign. But rest assured, if you have REALLY good support and fun colleagues, you actually can survive."
595,270,United Overseas Bank,pros_text,1,Benefits/Salary for fresh graduates/ OT claims,Benefits/Salary for fresh graduates/ OT claims
598,271,RHB Bank Berhad,review_body_text,1,Nice workplace.,Nice workplace. No life balance. Can get more incentive of you work hard. If you lucky then u can get a nice TL to work with. He/she will guide you from zero to something
598,271,RHB Bank Berhad,review_body_text,2,No life balance.,Nice workplace. No life balance. Can get more incentive of you work hard. If you lucky then u can get a nice TL to work with. He/she will guide you from zero to something
598,271,RHB Bank Berhad,review_body_text,3,Can get more incentive of you work hard.,Nice workplace. No life balance. Can get more incentive of you work hard. If you lucky then u can get a nice TL to work with. He/she will guide you from zero to something
598,271,RHB Bank Berhad,review_body_text,4,If you lucky then u can get a nice TL to work with.,Nice workplace. No life balance. Can get more incentive of you work hard. If you lucky then u can get a nice TL to work with. He/she will guide you from zero to something
598,271,RHB Bank Berhad,review_body_text,5,He/she will guide you from zero to something,Nice workplace. No life balance. Can get more incentive of you work hard. If you lucky then u can get a nice TL to work with. He/she will guide you from zero to something
599,272,HSBC,review_title,1,Productive and good food as always,Productive and good food as always
600,272,HSBC,review_body_text,1,What is the best part of working at the company?,"What is the best part of working at the company? Very good team work to work with. What is the most stressful part about working at the company? Facing challenges to deal with current systems and process. Because the exchange is done to prior to customers and company interest. What is the work environment and culture like at the company? There is always a good teamwork, hopefully this been continued. What is a typical day like for you at the company? Healthy communication and good experiences."
600,272,HSBC,review_body_text,2,Very good team work to work with.,"What is the best part of working at the company? Very good team work to work with. What is the most stressful part about working at the company? Facing challenges to deal with current systems and process. Because the exchange is done to prior to customers and company interest. What is the work environment and culture like at the company? There is always a good teamwork, hopefully this been continued. What is a typical day like for you at the company? Healthy communication and good experiences."
600,272,HSBC,review_body_text,3,What is the most stressful part about working at the company?,"What is the best part of working at the company? Very good team work to work with. What is the most stressful part about working at the company? Facing challenges to deal with current systems and process. Because the exchange is done to prior to customers and company interest. What is the work environment and culture like at the company? There is always a good teamwork, hopefully this been continued. What is a typical day like for you at the company? Healthy communication and good experiences."
600,272,HSBC,review_body_text,4,Facing challenges to deal with current systems and process.,"What is the best part of working at the company? Very good team work to work with. What is the most stressful part about working at the company? Facing challenges to deal with current systems and process. Because the exchange is done to prior to customers and company interest. What is the work environment and culture like at the company? There is always a good teamwork, hopefully this been continued. What is a typical day like for you at the company? Healthy communication and good experiences."
600,272,HSBC,review_body_text,5,Because the exchange is done to prior to customers and company interest.,"What is the best part of working at the company? Very good team work to work with. What is the most stressful part about working at the company? Facing challenges to deal with current systems and process. Because the exchange is done to prior to customers and company interest. What is the work environment and culture like at the company? There is always a good teamwork, hopefully this been continued. What is a typical day like for you at the company? Healthy communication and good experiences."
600,272,HSBC,review_body_text,6,What is the work environment and culture like at the company?,"What is the best part of working at the company? Very good team work to work with. What is the most stressful part about working at the company? Facing challenges to deal with current systems and process. Because the exchange is done to prior to customers and company interest. What is the work environment and culture like at the company? There is always a good teamwork, hopefully this been continued. What is a typical day like for you at the company? Healthy communication and good experiences."
600,272,HSBC,review_body_text,7,"There is always a good teamwork, hopefully this been continued.","What is the best part of working at the company? Very good team work to work with. What is the most stressful part about working at the company? Facing challenges to deal with current systems and process. Because the exchange is done to prior to customers and company interest. What is the work environment and culture like at the company? There is always a good teamwork, hopefully this been continued. What is a typical day like for you at the company? Healthy communication and good experiences."
600,272,HSBC,review_body_text,8,What is a typical day like for you at the company?,"What is the best part of working at the company? Very good team work to work with. What is the most stressful part about working at the company? Facing challenges to deal with current systems and process. Because the exchange is done to prior to customers and company interest. What is the work environment and culture like at the company? There is always a good teamwork, hopefully this been continued. What is a typical day like for you at the company? Healthy communication and good experiences."
600,272,HSBC,review_body_text,9,Healthy communication and good experiences.,"What is the best part of working at the company? Very good team work to work with. What is the most stressful part about working at the company? Facing challenges to deal with current systems and process. Because the exchange is done to prior to customers and company interest. What is the work environment and culture like at the company? There is always a good teamwork, hopefully this been continued. What is a typical day like for you at the company? Healthy communication and good experiences."
601,273,RHB Bank Berhad,review_title,1,Great for beginners,Great for beginners
602,273,RHB Bank Berhad,review_body_text,1,Best to work with colleagues.,Best to work with colleagues. The environment is depends on your team leader and colleagues. KPI hard to achieve but once achieved the feeling cannot be described. No OT given but they ask you to do OT. Stayback almost everyday. Not suitable for family person.
602,273,RHB Bank Berhad,review_body_text,2,The environment is depends on your team leader and colleagues.,Best to work with colleagues. The environment is depends on your team leader and colleagues. KPI hard to achieve but once achieved the feeling cannot be described. No OT given but they ask you to do OT. Stayback almost everyday. Not suitable for family person.
602,273,RHB Bank Berhad,review_body_text,3,KPI hard to achieve but once achieved the feeling cannot be described.,Best to work with colleagues. The environment is depends on your team leader and colleagues. KPI hard to achieve but once achieved the feeling cannot be described. No OT given but they ask you to do OT. Stayback almost everyday. Not suitable for family person.
602,273,RHB Bank Berhad,review_body_text,4,No OT given but they ask you to do OT.,Best to work with colleagues. The environment is depends on your team leader and colleagues. KPI hard to achieve but once achieved the feeling cannot be described. No OT given but they ask you to do OT. Stayback almost everyday. Not suitable for family person.
602,273,RHB Bank Berhad,review_body_text,5,Stayback almost everyday.,Best to work with colleagues. The environment is depends on your team leader and colleagues. KPI hard to achieve but once achieved the feeling cannot be described. No OT given but they ask you to do OT. Stayback almost everyday. Not suitable for family person.
602,273,RHB Bank Berhad,review_body_text,6,Not suitable for family person.,Best to work with colleagues. The environment is depends on your team leader and colleagues. KPI hard to achieve but once achieved the feeling cannot be described. No OT given but they ask you to do OT. Stayback almost everyday. Not suitable for family person.
603,274,Public-Bank-Berhad,review_title,1,Old structure of company,Old structure of company
604,274,Public-Bank-Berhad,review_body_text,1,Stress working environment High work load Need to work over time to finish the work but no pay OT Colleagues is helpful and friendly Low opportunity for career growth,Stress working environment High work load Need to work over time to finish the work but no pay OT Colleagues is helpful and friendly Low opportunity for career growth
606,275,RHB Bank Berhad,review_body_text,1,"Ok ok , not so good for sales target, always pressure about target from upper management ,for trying is ok but for long term is not suitable because based on target","Ok ok , not so good for sales target, always pressure about target from upper management ,for trying is ok but for long term is not suitable because based on target"
607,276,Cimb-Group,review_title,1,Fun work environment but challenging,Fun work environment but challenging
608,276,Cimb-Group,review_body_text,1,Opportunity to learn a lot however i was hired as a outsourcing staff.,"Opportunity to learn a lot however i was hired as a outsourcing staff. My teammate are amazing, but the manager I am under eventually started micromanaging."
608,276,Cimb-Group,review_body_text,2,"My teammate are amazing, but the manager I am under eventually started micromanaging.","Opportunity to learn a lot however i was hired as a outsourcing staff. My teammate are amazing, but the manager I am under eventually started micromanaging."
609,277,Public-Bank-Berhad,review_title,1,Good for beginner,Good for beginner
610,277,Public-Bank-Berhad,review_body_text,1,Colleague are nice.,Colleague are nice. But too much paperwork and need to work until 8pm everyday due to culture. Culture depend on managers. They have too much power and no one can question them.
610,277,Public-Bank-Berhad,review_body_text,2,But too much paperwork and need to work until 8pm everyday due to culture.,Colleague are nice. But too much paperwork and need to work until 8pm everyday due to culture. Culture depend on managers. They have too much power and no one can question them.
610,277,Public-Bank-Berhad,review_body_text,3,Culture depend on managers.,Colleague are nice. But too much paperwork and need to work until 8pm everyday due to culture. Culture depend on managers. They have too much power and no one can question them.
610,277,Public-Bank-Berhad,review_body_text,4,They have too much power and no one can question them.,Colleague are nice. But too much paperwork and need to work until 8pm everyday due to culture. Culture depend on managers. They have too much power and no one can question them.
611,278,Public-Bank-Berhad,review_title,1,High pay with great benefits but expect to work a lot,High pay with great benefits but expect to work a lot
612,278,Public-Bank-Berhad,review_body_text,1,No work-life balance.,No work-life balance. Year-end bonus is very generous. 24 days of annual leave. Good place to start for fresh graduates but long working hours. Office is old.
612,278,Public-Bank-Berhad,review_body_text,2,Year-end bonus is very generous.,No work-life balance. Year-end bonus is very generous. 24 days of annual leave. Good place to start for fresh graduates but long working hours. Office is old.
612,278,Public-Bank-Berhad,review_body_text,3,24 days of annual leave.,No work-life balance. Year-end bonus is very generous. 24 days of annual leave. Good place to start for fresh graduates but long working hours. Office is old.
612,278,Public-Bank-Berhad,review_body_text,4,Good place to start for fresh graduates but long working hours.,No work-life balance. Year-end bonus is very generous. 24 days of annual leave. Good place to start for fresh graduates but long working hours. Office is old.
612,278,Public-Bank-Berhad,review_body_text,5,Office is old.,No work-life balance. Year-end bonus is very generous. 24 days of annual leave. Good place to start for fresh graduates but long working hours. Office is old.
613,279,United Overseas Bank,review_title,1,Unclear commission,Unclear commission
614,279,United Overseas Bank,review_body_text,1,"Low salary good colleagues manager is not professional and experienced, need to find the solution and solve the problem by yourself.","Low salary good colleagues manager is not professional and experienced, need to find the solution and solve the problem by yourself. Unclear commission calculate"
614,279,United Overseas Bank,review_body_text,2,Unclear commission calculate,"Low salary good colleagues manager is not professional and experienced, need to find the solution and solve the problem by yourself. Unclear commission calculate"
615,280,Ocbc,review_title,1,Poor leadership,Poor leadership
616,280,Ocbc,review_body_text,1,Poor leadership where the leader work too long and has all the power.,Poor leadership where the leader work too long and has all the power. Creating a bad environment to work. Manual process a lot redundant work causing a lot work
616,280,Ocbc,review_body_text,2,Creating a bad environment to work.,Poor leadership where the leader work too long and has all the power. Creating a bad environment to work. Manual process a lot redundant work causing a lot work
616,280,Ocbc,review_body_text,3,Manual process a lot redundant work causing a lot work,Poor leadership where the leader work too long and has all the power. Creating a bad environment to work. Manual process a lot redundant work causing a lot work
617,281,Public-Bank-Berhad,review_title,1,No OT Overall not bad,No OT Overall not bad
618,281,Public-Bank-Berhad,review_body_text,1,"Maybe it's just this branch do not have much OT, normally we back at 6pm.","Maybe it's just this branch do not have much OT, normally we back at 6pm. Annual leave 24 days. Colleagues are friendly, have to service with a lot of walk in customers, normally you can only start your works after 4pm"
618,281,Public-Bank-Berhad,review_body_text,2,Annual leave 24 days.,"Maybe it's just this branch do not have much OT, normally we back at 6pm. Annual leave 24 days. Colleagues are friendly, have to service with a lot of walk in customers, normally you can only start your works after 4pm"
618,281,Public-Bank-Berhad,review_body_text,3,"Colleagues are friendly, have to service with a lot of walk in customers, normally you can only start your works after 4pm","Maybe it's just this branch do not have much OT, normally we back at 6pm. Annual leave 24 days. Colleagues are friendly, have to service with a lot of walk in customers, normally you can only start your works after 4pm"
619,282,Bank-Rakyat,review_title,1,Productive and very friendly colleagues,Productive and very friendly colleagues
620,282,Bank-Rakyat,review_body_text,1,Working at Bank Rakyat as a contract executive for two years was a valuable and enriching experience.,"Working at Bank Rakyat as a contract executive for two years was a valuable and enriching experience. Despite the occasional stress, the knowledge gained in the field of financing was immense. The supportive and friendly nature of my colleagues significantly contributed to making the overall work environment positive. One notable aspect of the job was the yearly bonuses, which were exceptionally good. This not only served as a motivating factor but also reflected the organization's commitment to recognizing and rewarding the hard work of its employees. The acceptable overtime policy allowed for a healthy work-life balance, and the collaborative atmosphere within the bank made the workload more manageable. One of the highlights of my time at Bank Rakyat was the willingness of my colleagues to share their knowledge and expertise. The culture encouraged learning from one another, fostering a sense of teamwork and camaraderie. This collaborative approach helped me to navigate the complexities of the job more effectively and ensured a smoother integration into the organizational dynamics. Overall, my experience at Bank Rakyat was not only professionally rewarding but also personally fulfilling. The combination of a supportive work environment, generous bonuses, and the opportunity to learn from experienced colleagues made it a positive chapter in my career."
620,282,Bank-Rakyat,review_body_text,2,"Despite the occasional stress, the knowledge gained in the field of financing was immense.","Working at Bank Rakyat as a contract executive for two years was a valuable and enriching experience. Despite the occasional stress, the knowledge gained in the field of financing was immense. The supportive and friendly nature of my colleagues significantly contributed to making the overall work environment positive. One notable aspect of the job was the yearly bonuses, which were exceptionally good. This not only served as a motivating factor but also reflected the organization's commitment to recognizing and rewarding the hard work of its employees. The acceptable overtime policy allowed for a healthy work-life balance, and the collaborative atmosphere within the bank made the workload more manageable. One of the highlights of my time at Bank Rakyat was the willingness of my colleagues to share their knowledge and expertise. The culture encouraged learning from one another, fostering a sense of teamwork and camaraderie. This collaborative approach helped me to navigate the complexities of the job more effectively and ensured a smoother integration into the organizational dynamics. Overall, my experience at Bank Rakyat was not only professionally rewarding but also personally fulfilling. The combination of a supportive work environment, generous bonuses, and the opportunity to learn from experienced colleagues made it a positive chapter in my career."
620,282,Bank-Rakyat,review_body_text,3,The supportive and friendly nature of my colleagues significantly contributed to making the overall work environment positive.,"Working at Bank Rakyat as a contract executive for two years was a valuable and enriching experience. Despite the occasional stress, the knowledge gained in the field of financing was immense. The supportive and friendly nature of my colleagues significantly contributed to making the overall work environment positive. One notable aspect of the job was the yearly bonuses, which were exceptionally good. This not only served as a motivating factor but also reflected the organization's commitment to recognizing and rewarding the hard work of its employees. The acceptable overtime policy allowed for a healthy work-life balance, and the collaborative atmosphere within the bank made the workload more manageable. One of the highlights of my time at Bank Rakyat was the willingness of my colleagues to share their knowledge and expertise. The culture encouraged learning from one another, fostering a sense of teamwork and camaraderie. This collaborative approach helped me to navigate the complexities of the job more effectively and ensured a smoother integration into the organizational dynamics. Overall, my experience at Bank Rakyat was not only professionally rewarding but also personally fulfilling. The combination of a supportive work environment, generous bonuses, and the opportunity to learn from experienced colleagues made it a positive chapter in my career."
620,282,Bank-Rakyat,review_body_text,4,"One notable aspect of the job was the yearly bonuses, which were exceptionally good.","Working at Bank Rakyat as a contract executive for two years was a valuable and enriching experience. Despite the occasional stress, the knowledge gained in the field of financing was immense. The supportive and friendly nature of my colleagues significantly contributed to making the overall work environment positive. One notable aspect of the job was the yearly bonuses, which were exceptionally good. This not only served as a motivating factor but also reflected the organization's commitment to recognizing and rewarding the hard work of its employees. The acceptable overtime policy allowed for a healthy work-life balance, and the collaborative atmosphere within the bank made the workload more manageable. One of the highlights of my time at Bank Rakyat was the willingness of my colleagues to share their knowledge and expertise. The culture encouraged learning from one another, fostering a sense of teamwork and camaraderie. This collaborative approach helped me to navigate the complexities of the job more effectively and ensured a smoother integration into the organizational dynamics. Overall, my experience at Bank Rakyat was not only professionally rewarding but also personally fulfilling. The combination of a supportive work environment, generous bonuses, and the opportunity to learn from experienced colleagues made it a positive chapter in my career."
620,282,Bank-Rakyat,review_body_text,5,This not only served as a motivating factor but also reflected the organization's commitment to recognizing and rewarding the hard work of its employees.,"Working at Bank Rakyat as a contract executive for two years was a valuable and enriching experience. Despite the occasional stress, the knowledge gained in the field of financing was immense. The supportive and friendly nature of my colleagues significantly contributed to making the overall work environment positive. One notable aspect of the job was the yearly bonuses, which were exceptionally good. This not only served as a motivating factor but also reflected the organization's commitment to recognizing and rewarding the hard work of its employees. The acceptable overtime policy allowed for a healthy work-life balance, and the collaborative atmosphere within the bank made the workload more manageable. One of the highlights of my time at Bank Rakyat was the willingness of my colleagues to share their knowledge and expertise. The culture encouraged learning from one another, fostering a sense of teamwork and camaraderie. This collaborative approach helped me to navigate the complexities of the job more effectively and ensured a smoother integration into the organizational dynamics. Overall, my experience at Bank Rakyat was not only professionally rewarding but also personally fulfilling. The combination of a supportive work environment, generous bonuses, and the opportunity to learn from experienced colleagues made it a positive chapter in my career."
620,282,Bank-Rakyat,review_body_text,6,"The acceptable overtime policy allowed for a healthy work-life balance, and the collaborative atmosphere within the bank made the workload more manageable.","Working at Bank Rakyat as a contract executive for two years was a valuable and enriching experience. Despite the occasional stress, the knowledge gained in the field of financing was immense. The supportive and friendly nature of my colleagues significantly contributed to making the overall work environment positive. One notable aspect of the job was the yearly bonuses, which were exceptionally good. This not only served as a motivating factor but also reflected the organization's commitment to recognizing and rewarding the hard work of its employees. The acceptable overtime policy allowed for a healthy work-life balance, and the collaborative atmosphere within the bank made the workload more manageable. One of the highlights of my time at Bank Rakyat was the willingness of my colleagues to share their knowledge and expertise. The culture encouraged learning from one another, fostering a sense of teamwork and camaraderie. This collaborative approach helped me to navigate the complexities of the job more effectively and ensured a smoother integration into the organizational dynamics. Overall, my experience at Bank Rakyat was not only professionally rewarding but also personally fulfilling. The combination of a supportive work environment, generous bonuses, and the opportunity to learn from experienced colleagues made it a positive chapter in my career."
620,282,Bank-Rakyat,review_body_text,7,One of the highlights of my time at Bank Rakyat was the willingness of my colleagues to share their knowledge and expertise.,"Working at Bank Rakyat as a contract executive for two years was a valuable and enriching experience. Despite the occasional stress, the knowledge gained in the field of financing was immense. The supportive and friendly nature of my colleagues significantly contributed to making the overall work environment positive. One notable aspect of the job was the yearly bonuses, which were exceptionally good. This not only served as a motivating factor but also reflected the organization's commitment to recognizing and rewarding the hard work of its employees. The acceptable overtime policy allowed for a healthy work-life balance, and the collaborative atmosphere within the bank made the workload more manageable. One of the highlights of my time at Bank Rakyat was the willingness of my colleagues to share their knowledge and expertise. The culture encouraged learning from one another, fostering a sense of teamwork and camaraderie. This collaborative approach helped me to navigate the complexities of the job more effectively and ensured a smoother integration into the organizational dynamics. Overall, my experience at Bank Rakyat was not only professionally rewarding but also personally fulfilling. The combination of a supportive work environment, generous bonuses, and the opportunity to learn from experienced colleagues made it a positive chapter in my career."
620,282,Bank-Rakyat,review_body_text,8,"The culture encouraged learning from one another, fostering a sense of teamwork and camaraderie.","Working at Bank Rakyat as a contract executive for two years was a valuable and enriching experience. Despite the occasional stress, the knowledge gained in the field of financing was immense. The supportive and friendly nature of my colleagues significantly contributed to making the overall work environment positive. One notable aspect of the job was the yearly bonuses, which were exceptionally good. This not only served as a motivating factor but also reflected the organization's commitment to recognizing and rewarding the hard work of its employees. The acceptable overtime policy allowed for a healthy work-life balance, and the collaborative atmosphere within the bank made the workload more manageable. One of the highlights of my time at Bank Rakyat was the willingness of my colleagues to share their knowledge and expertise. The culture encouraged learning from one another, fostering a sense of teamwork and camaraderie. This collaborative approach helped me to navigate the complexities of the job more effectively and ensured a smoother integration into the organizational dynamics. Overall, my experience at Bank Rakyat was not only professionally rewarding but also personally fulfilling. The combination of a supportive work environment, generous bonuses, and the opportunity to learn from experienced colleagues made it a positive chapter in my career."
620,282,Bank-Rakyat,review_body_text,9,This collaborative approach helped me to navigate the complexities of the job more effectively and ensured a smoother integration into the organizational dynamics.,"Working at Bank Rakyat as a contract executive for two years was a valuable and enriching experience. Despite the occasional stress, the knowledge gained in the field of financing was immense. The supportive and friendly nature of my colleagues significantly contributed to making the overall work environment positive. One notable aspect of the job was the yearly bonuses, which were exceptionally good. This not only served as a motivating factor but also reflected the organization's commitment to recognizing and rewarding the hard work of its employees. The acceptable overtime policy allowed for a healthy work-life balance, and the collaborative atmosphere within the bank made the workload more manageable. One of the highlights of my time at Bank Rakyat was the willingness of my colleagues to share their knowledge and expertise. The culture encouraged learning from one another, fostering a sense of teamwork and camaraderie. This collaborative approach helped me to navigate the complexities of the job more effectively and ensured a smoother integration into the organizational dynamics. Overall, my experience at Bank Rakyat was not only professionally rewarding but also personally fulfilling. The combination of a supportive work environment, generous bonuses, and the opportunity to learn from experienced colleagues made it a positive chapter in my career."
620,282,Bank-Rakyat,review_body_text,10,"Overall, my experience at Bank Rakyat was not only professionally rewarding but also personally fulfilling.","Working at Bank Rakyat as a contract executive for two years was a valuable and enriching experience. Despite the occasional stress, the knowledge gained in the field of financing was immense. The supportive and friendly nature of my colleagues significantly contributed to making the overall work environment positive. One notable aspect of the job was the yearly bonuses, which were exceptionally good. This not only served as a motivating factor but also reflected the organization's commitment to recognizing and rewarding the hard work of its employees. The acceptable overtime policy allowed for a healthy work-life balance, and the collaborative atmosphere within the bank made the workload more manageable. One of the highlights of my time at Bank Rakyat was the willingness of my colleagues to share their knowledge and expertise. The culture encouraged learning from one another, fostering a sense of teamwork and camaraderie. This collaborative approach helped me to navigate the complexities of the job more effectively and ensured a smoother integration into the organizational dynamics. Overall, my experience at Bank Rakyat was not only professionally rewarding but also personally fulfilling. The combination of a supportive work environment, generous bonuses, and the opportunity to learn from experienced colleagues made it a positive chapter in my career."
620,282,Bank-Rakyat,review_body_text,11,"The combination of a supportive work environment, generous bonuses, and the opportunity to learn from experienced colleagues made it a positive chapter in my career.","Working at Bank Rakyat as a contract executive for two years was a valuable and enriching experience. Despite the occasional stress, the knowledge gained in the field of financing was immense. The supportive and friendly nature of my colleagues significantly contributed to making the overall work environment positive. One notable aspect of the job was the yearly bonuses, which were exceptionally good. This not only served as a motivating factor but also reflected the organization's commitment to recognizing and rewarding the hard work of its employees. The acceptable overtime policy allowed for a healthy work-life balance, and the collaborative atmosphere within the bank made the workload more manageable. One of the highlights of my time at Bank Rakyat was the willingness of my colleagues to share their knowledge and expertise. The culture encouraged learning from one another, fostering a sense of teamwork and camaraderie. This collaborative approach helped me to navigate the complexities of the job more effectively and ensured a smoother integration into the organizational dynamics. Overall, my experience at Bank Rakyat was not only professionally rewarding but also personally fulfilling. The combination of a supportive work environment, generous bonuses, and the opportunity to learn from experienced colleagues made it a positive chapter in my career."
621,282,Bank-Rakyat,pros_text,1,Highly paid bonus and overtime,Highly paid bonus and overtime
622,282,Bank-Rakyat,cons_text,1,The system used by everyone is new and nowhere near perfect.,The system used by everyone is new and nowhere near perfect.
623,283,RHB Bank Berhad,review_title,1,Productive and task was manageable,Productive and task was manageable
624,283,RHB Bank Berhad,review_body_text,1,Busy but manageable.,Busy but manageable. The environment is good. All the team was very helpful. Good place to work. However they just simply terminated all the contract staff without notice
624,283,RHB Bank Berhad,review_body_text,2,The environment is good.,Busy but manageable. The environment is good. All the team was very helpful. Good place to work. However they just simply terminated all the contract staff without notice
624,283,RHB Bank Berhad,review_body_text,3,All the team was very helpful.,Busy but manageable. The environment is good. All the team was very helpful. Good place to work. However they just simply terminated all the contract staff without notice
624,283,RHB Bank Berhad,review_body_text,4,Good place to work.,Busy but manageable. The environment is good. All the team was very helpful. Good place to work. However they just simply terminated all the contract staff without notice
624,283,RHB Bank Berhad,review_body_text,5,However they just simply terminated all the contract staff without notice,Busy but manageable. The environment is good. All the team was very helpful. Good place to work. However they just simply terminated all the contract staff without notice
625,284,United Overseas Bank,review_title,1,"Good compensation, bad operating system","Good compensation, bad operating system"
626,284,United Overseas Bank,review_body_text,1,"Good compensation in term of flexi care which you can claim for flight, sport items, hobby class ++.","Good compensation in term of flexi care which you can claim for flight, sport items, hobby class ++. Fun to mix around with other departments as everyone is in an open office. But, - paperwork overload - learned nothing - less guidance - No standard guidelines can follow (not sure whether is the manager itself problem). - Slow operating system. - When come to salary/OT/claim/commission, leader always try to deceive(always need to further find out with HR)."
626,284,United Overseas Bank,review_body_text,2,Fun to mix around with other departments as everyone is in an open office.,"Good compensation in term of flexi care which you can claim for flight, sport items, hobby class ++. Fun to mix around with other departments as everyone is in an open office. But, - paperwork overload - learned nothing - less guidance - No standard guidelines can follow (not sure whether is the manager itself problem). - Slow operating system. - When come to salary/OT/claim/commission, leader always try to deceive(always need to further find out with HR)."
626,284,United Overseas Bank,review_body_text,3,"But, - paperwork overload","Good compensation in term of flexi care which you can claim for flight, sport items, hobby class ++. Fun to mix around with other departments as everyone is in an open office. But, - paperwork overload - learned nothing - less guidance - No standard guidelines can follow (not sure whether is the manager itself problem). - Slow operating system. - When come to salary/OT/claim/commission, leader always try to deceive(always need to further find out with HR)."
626,284,United Overseas Bank,review_body_text,4,learned nothing,"Good compensation in term of flexi care which you can claim for flight, sport items, hobby class ++. Fun to mix around with other departments as everyone is in an open office. But, - paperwork overload - learned nothing - less guidance - No standard guidelines can follow (not sure whether is the manager itself problem). - Slow operating system. - When come to salary/OT/claim/commission, leader always try to deceive(always need to further find out with HR)."
626,284,United Overseas Bank,review_body_text,5,less guidance,"Good compensation in term of flexi care which you can claim for flight, sport items, hobby class ++. Fun to mix around with other departments as everyone is in an open office. But, - paperwork overload - learned nothing - less guidance - No standard guidelines can follow (not sure whether is the manager itself problem). - Slow operating system. - When come to salary/OT/claim/commission, leader always try to deceive(always need to further find out with HR)."
626,284,United Overseas Bank,review_body_text,6,No standard guidelines can follow (not sure whether is the manager itself problem).,"Good compensation in term of flexi care which you can claim for flight, sport items, hobby class ++. Fun to mix around with other departments as everyone is in an open office. But, - paperwork overload - learned nothing - less guidance - No standard guidelines can follow (not sure whether is the manager itself problem). - Slow operating system. - When come to salary/OT/claim/commission, leader always try to deceive(always need to further find out with HR)."
626,284,United Overseas Bank,review_body_text,7,Slow operating system.,"Good compensation in term of flexi care which you can claim for flight, sport items, hobby class ++. Fun to mix around with other departments as everyone is in an open office. But, - paperwork overload - learned nothing - less guidance - No standard guidelines can follow (not sure whether is the manager itself problem). - Slow operating system. - When come to salary/OT/claim/commission, leader always try to deceive(always need to further find out with HR)."
626,284,United Overseas Bank,review_body_text,8,"When come to salary/OT/claim/commission, leader always try to deceive(always need to further find out with HR).","Good compensation in term of flexi care which you can claim for flight, sport items, hobby class ++. Fun to mix around with other departments as everyone is in an open office. But, - paperwork overload - learned nothing - less guidance - No standard guidelines can follow (not sure whether is the manager itself problem). - Slow operating system. - When come to salary/OT/claim/commission, leader always try to deceive(always need to further find out with HR)."
627,285,United Overseas Bank,review_title,1,good experience,good experience
628,285,United Overseas Bank,review_body_text,1,good experience and trained to become good customer services.,good experience and trained to become good customer services. They trained you to become professional in handling customer Good experience in banking system Friends are very friendly Making new friends and helpful friends
628,285,United Overseas Bank,review_body_text,2,They trained you to become professional in handling customer Good experience in banking system Friends are very friendly Making new friends and helpful friends,good experience and trained to become good customer services. They trained you to become professional in handling customer Good experience in banking system Friends are very friendly Making new friends and helpful friends
629,286,United Overseas Bank,review_title,1,Productive and good for self advancement,Productive and good for self advancement
630,286,United Overseas Bank,review_body_text,1,"UOB Customer Service Representative is a career that will help you prepare yourself with skills such as time management skills, multitasking, productivity management and you grow and stretch to go above and beyond to put a smile on customer’s face.","UOB Customer Service Representative is a career that will help you prepare yourself with skills such as time management skills, multitasking, productivity management and you grow and stretch to go above and beyond to put a smile on customer’s face."
631,287,HSBC,review_title,1,Work life balance,Work life balance
632,287,HSBC,review_body_text,1,Good place to work.,"Good place to work. Teamwork , work life balance especially gor ladies. Always ways for improvement. Good set of elearning to keep employees embraced with the current economy."
632,287,HSBC,review_body_text,2,"Teamwork , work life balance especially gor ladies.","Good place to work. Teamwork , work life balance especially gor ladies. Always ways for improvement. Good set of elearning to keep employees embraced with the current economy."
632,287,HSBC,review_body_text,3,Always ways for improvement.,"Good place to work. Teamwork , work life balance especially gor ladies. Always ways for improvement. Good set of elearning to keep employees embraced with the current economy."
632,287,HSBC,review_body_text,4,Good set of elearning to keep employees embraced with the current economy.,"Good place to work. Teamwork , work life balance especially gor ladies. Always ways for improvement. Good set of elearning to keep employees embraced with the current economy."
633,288,bank islam,review_title,1,good environment,good environment
634,288,bank islam,review_body_text,1,good environment.,good environment. Has been 1 year there. The environment is good but the basic is too low. The commission given is quite higher than another bank. Overall is okay
634,288,bank islam,review_body_text,2,Has been 1 year there.,good environment. Has been 1 year there. The environment is good but the basic is too low. The commission given is quite higher than another bank. Overall is okay
634,288,bank islam,review_body_text,3,The environment is good but the basic is too low.,good environment. Has been 1 year there. The environment is good but the basic is too low. The commission given is quite higher than another bank. Overall is okay
634,288,bank islam,review_body_text,4,The commission given is quite higher than another bank.,good environment. Has been 1 year there. The environment is good but the basic is too low. The commission given is quite higher than another bank. Overall is okay
634,288,bank islam,review_body_text,5,Overall is okay,good environment. Has been 1 year there. The environment is good but the basic is too low. The commission given is quite higher than another bank. Overall is okay
635,289,RHB Bank Berhad,review_title,1,valued experience,valued experience
636,289,RHB Bank Berhad,review_body_text,1,place to gain experience and improving skills competitive career enhancement strict on compliance and penalty on the lapses job done good platform for your better career opportunities with other employer,place to gain experience and improving skills competitive career enhancement strict on compliance and penalty on the lapses job done good platform for your better career opportunities with other employer
637,290,Public-Bank-Berhad,review_title,1,High Salary,High Salary
638,290,Public-Bank-Berhad,review_body_text,1,"Good place to start for fresh graduates, offers a high starting salary but very long working hours.","Good place to start for fresh graduates, offers a high starting salary but very long working hours. Going back at 10 pm is normal, 7 pm is the earliest time to go home, weekend sometimes need to work also, work-life balance? Don't even think about it. but offer a high salary, 24 AL, medical coverage, and a bonus."
638,290,Public-Bank-Berhad,review_body_text,2,"Going back at 10 pm is normal, 7 pm is the earliest time to go home, weekend sometimes need to work also, work-life balance?","Good place to start for fresh graduates, offers a high starting salary but very long working hours. Going back at 10 pm is normal, 7 pm is the earliest time to go home, weekend sometimes need to work also, work-life balance? Don't even think about it. but offer a high salary, 24 AL, medical coverage, and a bonus."
638,290,Public-Bank-Berhad,review_body_text,3,Don't even think about it.,"Good place to start for fresh graduates, offers a high starting salary but very long working hours. Going back at 10 pm is normal, 7 pm is the earliest time to go home, weekend sometimes need to work also, work-life balance? Don't even think about it. but offer a high salary, 24 AL, medical coverage, and a bonus."
638,290,Public-Bank-Berhad,review_body_text,4,"but offer a high salary, 24 AL, medical coverage, and a bonus.","Good place to start for fresh graduates, offers a high starting salary but very long working hours. Going back at 10 pm is normal, 7 pm is the earliest time to go home, weekend sometimes need to work also, work-life balance? Don't even think about it. but offer a high salary, 24 AL, medical coverage, and a bonus."
639,291,United Overseas Bank,review_title,1,Amazing experience,Amazing experience
640,291,United Overseas Bank,review_body_text,1,Learned a lot of skills.,Learned a lot of skills. Very helpful managers that guides me in any way possible. Made many amazing friends . Pretty straightforward .
640,291,United Overseas Bank,review_body_text,2,Very helpful managers that guides me in any way possible.,Learned a lot of skills. Very helpful managers that guides me in any way possible. Made many amazing friends . Pretty straightforward .
640,291,United Overseas Bank,review_body_text,3,Made many amazing friends .,Learned a lot of skills. Very helpful managers that guides me in any way possible. Made many amazing friends . Pretty straightforward .
640,291,United Overseas Bank,review_body_text,4,Pretty straightforward .,Learned a lot of skills. Very helpful managers that guides me in any way possible. Made many amazing friends . Pretty straightforward .
