sentiment,review_text,review_text_original,review_text_encoding_fixed,review_text_cleaned,encoding_changed,contraction_changed,non_english_words
Negative,the environment is good but the basic is too low,the environment is good but the basic is too low.,the environment is good but the basic is too low.,the environment is good but the basic is too low.,False,False,[]
Negative,still a lot of manual work and very volume based key performance indicator,still a lot of manual work and very volume based kpi.,still a lot of manual work and very volume based kpi.,still a lot of manual work and very volume based kpi.,False,False,[]
Negative,only give short break,only give short break,only give short break,only give short break,False,False,[]
Negative,but depends on your tolerance with the culture,but depends on your tolerance with the culture,but depends on your tolerance with the culture,but depends on your tolerance with the culture,False,False,[]
Negative,everything is manual and use a lot of paper,everything is manual and use a lot of paper.,everything is manual and use a lot of paper.,everything is manual and use a lot of paper.,False,False,[]
Negative,the company only side customer,the company only side customer,the company only side customer,the company only side customer,False,False,[]
Positive,but usually management would keep,but usually management would keep,but usually management would keep,but usually management would keep,False,False,[]
Negative,overall in placename if working in banking can lived a good life but work life balance not sure because too packed with task,overall in ipoh if working in banking can lived a good life but work life balance not sure because too packed with task.,overall in ipoh if working in banking can lived a good life but work life balance not sure because too packed with task.,overall in ipoh if working in banking can lived a good life but work life balance not sure because too packed with task.,False,False,[]
Negative,however the role requires a significant amount of self directed learning,"however, the role requires a significant amount of self-directed learning.","however, the role requires a significant amount of self-directed learning.","however, the role requires a significant amount of self-directed learning.",False,False,[]
Negative,stay back almost everyday,stayback almost everyday.,stayback almost everyday.,stayback almost everyday.,False,False,[]
Negative,different business units work in silos,different business units work in silos.,different business units work in silos.,different business units work in silos.,False,False,[]
Positive,could be working from home most of the time,could be working from home most of the time.,could be working from home most of the time.,could be working from home most of the time.,False,False,[]
Negative,great start but no work life balance,great start but no wlb,great start but no wlb,great start but no wlb,False,False,[]
Positive,don't push yourself to hard but learn and try to slowly to improve your future,"don't push yourself to hard, but learn and try to slowly to improve your future.","don't push yourself to hard, but learn and try to slowly to improve your future.","do not push yourself to hard, but learn and try to slowly to improve your future.",False,True,[]
Negative,even if it wasnât recognised by management,even if it wasnât recognised by management.,even if it wasn't recognised by management.,even if it was not recognised by management.,True,True,[]
Negative,best colleagues but bad upper management,best colleagues but bad upper management,best colleagues but bad upper management,best colleagues but bad upper management,False,False,[]
Negative,but compared to other commercial bank bankname is like medium,"but compared to other commercial bank, rhb is like medium.","but compared to other commercial bank, rhb is like medium.","but compared to other commercial bank, rhb is like medium.",False,False,[]
Positive,salary at average quite many campaigns for staff to earn commission,salary at average & quite many campaigns for staff to earn commision,salary at average & quite many campaigns for staff to earn commision,salary at average & quite many campaigns for staff to earn commision,False,False,[]
Positive,day office days work from home,"3day office, 2 days wfh.","3day office, 2 days wfh.","3day office, 2 days wfh.",False,False,[]
Negative,basically speaking no one goes back on time sharp pm,basically speaking no one goes back on time sharp 05:45pm.,basically speaking no one goes back on time sharp 05:45pm.,basically speaking no one goes back on time sharp 05:45pm.,False,False,[]
Negative,but in terms of workloads there werenât much that interns are allowed to do as it is customerâs privacy matters, but in terms of workloads there werenât much that interns are allowed to do as it is customerâs privacy matters., but in terms of workloads there weren't much that interns are allowed to do as it is customer's privacy matters., but in terms of workloads there were not much that interns are allowed to do as it is customer's privacy matters.,True,True,[]
Negative,too many to list down,too many to list down.,too many to list down.,too many to list down.,False,False,[]
Negative,multiple reporting layers,multiple reporting layers.,multiple reporting layers.,multiple reporting layers.,False,False,[]
Negative,usually will stay until pm to do cold calling,usually will stay until 7pm ++ to do cold calling,usually will stay until 7pm ++ to do cold calling,usually will stay until 7pm ++ to do cold calling,False,False,[]
Positive,no toxic and even though you were overwhelmed with heavy workloads but its okay,"no toxic and eventho you were overwhelmed with heavy workloads, but its okay.","no toxic and eventho you were overwhelmed with heavy workloads, but its okay.","no toxic and eventho you were overwhelmed with heavy workloads, but its okay.",False,False,[]
Negative,many approval structure compliances and hierarchy to meet,"many approval structure , compliances and hierarch to meet.","many approval structure , compliances and hierarch to meet.","many approval structure , compliances and hierarch to meet.",False,False,[]
Negative,last time staff needed to perform for annual dinners if selected,last time staff needed to perform for annual dinners if selected.,last time staff needed to perform for annual dinners if selected.,last time staff needed to perform for annual dinners if selected.,False,False,[]
Positive,if your fresh graduate just try to gain experience,if ur fresh graduate just try to gain experience .,if ur fresh graduate just try to gain experience .,if you are fresh graduate just try to gain experience .,False,True,[]
Negative,not to say that all departments are like this but majority of leaders who has been with the bank more than years will have mentality like this,not to say that all departments are like this but majority of leaders who has been with the bank >10years will have mentality like this.,not to say that all departments are like this but majority of leaders who has been with the bank >10years will have mentality like this.,not to say that all departments are like this but majority of leaders who has been with the bank >10years will have mentality like this.,False,False,[]
Negative,old structure of company,old structure of company,old structure of company,old structure of company,False,False,[]
Negative,stressful but flexible schedule,stressful but flexible schedule,stressful but flexible schedule,stressful but flexible schedule,False,False,[]
Negative,minimal training and development programmes,minimal training and development programmes.,minimal training and development programmes.,minimal training and development programmes.,False,False,[]
Negative,incentives are small compared to other banks,incentives are small compared to other banks.,incentives are small compared to other banks.,incentives are small compared to other banks.,False,False,[]
Negative,would be nice to have help from top management for new staff,would be nice to have help from top management for new staff,would be nice to have help from top management for new staff,would be nice to have help from top management for new staff,False,False,[]
Negative,a lot of meetings,a lot of meetings.,a lot of meetings.,a lot of meetings.,False,False,[]
Negative,sometimes back to back meetings,sometimes back to back meetings.,sometimes back to back meetings.,sometimes back to back meetings.,False,False,[]
Positive,annual leave days,annual leave 24 days.,annual leave 24 days.,annual leave 24 days.,False,False,[]
Negative,low commission compare to other banks slow system for loan submission,low commission compare to other banks slow system for loan submission,low commission compare to other banks slow system for loan submission,low commission compare to other banks slow system for loan submission,False,False,[]
Negative,the system used by everyone is new and nowhere near perfect,the system used by everyone is new and nowhere near perfect.,the system used by everyone is new and nowhere near perfect.,the system used by everyone is new and nowhere near perfect.,False,False,[]
Negative,good pay and bonus yet there no work life balance,"good pay and bonus, yet there's no work life balance.","good pay and bonus, yet there's no work life balance.","good pay and bonus, yet there is no work life balance.",False,True,[]
Negative,there is stress in banking task but we as workers smart to handle it,there is stress in banking task but we as workers smart to handle it.,there is stress in banking task but we as workers smart to handle it.,there is stress in banking task but we as workers smart to handle it.,False,False,[]
Negative,bankname is actually quite a manual based company attendance have to sign on paper,cimb is actually quite a manual-based company (attendance have to sign on paper).,cimb is actually quite a manual-based company (attendance have to sign on paper).,cimb is actually quite a manual-based company (attendance have to sign on paper).,False,False,[]
Negative,daily task have to be completed on time,daily task have to be completed on time ,daily task have to be completed on time ,daily task have to be completed on time ,False,False,[]
Negative,when the volume work becomes high,when the volume work becomes high.,when the volume work becomes high.,when the volume work becomes high.,False,False,[]
Negative,each department only knows their own product instead of knowing all,each department only knows their own product instead of knowing all.,each department only knows their own product instead of knowing all.,each department only knows their own product instead of knowing all.,False,False,[]
Negative,you will notice to get different answers,you will notice to get different answers.,you will notice to get different answers.,you will notice to get different answers.,False,False,[]
Negative,must to find customer salary basic above to get better achievement but in placename and placename most workers basic,must to find customer salary basic above 3k to get better achievement but in kedah and penang most workers basic 1.5k ,must to find customer salary basic above 3k to get better achievement but in kedah and penang most workers basic 1.5k ,must to find customer salary basic above 3k to get better achievement but in kedah and penang most workers basic 1.5k ,False,False,[]
Negative,promotion will be mostly based on the service years rather than job performance,promotion will be mostly based on the service years rather than job performance.,promotion will be mostly based on the service years rather than job performance.,promotion will be mostly based on the service years rather than job performance.,False,False,[]
Negative,need to cover the task for the colleague that take leave,need to cover the task for the colleague that take leave.,need to cover the task for the colleague that take leave.,need to cover the task for the colleague that take leave.,False,False,[]
Negative,need to attend branch morning briefing every day,need to attend branch morning briefing every day,need to attend branch morning briefing every day,need to attend branch morning briefing every day,False,False,[]
Negative,you donât get commission for during cross selling,you donât get commission for during cross selling.,you don't get commission for during cross selling.,you do not get commission for during cross selling.,True,True,[]
Negative,unclear commission,unclear commission,unclear commission,unclear commission,False,False,[]
Negative,attractive benefits but limited growth,attractive benefits but limited growth,attractive benefits but limited growth,attractive benefits but limited growth,False,False,[]
Positive,pretty straightforward,pretty straightforward .,pretty straightforward .,pretty straightforward .,False,False,[]
Negative,i used to work at bankname as financial analyst working environment is fine but somehow i saw that everyone is trying really hard to appeal bosses which,"i used to work at cimb as financial analyst, working environment is fine but somehow i saw that everyone is trying really hard to appeal bosses which","i used to work at cimb as financial analyst, working environment is fine but somehow i saw that everyone is trying really hard to appeal bosses which","i used to work at cimb as financial analyst, working environment is fine but somehow i saw that everyone is trying really hard to appeal bosses which",False,False,[]
Negative,no overtime payment but expected to overtime every single day,no ot payment but expected to ot every single day,no ot payment but expected to ot every single day,no ot payment but expected to ot every single day,False,False,[]
Negative,the workload is quite heavy but by time you will get used to it,"the workload is quite heavy, but by time ull get used to it.","the workload is quite heavy, but by time ull get used to it.","the workload is quite heavy, but by time ull get used to it.",False,False,[]
Negative,need to work on sunday times per month so overall you just have days of offday per month,need to work on sunday 2 times per month so overall you just have 2 days of offday per month.,need to work on sunday 2 times per month so overall you just have 2 days of offday per month.,need to work on sunday 2 times per month so overall you just have 2 days of offday per month.,False,False,[]
Positive,while the job offered some valuable learning experiences,"while the job offered some valuable learning experiences, ","while the job offered some valuable learning experiences, ","while the job offered some valuable learning experiences, ",False,False,[]
Negative,its a way for them to hold their staff to not resign,its a way for them to hold their staff to not resign.,its a way for them to hold their staff to not resign.,its a way for them to hold their staff to not resign.,False,False,[]
Negative,all higher ups care is sales,all higher ups care is sales.,all higher ups care is sales.,all higher ups care is sales.,False,False,[]
Negative,unclear commission calculate,unclear commission calculate,unclear commission calculate,unclear commission calculate,False,False,[]
Negative,overall while the job can be challenging,"overall, while the job can be challenging,","overall, while the job can be challenging,","overall, while the job can be challenging,",False,False,[]
Negative,the name is not top,the name is not top.,the name is not top.,the name is not top.,False,False,[]
Negative,but working in sales department you must achieved target to get commission,"but working in sales department , you must achieved target to get commission","but working in sales department , you must achieved target to get commission","but working in sales department , you must achieved target to get commission",False,False,[]
Negative,management style old school management required multiple layers to apply work access,management style: - old-school management required multiple layers to apply work access.,management style: - old-school management required multiple layers to apply work access.,management style: - old-school management required multiple layers to apply work access.,False,False,[]
Negative,conference call in the morning will pulled your mood,concall in the morning will pulled your mood,concall in the morning will pulled your mood,concall in the morning will pulled your mood,False,False,[]
Negative,if you preferred working like a robot can try this,"if you preffered working like a robot, can try this","if you preffered working like a robot, can try this","if you preffered working like a robot, can try this",False,False,[]
Negative,old working system,old working system.,old working system.,old working system.,False,False,[]
Positive,but still free of mind,but still free of mind,but still free of mind,but still free of mind,False,False,[]
Negative,need also to involve with events and might need to stay very late,need also to involve with events and might need to stay very late.,need also to involve with events and might need to stay very late.,need also to involve with events and might need to stay very late.,False,False,[]
Negative,no commission or very minimal rewards,no commission or very minimal rewards,no commission or very minimal rewards,no commission or very minimal rewards,False,False,[]
Negative,overtime can be claimed but depends on line manager,ot can be claimed but depends on line manager.,ot can be claimed but depends on line manager.,ot can be claimed but depends on line manager.,False,False,[]
Positive,have days block leave every year to get away from work,have 7 days block leave every year to get away from work.,have 7 days block leave every year to get away from work.,have 7 days block leave every year to get away from work.,False,False,[]
Negative,this comes with old system and standard operating procedures as they prefer to reduce cost,this comes with old system and sops as they prefer to reduce cost.,this comes with old system and sops as they prefer to reduce cost.,this comes with old system and sops as they prefer to reduce cost.,False,False,[]
Negative,but need to push for sales, but need to push for sales., but need to push for sales., but need to push for sales.,False,False,[]
Negative,the work is stress and if you can handle then you can work here,the work is stress and if u can handle then you can work here,the work is stress and if u can handle then you can work here,the work is stress and if you can handle then you can work here,False,True,[]
Negative,try other company,try other company,try other company,try other company,False,False,[]
Negative,a lot of paperwork to be done,a lot of paperwork to be done.,a lot of paperwork to be done.,a lot of paperwork to be done.,False,False,[]
Negative,change the commissioning structure without prior notice,chnage the commisioning structure without prior notice.,chnage the commisioning structure without prior notice.,chnage the commisioning structure without prior notice.,False,False,[]
Positive,good colleagues at the branches bad management,"good colleagues at the branches , bad management.","good colleagues at the branches , bad management.","good colleagues at the branches , bad management.",False,False,[]
Negative,no work from home,no wfh.,no wfh.,no wfh.,False,False,[]
Negative,slow increment and promotion,slow increment and promotion.,slow increment and promotion.,slow increment and promotion.,False,False,[]
Positive,having shift rotation,having shift rotation,having shift rotation,having shift rotation,False,False,[]
Positive,fix increment yearly,fix increment yearly,fix increment yearly,fix increment yearly,False,False,[]
Negative,fast paced great opportunity but no career growth,"fast paced, great opportunity but no career growth","fast paced, great opportunity but no career growth","fast paced, great opportunity but no career growth",False,False,[]
Positive,nothing stressful for me,nothing stressful for me.,nothing stressful for me.,nothing stressful for me.,False,False,[]
Positive,always ways for improvement,always ways for improvement.,always ways for improvement.,always ways for improvement.,False,False,[]
Negative,they would claw back of the commission and only give it to you after year,they would claw back 20% of the comm and only give it to u after 1 year.,they would claw back 20% of the comm and only give it to u after 1 year.,they would claw back 20% of the comm and only give it to you after 1 year.,False,True,[]
Negative,everything is about selling,everything is about selling,everything is about selling,everything is about selling,False,False,[]
Positive,maternity leave six months,maternity leave six months.,maternity leave six months.,maternity leave six months.,False,False,[]
Negative,management will be depends on your manager,management will be depends on your manager,management will be depends on your manager,management will be depends on your manager,False,False,[]
Positive,among colleagues okay,"among colleagues ok, ","among colleagues ok, ","among colleagues ok, ",False,False,[]
Negative,however i will say otherwise for my current supervisor,however i will say otherwise for my current supervisor,however i will say otherwise for my current supervisor,however i will say otherwise for my current supervisor,False,False,[]
Positive,working environment can be improved,working environment can be improved.,working environment can be improved.,working environment can be improved.,False,False,[]
Negative,but high volume,but high volume,but high volume,but high volume,False,False,[]
Negative,maybe it just this branch do not have much overtime normally we back at pm,"maybe it's just this branch do not have much ot, normally we back at 6pm.","maybe it's just this branch do not have much ot, normally we back at 6pm.","maybe it is just this branch do not have much ot, normally we back at 6pm.",False,True,[]
Negative,wednesday because every wednesday is a briefing day,wednesday because every wednesday is a briefing day,wednesday because every wednesday is a briefing day,wednesday because every wednesday is a briefing day,False,False,[]
Negative,experience raw adulting,experience raw adulting,experience raw adulting,experience raw adulting,False,False,[]
Negative,banking industry but in retail culture,banking industry but in retail culture,banking industry but in retail culture,banking industry but in retail culture,False,False,[]
Negative,those fresh graduate who want to work here need to have strong physical and mental to sustain in a long run,those fresh graduate who want to work here need to have strong physical and mental to sustain in a long run.,those fresh graduate who want to work here need to have strong physical and mental to sustain in a long run.,those fresh graduate who want to work here need to have strong physical and mental to sustain in a long run.,False,False,[]
Negative,going back at pm is normal pm is the earliest time to go home weekend sometimes need to work also,"going back at 10 pm is normal, 7 pm is the earliest time to go home, weekend sometimes need to work also","going back at 10 pm is normal, 7 pm is the earliest time to go home, weekend sometimes need to work also","going back at 10 pm is normal, 7 pm is the earliest time to go home, weekend sometimes need to work also",False,False,[]
Positive,salary was on par on the position applied,salary was on par on the position applied.,salary was on par on the position applied.,salary was on par on the position applied.,False,False,[]
Positive,prepare monthly reporting tasks and mostly does market research,prepare monthly reporting tasks and mostly does market research.,prepare monthly reporting tasks and mostly does market research.,prepare monthly reporting tasks and mostly does market research.,False,False,[]
Negative,corporate style with multiple hierarchy you get to survive if you have a strong mentality to cope stress,"corporate style with multiple hierarchy, you get to survive if you have a strong mentality to cope stress.","corporate style with multiple hierarchy, you get to survive if you have a strong mentality to cope stress.","corporate style with multiple hierarchy, you get to survive if you have a strong mentality to cope stress.",False,False,[]
Positive,no complaint,no complaint.,no complaint.,no complaint.,False,False,[]
Negative,the month training class might not be enough the notes you can't gather from outside of class,"the 1-month training class might not be enough, the notes you can't gather from outside of class.","the 1-month training class might not be enough, the notes you can't gather from outside of class.","the 1-month training class might not be enough, the notes you cannot gather from outside of class.",False,True,[]
Negative,you have to be âpandai bodekâ boss for better career enhancement,you have to be âpandai bodekâ bos for better career enhancement.,"you have to be ""pandai bodek"" bos for better career enhancement.","you have to be ""pandai bodek"" bos for better career enhancement.",True,False,[]
Negative,doesnt mean next quarter are the same even you achieved key performance indicator,doesnt mean next quarter are the same even u achieved 100% kpi.,doesnt mean next quarter are the same even u achieved 100% kpi.,does not mean next quarter are the same even you achieved 100% kpi.,False,True,[]
Negative,you need to achieved all the monthly target so you can stay respected,you need to achieved all the monthly target so you can stay respected.,you need to achieved all the monthly target so you can stay respected.,you need to achieved all the monthly target so you can stay respected.,False,False,[]
Positive,flexible working hours,flexi working hours.,flexi working hours.,flexi working hours.,False,False,[]
Positive,days of annual leave,24 days of annual leave.,24 days of annual leave.,24 days of annual leave.,False,False,[]
Negative,during bonus and increment cycles staff handling only business as usual tasks often receive higher total compensation than those who take on additional responsibilities,"during bonus and increment cycles, staff handling only bau tasks often receive higher total compensation than those who take on additional responsibilities.","during bonus and increment cycles, staff handling only bau tasks often receive higher total compensation than those who take on additional responsibilities.","during bonus and increment cycles, staff handling only bau tasks often receive higher total compensation than those who take on additional responsibilities.",False,False,[]
Positive,although some of the reviewer said that the employee benefits are below the industry benchmarking but i can see that the management has been working to improve it accordingly,"although, some of the reviewer said that the employee's benefits are below the industry benchmarking, but i can see that the management has been working to improve it accordingly.","although, some of the reviewer said that the employee's benefits are below the industry benchmarking, but i can see that the management has been working to improve it accordingly.","although, some of the reviewer said that the employee's benefits are below the industry benchmarking, but i can see that the management has been working to improve it accordingly.",False,False,[]
Negative,learning environment need cope with the stress of hitting sales target multi tasking is needed,"learning environment , need cope with the stress of hitting sales target, multi-tasking is needed.","learning environment , need cope with the stress of hitting sales target, multi-tasking is needed.","learning environment , need cope with the stress of hitting sales target, multi-tasking is needed.",False,False,[]
Negative,but the salary is a bit low for the fresh grade in order to compare with others banking company,but the salary is a bit low for the fresh grade in order to compare with others banking company,but the salary is a bit low for the fresh grade in order to compare with others banking company,but the salary is a bit low for the fresh grade in order to compare with others banking company,False,False,[]
Negative,they can be crazy to meet up their key performance indicator,they can be crazy to meet up their kpi.,they can be crazy to meet up their kpi.,they can be crazy to meet up their kpi.,False,False,[]
Positive,so much to learn here,so much to learn here.,so much to learn here.,so much to learn here.,False,False,[]
Negative,but slow pace, but slow pace., but slow pace., but slow pace.,False,False,[]
Negative,multitasking and workload,multitasking and workload,multitasking and workload,multitasking and workload,False,False,[]
Negative,but be ready to work long hours as it is the norm here,"but be ready to work long hours, as it is the norm here.","but be ready to work long hours, as it is the norm here.","but be ready to work long hours, as it is the norm here.",False,False,[]
Negative,management is not helping,"management is not helping,","management is not helping,","management is not helping,",False,False,[]
Positive,but colleague all okay and supportive, but colleague all okay and supportive., but colleague all okay and supportive., but colleague all okay and supportive.,False,False,[]
Negative,even top performer is hard to secure a permanent position,even top performer is hard to secure a permanent position.,even top performer is hard to secure a permanent position.,even top performer is hard to secure a permanent position.,False,False,[]
Positive,annual leave a lot,annual leave a lot,annual leave a lot,annual leave a lot,False,False,[]
Negative,this one is supposed to be okay but if you need them and they don't entertain willingly definitely that will let you down,"this one is supposed to be okay, but if you need them and they don't entertain willingly, definitely that will let you down.","this one is supposed to be okay, but if you need them and they don't entertain willingly, definitely that will let you down.","this one is supposed to be okay, but if you need them and they do not entertain willingly, definitely that will let you down.",False,True,[]
Negative,sometimes they just recycle the leads to call the same customer,sometimes they just recycle the leads to call the same customer.,sometimes they just recycle the leads to call the same customer.,sometimes they just recycle the leads to call the same customer.,False,False,[]
Positive,cross functional collaboration while encouraged it may face occasional resistance due to siloed structures,"cross-functional collaboration: while encouraged, it may face occasional resistance due to siloed structures.","cross-functional collaboration: while encouraged, it may face occasional resistance due to siloed structures.","cross-functional collaboration: while encouraged, it may face occasional resistance due to siloed structures.",False,False,[]
Negative,however incentives are not transparent,"however, incentives are not transparent.","however, incentives are not transparent.","however, incentives are not transparent.",False,False,[]
Positive,just that work will be stressful but manageable with good working colleagues,just that work will be stressful but manageable with good working colleagues.,just that work will be stressful but manageable with good working colleagues.,just that work will be stressful but manageable with good working colleagues.,False,False,[]
Positive,workload is manageable although at times it can be quite heavy,"workload is manageable, although at times it can be quite heavy.","workload is manageable, although at times it can be quite heavy.","workload is manageable, although at times it can be quite heavy.",False,False,[]
Negative,i learnt a lot during my time in bankname however the key performance indicator target just keep getting higher and you need to work harder to achieve the key performance indicator,"i learnt a lot during my time in cimb, however the kpi target just keep getting higher and you need to work harder to achieve the kpi.","i learnt a lot during my time in cimb, however the kpi target just keep getting higher and you need to work harder to achieve the kpi.","i learnt a lot during my time in cimb, however the kpi target just keep getting higher and you need to work harder to achieve the kpi.",False,False,[]
Positive,management don't come to you and shouting for target,management don't come to you and shouting for target.,management don't come to you and shouting for target.,management do not come to you and shouting for target.,False,True,[]
Negative,but for the target that we need to carry together with incentive scheme need to revise,but for the target that we need to carry tgter with incentive scheme need to revise,but for the target that we need to carry tgter with incentive scheme need to revise,but for the target that we need to carry tgter with incentive scheme need to revise,False,False,[]
Positive,overall is okay,overall is okay,overall is okay,overall is okay,False,False,[]
Negative,no overtime given but they ask you to do overtime,no ot given but they ask you to do ot.,no ot given but they ask you to do ot.,no ot given but they ask you to do ot.,False,False,[]
Negative,as a fresh grad i thought would capable to learn something,"as a fresh grad i thought would capable to learn something , ","as a fresh grad i thought would capable to learn something , ","as a fresh grad i thought would capable to learn something , ",False,False,[]
Negative,will be more compliance compare to other banks management keeps chasing the target,will be more compliance compare to other banks management keeps chasing the target,will be more compliance compare to other banks management keeps chasing the target,will be more compliance compare to other banks management keeps chasing the target,False,False,[]
Positive,bonus can be down to months but usually is months,bonus can be down to 2 months but usually is 3 months.,bonus can be down to 2 months but usually is 3 months.,bonus can be down to 2 months but usually is 3 months.,False,False,[]
Negative,no one help when things happened,no one hlp when things happened,no one hlp when things happened,no one hlp when things happened,False,False,[]
Negative,no clear goal setup by my immediate manager,no clear goal setup by my immediate manager.,no clear goal setup by my immediate manager.,no clear goal setup by my immediate manager.,False,False,[]
Negative,please digitalize the processes in credit as the bank is outdated in this expect please look at other competitors,"please digitalize the processes in credit as the bank is outdated in this expect, please look at other competitors.","please digitalize the processes in credit as the bank is outdated in this expect, please look at other competitors.","please digitalize the processes in credit as the bank is outdated in this expect, please look at other competitors.",False,False,[]
Negative,a typical day was fast paced handling high volumes of customer issues with tight performance targets,"a typical day was fast-paced, handling high volumes of customer issues with tight performance targets.","a typical day was fast-paced, handling high volumes of customer issues with tight performance targets.","a typical day was fast-paced, handling high volumes of customer issues with tight performance targets.",False,False,[]
Positive,free hospitalisation,free hospitalisation.,free hospitalisation.,free hospitalisation.,False,False,[]
Positive,the environment was okay,the environment was okay.,the environment was okay.,the environment was okay.,False,False,[]
Positive,i then focus on my core responsibilities handling assigned tasks resolving issues and supporting ongoing projects,"i then focus on my core responsibilities handling assigned tasks, resolving issues, and supporting ongoing projects.","i then focus on my core responsibilities handling assigned tasks, resolving issues, and supporting ongoing projects.","i then focus on my core responsibilities handling assigned tasks, resolving issues, and supporting ongoing projects.",False,False,[]
Positive,they'll teach you the basics provided training and little knowledge,"they'll teach you the basics, provided training and little knowledge.","they'll teach you the basics, provided training and little knowledge.","they will teach you the basics, provided training and little knowledge.",False,True,[]
Negative,turn based style promotions,turn based style promotions.,turn based style promotions.,turn based style promotions.,False,False,[]
Negative,daily job may be repetitive depends on the team you are on,'- daily job may be repetitive (depends on the team you are on),'- daily job may be repetitive (depends on the team you are on),'- daily job may be repetitive (depends on the team you are on),False,False,[]
Negative,challenging in the sense of multitasking and sales targets to meet,challenging in the sense of multitasking and sales targets to meet.,challenging in the sense of multitasking and sales targets to meet.,challenging in the sense of multitasking and sales targets to meet.,False,False,[]
Negative,very chinese man and traditional way of approaching work,very chinese man and traditional way of approaching work.,very chinese man and traditional way of approaching work.,very chinese man and traditional way of approaching work.,False,False,[]
Positive,because they are paying commission if you hit the monthly target,because they are paying commission if you hit the monthly target.,because they are paying commission if you hit the monthly target.,because they are paying commission if you hit the monthly target.,False,False,[]
Negative,had to self learn everything,had to self-learn everything.,had to self-learn everything.,had to self-learn everything.,False,False,[]
Positive,a lot things can discover,alot things can discover.,alot things can discover.,alot things can discover.,False,False,[]
Negative,have to do multitasking task work long hours sometimes to work over the weekend,"have to do multitasking task , work long hours sometimes to work over the weekend.","have to do multitasking task , work long hours sometimes to work over the weekend.","have to do multitasking task , work long hours sometimes to work over the weekend.",False,False,[]
Positive,have annual leave every month,have al every month.,have al every month.,have al every month.,False,False,[]
Negative,remuneration not as expectation,remuneration not as expectation,remuneration not as expectation,remuneration not as expectation,False,False,[]
Negative,no much time to have a talk with colleague due to call queue most of the time,no much time to have a talk with colleague due to call que most of the time.,no much time to have a talk with colleague due to call que most of the time.,no much time to have a talk with colleague due to call que most of the time.,False,False,[]
Positive,but if you want to go for a reasonable and just normal job free of mind can go to here,but if you want to go for a reasonable and just normal job free of mind can go to here,but if you want to go for a reasonable and just normal job free of mind can go to here,but if you want to go for a reasonable and just normal job free of mind can go to here,False,False,[]
Positive,overall okay,overall ok,overall ok,overall ok,False,False,[]
Positive,can choose work from home which day in a week,can choose wfh which day in a week.,can choose wfh which day in a week.,can choose wfh which day in a week.,False,False,[]
Negative,while there are some positives such as a supportive team and a convenient location the overall experience has been marred by significant shortcomings,"while there are some positives, such as a supportive team and a convenient location, the overall experience has been marred by significant shortcomings.","while there are some positives, such as a supportive team and a convenient location, the overall experience has been marred by significant shortcomings.","while there are some positives, such as a supportive team and a convenient location, the overall experience has been marred by significant shortcomings.",False,False,[]
Positive,salary is reasonable,salary is reasonable,salary is reasonable,salary is reasonable,False,False,[]
Negative,but now they dont even care,but now they dont even care,but now they dont even care,but now they do not even care,False,True,[]
Negative,okay but not much career growth,"ok, but not much career growth.","ok, but not much career growth.","ok, but not much career growth.",False,False,[]
Positive,overall not bad,overall not bad.,overall not bad.,overall not bad.,False,False,[]
Positive,not bad environment,not bad environment,not bad environment,not bad environment,False,False,[]
Positive,but an opportunity to also learn about banking systems and its standard operating procedures,but an opportunity to also learn about banking systems and its sops?,but an opportunity to also learn about banking systems and its sops?,but an opportunity to also learn about banking systems and its sops?,False,False,[]
Negative,my mentor even asked me to cancel my annual leaves to complete my workloads and my mentor asked me to complete my workloads during my annual leaves weekends and public holiday despite unrealistic goals set by the boss and the team,"my mentor even asked me to cancel my annual leaves to complete my workloads, and my mentor asked me to complete my workloads during my annual leaves, weekends and public holiday despite unrealistic goals set by the boss and the team.","my mentor even asked me to cancel my annual leaves to complete my workloads, and my mentor asked me to complete my workloads during my annual leaves, weekends and public holiday despite unrealistic goals set by the boss and the team.","my mentor even asked me to cancel my annual leaves to complete my workloads, and my mentor asked me to complete my workloads during my annual leaves, weekends and public holiday despite unrealistic goals set by the boss and the team.",False,False,[]
Negative,the quiet ones but really great working attitude tends to be left out n teased upon,the quiet ones but really great working attitude tends to be left out n teased upon.,the quiet ones but really great working attitude tends to be left out n teased upon.,the quiet ones but really great working attitude tends to be left out n teased upon.,False,False,[]
Positive,not bad,not bad,not bad,not bad,False,False,[]
Negative,normal working hours but need to work weekends with no overtime pay at all,normal working hours but beed to work weekends with no overtime pay at all.,normal working hours but beed to work weekends with no overtime pay at all.,normal working hours but beed to work weekends with no overtime pay at all.,False,False,[]
Negative,all depend on your luck,", all depend on your luck.",", all depend on your luck.",", all depend on your luck.",False,False,[]
Negative,but old system,but old system,but old system,but old system,False,False,[]
Negative,moderate work load not so much benefit,"moderate work load, not so much benefit , ","moderate work load, not so much benefit , ","moderate work load, not so much benefit , ",False,False,[]
Positive,provide a lot of training to new joiner,provide a lot of training to new joiner.,provide a lot of training to new joiner.,provide a lot of training to new joiner.,False,False,[]
Negative,don't expect overtime claim,don't expect ot claim.,don't expect ot claim.,do not expect ot claim.,False,True,[]
Positive,pay commission quarterly if you got certain amount on this quarter,"pay commission quarterly, if u got certain amount on this quarter.","pay commission quarterly, if u got certain amount on this quarter.","pay commission quarterly, if you got certain amount on this quarter.",False,True,[]
Negative,old working system old office,"old working system, old office.","old working system, old office.","old working system, old office.",False,False,[]
Negative,superiors claim credit for your work,superiors claim credit for your work,superiors claim credit for your work,superiors claim credit for your work,False,False,[]
Positive,i worked here before and the work load is quite okay and bearable,i worked here before and the work load is quite ok and bearable.,i worked here before and the work load is quite ok and bearable.,i worked here before and the work load is quite ok and bearable.,False,False,[]
Negative,first of all the position is quite hardcore,"first of all, the position is quite hardcore.","first of all, the position is quite hardcore.","first of all, the position is quite hardcore.",False,False,[]
Negative,uncertain commission,uncertain commission,uncertain commission,uncertain commission,False,False,[]
Negative,my teammate are amazing but the manager i am under eventually started micromanaging,"my teammate are amazing, but the manager i am under eventually started micromanaging.","my teammate are amazing, but the manager i am under eventually started micromanaging.","my teammate are amazing, but the manager i am under eventually started micromanaging.",False,False,[]
Positive,hybrid working,hybrid working.,hybrid working.,hybrid working.,False,False,[]
Positive,benefit overall okay,benefit overall ok.,benefit overall ok.,benefit overall ok.,False,False,[]
Negative,prospective employees should carefully weigh these factors before considering employment here,prospective employees should carefully weigh these factors before considering employment here..,prospective employees should carefully weigh these factors before considering employment here..,prospective employees should carefully weigh these factors before considering employment here..,False,False,[]
Positive,fun work environment but challenging,fun work environment but challenging,fun work environment but challenging,fun work environment but challenging,False,False,[]
Negative,no option for you to reject,no option for you to reject.,no option for you to reject.,no option for you to reject.,False,False,[]
Positive,learn a lot from the seniors no politics in the office as well,learn a lot from the seniors & no politics in the office as well.,learn a lot from the seniors & no politics in the office as well.,learn a lot from the seniors & no politics in the office as well.,False,False,[]
Negative,you can choose to claim overtime as well at the end of the shift to submit the service request but extra works that you have to get validation from your officers in charge or team manager,you can choose to claim ot as well at the end of the shift to submit the sr but extra works that you have to get validation from your oics or tm.,you can choose to claim ot as well at the end of the shift to submit the sr but extra works that you have to get validation from your oics or tm.,you can choose to claim ot as well at the end of the shift to submit the sr but extra works that you have to get validation from your oics or tm.,False,False,[]
Negative,progression limited,progression limited,progression limited,progression limited,False,False,[]
Positive,the environment is not bad,the environment is not bad.,the environment is not bad.,the environment is not bad.,False,False,[]
Positive,salary is high for fresh graduate but with high salary comes with high risk as well,salary is high for fresh graduate but with high salary comes with high risk as well,salary is high for fresh graduate but with high salary comes with high risk as well,salary is high for fresh graduate but with high salary comes with high risk as well,False,False,[]
Positive,clear object,clear object,clear object,clear object,False,False,[]
Negative,whenever i had a problem in my works they asked me to solve it myself,"whenever i had a problem in my works, they asked me to solve it myself.","whenever i had a problem in my works, they asked me to solve it myself.","whenever i had a problem in my works, they asked me to solve it myself.",False,False,[]
Positive,harmony workplace,harmony workplace,harmony workplace,harmony workplace,False,False,[]
Negative,learn to work independently,learn to work independently.,learn to work independently.,learn to work independently.,False,False,[]
Negative,no overtime and working in every public holiday since working as sales consultant,no ot and working in every public holiday since working as sales consultant,no ot and working in every public holiday since working as sales consultant,no ot and working in every public holiday since working as sales consultant,False,False,[]
Negative,workplace culture lots of overseas worker than local and overtime almost everyday,"workplace culture, lots of overseas worker than local and overtime almost everyday.","workplace culture, lots of overseas worker than local and overtime almost everyday.","workplace culture, lots of overseas worker than local and overtime almost everyday.",False,False,[]
Positive,they call you right after seeing your resume,they call u right after seeing ur resume,they call u right after seeing ur resume,they call you right after seeing you are resume,False,True,[]
Negative,commissions are okay but lower than other banks,commisions are ok but lower than other banks.,commisions are ok but lower than other banks.,commisions are ok but lower than other banks.,False,False,[]
Negative,the working pace in a banking sector is vibrant and demanding hence there are rigorous regulatory reportings have to be made,the working pace in a banking sector is vibrant and demanding hence there are rigorous regulatory reportings have to be made.,the working pace in a banking sector is vibrant and demanding hence there are rigorous regulatory reportings have to be made.,the working pace in a banking sector is vibrant and demanding hence there are rigorous regulatory reportings have to be made.,False,False,[]
Positive,does offer hybrid working style includes activities like townhall learning week team building and upskilling depending on the department,"does offer hybrid working style, imcludes activities like townhall, learning week, team building, and upskilling depending on the department.","does offer hybrid working style, imcludes activities like townhall, learning week, team building, and upskilling depending on the department.","does offer hybrid working style, imcludes activities like townhall, learning week, team building, and upskilling depending on the department.",False,False,[]
Positive,okay so far so good laughing out loud canât say too hard also canât say easily all overall is medium only,"ok lah, so far so good lol canât say too hard also canât say easily all overall is medium only,","ok lah, so far so good lol can't say too hard also can't say easily all overall is medium only,","ok lah, so far so good lol cannot say too hard also cannot say easily all overall is medium only,",True,True,[]
Negative,office is old,office is old.,office is old.,office is old.,False,False,[]
Negative,no benefits months contract with total of annual leave,"no benefits, 8 months contract with total of 16 annual leave.","no benefits, 8 months contract with total of 16 annual leave.","no benefits, 8 months contract with total of 16 annual leave.",False,False,[]
Negative,the management is on another whole different level they tend to stick with the paper based era whereas people are going towards technologies,"the management is on another whole different level, they tend to stick with the paper based era whereas people are going towards technologies.","the management is on another whole different level, they tend to stick with the paper based era whereas people are going towards technologies.","the management is on another whole different level, they tend to stick with the paper based era whereas people are going towards technologies.",False,False,[]
Negative,donât put too high expectations on banking line industry,donât put too high expectations on banking line industry,don't put too high expectations on banking line industry,do not put too high expectations on banking line industry,True,True,[]
Negative,slow operating system,slow operating system.,slow operating system.,slow operating system.,False,False,[]
Positive,workload okay depending on the team and bosses,workload ok depending on the team and bosses.,workload ok depending on the team and bosses.,workload ok depending on the team and bosses.,False,False,[]
Negative,dont mind if you being disturbed at weekend especially hire purchase department,dont mind if u being diaturb at weekend especially hire purchase dept.,dont mind if u being diaturb at weekend especially hire purchase dept.,do not mind if you being diaturb at weekend especially hire purchase dept.,False,True,[]
Positive,there were a lot of event being held at tower bankname for the seasonal events such as chinese new year and christmas,"there were a lot of event being held at menara maybank for the seasonal events, such as chinese new year and christmas.","there were a lot of event being held at menara maybank for the seasonal events, such as chinese new year and christmas.","there were a lot of event being held at menara maybank for the seasonal events, such as chinese new year and christmas.",False,False,[]
Negative,favoritism from both leadership and human resource business partner influences career growth resulting in the same individuals receiving promotions every â years while others are overlooked,"favoritism from both leadership and hrbp influences career growth, resulting in the same individuals receiving promotions every 2â3 years, while others are overlooked.","favoritism from both leadership and hrbp influences career growth, resulting in the same individuals receiving promotions every 2–3 years, while others are overlooked.","favoritism from both leadership and hrbp influences career growth, resulting in the same individuals receiving promotions every 2–3 years, while others are overlooked.",True,False,[]
Negative,need to relief ppl a lot if you are from branch,need to relief ppl a lot if u are from branch.,need to relief ppl a lot if u are from branch.,need to relief people a lot if you are from branch.,False,True,[]
Positive,there are fixed two months annual bonus and at least one month performance bonus,there are fixed two months annual bonus and at least one month performance bonus.,there are fixed two months annual bonus and at least one month performance bonus.,there are fixed two months annual bonus and at least one month performance bonus.,False,False,[]
Negative,sales could be challenging here as the products are not really competitive,"sales could be challenging here, as the products are not really competitive.","sales could be challenging here, as the products are not really competitive.","sales could be challenging here, as the products are not really competitive.",False,False,[]
Negative,but do not become protege or join programme,but do not become protege or join programme,but do not become protege or join programme,but do not become protege or join programme,False,False,[]
Negative,also please give ample time to catch up and get used to the systems even though officer in charge might not assist you many times,"also, please give ample time to catch up and get used to the systems even though oic might not assist you many times.","also, please give ample time to catch up and get used to the systems even though oic might not assist you many times.","also, please give ample time to catch up and get used to the systems even though oic might not assist you many times.",False,False,[]
Positive,i miss my teammates so much,i miss my teamates so much.,i miss my teamates so much.,i miss my teamates so much.,False,False,[]
Negative,officers in charge might be helping you but they will expect you to work independently and catch up so fast,"oics might be helping you but they will expect you to work independently, and catch up so fast.","oics might be helping you but they will expect you to work independently, and catch up so fast.","oics might be helping you but they will expect you to work independently, and catch up so fast.",False,False,[]
Positive,everyday supply of snacks in the pantry,everyday supply of snacks in the pantry.,everyday supply of snacks in the pantry.,everyday supply of snacks in the pantry.,False,False,[]
Positive,enjoyable,enjoyable,enjoyable,enjoyable,False,False,[]
Negative,it was a busy,it was a busy ,it was a busy ,it was a busy ,False,False,[]
Negative,expect long working hours,expect long working hours.,expect long working hours.,expect long working hours.,False,False,[]
Positive,stability is there just that need to work hard and sometimes luck,stability is there just that need to work hard and sometimes luck.,stability is there just that need to work hard and sometimes luck.,stability is there just that need to work hard and sometimes luck.,False,False,[]
Positive,my internship experience was okay overall,my internship experience was okay overall.,my internship experience was okay overall.,my internship experience was okay overall.,False,False,[]
Negative,you are expected to go beyond your key performance indicator,you are expected to go beyond ur kpi.,you are expected to go beyond ur kpi.,you are expected to go beyond you are kpi.,False,True,[]
Negative,management practice favouritism,management practice favouritism,management practice favouritism,management practice favouritism,False,False,[]
Positive,employee provident fund benefits,epf benefits.,epf benefits.,epf benefits.,False,False,[]
Negative,sometimes they might get irritated when you ask twice because they think they already explained thousands of times,"sometimes, they might get irritated when you ask twice because they think they already explained thousands of times.","sometimes, they might get irritated when you ask twice because they think they already explained thousands of times.","sometimes, they might get irritated when you ask twice because they think they already explained thousands of times.",False,False,[]
Negative,but low pay basic salary,but low pay basic salary,but low pay basic salary,but low pay basic salary,False,False,[]
Negative,always overtime,always overtime,always overtime,always overtime,False,False,[]
Negative,need to do a lot of overtime but intern trainee did not get paid overtime,need to do a lot of ot but intern/trainee did not get paid ot.,need to do a lot of ot but intern/trainee did not get paid ot.,need to do a lot of ot but intern/trainee did not get paid ot.,False,False,[]
Negative,tracker in place to track everyoneâs task,tracker in place to track everyoneâs task.,tracker in place to track everyone's task.,tracker in place to track everyone is task.,True,True,[]
Negative,they take their time to answer my question,they take their time to answer my question.,they take their time to answer my question.,they take their time to answer my question.,False,False,[]
Negative,need to achieve a high key performance indicator with changing directions from upper management,need to achieve a high kpi with changing directions from upper management.,need to achieve a high kpi with changing directions from upper management.,need to achieve a high kpi with changing directions from upper management.,False,False,[]
Positive,it the largest bank in placename,it's the largest bank in malaysia.,it's the largest bank in malaysia.,it is the largest bank in malaysia.,False,True,[]
Negative,expect one hour talk to persuade you work hard,expect one hour talk to persuade you work hard.,expect one hour talk to persuade you work hard.,expect one hour talk to persuade you work hard.,False,False,[]
Negative,pushes us to the limit but suddenly change the commissioning structure,pushes us to the limit but suddenly change the comissioning structure,pushes us to the limit but suddenly change the comissioning structure,pushes us to the limit but suddenly change the comissioning structure,False,False,[]
Positive,can learn something,can learn something,can learn something,can learn something,False,False,[]
Positive,benefits basic salary meets the market range,benefits: - basic salary meets the market range.,benefits: - basic salary meets the market range.,benefits: - basic salary meets the market range.,False,False,[]
Negative,company got a lot of profit every year must increase salary also the cost living there very high,"company got a lot of profit every year, must increase salary & also the cost living there very high.","company got a lot of profit every year, must increase salary & also the cost living there very high.","company got a lot of profit every year, must increase salary & also the cost living there very high.",False,False,[]
Positive,freestyle working environment,freestyle working environment.,freestyle working environment.,freestyle working environment.,False,False,[]
Negative,in term of management they want feedback but doesnt improve,"in term of management, they want feedback but doesnt improve .","in term of management, they want feedback but doesnt improve .","in term of management, they want feedback but does not improve .",False,True,[]
Negative,none pros factor,none pros factor,none pros factor,none pros factor,False,False,[]
Positive,while it is a stable organization,"while it is a stable organization, ","while it is a stable organization, ","while it is a stable organization, ",False,False,[]
Positive,you will learn how to manage your time management skills,you will learn how to manage your time management skills.,you will learn how to manage your time management skills.,you will learn how to manage your time management skills.,False,False,[]
Positive,no overtime overall not bad,no ot overall not bad,no ot overall not bad,no ot overall not bad,False,False,[]
Positive,overall good,overall good.,overall good.,overall good.,False,False,[]
Positive,summary overall quite good,summary overall quite good,summary overall quite good,summary overall quite good,False,False,[]
Negative,sales target is too high and management will push you to hit every month,sales target is too high and management will push you to hit every month.,sales target is too high and management will push you to hit every month.,sales target is too high and management will push you to hit every month.,False,False,[]
Negative,require staffs to stay back but wont pay for overtime,require staffs to stay back but wont pay for overtime,require staffs to stay back but wont pay for overtime,require staffs to stay back but will not pay for overtime,False,True,[]
Negative,traditional change averse company,traditional & change-averse company,traditional & change-averse company,traditional & change-averse company,False,False,[]
Negative,you have to give full commitment to this organisation even in weekend especially when you are involve in marketing scope,you have to give full commitment to this organisation even in weekend especially when you are involve in marketing scope.,you have to give full commitment to this organisation even in weekend especially when you are involve in marketing scope.,you have to give full commitment to this organisation even in weekend especially when you are involve in marketing scope.,False,False,[]
Negative,although there will be some bad apples which can be found in any company tbh, although there will be some bad apples (which can be found in any company tbh), although there will be some bad apples (which can be found in any company tbh), although there will be some bad apples (which can be found in any company to be honest),False,True,[]
Negative,comprehensive benefits with concerns over operational balance and promotion fairness,comprehensive benefits with concerns over operational balance and promotion fairness,comprehensive benefits with concerns over operational balance and promotion fairness,comprehensive benefits with concerns over operational balance and promotion fairness,False,False,[]
Negative,stress if there is any accidental mistake that we didn't notice and need to re do whole thing,stress if there is any accidental mistake that we didn't notice and need to re do whole thing.,stress if there is any accidental mistake that we didn't notice and need to re do whole thing.,stress if there is any accidental mistake that we did not notice and need to re do whole thing.,False,True,[]
Negative,in the spend of months the company had change its guidelines times which effect the sales department heavily,"in the spend of 6 months, the company had change its guidelines 4 times which effect the sales department heavily.","in the spend of 6 months, the company had change its guidelines 4 times which effect the sales department heavily.","in the spend of 6 months, the company had change its guidelines 4 times which effect the sales department heavily.",False,False,[]
Negative,high expectation and workload,high expectation and workload,high expectation and workload,high expectation and workload,False,False,[]
Positive,you will think a lot of time if you want to resign because of the benefits,you will think a lot of time if you want to resign because of the benefits,you will think a lot of time if you want to resign because of the benefits,you will think a lot of time if you want to resign because of the benefits,False,False,[]
Positive,fun and good environment is okay,"fun and good, environment is ok.","fun and good, environment is ok.","fun and good, environment is ok.",False,False,[]
Negative,not many clients will prefer bankname,not many clients will prefer rhb.,not many clients will prefer rhb.,not many clients will prefer rhb.,False,False,[]
Positive,it was good,it was good.,it was good.,it was good.,False,False,[]
Negative,low increment,low increament,low increament,low increament,False,False,[]
Negative,systems are fine except i only encounter difficulties with system it needs to be redesigned to a friendlier interface at least for those agents,"systems are fine except i only encounter difficulties with r*w**, it needs to be redesigned to a friendlier interface at least for those agents.","systems are fine except i only encounter difficulties with r*w**, it needs to be redesigned to a friendlier interface at least for those agents.","systems are fine except i only encounter difficulties with r*w**, it needs to be redesigned to a friendlier interface at least for those agents.",False,False,[]
Positive,monetary benefits is fine,monetary benefits is fine ,monetary benefits is fine ,monetary benefits is fine ,False,False,[]
Negative,need to stay back without paying overtime,need to stay back without paying ot.,need to stay back without paying ot.,need to stay back without paying ot.,False,False,[]
Positive,flexible and relax environment, flexible and relax environment , flexible and relax environment , flexible and relax environment ,False,False,[]
Positive,opportunity to learn a lot however i was hired as a outsourcing staff,opportunity to learn a lot however i was hired as a outsourcing staff.,opportunity to learn a lot however i was hired as a outsourcing staff.,opportunity to learn a lot however i was hired as a outsourcing staff.,False,False,[]
Positive,the commission given is quite higher than another bank,the commission given is quite higher than another bank.,the commission given is quite higher than another bank.,the commission given is quite higher than another bank.,False,False,[]
Positive,have graduate and certification if pass the exam and roleplay,have graduate and certification if pass the exam and roleplay,have graduate and certification if pass the exam and roleplay,have graduate and certification if pass the exam and roleplay,False,False,[]
Negative,facing challenges to deal with current systems and process,facing challenges to deal with current systems and process.,facing challenges to deal with current systems and process.,facing challenges to deal with current systems and process.,False,False,[]
Positive,but can learn a lot of knowledge,but can learn a lot of knowledge,but can learn a lot of knowledge,but can learn a lot of knowledge,False,False,[]
Negative,some employees in the it department work in a semi basement that doesn't see a lot of sunlight during the day,some employees in the it department work in a semi-basement that doesn't see a lot of sunlight during the day.,some employees in the it department work in a semi-basement that doesn't see a lot of sunlight during the day.,some employees in the it department work in a semi-basement that does not see a lot of sunlight during the day.,False,True,[]
Negative,good to try as probation only hahaha,good to try as probation only hahaha.,good to try as probation only hahaha.,good to try as probation only hahaha.,False,False,[]
Negative,need to review the benefits structure transparency of promotion,"need to review the benefits structure, transparency of promotion","need to review the benefits structure, transparency of promotion","need to review the benefits structure, transparency of promotion",False,False,[]
Positive,typical day at work is okay,typical day at work is ok .,typical day at work is ok .,typical day at work is ok .,False,False,[]
Positive,key performance indicator is very agile adjustable,"kpi is very agile, adjustable.","kpi is very agile, adjustable.","kpi is very agile, adjustable.",False,False,[]
Positive,some department are more flexible,some department are more flexible.,some department are more flexible.,some department are more flexible.,False,False,[]
Negative,learned nothing,learned nothing,learned nothing,learned nothing,False,False,[]
Negative,however team is very lean therefore it can be stressful at times and things are fast paced,"however, team is very lean, therefore it can be stressful at times and things are fast paced.","however, team is very lean, therefore it can be stressful at times and things are fast paced.","however, team is very lean, therefore it can be stressful at times and things are fast paced.",False,False,[]
Positive,flexible lunch time,flexible lunch time,flexible lunch time,flexible lunch time,False,False,[]
Positive,good for beginner,good for beginner,good for beginner,good for beginner,False,False,[]
Positive,benefits salary for fresh graduates overtime claims,benefits/salary for fresh graduates/ ot claims,benefits/salary for fresh graduates/ ot claims,benefits/salary for fresh graduates/ ot claims,False,False,[]
Negative,long hours,long hours,long hours,long hours,False,False,[]
Negative,but the workload will be more than expected due to manpower shortages,but the workload will be more than expected due to manpower shortages.,but the workload will be more than expected due to manpower shortages.,but the workload will be more than expected due to manpower shortages.,False,False,[]
Positive,fun mix stress,fun mix stress,fun mix stress,fun mix stress,False,False,[]
Negative,less guidance,less guidance,less guidance,less guidance,False,False,[]
Negative,not many incentive for protege,not many incentive for protege.,not many incentive for protege.,not many incentive for protege.,False,False,[]
Positive,top largest bank in placename,top 5 largest bank in malaysia,top 5 largest bank in malaysia,top 5 largest bank in malaysia,False,False,[]
Negative,i hope for a better insurance benefit for dependents salary base,i hope for a better insurance benefit for dependents & salary base.,i hope for a better insurance benefit for dependents & salary base.,i hope for a better insurance benefit for dependents & salary base.,False,False,[]
Positive,outpatient dental optical health check up coverage travelling claim,"outpatient, dental, optical, health check-up coverage, travelling claim","outpatient, dental, optical, health check-up coverage, travelling claim","outpatient, dental, optical, health check-up coverage, travelling claim",False,False,[]
Positive,so far so good,so far so good.,so far so good.,so far so good.,False,False,[]
Positive,monday friday friendly environment,mon - fri friendly environment ,mon - fri friendly environment ,mon - fri friendly environment ,False,False,[]
Positive,bonus could be up to months in general,bonus could be up to 3-4 months in general.,bonus could be up to 3-4 months in general.,bonus could be up to 3-4 months in general.,False,False,[]
Negative,but the basic salary that this company offer was to low,but the basic salary that this company offer was to low.,but the basic salary that this company offer was to low.,but the basic salary that this company offer was to low.,False,False,[]
Negative,like most banks the workload can be overwhelming with employees often expected to handle multiple responsibilities tight deadlines and high performance targets,"like most banks, the workload can be overwhelming, with employees often expected to handle multiple responsibilities, tight deadlines, and high-performance targets.","like most banks, the workload can be overwhelming, with employees often expected to handle multiple responsibilities, tight deadlines, and high-performance targets.","like most banks, the workload can be overwhelming, with employees often expected to handle multiple responsibilities, tight deadlines, and high-performance targets.",False,False,[]
Negative,had to leave after year contract,had to leave after 1 year contract.,had to leave after 1 year contract.,had to leave after 1 year contract.,False,False,[]
Positive,professional environment,profesional environment,profesional environment,profesional environment,False,False,[]
Negative,frequent re org reorganization restructuring due to change to the top management,frequent re-org/rorg restructuring due to change to the top management,frequent re-org/rorg restructuring due to change to the top management,frequent re-org/rorg restructuring due to change to the top management,False,False,[]
Negative,no flexible working hours and no remote,no flexible working hours and no remote.,no flexible working hours and no remote.,no flexible working hours and no remote.,False,False,[]
Positive,easy to apply,easy to apply.,easy to apply.,easy to apply.,False,False,[]
Positive,overall i think my pay are decent while workload and working culture depends on your department,overall i think my pay are decent while workload and working culture depends on your department.,overall i think my pay are decent while workload and working culture depends on your department.,overall i think my pay are decent while workload and working culture depends on your department.,False,False,[]
Positive,can learn something from bankname and make it as you stepping stone,can learn something from pb and make it as you stepping stone,can learn something from pb and make it as you stepping stone,can learn something from pb and make it as you stepping stone,False,False,[]
Negative,not much diversity as well,not much diversity as well.,not much diversity as well.,not much diversity as well.,False,False,[]
Positive,department dependent decent experience,"department-dependent, decent experience","department-dependent, decent experience","department-dependent, decent experience",False,False,[]
Positive,working environment okay,"working environment ok, ","working environment ok, ","working environment ok, ",False,False,[]
Negative,benefits were below average,benefits were below average.,benefits were below average.,benefits were below average.,False,False,[]
Negative,but overload with work,but overload with work,but overload with work,but overload with work,False,False,[]
Negative,work life balance don't even think about it,work-life balance don't even think about it.,work-life balance don't even think about it.,work-life balance do not even think about it.,False,True,[]
Positive,can learn a lot of financial knowledge and pitching skill,can learn alot of financial knowledge and pitching skill.,can learn alot of financial knowledge and pitching skill.,can learn alot of financial knowledge and pitching skill.,False,False,[]
Negative,overall the management and the way they handle the process of everything is super old school they still have typewriters to write on vouchers,"overall the management and the way they handle the process of everything is super old school, they still have typewriters to write on vouchers.","overall the management and the way they handle the process of everything is super old school, they still have typewriters to write on vouchers.","overall the management and the way they handle the process of everything is super old school, they still have typewriters to write on vouchers.",False,False,[]
Positive,while the salary structure varies based on the position and level of experience bankname employees typically enjoy competitive pay scales that are often revised based on recommendations from government pay commissions,"while the salary structure varies based on the position and level of experience, public bank employees typically enjoy competitive pay scales that are often revised based on recommendations from government pay commissions.","while the salary structure varies based on the position and level of experience, public bank employees typically enjoy competitive pay scales that are often revised based on recommendations from government pay commissions.","while the salary structure varies based on the position and level of experience, public bank employees typically enjoy competitive pay scales that are often revised based on recommendations from government pay commissions.",False,False,[]
Positive,additionally bankname employees often have more structured career paths including promotional avenues that lead to higher pay grades and responsibilities,"additionally, public bank employees often have more structured career paths, including promotional avenues that lead to higher pay grades and responsibilities.","additionally, public bank employees often have more structured career paths, including promotional avenues that lead to higher pay grades and responsibilities.","additionally, public bank employees often have more structured career paths, including promotional avenues that lead to higher pay grades and responsibilities.",False,False,[]
Negative,if you need to a higher career development and lots benefits can option with other company,"if you need to a higher career development and lots benefits, can option with other company.","if you need to a higher career development and lots benefits, can option with other company.","if you need to a higher career development and lots benefits, can option with other company.",False,False,[]
Positive,this allows staff and trainees to understand the full hire purchase financing cycle particularly for vehicle loans,"this allows staff and trainees to understand the full hire purchase financing cycle, particularly for vehicle loans.","this allows staff and trainees to understand the full hire purchase financing cycle, particularly for vehicle loans.","this allows staff and trainees to understand the full hire purchase financing cycle, particularly for vehicle loans.",False,False,[]
Positive,location is strategic,location is strategic.,location is strategic.,location is strategic.,False,False,[]
Positive,try banking if you love doing sales,try banking if you love doing sales.,try banking if you love doing sales.,try banking if you love doing sales.,False,False,[]
Negative,wished i check glassdoor reviews before joining,wished i check glassdoor reviews before joining.,wished i check glassdoor reviews before joining.,wished i check glassdoor reviews before joining.,False,False,[]
Negative,despite the lack of support, despite the lack of support., despite the lack of support., despite the lack of support.,False,False,[]
Negative,i always saw my colleagues were always working during their annual leaves and weekends in the office for the whole day due to strict deadlines set by international organization for standardization regulations,'- i always saw my colleagues were always working during their annual leaves and weekends in the office for the whole day due to strict deadlines set by iso regulations,'- i always saw my colleagues were always working during their annual leaves and weekends in the office for the whole day due to strict deadlines set by iso regulations,'- i always saw my colleagues were always working during their annual leaves and weekends in the office for the whole day due to strict deadlines set by iso regulations,False,False,[]
Negative,however there are significant challenges regarding work life balance particularly in operations where the workload is often overwhelming,"however, there are significant challenges regarding work-life balance, particularly in operations where the workload is often overwhelming.","however, there are significant challenges regarding work-life balance, particularly in operations where the workload is often overwhelming.","however, there are significant challenges regarding work-life balance, particularly in operations where the workload is often overwhelming.",False,False,[]
Negative,as usual stress to get year end target met,as usual stress to get year enda target met.,as usual stress to get year enda target met.,as usual stress to get year enda target met.,False,False,[]
Negative,need to always on standby mode,need to always on standby mode.,need to always on standby mode.,need to always on standby mode.,False,False,[]
Negative,no guidance given to newbies,'-no guidance given to newbies,'-no guidance given to newbies,'-no guidance given to newbies,False,False,[]
Negative,a good place to start but in term of job culture is slight disappointing,a good place to start but in term of job culture is slight disappointing,a good place to start but in term of job culture is slight disappointing,a good place to start but in term of job culture is slight disappointing,False,False,[]
Positive,however staff benefits are generally better than other banks,"however, staff benefits are generally better than other banks.","however, staff benefits are generally better than other banks.","however, staff benefits are generally better than other banks.",False,False,[]
Negative,system part a bit outdated as time consuming is a concern,system part a bit outdated as time consuming is a concern.,system part a bit outdated as time consuming is a concern.,system part a bit outdated as time consuming is a concern.,False,False,[]
Negative,working hour not flexible,working hour not flexible.,working hour not flexible.,working hour not flexible.,False,False,[]
Positive,that being said you get to learn a great deal about mortgages banking and lending,"that being said, you get to learn a great deal about mortgages, banking and lending.","that being said, you get to learn a great deal about mortgages, banking and lending.","that being said, you get to learn a great deal about mortgages, banking and lending.",False,False,[]
Positive,day to day work very easy but need to be careful due to working with money after all,"day to day work very easy, but need to be careful due to working with money after all.","day to day work very easy, but need to be careful due to working with money after all.","day to day work very easy, but need to be careful due to working with money after all.",False,False,[]
Positive,everything is good,everything is good.,everything is good.,everything is good.,False,False,[]
Negative,initiatives for better working environment should be implemented,initiatives for better working environment should be implimented.,initiatives for better working environment should be implimented.,initiatives for better working environment should be implimented.,False,False,[]
Negative,very restricted working environment,very restricted working environment.,very restricted working environment.,very restricted working environment.,False,False,[]
Negative,highly sales oriented culture performance measurement more focus on individual contributor event for non sales staff,"highly sales oriented culture, performance measurement more focus on individual contributor, event for non sales staff","highly sales oriented culture, performance measurement more focus on individual contributor, event for non sales staff","highly sales oriented culture, performance measurement more focus on individual contributor, event for non sales staff",False,False,[]
Positive,discounted rate for company cafeteria tentative work from home policy learning programme,"discounted rate for company cafeteria, tentative work from home policy, learning programme","discounted rate for company cafeteria, tentative work from home policy, learning programme","discounted rate for company cafeteria, tentative work from home policy, learning programme",False,False,[]
Positive,overall not bad training provided attractive remuneration package,"overall not bad, training provided, attractive remuneration package","overall not bad, training provided, attractive remuneration package","overall not bad, training provided, attractive remuneration package",False,False,[]
Positive,okay to work,ok to work,ok to work,ok to work,False,False,[]
Negative,office politics,office politics,office politics,office politics,False,False,[]
Negative,key performance indicator hard to achieve but once achieved the feeling cannot be described,kpi hard to achieve but once achieved the feeling cannot be described.,kpi hard to achieve but once achieved the feeling cannot be described.,kpi hard to achieve but once achieved the feeling cannot be described.,False,False,[]
Negative,have a good company but not a good superior learned a lot from senior and also from other tribe,"have a good company but not a good superior, learned a lot from senior and also from other tribe .","have a good company but not a good superior, learned a lot from senior and also from other tribe .","have a good company but not a good superior, learned a lot from senior and also from other tribe .",False,False,[]
Negative,but in sale have to deal with a lot of pressure,"but in sale, have to deal with a lot of pressure.","but in sale, have to deal with a lot of pressure.","but in sale, have to deal with a lot of pressure.",False,False,[]
Negative,ended up working hours most days and weekends too,ended up working 12 hours most days and weekends too.,ended up working 12 hours most days and weekends too.,ended up working 12 hours most days and weekends too.,False,False,[]
Positive,but got good colleagues that can help from time to time,but got good colleagues that can help from time to time.,but got good colleagues that can help from time to time.,but got good colleagues that can help from time to time.,False,False,[]
Negative,they tends to talk to you politely and keep nagging to work hard,they tends to talk to you politely and keep nagging to work hard.,they tends to talk to you politely and keep nagging to work hard.,they tends to talk to you politely and keep nagging to work hard.,False,False,[]
Positive,computer provided allowance high and also have training to build intern knowledge to enter work environment,computer provided allowance high and also have training to build intern knowledge to enter work enviroment,computer provided allowance high and also have training to build intern knowledge to enter work enviroment,computer provided allowance high and also have training to build intern knowledge to enter work enviroment,False,False,[]
Positive,other than that it train your multitasking skill as well,"other than that, it train your multitasking skill as well","other than that, it train your multitasking skill as well","other than that, it train your multitasking skill as well",False,False,[]
Negative,long working hours are common particularly in departments such as sales credit analysis and customer service,"long working hours are common, particularly in departments such as sales, credit analysis, and customer service.","long working hours are common, particularly in departments such as sales, credit analysis, and customer service.","long working hours are common, particularly in departments such as sales, credit analysis, and customer service.",False,False,[]
Positive,overall fine to work in bank under sales department,overall fine to work in bank under sales department.,overall fine to work in bank under sales department.,overall fine to work in bank under sales department.,False,False,[]
Positive,the culture can be improved with good leader and cooperation,the culture can be improved with good leader and cooperation.,the culture can be improved with good leader and cooperation.,the culture can be improved with good leader and cooperation.,False,False,[]
Positive,fair salary for fresh,fair salary for fresh,fair salary for fresh,fair salary for fresh,False,False,[]
Positive,good for beginners,good for beginners,good for beginners,good for beginners,False,False,[]
Positive,good for stable life,good for stable life.,good for stable life.,good for stable life.,False,False,[]
Negative,however they just simply terminated all the contract staff without notice,however they just simply terminated all the contract staff without notice,however they just simply terminated all the contract staff without notice,however they just simply terminated all the contract staff without notice,False,False,[]
Positive,staff got a lot of annual leave,staff got a lot of al,staff got a lot of al,staff got a lot of al,False,False,[]
Negative,the only things is difficult to get referral for small branches,the only things is difficult to get reffaller for small branches,the only things is difficult to get reffaller for small branches,the only things is difficult to get reffaller for small branches,False,False,[]
Negative,but not appreciating protege or graduate level, but not appreciating protege or graduate lvl., but not appreciating protege or graduate lvl., but not appreciating protege or graduate lvl.,False,False,[]
Positive,if you fresh graduate and want to learn a new skill,if you fresh graduate and want to learn a new skill.,if you fresh graduate and want to learn a new skill.,if you fresh graduate and want to learn a new skill.,False,False,[]
Positive,enjoyable in term of benefit and good friends,enjoyable in term of benefit and good friends.,enjoyable in term of benefit and good friends.,enjoyable in term of benefit and good friends.,False,False,[]
Positive,the environment is chill colleagues are kind and are willing to assist if faced with issues,"the enviroment is chill, collegues are kind and are willing to assist if faced with issues.","the enviroment is chill, collegues are kind and are willing to assist if faced with issues.","the enviroment is chill, collegues are kind and are willing to assist if faced with issues.",False,False,[]
Positive,good team but salary to low at airport,"good team, but salary to low at airport","good team, but salary to low at airport","good team, but salary to low at airport",False,False,[]
Positive,overall it was a nice company to working with,overall it was a nice company to working with.,overall it was a nice company to working with.,overall it was a nice company to working with.,False,False,[]
Positive,however remuneration package is good,"however, remuneration package is good.","however, remuneration package is good.","however, remuneration package is good.",False,False,[]
Negative,not support newcomer,not support newcommer.,not support newcommer.,not support newcommer.,False,False,[]
Negative,always pass the job back to you,always pass the job back to you,always pass the job back to you,always pass the job back to you,False,False,[]
Negative,luckily teamwork is awesome but can't say the same about the manager and salary,luckily teamwork is awesome but can't say the same about the manager and salary.,luckily teamwork is awesome but can't say the same about the manager and salary.,luckily teamwork is awesome but cannot say the same about the manager and salary.,False,True,[]
Positive,while there were challenges along the way the positives outweighed the negatives,"while there were challenges along the way, the positives outweighed the negatives.","while there were challenges along the way, the positives outweighed the negatives.","while there were challenges along the way, the positives outweighed the negatives.",False,False,[]
Negative,it is not wrong to use the offer contract thru agency but if the employee already work more than year with a good results offer them permanent position,"it is not wrong to use the offer contract thru agency but if the employee already work more than 1 year with a good results, offer them permanent position.","it is not wrong to use the offer contract thru agency but if the employee already work more than 1 year with a good results, offer them permanent position.","it is not wrong to use the offer contract thru agency but if the employee already work more than 1 year with a good results, offer them permanent position.",False,False,[]
Negative,hard to streamline processes to avoid manual work,hard to streamline processes to avoid manual work.,hard to streamline processes to avoid manual work.,hard to streamline processes to avoid manual work.,False,False,[]
Negative,okay okay not so good for sales target always pressure about target from upper management for trying is okay but for long term is not suitable because based on target,"ok ok , not so good for sales target, always pressure about target from upper management ,for trying is ok but for long term is not suitable because based on target","ok ok , not so good for sales target, always pressure about target from upper management ,for trying is ok but for long term is not suitable because based on target","ok ok , not so good for sales target, always pressure about target from upper management ,for trying is ok but for long term is not suitable because based on target",False,False,[]
Positive,as entry level this is a good starter,"as entry level, this is a good starter.","as entry level, this is a good starter.","as entry level, this is a good starter.",False,False,[]
Positive,good for stable life,good for stable life,good for stable life,good for stable life,False,False,[]
Negative,turnover rate is high,turnover rate is high.,turnover rate is high.,turnover rate is high.,False,False,[]
Positive,they easily hire fresh grad,they easily hire fresh grad.,they easily hire fresh grad.,they easily hire fresh grad.,False,False,[]
Negative,not supportive manager,not supportive manager.,not supportive manager.,not supportive manager.,False,False,[]
Negative,high targets but performance not fairly recognised,"high targets, but performance not fairly recognised.","high targets, but performance not fairly recognised.","high targets, but performance not fairly recognised.",False,False,[]
Negative,there this lecturing session which top management will come down and have a meeting with all sales employees at one of the branch,there's this lecturing session which top management will come down and have a meeting with all sales employees at one of the branch.,there's this lecturing session which top management will come down and have a meeting with all sales employees at one of the branch.,there is this lecturing session which top management will come down and have a meeting with all sales employees at one of the branch.,False,True,[]
Positive,good experience,good experience,good experience,good experience,False,False,[]
Positive,overall is a good opportunity for an internship placement,overall is a good oppertunity for an internship placement.,overall is a good oppertunity for an internship placement.,overall is a good oppertunity for an internship placement.,False,False,[]
Negative,they have too much power and no one can question them,they have too much power and no one can question them.,they have too much power and no one can question them.,they have too much power and no one can question them.,False,False,[]
Positive,good workplace but overload task,good workplace but overload task,good workplace but overload task,good workplace but overload task,False,False,[]
Positive,open to feedback work life balance culture slow increment and promotion,"open to feedback, work life balance culture, slow increment and promotion.","open to feedback, work life balance culture, slow increment and promotion.","open to feedback, work life balance culture, slow increment and promotion.",False,False,[]
Positive,top local bank in placename,top 4 local bank in malaysia,top 4 local bank in malaysia,top 4 local bank in malaysia,False,False,[]
Negative,long working hours n no work from home,long working hours n no wfh,long working hours n no wfh,long working hours n no wfh,False,False,[]
Positive,overall its a great place to learn,overall its a great place to learn.,overall its a great place to learn.,overall its a great place to learn.,False,False,[]
Negative,long working hours,long working hours,long working hours,long working hours,False,False,[]
Positive,good workplace overall,good workplace overall,good workplace overall,good workplace overall,False,False,[]
Negative,however lack of guidance and training provided,however lack of guidance and training provided.,however lack of guidance and training provided.,however lack of guidance and training provided.,False,False,[]
Negative,expected to overtime everyday and even on weekends without getting paid overtime,expected to ot everday and even on weekends without getting paid ot.,expected to ot everday and even on weekends without getting paid ot.,expected to ot everday and even on weekends without getting paid ot.,False,False,[]
Negative,turnover rate is quite high,turnover rate is quite high,turnover rate is quite high,turnover rate is quite high,False,False,[]
Positive,environment was good,environment was good.,environment was good.,environment was good.,False,False,[]
Positive,a lot people that you can meet,a lot people that you can meet.,a lot people that you can meet.,a lot people that you can meet.,False,False,[]
Negative,no standard guidelines can follow not sure whether is the manager itself problem,no standard guidelines can follow (not sure whether is the manager itself problem).,no standard guidelines can follow (not sure whether is the manager itself problem).,no standard guidelines can follow (not sure whether is the manager itself problem).,False,False,[]
Negative,it was hectic working,it was hectic working.,it was hectic working.,it was hectic working.,False,False,[]
Positive,clearer fairer systems would build more trust and motivation among the team,"clearer, fairer systems would build more trust and motivation among the team.","clearer, fairer systems would build more trust and motivation among the team.","clearer, fairer systems would build more trust and motivation among the team.",False,False,[]
Positive,structured training is provided as well,structured training is provided as well.,structured training is provided as well.,structured training is provided as well.,False,False,[]
Negative,work pace is slow at my team,work pace is slow at my team,work pace is slow at my team,work pace is slow at my team,False,False,[]
Negative,need to stay back without pay overtime,need to stay back without pay ot.,need to stay back without pay ot.,need to stay back without pay ot.,False,False,[]
Positive,benefit is good,benefit is good.,benefit is good.,benefit is good.,False,False,[]
Positive,training by professional team,training by professional team,training by professional team,training by professional team,False,False,[]
Positive,learn a lot,learn a lot,learn a lot,learn a lot,False,False,[]
Positive,overall everyone feel welcome,"overall, everyone feel welcome.","overall, everyone feel welcome.","overall, everyone feel welcome.",False,False,[]
Positive,flexible hybrid,flexible hybrid,flexible hybrid,flexible hybrid,False,False,[]
Positive,have allowance and good medical insurance,have allowance and good medical insurance,have allowance and good medical insurance,have allowance and good medical insurance,False,False,[]
Negative,agile title but with old mindset spent too much customization on legacy system instead of determine to revamp it,"agile title but with old mindset, spent too much customization on legacy system instead of determine to revamp it","agile title but with old mindset, spent too much customization on legacy system instead of determine to revamp it","agile title but with old mindset, spent too much customization on legacy system instead of determine to revamp it",False,False,[]
Positive,can learn lot of new things and how to solve it,can learn lot of new things and how to solve it.,can learn lot of new things and how to solve it.,can learn lot of new things and how to solve it.,False,False,[]
Positive,colleague helpful,colleague helpful.,colleague helpful.,colleague helpful.,False,False,[]
Negative,salary below market average,salary below market average,salary below market average,salary below market average,False,False,[]
Positive,honestly the people in my team are nice,"honestly the people in my team are nice,","honestly the people in my team are nice,","honestly the people in my team are nice,",False,False,[]
Positive,management is competent,management is competent.,management is competent.,management is competent.,False,False,[]
Negative,the recent acquisition of citiâs business appears to have been poorly managed leading to a hiring freeze post merger,"the recent acquisition of citiâs business appears to have been poorly managed, leading to a hiring freeze post-merger.","the recent acquisition of citi's business appears to have been poorly managed, leading to a hiring freeze post-merger.","the recent acquisition of citi's business appears to have been poorly managed, leading to a hiring freeze post-merger.",True,False,[]
Positive,other than that good benefits and bonus,"other than that, good benefits and bonus","other than that, good benefits and bonus","other than that, good benefits and bonus",False,False,[]
Positive,staff benefits,staff benefits,staff benefits,staff benefits,False,False,[]
Positive,able to learn about market,able to learn about market,able to learn about market,able to learn about market,False,False,[]
Negative,good working environment but no promotion,good working enviroment but no promotion.,good working enviroment but no promotion.,good working enviroment but no promotion.,False,False,[]
Positive,unlimited medical coverage,unlimited medical coverage,unlimited medical coverage,unlimited medical coverage,False,False,[]
Positive,fast paced environment,fast paced environment,fast paced environment,fast paced environment,False,False,[]
Negative,management level is rigid and has no one to one communication,management level is rigid and has no one to one communication.,management level is rigid and has no one to one communication.,management level is rigid and has no one to one communication.,False,False,[]
Positive,training is provided which is help in job scope,training is provided which is help in jobscope.,training is provided which is help in jobscope.,training is provided which is help in jobscope.,False,False,[]
Negative,if want to explore have to be mentally prepared with unnecessary approvals overprocessed of workflow for the sake of governance and fairly outdated legacy system that is counterproductive and isn't align with the latest development of technology datalake big data optical character recognition robotic artificial intelligence chatgpt,"if want to explore, have to be mentally prepared with unnecessary approvals, overprocess of workflow for the sake of governance and fairly decaded legacy system that is counterproductive and isn't align with the latest development of technology(datalake, big data, ocr, robotic, ai, chatgpt) .","if want to explore, have to be mentally prepared with unnecessary approvals, overprocess of workflow for the sake of governance and fairly decaded legacy system that is counterproductive and isn't align with the latest development of technology(datalake, big data, ocr, robotic, ai, chatgpt) .","if want to explore, have to be mentally prepared with unnecessary approvals, overprocess of workflow for the sake of governance and fairly decaded legacy system that is counterproductive and is not align with the latest development of technology(datalake, big data, ocr, robotic, ai, chatgpt) .",False,True,[]
Negative,you will learn how to âtai chiâ in this company,you will learn how to âtai-chiâ in this company.,"you will learn how to ""tai-chi"" in this company.","you will learn how to ""tai-chi"" in this company.",True,False,[]
Negative,i heard it is different now but despised the cult like annual dinners,i heard it is different now but despised the cult-like annual dinners.,i heard it is different now but despised the cult-like annual dinners.,i heard it is different now but despised the cult-like annual dinners.,False,False,[]
Positive,it really depends on which department youâre placed inâif you end up in the right one itâs easier to fit in and thereâs a better chance of getting absorbed into the company,"it really depends on which department youâre placed inâif you end up in the right one, itâs easier to fit in and thereâs a better chance of getting absorbed into the company.","it really depends on which department you're placed in—if you end up in the right one, it's easier to fit in and there's a better chance of getting absorbed into the company.","it really depends on which department you are placed in—if you end up in the right one, it is easier to fit in and there is a better chance of getting absorbed into the company.",True,True,[]
Positive,flexible working hours,flexible working hours.,flexible working hours.,flexible working hours.,False,False,[]
Positive,but the management and team support made it manageable, but the management and team support made it manageable., but the management and team support made it manageable., but the management and team support made it manageable.,False,False,[]
Negative,example is your overtime,eg is your ot.,eg is your ot.,eg is your ot.,False,False,[]
Negative,high turnover rate and role was not as described,high turnover rate and role was not as described.,high turnover rate and role was not as described.,high turnover rate and role was not as described.,False,False,[]
Negative,environment limits you from learning new stuff,environment limits you from learning new stuff,environment limits you from learning new stuff,environment limits you from learning new stuff,False,False,[]
Negative,if you lucky then you can get a nice team leader to work with,if you lucky then u can get a nice tl to work with.,if you lucky then u can get a nice tl to work with.,if you lucky then you can get a nice tl to work with.,False,True,[]
Positive,as a protege the workload is quite okay as it can definitely give you a work life balance,"as a protege, the workload is quite ok as it can definitely give you a work-life balance.","as a protege, the workload is quite ok as it can definitely give you a work-life balance.","as a protege, the workload is quite ok as it can definitely give you a work-life balance.",False,False,[]
Positive,good company,good company ,good company ,good company ,False,False,[]
Negative,while it is understandable that the bank must demonstrate profitability to shareholders it is crucial to acknowledge the efforts of employees who drive this success,"while it is understandable that the bank must demonstrate profitability to shareholders, it is crucial to acknowledge the efforts of employees who drive this success.","while it is understandable that the bank must demonstrate profitability to shareholders, it is crucial to acknowledge the efforts of employees who drive this success.","while it is understandable that the bank must demonstrate profitability to shareholders, it is crucial to acknowledge the efforts of employees who drive this success.",False,False,[]
Positive,everyone helps each other,everyone helps each other.,everyone helps each other.,everyone helps each other.,False,False,[]
Positive,the interview process was nice tho the hr seems professional,"the interview process was nice tho, the hr seems professional.","the interview process was nice tho, the hr seems professional.","the interview process was nice though, the hr seems professional.",False,True,[]
Positive,branch manager and regional manager always push you to achieve the monthly target,branch manager and regional manager always push you to achieve the monthly target.,branch manager and regional manager always push you to achieve the monthly target.,branch manager and regional manager always push you to achieve the monthly target.,False,False,[]
Positive,salary and the benefits,salary and the benefits.,salary and the benefits.,salary and the benefits.,False,False,[]
Positive,humanity and harmony environment,humanity and harmony environment,humanity and harmony environment,humanity and harmony environment,False,False,[]
Positive,many other benefits for claim as well and,many other benefits for claim as well and,many other benefits for claim as well and,many other benefits for claim as well and,False,False,[]
Positive,unlimited health benefits,unlimited health benefits.,unlimited health benefits.,unlimited health benefits.,False,False,[]
Positive,friendly colleagues,friendly colleagues,friendly colleagues,friendly colleagues,False,False,[]
Positive,personal growth through self initiative,personal growth through self-initiative.,personal growth through self-initiative.,personal growth through self-initiative.,False,False,[]
Positive,networking connect with professionals in the banking industry which can be beneficial for future career opportunities,"networking: connect with professionals in the banking industry, which can be beneficial for future career opportunities.","networking: connect with professionals in the banking industry, which can be beneficial for future career opportunities.","networking: connect with professionals in the banking industry, which can be beneficial for future career opportunities.",False,False,[]
Positive,the environment is good,the environment is good.,the environment is good.,the environment is good.,False,False,[]
Negative,colleagues are nice some team leaders aren't helpful at all and will look down on you if you don't know certain things,"colleagues are nice, some team leaders aren't helpful at all and will look down on you if you don't know certain things.","colleagues are nice, some team leaders aren't helpful at all and will look down on you if you don't know certain things.","colleagues are nice, some team leaders are not helpful at all and will look down on you if you do not know certain things.",False,True,[]
Positive,salary benefits,"salary, benefits","salary, benefits","salary, benefits",False,False,[]
Negative,but for working environment quiet tough,"but for working environment, quiet tough.","but for working environment, quiet tough.","but for working environment, quiet tough.",False,False,[]
Positive,good company,good company,good company,good company,False,False,[]
Negative,despite implementing degree feedback and the employee engagement survey employee engagement surveys employee concerns remain unaddressed,"despite implementing 360-degree feedback and the employee engagement survey (ees), employee concerns remain unaddressed.","despite implementing 360-degree feedback and the employee engagement survey (ees), employee concerns remain unaddressed.","despite implementing 360-degree feedback and the employee engagement survey (ees), employee concerns remain unaddressed.",False,False,[]
Negative,some team leaders might not be helpful to the team,some team leaders might not be helpful to the team.,some team leaders might not be helpful to the team.,some team leaders might not be helpful to the team.,False,False,[]
Positive,the salary pay on time,the salary pay on time.,the salary pay on time.,the salary pay on time.,False,False,[]
Positive,working here you will have a flexible working hours hybrid working days office days work from home depends on the department mostly digital it,"working here you will have a flexible working hours, hybrid working (3 days office, 2 days wfh) depends on the department mostly digital it.","working here you will have a flexible working hours, hybrid working (3 days office, 2 days wfh) depends on the department mostly digital it.","working here you will have a flexible working hours, hybrid working (3 days office, 2 days wfh) depends on the department mostly digital it.",False,False,[]
Positive,in addition to the fixed salary bankname employees also receive additional perks like medical benefits pension schemes and paid leave,"in addition to the fixed salary, public bank employees also receive additional perks like medical benefits, pension schemes, and paid leave.","in addition to the fixed salary, public bank employees also receive additional perks like medical benefits, pension schemes, and paid leave.","in addition to the fixed salary, public bank employees also receive additional perks like medical benefits, pension schemes, and paid leave.",False,False,[]
Negative,most of my time was spent on repetitive low impact assignments that didnât contribute much to my growth or understanding of the banking sector,"most of my time was spent on repetitive, low-impact assignments that didnât contribute much to my growth or understanding of the banking sector.","most of my time was spent on repetitive, low-impact assignments that didn't contribute much to my growth or understanding of the banking sector.","most of my time was spent on repetitive, low-impact assignments that did not contribute much to my growth or understanding of the banking sector.",True,True,[]
Positive,company willing to provide training to staffs to help us to development softskills,company willing to provide training to staffs to help us to development softskills,company willing to provide training to staffs to help us to development softskills,company willing to provide training to staffs to help us to development softskills,False,False,[]
Positive,overall good sales,overall good sales,overall good sales,overall good sales,False,False,[]
Positive,environment is okay surrounded by coworker that help in so many thing,"environment is okay, surrounded by coworker that help in so many thing.","environment is okay, surrounded by coworker that help in so many thing.","environment is okay, surrounded by coworker that help in so many thing.",False,False,[]
Positive,the colleagues are friendly,the colleagues are friendly.,the colleagues are friendly.,the colleagues are friendly.,False,False,[]
Negative,there is a noticeable absence of structured programs or support for advancing one skills and career within the company,there is a noticeable absence of structured programs or support for advancing one's skills and career within the company.,there is a noticeable absence of structured programs or support for advancing one's skills and career within the company.,there is a noticeable absence of structured programs or support for advancing one's skills and career within the company.,False,False,[]
Positive,good environment,good environment,good environment,good environment,False,False,[]
Negative,the company only side customer as they sacred in trouble,the company only side customer as they sacred in trouble,the company only side customer as they sacred in trouble,the company only side customer as they sacred in trouble,False,False,[]
Positive,freedom to be creative and develop solutions as long as itâs aligned with the bankâs values,freedom to be creative and develop solutions as long as itâs aligned with the bankâs values,freedom to be creative and develop solutions as long as it's aligned with the bank's values,freedom to be creative and develop solutions as long as it is aligned with the bank's values,True,True,[]
Positive,your daily tasks may help you to improve how to utilize them,your daily tasks may help you to improve how to utilize them.,your daily tasks may help you to improve how to utilize them.,your daily tasks may help you to improve how to utilize them.,False,False,[]
Positive,during my internship at bankname i had the opportunity to gain practical experience in one of placename leading cooperative banks,"during my internship at bank rakyat, i had the opportunity to gain practical experience in one of malaysia's leading cooperative banks.","during my internship at bank rakyat, i had the opportunity to gain practical experience in one of malaysia's leading cooperative banks.","during my internship at bank rakyat, i had the opportunity to gain practical experience in one of malaysia's leading cooperative banks.",False,False,[]
Positive,benefit medical for self family,benefit: - medical for self & family.,benefit: - medical for self & family.,benefit: - medical for self & family.,False,False,[]
Negative,should focus on tech such as fill up form online instead of using paper,should focus on tech such as fill up form online instead of using paper,should focus on tech such as fill up form online instead of using paper,should focus on tech such as fill up form online instead of using paper,False,False,[]
Positive,overall okay management okay benefits okay paid on time supportive team good bank good allowance good salary good benefits good system treat us fairly,"overall ok, management ok, benefits ok, paid on time , supportive team, good bank, good allowance, good salary, good benefits, good system, treat us fairly ,","overall ok, management ok, benefits ok, paid on time , supportive team, good bank, good allowance, good salary, good benefits, good system, treat us fairly ,","overall ok, management ok, benefits ok, paid on time , supportive team, good bank, good allowance, good salary, good benefits, good system, treat us fairly ,",False,False,[]
Negative,additionally top management often feels disconnected from ground level operational reality,"additionally, top management often feels disconnected from ground-level operational reality.","additionally, top management often feels disconnected from ground-level operational reality.","additionally, top management often feels disconnected from ground-level operational reality.",False,False,[]
Negative,but not a good division,but not a good division,but not a good division,but not a good division,False,False,[]
Positive,besides the steep learning curve i had the opportunity to learn from very capable colleagues,"besides the steep learning curve, i had the opportunity to learn from very capable colleagues.","besides the steep learning curve, i had the opportunity to learn from very capable colleagues.","besides the steep learning curve, i had the opportunity to learn from very capable colleagues.",False,False,[]
Positive,flexible working hour,flexible working hour,flexible working hour,flexible working hour,False,False,[]
Negative,your colleagues will punish you with extra workloads if you didn't complete their key performance indicator number of cases to be completed per day,your colleagues will punish you with extra workloads if you didn't complete their kpi (number of cases to be completed per day),your colleagues will punish you with extra workloads if you didn't complete their kpi (number of cases to be completed per day),your colleagues will punish you with extra workloads if you did not complete their kpi (number of cases to be completed per day),False,True,[]
Negative,the compensation to effort ratio and career progression transparency need improvement,the compensation-to-effort ratio and career progression transparency need improvement.,the compensation-to-effort ratio and career progression transparency need improvement.,the compensation-to-effort ratio and career progression transparency need improvement.,False,False,[]
Positive,learning experience gain a deep understanding of islamic finance principles and practices,learning experience: gain a deep understanding of islamic finance principles and practices.,learning experience: gain a deep understanding of islamic finance principles and practices.,learning experience: gain a deep understanding of islamic finance principles and practices.,False,False,[]
Negative,intense pressure high expectations,intense pressure & high expectations.,intense pressure & high expectations.,intense pressure & high expectations.,False,False,[]
Positive,the management team is generally understanding and open to feedback creating a comfortable space to discuss challenges and improvements,"the management team is generally understanding and open to feedback, creating a comfortable space to discuss challenges and improvements.","the management team is generally understanding and open to feedback, creating a comfortable space to discuss challenges and improvements.","the management team is generally understanding and open to feedback, creating a comfortable space to discuss challenges and improvements.",False,False,[]
Positive,salary was higher than average,salary was higher than average.,salary was higher than average.,salary was higher than average.,False,False,[]
Negative,lack increment and bonus,lack increment and bonus.,lack increment and bonus.,lack increment and bonus.,False,False,[]
Positive,overall internship experience was good,overall internship experience was good.,overall internship experience was good.,overall internship experience was good.,False,False,[]
Negative,too many task appointed with very low salary,too many task appointed with very low salary.,too many task appointed with very low salary.,too many task appointed with very low salary.,False,False,[]
Positive,but bonus is pretty good around months,but bonus is pretty good around 6 months,but bonus is pretty good around 6 months,but bonus is pretty good around 6 months,False,False,[]
Negative,but poor management,but poor management,but poor management,but poor management,False,False,[]
Positive,bankname is known for its structured work culture and employees who can adapt to its disciplined and customer focused approach tend to succeed,"public bank is known for its structured work culture, and employees who can adapt to its disciplined and customer-focused approach tend to succeed.","public bank is known for its structured work culture, and employees who can adapt to its disciplined and customer-focused approach tend to succeed.","public bank is known for its structured work culture, and employees who can adapt to its disciplined and customer-focused approach tend to succeed.",False,False,[]
Positive,plenty of trainings for sales staff,plenty of trainings for sales staff ,plenty of trainings for sales staff ,plenty of trainings for sales staff ,False,False,[]
Positive,but luckily managers are good,but luckily managers are good.,but luckily managers are good.,but luckily managers are good.,False,False,[]
Negative,spent a lot of time for manual activities due to reluctant to invest a new system continue waste money for customization on incompetent system which only safeguard vendor evergreen businesses,"spent a lot of time for manual activities due to reluctant to invest a new system, continue waste money for customization on incompetent system which only safeguard vendor evergreen businesses.","spent a lot of time for manual activities due to reluctant to invest a new system, continue waste money for customization on incompetent system which only safeguard vendor evergreen businesses.","spent a lot of time for manual activities due to reluctant to invest a new system, continue waste money for customization on incompetent system which only safeguard vendor evergreen businesses.",False,False,[]
Positive,okay place to work at,okay place to work at,okay place to work at,okay place to work at,False,False,[]
Positive,flexible working mode,flexible working mode,flexible working mode,flexible working mode,False,False,[]
Negative,management doesn't care about you,management doesn't care about you.,management doesn't care about you.,management does not care about you.,False,True,[]
Positive,good experience steep learning curve,"good experience, steep learning curve.","good experience, steep learning curve.","good experience, steep learning curve.",False,False,[]
Negative,if you have experiences try somewhere else,"if you have experiences, try somewhere else","if you have experiences, try somewhere else","if you have experiences, try somewhere else",False,False,[]
Positive,good friendship,good friendship,good friendship,good friendship,False,False,[]
Negative,but paperwork overload,"but, - paperwork overload","but, - paperwork overload","but, - paperwork overload",False,False,[]
Positive,fast pace,fast pace,fast pace,fast pace,False,False,[]
Positive,but don't worry because your colleagues will help you anyway when you need it,but don't worry because your colleagues will help you anyway when you need it.,but don't worry because your colleagues will help you anyway when you need it.,but do not worry because your colleagues will help you anyway when you need it.,False,True,[]
Negative,workload is heavy,workload is heavy ,workload is heavy ,workload is heavy ,False,False,[]
Positive,sufficient annual leave provided,sufficient al provided.,sufficient al provided.,sufficient al provided.,False,False,[]
Positive,good benefit,good benefit,good benefit,good benefit,False,False,[]
Positive,flex care provided with more than categories claimable,flex care provided with more than 10 categories claimable,flex care provided with more than 10 categories claimable,flex care provided with more than 10 categories claimable,False,False,[]
Positive,got gym game room hot desking must book desk so can choose desk wherever you want to sit,"got gym, game room, hot desking must book desk so can choose desk wherever u want to sit","got gym, game room, hot desking must book desk so can choose desk wherever u want to sit","got gym, game room, hot desking must book desk so can choose desk wherever you want to sit",False,True,[]
Positive,but good colleagues,but good colleagues,but good colleagues,but good colleagues,False,False,[]
Negative,the company doesn't care for the sales people period,the company doesn't care for the sales people period.,the company doesn't care for the sales people period.,the company does not care for the sales people period.,False,True,[]
Negative,leads not approachable,leads not approachable.,leads not approachable.,leads not approachable.,False,False,[]
Positive,good mood always,good mood always,good mood always,good mood always,False,False,[]
Negative,workload is always a lot unless during low season,workload is always alot unless during low season,workload is always alot unless during low season,workload is always alot unless during low season,False,False,[]
Positive,many facilities provided gym game room etc workloads r manageable,"many facilities provided, gym, game room etc workloads r manageable","many facilities provided, gym, game room etc workloads r manageable","many facilities provided, gym, game room etc workloads r manageable",False,False,[]
Positive,benefit wise and working like servant,benefit wise and working like servant.,benefit wise and working like servant.,benefit wise and working like servant.,False,False,[]
Negative,management will keep pushing for sales even though the product is not great and detrimental to buyers,management will keep pushing for sales even though the product is not great and detrimental to buyers.,management will keep pushing for sales even though the product is not great and detrimental to buyers.,management will keep pushing for sales even though the product is not great and detrimental to buyers.,False,False,[]
Negative,i interned at bankname bank hoping for a dynamic learning experience but overall it fell short of expectations,"i interned at cimb bank hoping for a dynamic learning experience, but overall, it fell short of expectations.","i interned at cimb bank hoping for a dynamic learning experience, but overall, it fell short of expectations.","i interned at cimb bank hoping for a dynamic learning experience, but overall, it fell short of expectations.",False,False,[]
Negative,no increment not offered as permanent position even though work more than years low benefit,"no increment, not offered as permanent position even though work more than 3years, low benefit.","no increment, not offered as permanent position even though work more than 3years, low benefit.","no increment, not offered as permanent position even though work more than 3years, low benefit.",False,False,[]
Negative,however for my department it is actually quite boring as all you do is data entry for the whole day the learning curve is quite limited you wont learn much if you fulfill the contract,"however, for my department, it is actually quite boring as all you do is data entry for the whole day, the learning curve is quite limited, you wont learn much if you fulfill the contract.","however, for my department, it is actually quite boring as all you do is data entry for the whole day, the learning curve is quite limited, you wont learn much if you fulfill the contract.","however, for my department, it is actually quite boring as all you do is data entry for the whole day, the learning curve is quite limited, you will not learn much if you fulfill the contract.",False,True,[]
Negative,to much target to be achieved and ridiculous sales key performance indicator,to much target to be achieved and ridiculous sales kpi.,to much target to be achieved and ridiculous sales kpi.,to much target to be achieved and ridiculous sales kpi.,False,False,[]
Positive,despite the occasional stress the knowledge gained in the field of financing was immense,"despite the occasional stress, the knowledge gained in the field of financing was immense.","despite the occasional stress, the knowledge gained in the field of financing was immense.","despite the occasional stress, the knowledge gained in the field of financing was immense.",False,False,[]
Positive,annual leaves and medical certificate good,annual leaves and mc good,annual leaves and mc good,annual leaves and mc good,False,False,[]
Negative,can say very stressful heavy workload,"can say very stressful heavy workload, ","can say very stressful heavy workload, ","can say very stressful heavy workload, ",False,False,[]
Positive,bankname is good to learn various things,pbb is good to learn various things.,pbb is good to learn various things.,pbb is good to learn various things.,False,False,[]
Negative,not welcoming the newcomers,not welcoming the newcomers.,not welcoming the newcomers.,not welcoming the newcomers.,False,False,[]
Positive,the trust is given by allowing you to empower the action to complete your work you are able to work from home,the trust is given by allowing you to empower the action to complete your work & you are able to work from home.,the trust is given by allowing you to empower the action to complete your work & you are able to work from home.,the trust is given by allowing you to empower the action to complete your work & you are able to work from home.,False,False,[]
Negative,try to test your limit in this environment of long working hours and extensive work load,try to test your limit in this environment of long working hours and extensive work load.,try to test your limit in this environment of long working hours and extensive work load.,try to test your limit in this environment of long working hours and extensive work load.,False,False,[]
Positive,but is very good to learn a new things,but is very good to learn a new things ,but is very good to learn a new things ,but is very good to learn a new things ,False,False,[]
Positive,strategic location,strategic location.,strategic location.,strategic location.,False,False,[]
Negative,i learn that my current manager only know how to talk,i learn that my current manager only know how to talk .,i learn that my current manager only know how to talk .,i learn that my current manager only know how to talk .,False,False,[]
Negative,its a fast pace environment we start to move in saleâs instead of solely giving service and it become challenging to reaching target every month,"its a fast pace environment, we start to move in saleâs instead of solely giving service and it become challenging to reaching target every month.","its a fast pace environment, we start to move in sale's instead of solely giving service and it become challenging to reaching target every month.","its a fast pace environment, we start to move in sale's instead of solely giving service and it become challenging to reaching target every month.",True,False,[]
Positive,manager will guide you a to z,manager will guide you a to z.,manager will guide you a to z.,manager will guide you a to z.,False,False,[]
Negative,can be very stress if you can't hit the sales target,'- can be very stress if you can't hit the sales target,'- can be very stress if you can't hit the sales target,'- can be very stress if you cannot hit the sales target,False,True,[]
Positive,team members are good,team members are good.,team members are good.,team members are good.,False,False,[]
Negative,gap between newbie and managers,gap between newbie and managers,gap between newbie and managers,gap between newbie and managers,False,False,[]
Negative,challenging environment,challenging enviroment,challenging enviroment,challenging enviroment,False,False,[]
Positive,an all rounder benefits kind of company,an all-rounder benefits kind of company.,an all-rounder benefits kind of company.,an all-rounder benefits kind of company.,False,False,[]
Negative,bad operating system,bad operating system,bad operating system,bad operating system,False,False,[]
Positive,overall it a good place to work," overall, it's a good place to work"," overall, it's a good place to work"," overall, it is a good place to work",False,True,[]
Positive,things can get a bit hectic during system changes but overall itâs a valuable and enjoyable learning experience,"things can get a bit hectic during system changes, but overall itâs a valuable and enjoyable learning experience.","things can get a bit hectic during system changes, but overall it's a valuable and enjoyable learning experience.","things can get a bit hectic during system changes, but overall it is a valuable and enjoyable learning experience.",True,True,[]
Positive,will find a good friend,will find a good friend.,will find a good friend.,will find a good friend.,False,False,[]
Positive,colleague is all nice,colleague is all nice,colleague is all nice,colleague is all nice,False,False,[]
Positive,however boss was very kind and always help to guide me,"however, boss was very kind and always help to guide me","however, boss was very kind and always help to guide me","however, boss was very kind and always help to guide me",False,False,[]
Positive,learnt a lot of stuff during my period,learnt a lot of stuff during my period.,learnt a lot of stuff during my period.,learnt a lot of stuff during my period.,False,False,[]
Negative,culture not so good,culture not so good,culture not so good,culture not so good,False,False,[]
Positive,strategic working location,strategic working location,strategic working location,strategic working location,False,False,[]
Negative,subpar bonuses,subpar bonuses,subpar bonuses,subpar bonuses,False,False,[]
Positive,a typical day is fast paced full of learning opportunities,"a typical day is fast-paced, full of learning opportunities.","a typical day is fast-paced, full of learning opportunities.","a typical day is fast-paced, full of learning opportunities.",False,False,[]
Negative,but management is poor,but management is poor.,but management is poor.,but management is poor.,False,False,[]
Negative,however the management keeps pushing figure which could make people feel stressful and also almost overtime everyday,"however, the manangement keeps pushing figure which could make people feel stressful and also almost ot everyday.","however, the manangement keeps pushing figure which could make people feel stressful and also almost ot everyday.","however, the manangement keeps pushing figure which could make people feel stressful and also almost ot everyday.",False,False,[]
Positive,got good,got good,got good,got good,False,False,[]
Negative,they will pressuring you until you resigned on your own,they will pressuring you until you resigned on your own.,they will pressuring you until you resigned on your own.,they will pressuring you until you resigned on your own.,False,False,[]
Negative,busy and stressful sometimes,busy and stressful sometimes ,busy and stressful sometimes ,busy and stressful sometimes ,False,False,[]
Positive,colleague are nice,colleague are nice.,colleague are nice.,colleague are nice.,False,False,[]
Negative,hr and headquarters is okay but current manager is toxic,hr and hq is ok but current manager is toxic .,hr and hq is ok but current manager is toxic .,hr and hq is ok but current manager is toxic .,False,False,[]
Positive,with a fast moving performance based work culture i was trained to work smart fast and deliver work accurately,"with a fast-moving performance-based work culture, i was trained to work smart, fast and deliver work accurately.","with a fast-moving performance-based work culture, i was trained to work smart, fast and deliver work accurately.","with a fast-moving performance-based work culture, i was trained to work smart, fast and deliver work accurately.",False,False,[]
Positive,the salary in public banks may not be as high as in private sector banks initially but the long term financial security work life balance and other benefits make public banks a desirable option for many,"the salary in public banks may not be as high as in private sector banks initially, but the long-term financial security, work-life balance, and other benefits make public banks a desirable option for many.","the salary in public banks may not be as high as in private sector banks initially, but the long-term financial security, work-life balance, and other benefits make public banks a desirable option for many.","the salary in public banks may not be as high as in private sector banks initially, but the long-term financial security, work-life balance, and other benefits make public banks a desirable option for many.",False,False,[]
Positive,great for beginners,great for beginners,great for beginners,great for beginners,False,False,[]
Negative,sometimes hard to dealing with customers,sometimes hard to dealing with customers.,sometimes hard to dealing with customers.,sometimes hard to dealing with customers.,False,False,[]
Positive,good place to start for fresh graduates but long working hours,good place to start for fresh graduates but long working hours.,good place to start for fresh graduates but long working hours.,good place to start for fresh graduates but long working hours.,False,False,[]
Positive,overall good in term of medical benefits,overall good in term of medical benefits.,overall good in term of medical benefits.,overall good in term of medical benefits.,False,False,[]
Positive,a typical day is dynamic and fast moving with everyone focused and efficient,"a typical day is dynamic and fast-moving, with everyone focused and efficient.","a typical day is dynamic and fast-moving, with everyone focused and efficient.","a typical day is dynamic and fast-moving, with everyone focused and efficient.",False,False,[]
Negative,furthermore opportunities for career development are scarce,"furthermore, opportunities for career development are scarce.","furthermore, opportunities for career development are scarce.","furthermore, opportunities for career development are scarce.",False,False,[]
Negative,regardless they might rant because they are having difficulties,regardless they might rant because they are having difficulties.,regardless they might rant because they are having difficulties.,regardless they might rant because they are having difficulties.,False,False,[]
Positive,hope to get a permanent job at bankname,hope to get a permanent job at maybank,hope to get a permanent job at maybank,hope to get a permanent job at maybank,False,False,[]
Positive,productive and task was manageable,productive and task was manageable,productive and task was manageable,productive and task was manageable,False,False,[]
Positive,fun environment less toxic but not all workplace is perfect so a little imperfections is acceptable,"fun environment, less toxic, but not all workplace is perfect, so a little imperfections is acceptable.","fun environment, less toxic, but not all workplace is perfect, so a little imperfections is acceptable.","fun environment, less toxic, but not all workplace is perfect, so a little imperfections is acceptable.",False,False,[]
Negative,but the key performance indicator is too high for even for staff thats in under probation,but the kpi is too high for even for staff thats in under probation.,but the kpi is too high for even for staff thats in under probation.,but the kpi is too high for even for staff that is in under probation.,False,True,[]
Positive,benefits is quite good,benefits is quite good,benefits is quite good,benefits is quite good,False,False,[]
Positive,they provided staff engagement event and activities,they provided staff engagement event and activities ,they provided staff engagement event and activities ,they provided staff engagement event and activities ,False,False,[]
Negative,either listen to rants and do your job or just put them on hold to submit the service request both have been practiced there,"either listen to rants and do your job, or just put them on hold to submit the sr, both have been practiced there.","either listen to rants and do your job, or just put them on hold to submit the sr, both have been practiced there.","either listen to rants and do your job, or just put them on hold to submit the sr, both have been practiced there.",False,False,[]
Positive,good place and suitable for a starter or fresh graduate,good place and suitable for a starter or fresh graduate.,good place and suitable for a starter or fresh graduate.,good place and suitable for a starter or fresh graduate.,False,False,[]
Positive,but offer a high salary annual leave medical coverage and a bonus,"but offer a high salary, 24 al, medical coverage, and a bonus.","but offer a high salary, 24 al, medical coverage, and a bonus.","but offer a high salary, 24 al, medical coverage, and a bonus.",False,False,[]
Negative,key performance indicator too high,"kpi too high,","kpi too high,","kpi too high,",False,False,[]
Negative,a bit challenging,a bit challenging,a bit challenging,a bit challenging,False,False,[]
Positive,overall it provides a valuable experience for fresh graduates to develop their skills and grow their careers,"overall, it provides a valuable experience for fresh graduates to develop their skills and grow their careers","overall, it provides a valuable experience for fresh graduates to develop their skills and grow their careers","overall, it provides a valuable experience for fresh graduates to develop their skills and grow their careers",False,False,[]
Negative,but somehow i found some of workers loves to overdressed and indifference dress etiquette also give a bad impression to the company,"but somehow i found some of workers loves to overdressed and indifference dress etiquette, also give a bad impression to the company.","but somehow i found some of workers loves to overdressed and indifference dress etiquette, also give a bad impression to the company.","but somehow i found some of workers loves to overdressed and indifference dress etiquette, also give a bad impression to the company.",False,False,[]
Positive,best to work with colleagues,best to work with colleagues.,best to work with colleagues.,best to work with colleagues.,False,False,[]
Negative,when ask always ends up with more question than answers,"when ask, always ends up with more question than answers","when ask, always ends up with more question than answers","when ask, always ends up with more question than answers",False,False,[]
Positive,perfect for learning,perfect for learning,perfect for learning,perfect for learning,False,False,[]
Negative,headquarters management and headquarters support not enough,hq management and hq support not enough ,hq management and hq support not enough ,hq management and hq support not enough ,False,False,[]
Positive,overall it is a great place to build a strong career foundation,"overall, it is a great place to build a strong career foundation.","overall, it is a great place to build a strong career foundation.","overall, it is a great place to build a strong career foundation.",False,False,[]
Positive,good friend,good friend,good friend,good friend,False,False,[]
Positive,but rest assured if you have really good support and fun colleagues you actually can survive,"but rest assured, if you have really good support and fun colleagues, you actually can survive.","but rest assured, if you have really good support and fun colleagues, you actually can survive.","but rest assured, if you have really good support and fun colleagues, you actually can survive.",False,False,[]
Negative,but your should depend by yourself because nobody will no help your because everyone is busy,but your should depend by yourself because nobody will no help your because everyone is busy,but your should depend by yourself because nobody will no help your because everyone is busy,but your should depend by yourself because nobody will no help your because everyone is busy,False,False,[]
Positive,was placed in a consumer banking team which i find quite it quite chilling when i was looking for a more intense role,"was placed in a consumer banking team, which i find quite it quite chilling when i was looking for a more intense role.","was placed in a consumer banking team, which i find quite it quite chilling when i was looking for a more intense role.","was placed in a consumer banking team, which i find quite it quite chilling when i was looking for a more intense role.",False,False,[]
Positive,high salary,high salary,high salary,high salary,False,False,[]
Negative,however there is no work life balance that may make you exhausted,"however, there is no work life balance that may make you exhausted.","however, there is no work life balance that may make you exhausted.","however, there is no work life balance that may make you exhausted.",False,False,[]
Negative,the pressure unbelievable,the pressure unbelievable.,the pressure unbelievable.,the pressure unbelievable.,False,False,[]
Negative,but the downside is only that they make changes very often and immediate too many task to handle at one time,but the downside is only that they make changes very often and immediate.. too many task to handle at one time..,but the downside is only that they make changes very often and immediate.. too many task to handle at one time..,but the downside is only that they make changes very often and immediate.. too many task to handle at one time..,False,False,[]
Positive,you'll learn more about it here at bankname staff are friendly,"you'll learn more about it here at pb, staff are friendly","you'll learn more about it here at pb, staff are friendly","you will learn more about it here at pb, staff are friendly",False,True,[]
Positive,learn a lot from them,learn a lot from them.,learn a lot from them.,learn a lot from them.,False,False,[]
Positive,bankname is a stable growth oriented bank that values people and innovation,"ocbc is a stable, growth-oriented bank that values people and innovation.","ocbc is a stable, growth-oriented bank that values people and innovation.","ocbc is a stable, growth-oriented bank that values people and innovation.",False,False,[]
Positive,the increment is above average and bonuses are decent,the increment is above average and bonuses are decent.,the increment is above average and bonuses are decent.,the increment is above average and bonuses are decent.,False,False,[]
Positive,if you adapt to it you can excel in many workplaces,"if you adapt to it, you can excel in many workplaces.","if you adapt to it, you can excel in many workplaces.","if you adapt to it, you can excel in many workplaces.",False,False,[]
Positive,you can learn a lot from the team,you can learn a lot from the team.,you can learn a lot from the team.,you can learn a lot from the team.,False,False,[]
Negative,didnt work here but got the chances to be interviewed but unfortunately it didnt goes really well,"didnt work here, but got the chances to be interviewed but unfortunately, it didnt goes really well.","didnt work here, but got the chances to be interviewed but unfortunately, it didnt goes really well.","did not work here, but got the chances to be interviewed but unfortunately, it did not goes really well.",False,True,[]
Positive,one of the key factors that can make the experience more enjoyable is having supportive and competent teammates,one of the key factors that can make the experience more enjoyable is having supportive and competent teammates.,one of the key factors that can make the experience more enjoyable is having supportive and competent teammates.,one of the key factors that can make the experience more enjoyable is having supportive and competent teammates.,False,False,[]
Negative,the lunch break is on minutes short break applicable only minutes the management self absorbed,"the lunch break is on 45 minutes, short break applicable only 15 minutes, the management self-absorbed","the lunch break is on 45 minutes, short break applicable only 15 minutes, the management self-absorbed","the lunch break is on 45 minutes, short break applicable only 15 minutes, the management self-absorbed",False,False,[]
Negative,high key performance indicator with fast pace,high kpi with fast pace,high kpi with fast pace,high kpi with fast pace,False,False,[]
Positive,the challenges helped me build resilience and improve my time management skills,the challenges helped me build resilience and improve my time management skills.,the challenges helped me build resilience and improve my time management skills.,the challenges helped me build resilience and improve my time management skills.,False,False,[]
Positive,good team,good team,good team,good team,False,False,[]
Positive,fun place,fun place,fun place,fun place,False,False,[]
Positive,able to learn a lot of valuable knowledge of how bank operations works on daily basis,able to learn a lot of valuable knowledges of how bank operations works on daily basis.,able to learn a lot of valuable knowledges of how bank operations works on daily basis.,able to learn a lot of valuable knowledges of how bank operations works on daily basis.,False,False,[]
Positive,having teatime among us celebration birthday and also we will do decorations for all the festivals,"having teatime among us, celebration birthday and also we will do decorations for all the festivals...","having teatime among us, celebration birthday and also we will do decorations for all the festivals...","having teatime among us, celebration birthday and also we will do decorations for all the festivals...",False,False,[]
Negative,need to stay too long in office,need to stay too long in office.,need to stay too long in office.,need to stay too long in office.,False,False,[]
Negative,the hardest part will working hours after office hours and will always stayed late,the hardest part will working hours after office hours and will always stayed late,the hardest part will working hours after office hours and will always stayed late,the hardest part will working hours after office hours and will always stayed late,False,False,[]
Positive,every day was focused on serving clients achieving sales goals and supporting the team,"every day was focused on serving clients, achieving sales goals, and supporting the team.","every day was focused on serving clients, achieving sales goals, and supporting the team.","every day was focused on serving clients, achieving sales goals, and supporting the team.",False,False,[]
Positive,bankname offer a lot of benefits compared to any other company,pb offer a lot of benefits compared to any other company.,pb offer a lot of benefits compared to any other company.,pb offer a lot of benefits compared to any other company.,False,False,[]
Positive,bosses are good,bosses are good.,bosses are good.,bosses are good.,False,False,[]
Positive,good place to learn,good place to learn,good place to learn,good place to learn,False,False,[]
Positive,good opportunity to learn,good opportunity to learn,good opportunity to learn,good opportunity to learn,False,False,[]
Positive,professional development opportunities for skill building through workshops and mentorship,professional development: opportunities for skill-building through workshops and mentorship.,professional development: opportunities for skill-building through workshops and mentorship.,professional development: opportunities for skill-building through workshops and mentorship.,False,False,[]
Negative,since the bonus payouts averaging months have not felt commensurate with the level of effort required,"since 2021, the bonus payouts (averaging 2 months) have not felt commensurate with the level of effort required.","since 2021, the bonus payouts (averaging 2 months) have not felt commensurate with the level of effort required.","since 2021, the bonus payouts (averaging 2 months) have not felt commensurate with the level of effort required.",False,False,[]
Negative,very political culture,very political culture,very political culture,very political culture,False,False,[]
Negative,some people do not want to work but want to get credit of other peoples works,some people do not want to work but want to get credit of other peoples' works.,some people do not want to work but want to get credit of other peoples' works.,some people do not want to work but want to get credit of other peoples' works.,False,False,[]
Positive,the allowance are great,the allowance are great.,the allowance are great.,the allowance are great.,False,False,[]
Positive,i learned a lot from here as we need to work as a team to ensure to move forward and excel together,i learned a lot from here as we need to work as a team to ensure to move forward and excel together,i learned a lot from here as we need to work as a team to ensure to move forward and excel together,i learned a lot from here as we need to work as a team to ensure to move forward and excel together,False,False,[]
Negative,hardest part tight deadlines,hardest part: tight deadlines.,hardest part: tight deadlines.,hardest part: tight deadlines.,False,False,[]
Positive,he she will guide you from zero to something,he/she will guide you from zero to something,he/she will guide you from zero to something,he/she will guide you from zero to something,False,False,[]
Positive,while expectations are high it encourages resilience and strong work ethics,"while expectations are high, it encourages resilience and strong work ethics.","while expectations are high, it encourages resilience and strong work ethics.","while expectations are high, it encourages resilience and strong work ethics.",False,False,[]
Negative,i think it too chaotic and tedious,i think it's too chaotic and tedious.,i think it's too chaotic and tedious.,i think it is too chaotic and tedious.,False,True,[]
Negative,but too much paperwork and need to work until pm everyday due to culture,but too much paperwork and need to work until 8pm everyday due to culture.,but too much paperwork and need to work until 8pm everyday due to culture.,but too much paperwork and need to work until 8pm everyday due to culture.,False,False,[]
Negative,high pay with great benefits but expect to work a lot,high pay with great benefits but expect to work a lot,high pay with great benefits but expect to work a lot,high pay with great benefits but expect to work a lot,False,False,[]
Positive,the work processes are quite organized which helps in managing tasks efficiently,"the work processes are quite organized, which helps in managing tasks efficiently.","the work processes are quite organized, which helps in managing tasks efficiently.","the work processes are quite organized, which helps in managing tasks efficiently.",False,False,[]
Positive,however good environment and supportive team members,however good environment and supportive team members,however good environment and supportive team members,however good environment and supportive team members,False,False,[]
Positive,at branch meet customer and give best service to customer,"at branch, meet customer and give best service to customer","at branch, meet customer and give best service to customer","at branch, meet customer and give best service to customer",False,False,[]
Positive,training is provided which is help a lot in job scope,training is provided which is help a lot in job scope.,training is provided which is help a lot in job scope.,training is provided which is help a lot in job scope.,False,False,[]
Negative,also micromanagement exist when manager only trust the leader not knowing the real problem from colleague,also micromanagement exist when manager only trust the leader not knowing the real problem from colleague.,also micromanagement exist when manager only trust the leader not knowing the real problem from colleague.,also micromanagement exist when manager only trust the leader not knowing the real problem from colleague.,False,False,[]
Positive,bankname has a lot of benefits,pb has a lot of benefits.,pb has a lot of benefits.,pb has a lot of benefits.,False,False,[]
Positive,good for fresh graduate,good for fresh graduate,good for fresh graduate,good for fresh graduate,False,False,[]
Positive,the most enjoyable part was achieving targets through my own effort,"the most enjoyable part was achieving targets through my own effort,","the most enjoyable part was achieving targets through my own effort,","the most enjoyable part was achieving targets through my own effort,",False,False,[]
Positive,have nice benefit compare to other company,have nice benefit compare to other company,have nice benefit compare to other company,have nice benefit compare to other company,False,False,[]
Positive,good for fresh grad,good for fresh grad,good for fresh grad,good for fresh grad,False,False,[]
Positive,it can be hectic at one point but productive,it can be hectic at one point but productive.,it can be hectic at one point but productive.,it can be hectic at one point but productive.,False,False,[]
Positive,high work load comes with great help from colleagues,high work load comes with great help from colleagues,high work load comes with great help from colleagues,high work load comes with great help from colleagues,False,False,[]
Positive,gain a lot of benefits,gain a lot of benefits.,gain a lot of benefits.,gain a lot of benefits.,False,False,[]
Negative,can be limited progression especially in a competitive environment,"can be limited progression, especially in a competitive environment.","can be limited progression, especially in a competitive environment.","can be limited progression, especially in a competitive environment.",False,False,[]
Positive,good salary,good salary,good salary,good salary,False,False,[]
Negative,furthermore the promotion structure appears to be heavily influenced by seniority and favoritism rather than clear meritocracy which can be discouraging for high performers,"furthermore, the promotion structure appears to be heavily influenced by seniority and favoritism rather than clear meritocracy, which can be discouraging for high-performers.","furthermore, the promotion structure appears to be heavily influenced by seniority and favoritism rather than clear meritocracy, which can be discouraging for high-performers.","furthermore, the promotion structure appears to be heavily influenced by seniority and favoritism rather than clear meritocracy, which can be discouraging for high-performers.",False,False,[]
Negative,please reconsider if you expecting to have stable career soon after graduation,please reconsider if you expecting to have stable career soon after graduation.,please reconsider if you expecting to have stable career soon after graduation.,please reconsider if you expecting to have stable career soon after graduation.,False,False,[]
Positive,engaging and challenging,engaging and challenging,engaging and challenging,engaging and challenging,False,False,[]
Negative,bossy,bossy,bossy,bossy,False,False,[]
Negative,hr and headquarters is okay but current manager is toxic,hr and hq is ok but current manager is toxic,hr and hq is ok but current manager is toxic,hr and hq is ok but current manager is toxic,False,False,[]
Positive,can get more incentive of you work hard,can get more incentive of you work hard.,can get more incentive of you work hard.,can get more incentive of you work hard.,False,False,[]
Positive,with good benefits,with good benefits,with good benefits,with good benefits,False,False,[]
Positive,good overtime pay,good ot pay.,good ot pay.,good ot pay.,False,False,[]
Negative,everyone walking like super flash too much work to be settle,"everyone walking like super flash, too much work to be settle.","everyone walking like super flash, too much work to be settle.","everyone walking like super flash, too much work to be settle.",False,False,[]
Positive,the department is well organized with clear procedures for loan processing credit assessment documentation and compliance with banking regulations,"the department is well-organized, with clear procedures for loan processing, credit assessment, documentation, and compliance with banking regulations.","the department is well-organized, with clear procedures for loan processing, credit assessment, documentation, and compliance with banking regulations.","the department is well-organized, with clear procedures for loan processing, credit assessment, documentation, and compliance with banking regulations.",False,False,[]
Negative,the position is really stress,the position is really stress.,the position is really stress.,the position is really stress.,False,False,[]
Negative,management dont want to help you or give you proper direction,management dont want to help you or give you proper direction,management dont want to help you or give you proper direction,management do not want to help you or give you proper direction,False,True,[]
Negative,i find it even in a week it is too overwhelming,i find it even in a week it is too overwhelming.,i find it even in a week it is too overwhelming.,i find it even in a week it is too overwhelming.,False,False,[]
Negative,overall not a supportive place to grow long term,"overall, not a supportive place to grow long-term.","overall, not a supportive place to grow long-term.","overall, not a supportive place to grow long-term.",False,False,[]
Negative,but bad management,but bad management,but bad management,but bad management,False,False,[]
Positive,people are friendly and easy to approach,people are friendly and easy to approach.,people are friendly and easy to approach.,people are friendly and easy to approach.,False,False,[]
Negative,but not a good thing for introverts,but not a good thing for introverts.,but not a good thing for introverts.,but not a good thing for introverts.,False,False,[]
Positive,promotion can be very fast to some work function given the person is high performer in the team or department,promotion can be very fast to some work function given the person is high performer in the team or department.,promotion can be very fast to some work function given the person is high performer in the team or department.,promotion can be very fast to some work function given the person is high performer in the team or department.,False,False,[]
Positive,highly paid bonus and overtime,highly paid bonus and overtime,highly paid bonus and overtime,highly paid bonus and overtime,False,False,[]
Positive,work life balance is achievable if you're in the right division right department and under the right team,"work life balance is achievable if you're in the right division, right department and under the right team.","work life balance is achievable if you're in the right division, right department and under the right team.","work life balance is achievable if you are in the right division, right department and under the right team.",False,True,[]
Negative,expect us to get the highest more key performance indicator than in job description,expect us to get the highest more kpi than in jd.,expect us to get the highest more kpi than in jd.,expect us to get the highest more kpi than in jd.,False,False,[]
Negative,micro management will happen if you dont hit your target,micro-management will happen if u dont hit ur target,micro-management will happen if u dont hit ur target,micro-management will happen if you do not hit you are target,False,True,[]
Negative,unreasonable workload,unreasonable workload.,unreasonable workload.,unreasonable workload.,False,False,[]
Negative,sales oriented working culture,sales oriented working culture,sales oriented working culture,sales oriented working culture,False,False,[]
Positive,good workplace,good workplace,good workplace,good workplace,False,False,[]
Negative,not enough of staff so ask to do extra work,not enough of staff so ask to do extra work.,not enough of staff so ask to do extra work.,not enough of staff so ask to do extra work.,False,False,[]
Positive,good place for learning,good place for learning.,good place for learning.,good place for learning.,False,False,[]
Positive,public sector banks are known for offering stable and attractive salary packages making them a popular choice for individuals seeking long term career opportunities,"public sector banks are known for offering stable and attractive salary packages, making them a popular choice for individuals seeking long-term career opportunities.","public sector banks are known for offering stable and attractive salary packages, making them a popular choice for individuals seeking long-term career opportunities.","public sector banks are known for offering stable and attractive salary packages, making them a popular choice for individuals seeking long-term career opportunities.",False,False,[]
Positive,fun and new experience,fun and new experience.,fun and new experience.,fun and new experience.,False,False,[]
Negative,this has resulted in inefficiencies and missed opportunities for improvement,this has resulted in inefficiencies and missed opportunities for improvement.,this has resulted in inefficiencies and missed opportunities for improvement.,this has resulted in inefficiencies and missed opportunities for improvement.,False,False,[]
Positive,career development offers structured training programs and opportunities for internal mobility,career development: offers structured training programs and opportunities for internal mobility.,career development: offers structured training programs and opportunities for internal mobility.,career development: offers structured training programs and opportunities for internal mobility.,False,False,[]
Negative,manual process a lot redundant work causing a lot work,manual process a lot redundant work causing a lot work,manual process a lot redundant work causing a lot work,manual process a lot redundant work causing a lot work,False,False,[]
Positive,a good company to start with in banking line,a good company to start with in banking line,a good company to start with in banking line,a good company to start with in banking line,False,False,[]
Positive,but the people is fun and willing to share the experiences,but the people is fun and willing to share the experiences.,but the people is fun and willing to share the experiences.,but the people is fun and willing to share the experiences.,False,False,[]
Positive,a good place to learn and improve in,a good place to learn and improve in.,a good place to learn and improve in.,a good place to learn and improve in.,False,False,[]
Negative,but suffers from outdated systems clunky app heavy workload limited workâlife balance," but suffers from outdated systems, clunky app, heavy workload & limited workâlife balance."," but suffers from outdated systems, clunky app, heavy workload & limited work‑life balance."," but suffers from outdated systems, clunky app, heavy workload & limited work‑life balance.",True,False,[]
Negative,cons no more work from home and fixed working hours,"cons no more work from home, and fixed working hours.","cons no more work from home, and fixed working hours.","cons no more work from home, and fixed working hours.",False,False,[]
Negative,dont really like the benefits they offer especially in terms of commission,dont really like the benefits they offer especially in terms of commision.,dont really like the benefits they offer especially in terms of commision.,do not really like the benefits they offer especially in terms of commision.,False,True,[]
Negative,but no work life balance,but no work life balance,but no work life balance,but no work life balance,False,False,[]
Negative,i wanted to stay but i felt disappointed for a couple of reasons which made me resign,"i wanted to stay but i felt disappointed for a couple of reasons, which made me resign.","i wanted to stay but i felt disappointed for a couple of reasons, which made me resign.","i wanted to stay but i felt disappointed for a couple of reasons, which made me resign.",False,False,[]
Negative,working as collector is hard as doing sales for bank,working as collector is hard as doing sales for bank.,working as collector is hard as doing sales for bank.,working as collector is hard as doing sales for bank.,False,False,[]
Positive,good bonus,good bonus,good bonus,good bonus,False,False,[]
Positive,most people here are around your age so youâll definitely be able to get along with everyone there,most people here are around your age so youâll definitely be able to get along with everyone there.,most people here are around your age so you'll definitely be able to get along with everyone there.,most people here are around your age so you will definitely be able to get along with everyone there.,True,True,[]
Positive,other colleagues she treated well,other colleagues she treated well.,other colleagues she treated well.,other colleagues she treated well.,False,False,[]
Negative,no life balance,no life balance.,no life balance.,no life balance.,False,False,[]
Positive,good working environment,good working environment.,good working environment.,good working environment.,False,False,[]
Positive,the starting salary is quite good,the starting salary is quite good.,the starting salary is quite good.,the starting salary is quite good.,False,False,[]
Positive,target given by company higher,target given by company higher ,target given by company higher ,target given by company higher ,False,False,[]
Negative,little to no staff engagement,little to no staff engagement,little to no staff engagement,little to no staff engagement,False,False,[]
Negative,this imbalance has taken a toll on morale and productivity,this imbalance has taken a toll on morale and productivity.,this imbalance has taken a toll on morale and productivity.,this imbalance has taken a toll on morale and productivity.,False,False,[]
Negative,limited support and some bias in how situations are handled especially concerning differences in religion,"limited support and some bias in how situations are handled, especially concerning differences in religion.","limited support and some bias in how situations are handled, especially concerning differences in religion.","limited support and some bias in how situations are handled, especially concerning differences in religion.",False,False,[]
Positive,branch environment is good got to know and work together with new people,"branch environment is good, got to know and work together with new people.","branch environment is good, got to know and work together with new people.","branch environment is good, got to know and work together with new people.",False,False,[]
Positive,over all good experience and good remuneration,over all good experience and good remuneration.,over all good experience and good remuneration.,over all good experience and good remuneration.,False,False,[]
Positive,they are offering better benefits in comparison to other companies i e annual leave medical insurance etc,"they are offering better benefits in comparison to other companies, i.e. annual leave, medical, insurance etc.","they are offering better benefits in comparison to other companies, i.e. annual leave, medical, insurance etc.","they are offering better benefits in comparison to other companies, i.e. annual leave, medical, insurance etc.",False,False,[]
Positive,benefit and bonus,benefit and bonus,benefit and bonus,benefit and bonus,False,False,[]
Positive,pleasant people to work with,pleasent people to work with.,pleasent people to work with.,pleasent people to work with.,False,False,[]
Positive,learned a lot of skills,learned a lot of skills.,learned a lot of skills.,learned a lot of skills.,False,False,[]
Positive,good pay for overtime,good pay for ot,good pay for ot,good pay for ot,False,False,[]
Positive,lots of benefits,lots of benefits.,lots of benefits.,lots of benefits.,False,False,[]
Positive,benefits were great for big company,benefits were great for big company.,benefits were great for big company.,benefits were great for big company.,False,False,[]
Negative,software are outdated payment system is slow and s era,"software are outdated, payment system is slow and 90s era.","software are outdated, payment system is slow and 90s era.","software are outdated, payment system is slow and 90s era.",False,False,[]
Positive,the food at the cafe is so good,the food at the cafe is so good.,the food at the cafe is so good.,the food at the cafe is so good.,False,False,[]
Positive,good environment and management,good environment and management ,good environment and management ,good environment and management ,False,False,[]
Positive,bankname pay good salary,hsbc pay good salary.,hsbc pay good salary.,hsbc pay good salary.,False,False,[]
Positive,good place and good job,good place and good job,good place and good job,good place and good job,False,False,[]
Positive,good to work,good to work,good to work,good to work,False,False,[]
Positive,i learned how a leading financial institution operates and gained hands on exposure to real banking tasks,i learned how a leading financial institution operates and gained hands-on exposure to real banking tasks.,i learned how a leading financial institution operates and gained hands-on exposure to real banking tasks.,i learned how a leading financial institution operates and gained hands-on exposure to real banking tasks.,False,False,[]
Negative,the working there is quite tough for people who are passionate can work there,the working there is quite tough for people who are passionate can work there.,the working there is quite tough for people who are passionate can work there.,the working there is quite tough for people who are passionate can work there.,False,False,[]
Positive,good pay,good pay,good pay,good pay,False,False,[]
Negative,your workload will be increased without letting you know in advance or without asking your permission to do so,your workload will be increased without letting you know in advance or without asking your permission to do so.,your workload will be increased without letting you know in advance or without asking your permission to do so.,your workload will be increased without letting you know in advance or without asking your permission to do so.,False,False,[]
Negative,the workload can be overwhelming often requiring employees to work long hours with little acknowledgment or compensation,"the workload can be overwhelming, often requiring employees to work long hours with little acknowledgment or compensation.","the workload can be overwhelming, often requiring employees to work long hours with little acknowledgment or compensation.","the workload can be overwhelming, often requiring employees to work long hours with little acknowledgment or compensation.",False,False,[]
Positive,fun people company guidelines are ever changing,"fun people, company guidelines are ever changing","fun people, company guidelines are ever changing","fun people, company guidelines are ever changing",False,False,[]
Positive,overall my internship at bankname gave me a strong foundation and clearer understanding of the banking industry,"overall, my internship at maybank gave me a strong foundation and clearer understanding of the banking industry.","overall, my internship at maybank gave me a strong foundation and clearer understanding of the banking industry.","overall, my internship at maybank gave me a strong foundation and clearer understanding of the banking industry.",False,False,[]
Positive,good place to work but quite hierarchical due to the large size of the organisation,good place to work but quite hierarchical due to the large size of the organisation.,good place to work but quite hierarchical due to the large size of the organisation.,good place to work but quite hierarchical due to the large size of the organisation.,False,False,[]
Positive,it was fun at first,it was fun at first ,it was fun at first ,it was fun at first ,False,False,[]
Positive,the location is near the public access which is good training and script is given and the colleague is helpful,"the location is near the public access which is good, training and script is given and the colleague is helpful.","the location is near the public access which is good, training and script is given and the colleague is helpful.","the location is near the public access which is good, training and script is given and the colleague is helpful.",False,False,[]
Negative,only some supervisor are really getting on your nerve,only 'some' supervisor are really getting on your nerve,only 'some' supervisor are really getting on your nerve…,only 'some' supervisor are really getting on your nerve…,True,False,[]
Negative,schedule rotate every two weeks training sometime not enough time,"schedule rotate every two weeks ,training sometime not enough time","schedule rotate every two weeks ,training sometime not enough time","schedule rotate every two weeks ,training sometime not enough time",False,False,[]
Positive,everyone so kind though workloads might be heavier for senior exec but yeah,"everyone so kind, though workloads might be heavier for senior exec, but yeah.","everyone so kind, though workloads might be heavier for senior exec, but yeah.","everyone so kind, though workloads might be heavier for senior exec, but yeah.",False,False,[]
Positive,everything is great here can learn so many things,"everything is great here, can learn so many things ","everything is great here, can learn so many things ","everything is great here, can learn so many things ",False,False,[]
Positive,good place to learn for fresh,good place to learn for fresh.,good place to learn for fresh.,good place to learn for fresh.,False,False,[]
Positive,bonuses and annual increments are also part of the compensation structure making it financially rewarding over time,"bonuses and annual increments are also part of the compensation structure, making it financially rewarding over time.","bonuses and annual increments are also part of the compensation structure, making it financially rewarding over time.","bonuses and annual increments are also part of the compensation structure, making it financially rewarding over time.",False,False,[]
Positive,i was involved in data entry customer service and administrative work which improved my attention to detail and time management,"i was involved in data entry, customer service, and administrative work, which improved my attention to detail and time management.","i was involved in data entry, customer service, and administrative work, which improved my attention to detail and time management.","i was involved in data entry, customer service, and administrative work, which improved my attention to detail and time management.",False,False,[]
Negative,even if you have a little progress within months the boss and my mentor won't be happy or celebrate your progress the only thing they do is by forcing you to do faster with increasing amount of workloads,"even if you have a little progress within 4 months, the boss and my mentor won't be happy or celebrate your progress, the only thing they do is by forcing you to do faster with increasing amount of workloads.","even if you have a little progress within 4 months, the boss and my mentor won't be happy or celebrate your progress, the only thing they do is by forcing you to do faster with increasing amount of workloads.","even if you have a little progress within 4 months, the boss and my mentor will not be happy or celebrate your progress, the only thing they do is by forcing you to do faster with increasing amount of workloads.",False,True,[]
Negative,the job itself is stressful the flow the calls the volume,"the job itself is stressful (the flow, the calls, the volume).","the job itself is stressful (the flow, the calls, the volume).","the job itself is stressful (the flow, the calls, the volume).",False,False,[]
Positive,friendly and supportive team,friendly and supportive team.,friendly and supportive team.,friendly and supportive team.,False,False,[]
Negative,they keep on asking why cant achieve the target,they keep on asking why cant achieve the target.,they keep on asking why cant achieve the target.,they keep on asking why cannot achieve the target.,False,True,[]
Positive,in terms of learning and experience you might gain a lot,in terms of learning and experience you might gain a lot,in terms of learning and experience you might gain a lot,in terms of learning and experience you might gain a lot,False,False,[]
Positive,but friendly people and good pay will help me when i ask for help,"but friendly people and good pay, will help me when i ask for help, ","but friendly people and good pay, will help me when i ask for help, ","but friendly people and good pay, will help me when i ask for help, ",False,False,[]
Positive,good and productive place,good and productive place,good and productive place,good and productive place,False,False,[]
Positive,most colleagues are helpful and professional,"most colleagues are helpful and professional,","most colleagues are helpful and professional,","most colleagues are helpful and professional,",False,False,[]
Positive,i learned to manage pressure improve my communication skills and adapt quickly especially after the bankname bank migration,"i learned to manage pressure, improve my communication skills, and adapt quickly especially after the citi bank migration.","i learned to manage pressure, improve my communication skills, and adapt quickly especially after the citi bank migration.","i learned to manage pressure, improve my communication skills, and adapt quickly especially after the citi bank migration.",False,False,[]
Negative,poor leadership,poor leadership,poor leadership,poor leadership,False,False,[]
Negative,but need to work overtime most of the time for my role quite challenging for my role," but need to work overtime most of the time for my role, quite challenging for my role"," but need to work overtime most of the time for my role, quite challenging for my role"," but need to work overtime most of the time for my role, quite challenging for my role",False,False,[]
Positive,rights by you united work as one,"rights by you, united-work as one","rights by you, united-work as one","rights by you, united-work as one",False,False,[]
Positive,overall it a good workplace and there are many roles in the bank where you can apply for swaps,overall it's a good workplace and there are many roles in the bank where you can apply for swaps.,overall it's a good workplace and there are many roles in the bank where you can apply for swaps.,overall it is a good workplace and there are many roles in the bank where you can apply for swaps.,False,True,[]
Positive,team members also nice,team members also nice .,team members also nice .,team members also nice .,False,False,[]
Positive,good compensation,"good compensation, ","good compensation, ","good compensation, ",False,False,[]
Positive,fun and supportive culture but too many task,fun and supportive culture but too many task,fun and supportive culture but too many task,fun and supportive culture but too many task,False,False,[]
Positive,but benefit all great,but benefit all great,but benefit all great,but benefit all great,False,False,[]
Positive,good benefits such as maternity healthcare dental optical etc,"good benefits such as maternity, healthcare, dental, optical, etc.","good benefits such as maternity, healthcare, dental, optical, etc.","good benefits such as maternity, healthcare, dental, optical, etc.",False,False,[]
Negative,chances of you getting a job permanently is almost impossible,chances of you getting a job permanently is almost impossible.,chances of you getting a job permanently is almost impossible.,chances of you getting a job permanently is almost impossible.,False,False,[]
Positive,teamwork is always there in the bank industry,teamwork is always there in the bank industry.,teamwork is always there in the bank industry.,teamwork is always there in the bank industry.,False,False,[]
Positive,performance bonus commission scheme for sales staff retirement benefits for all officer level,"performance bonus , commission scheme for sales staff , retirement benefits for all officer level .","performance bonus , commission scheme for sales staff , retirement benefits for all officer level .","performance bonus , commission scheme for sales staff , retirement benefits for all officer level .",False,False,[]
Positive,everyone worked together towards common goals and the management valued hard work and integrity,"everyone worked together towards common goals, and the management valued hard work and integrity.","everyone worked together towards common goals, and the management valued hard work and integrity.","everyone worked together towards common goals, and the management valued hard work and integrity.",False,False,[]
Negative,additionally there appears to be a lack of transparency in commission structures with practices that may unintentionally favor certain individuals,"additionally, there appears to be a lack of transparency in commission structures, with practices that may unintentionally favor certain individuals.","additionally, there appears to be a lack of transparency in commission structures, with practices that may unintentionally favor certain individuals.","additionally, there appears to be a lack of transparency in commission structures, with practices that may unintentionally favor certain individuals.",False,False,[]
Positive,the acceptable overtime policy allowed for a healthy work life balance and the collaborative atmosphere within the bank made the workload more manageable,"the acceptable overtime policy allowed for a healthy work-life balance, and the collaborative atmosphere within the bank made the workload more manageable.","the acceptable overtime policy allowed for a healthy work-life balance, and the collaborative atmosphere within the bank made the workload more manageable.","the acceptable overtime policy allowed for a healthy work-life balance, and the collaborative atmosphere within the bank made the workload more manageable.",False,False,[]
Positive,please try this position as you will improve you thinking skill and communication skill,please try this position as you will improve you thinking skill and communication skill.,please try this position as you will improve you thinking skill and communication skill.,please try this position as you will improve you thinking skill and communication skill.,False,False,[]
Negative,the workload that you must do was not worth it by the salary offer,the workload that you must do was not worth it by the salary offer,the workload that you must do was not worth it by the salary offer,the workload that you must do was not worth it by the salary offer,False,False,[]
Positive,overall the internship was rewarding offering significant learning and development opportunities,"overall, the internship was rewarding, offering significant learning and development opportunities.","overall, the internship was rewarding, offering significant learning and development opportunities.","overall, the internship was rewarding, offering significant learning and development opportunities.",False,False,[]
Positive,good colleagues,good colleagues,good colleagues,good colleagues,False,False,[]
Positive,the staff benefits were good,the staff benefits were good.,the staff benefits were good.,the staff benefits were good.,False,False,[]
Positive,itâs a place where dedication and hard work are key to success,itâs a place where dedication and hard work are key to success.,it's a place where dedication and hard work are key to success.,it is a place where dedication and hard work are key to success.,True,True,[]
Positive,benefits are great,benefits are great,benefits are great,benefits are great,False,False,[]
Positive,anyways i find many good friends,anyways i find many good friends.,anyways i find many good friends.,anyways i find many good friends.,False,False,[]
Positive,it offers stability career growth opportunities and valuable banking experience," it offers stability, career growth opportunities, and valuable banking experience."," it offers stability, career growth opportunities, and valuable banking experience."," it offers stability, career growth opportunities, and valuable banking experience.",False,False,[]
Negative,the hardest part key performance indicator do sales since slow walk in at the branch,the hardest part: - kpi & do sales since slow walk in at the branch,the hardest part: - kpi & do sales since slow walk in at the branch,the hardest part: - kpi & do sales since slow walk in at the branch,False,False,[]
Positive,good benefits,good benefits,good benefits,good benefits,False,False,[]
Positive,the leadership team was approachable and there were many opportunities to grow and learn within the organization,"the leadership team was approachable, and there were many opportunities to grow and learn within the organization.","the leadership team was approachable, and there were many opportunities to grow and learn within the organization.","the leadership team was approachable, and there were many opportunities to grow and learn within the organization.",False,False,[]
Negative,if you like to work late at night without overtime getting scold with your senior getting push by your colleges improper training given by your company then this is the job your looking for,"if you like to work late at night without ot, getting scold with your senior, getting push by your colleges, unproper training given by your company, then this is the job your looking for.","if you like to work late at night without ot, getting scold with your senior, getting push by your colleges, unproper training given by your company, then this is the job your looking for.","if you like to work late at night without ot, getting scold with your senior, getting push by your colleges, unproper training given by your company, then this is the job your looking for.",False,False,[]
Positive,team work is going well with team members management is goodï¸ together progress,"team work is going well with team members, management is goodï¸ together progress","team work is going well with team members, management is good️ together progress","team work is going well with team members, management is good️ together progress",True,False,[]
Positive,busy but supportive work environment,busy but supportive work environment,busy but supportive work environment,busy but supportive work environment,False,False,[]
Negative,poor management and lack of guidance,poor management and lack of guidance,poor management and lack of guidance,poor management and lack of guidance,False,False,[]
Positive,productive good place to learn,productive & good place to learn,productive & good place to learn,productive & good place to learn,False,False,[]
Positive,i enjoyed the most during work collaboration with other departments,i enjoyed the most during work-collaboration with other departments,i enjoyed the most during work-collaboration with other departments,i enjoyed the most during work-collaboration with other departments,False,False,[]
Negative,there seems to be a disconnect between upper management vision and the day to day operations leading to confusion and a sense of aimlessness among employees,"there seems to be a disconnect between upper management's vision and the day-to-day operations, leading to confusion and a sense of aimlessness among employees.","there seems to be a disconnect between upper management's vision and the day-to-day operations, leading to confusion and a sense of aimlessness among employees.","there seems to be a disconnect between upper management's vision and the day-to-day operations, leading to confusion and a sense of aimlessness among employees.",False,False,[]
Positive,valued experience,valued experience,valued experience,valued experience,False,False,[]
Negative,too much politics,too much politics,too much politics,too much politics,False,False,[]
Negative,improper training,unproper training.,unproper training.,unproper training.,False,False,[]
Negative,workload didnât worth the salary,workload didnât worth the salary.,workload didn't worth the salary.,workload did not worth the salary.,True,True,[]
Negative,challenging environment,challenging environment,challenging environment,challenging environment,False,False,[]
Negative,creating a bad environment to work,creating a bad environment to work.,creating a bad environment to work.,creating a bad environment to work.,False,False,[]
Positive,meet good colleagues and friends,meet good colleagues and friends.,meet good colleagues and friends.,meet good colleagues and friends.,False,False,[]
Positive,stable job and good remuneration,stable job and good remuneration.,stable job and good remuneration.,stable job and good remuneration.,False,False,[]
Positive,good for fresh graduate to take experience,good for fresh graduate to take experience,good for fresh graduate to take experience,good for fresh graduate to take experience,False,False,[]
Negative,hardly have employee empowerment,hardly have employee empowerment.,hardly have employee empowerment.,hardly have employee empowerment.,False,False,[]
Positive,while there is still room for improvement in terms of workload balance and clearer communication at times the overall atmosphere remains motivating,"while there is still room for improvement in terms of workload balance and clearer communication at times, the overall atmosphere remains motivating.","while there is still room for improvement in terms of workload balance and clearer communication at times, the overall atmosphere remains motivating.","while there is still room for improvement in terms of workload balance and clearer communication at times, the overall atmosphere remains motivating.",False,False,[]
Positive,the working environment was professional yet friendly making it easy to adapt and learn,"the working environment was professional yet friendly, making it easy to adapt and learn.","the working environment was professional yet friendly, making it easy to adapt and learn.","the working environment was professional yet friendly, making it easy to adapt and learn.",False,False,[]
Positive,fun nice chill workplace sometimes stressful good for union staff low rank position fixed annual increment and salary adjustment every year however amount is small,"fun, nice, chill workplace, sometimes stressful, good for union staff (low rank position fixed annual increment and salary adjustment every year, however amount is small","fun, nice, chill workplace, sometimes stressful, good for union staff (low rank position fixed annual increment and salary adjustment every year, however amount is small","fun, nice, chill workplace, sometimes stressful, good for union staff (low rank position fixed annual increment and salary adjustment every year, however amount is small",False,False,[]
Negative,no proper workspace for meeting clients,no proper workspace for meeting clients,no proper workspace for meeting clients,no proper workspace for meeting clients,False,False,[]
Positive,team mates are knowledgeable and helpful,team mates are knowledgeable and helpful.,team mates are knowledgeable and helpful.,team mates are knowledgeable and helpful.,False,False,[]
Positive,i take has a challenge and enhance my work skill,i take has a challenge and enhance my work skill.,i take has a challenge and enhance my work skill.,i take has a challenge and enhance my work skill.,False,False,[]
Negative,moreover there is a lack of transparency in the compensation distribution process,"moreover, there is a lack of transparency in the compensation distribution process.","moreover, there is a lack of transparency in the compensation distribution process.","moreover, there is a lack of transparency in the compensation distribution process.",False,False,[]
Positive,colleagues were very helpful,colleagues were very helpful.,colleagues were very helpful.,colleagues were very helpful.,False,False,[]
Positive,year end bonus is very generous,year-end bonus is very generous.,year-end bonus is very generous.,year-end bonus is very generous.,False,False,[]
Positive,good commission and fun place to work nice and understanding management stressful when comes to sales,good commission and fun place to work nice and understanding management stressful when comes to sales.,good commission and fun place to work nice and understanding management stressful when comes to sales.,good commission and fun place to work nice and understanding management stressful when comes to sales.,False,False,[]
Positive,great for experience,great for experience,great for experience,great for experience,False,False,[]
Positive,good environment and helpful colleagues,good environment and helpful colleagues.,good environment and helpful colleagues.,good environment and helpful colleagues.,False,False,[]
Negative,not suitable for family person,not suitable for family person.,not suitable for family person.,not suitable for family person.,False,False,[]
Positive,nice workplace,nice workplace.,nice workplace.,nice workplace.,False,False,[]
Positive,good environment and supportive,good environment and supportive,good environment and supportive,good environment and supportive,False,False,[]
Positive,good thing are the benefits like annual leave and bonus,good thing are the benefits like al and bonus.,good thing are the benefits like al and bonus.,good thing are the benefits like al and bonus.,False,False,[]
Negative,bully staff all the way even though they made mistakes n didnt admit it,buli staff all the way eventho they made mistakes n didnt admit it.,buli staff all the way eventho they made mistakes n didnt admit it.,buli staff all the way eventho they made mistakes n did not admit it.,False,True,[]
Positive,good benefits like flexcare,good benefits like flexcare.,good benefits like flexcare.,good benefits like flexcare.,False,False,[]
Positive,flexible workplace,flexible workplace,flexible workplace,flexible workplace,False,False,[]
Positive,good place to work,good place to work.,good place to work.,good place to work.,False,False,[]
Positive,good colleagues and the task can be conducted efficiently,good colleagues and the task can be conducted efficiently.,good colleagues and the task can be conducted efficiently.,good colleagues and the task can be conducted efficiently.,False,False,[]
Positive,the most enjoyable part of the job is people to guide you and some genuine people around,the most enjoyable part of the job is people to guide you and some genuine people around.,the most enjoyable part of the job is people to guide you and some genuine people around.,the most enjoyable part of the job is people to guide you and some genuine people around.,False,False,[]
Positive,customer base are quite wide and can be tricky to handle but the customer are very warm to hear any proposal from bankname,customer base are quite wide and can be tricky to handle but the customer are very warm to hear any proposal from maybank,customer base are quite wide and can be tricky to handle but the customer are very warm to hear any proposal from maybank,customer base are quite wide and can be tricky to handle but the customer are very warm to hear any proposal from maybank,False,False,[]
Positive,benefits wise are quite good in banking industry,benefits wise are quite good in banking industry.,benefits wise are quite good in banking industry.,benefits wise are quite good in banking industry.,False,False,[]
Negative,career growth no unless you are chinese,career growth no unless you are chinese,career growth no unless you are chinese,career growth no unless you are chinese,False,False,[]
Positive,good company and exposure for junior level,good company and exposure for junior level.,good company and exposure for junior level.,good company and exposure for junior level.,False,False,[]
Positive,colleagues are friendly have to service with a lot of walk in customers normally you can only start your works after pm,"colleagues are friendly, have to service with a lot of walk in customers, normally you can only start your works after 4pm","colleagues are friendly, have to service with a lot of walk in customers, normally you can only start your works after 4pm","colleagues are friendly, have to service with a lot of walk in customers, normally you can only start your works after 4pm",False,False,[]
Positive,good benefits,good benefits ,good benefits ,good benefits ,False,False,[]
Positive,high salary especially for fresh graduates who intend to work here,"high salary, especially for fresh graduates who intend to work here","high salary, especially for fresh graduates who intend to work here","high salary, especially for fresh graduates who intend to work here",False,False,[]
Negative,bad management,bad management.,bad management.,bad management.,False,False,[]
Positive,best learning experience,best learning experience.,best learning experience.,best learning experience.,False,False,[]
Positive,great medical benefits,great medical benefits,great medical benefits,great medical benefits,False,False,[]
Negative,at times certain staff members have spoken harshly or disrespectfully toward others yet no action was taken to address it,"at times, certain staff members have spoken harshly or disrespectfully toward others, yet no action was taken to address it.","at times, certain staff members have spoken harshly or disrespectfully toward others, yet no action was taken to address it.","at times, certain staff members have spoken harshly or disrespectfully toward others, yet no action was taken to address it.",False,False,[]
Positive,selling small and medium sized enterprises loan by looking for your own cases are hectic having a good leader to guide you along the way as a freshie would help out a lot nonetheless good benefits and flexible work schedule,"selling sme loan by looking for your own cases are hectic having a good leader to guide you along the way as a freshie would help out a lot nonetheless, good benefits and flexible work schedule","selling sme loan by looking for your own cases are hectic having a good leader to guide you along the way as a freshie would help out a lot nonetheless, good benefits and flexible work schedule","selling sme loan by looking for your own cases are hectic having a good leader to guide you along the way as a freshie would help out a lot nonetheless, good benefits and flexible work schedule",False,False,[]
Positive,the work environment is fast paced with supportive senior colleagues and ample opportunities to learn,"the work environment is fast-paced, with supportive senior colleagues and ample opportunities to learn.","the work environment is fast-paced, with supportive senior colleagues and ample opportunities to learn.","the work environment is fast-paced, with supportive senior colleagues and ample opportunities to learn.",False,False,[]
Positive,bankname take care of staffs and give good benefit,rhb take care of staffs and give good benefit ,rhb take care of staffs and give good benefit ,rhb take care of staffs and give good benefit ,False,False,[]
Negative,not recommended,not recommended,not recommended,not recommended,False,False,[]
Positive,as this would be the great platform to sharpen my communication skills knowledge enhancement grow in self confidence maturity and develop good teamwork,"as this would be the great platform to sharpen my communication skills, knowledge enhancement, grow in self-contidence & maturity and develop good teamwork","as this would be the great platform to sharpen my communication skills, knowledge enhancement, grow in self-contidence & maturity and develop good teamwork","as this would be the great platform to sharpen my communication skills, knowledge enhancement, grow in self-contidence & maturity and develop good teamwork",False,False,[]
Positive,learnt a lot of new stuff and get a lot of help from higher ups regarding the work scope,learnt a lot of new stuff and get a lot of help from higher ups regarding the work scope.,learnt a lot of new stuff and get a lot of help from higher ups regarding the work scope.,learnt a lot of new stuff and get a lot of help from higher ups regarding the work scope.,False,False,[]
Positive,the good place to enhance skill in your career in financial institutions,the good place to enhance skill in ur career in financial institutions .,the good place to enhance skill in ur career in financial institutions .,the good place to enhance skill in you are career in financial institutions .,False,True,[]
Positive,work life balance good elearning,"work life balance, good elearning","work life balance, good elearning","work life balance, good elearning",False,False,[]
Positive,overall this experience has been enriching and iâm grateful for the opportunity to have been part of such a dynamic environment,"overall, this experience has been enriching, and iâm grateful for the opportunity to have been part of such a dynamic environment.","overall, this experience has been enriching, and i'm grateful for the opportunity to have been part of such a dynamic environment.","overall, this experience has been enriching, and i am grateful for the opportunity to have been part of such a dynamic environment.",True,True,[]
Positive,my time at bankname was a valuable learning experience and i'm grateful for the opportunities i had during my tenure,"my time at pbb was a valuable learning experience, and i'm grateful for the opportunities i had during my tenure.","my time at pbb was a valuable learning experience, and i'm grateful for the opportunities i had during my tenure.","my time at pbb was a valuable learning experience, and i am grateful for the opportunities i had during my tenure.",False,True,[]
Positive,a lot of parties or events good for extrovert,"a lot of parties or events, good for extrovert ","a lot of parties or events, good for extrovert ","a lot of parties or events, good for extrovert ",False,False,[]
Positive,the workplace also provides good opportunities to develop new skills whether through hands on tasks or guidance from more experienced colleagues,"the workplace also provides good opportunities to develop new skills, whether through hands-on tasks or guidance from more experienced colleagues.","the workplace also provides good opportunities to develop new skills, whether through hands-on tasks or guidance from more experienced colleagues.","the workplace also provides good opportunities to develop new skills, whether through hands-on tasks or guidance from more experienced colleagues.",False,False,[]
Positive,work life balance good elearning international exposure the pay might not as high as other local bank but they pay is quite fair,"work life balance, good elearning, internaltional exposure, the pay might not as high as other local bank but they pay is quite fair.","work life balance, good elearning, internaltional exposure, the pay might not as high as other local bank but they pay is quite fair.","work life balance, good elearning, internaltional exposure, the pay might not as high as other local bank but they pay is quite fair.",False,False,[]
Positive,good career progression opportunities,good career progression opportunities,good career progression opportunities,good career progression opportunities,False,False,[]
Positive,good for learning something new,good for learning something new,good for learning something new,good for learning something new,False,False,[]
Positive,colleagues nice and helpful got shift allowance be independent and quick learn in order to settle customer inquiries,colleagues nice and helpful got shift allowance be independent and quick learn in order to settle customer inquiries,colleagues nice and helpful got shift allowance be independent and quick learn in order to settle customer inquiries,colleagues nice and helpful got shift allowance be independent and quick learn in order to settle customer inquiries,False,False,[]
Positive,fast paced environment and can learn a lot of new things,fast paced environment and can learn a lot of new things.,fast paced environment and can learn a lot of new things.,fast paced environment and can learn a lot of new things.,False,False,[]
Positive,friendly staff and good environment,friendly staff and good environment.,friendly staff and good environment.,friendly staff and good environment.,False,False,[]
Negative,superiors are just not very welcoming there is this heavy aura around them,"superiors are just not very welcoming, there is this heavy aura around them.","superiors are just not very welcoming, there is this heavy aura around them.","superiors are just not very welcoming, there is this heavy aura around them.",False,False,[]
Positive,good hybrid working flexible hours,good hybrid working + flexible hours,good hybrid working + flexible hours,good hybrid working + flexible hours,False,False,[]
Negative,the management doesn't help but adds more stress,"the management doesn't help, but adds more stress ","the management doesn't help, but adds more stress ","the management does not help, but adds more stress ",False,True,[]
Negative,poor leadership where the leader work too long and has all the power,poor leadership where the leader work too long and has all the power.,poor leadership where the leader work too long and has all the power.,poor leadership where the leader work too long and has all the power.,False,False,[]
Positive,healthy communication and good experiences,healthy communication and good experiences.,healthy communication and good experiences.,healthy communication and good experiences.,False,False,[]
Positive,helpful colleagues as well and are willing to teach new joiners,helpful colleagues as well and are willing to teach new joiners.,helpful colleagues as well and are willing to teach new joiners.,helpful colleagues as well and are willing to teach new joiners.,False,False,[]
Positive,learn various things during my period got the supportive supervisor and good working environment,"learn various things during my period, got the supportive supervisor and good working environment.","learn various things during my period, got the supportive supervisor and good working environment.","learn various things during my period, got the supportive supervisor and good working environment.",False,False,[]
Positive,i had the chance to work on real world projects apply my skills and learn from talented professionals,"i had the chance to work on real-world projects, apply my skills, and learn from talented professionals.","i had the chance to work on real-world projects, apply my skills, and learn from talented professionals.","i had the chance to work on real-world projects, apply my skills, and learn from talented professionals.",False,False,[]
Negative,as a result employees are now handling workloads far beyond their capacity yet compensation remains minimal with low increments and bonuses,"as a result, employees are now handling workloads far beyond their capacity, yet compensation remains minimal, with low increments and bonuses.","as a result, employees are now handling workloads far beyond their capacity, yet compensation remains minimal, with low increments and bonuses.","as a result, employees are now handling workloads far beyond their capacity, yet compensation remains minimal, with low increments and bonuses.",False,False,[]
Positive,helpful senior but seniority culture quite strong,helpful senior but seniority culture quite strong,helpful senior but seniority culture quite strong,helpful senior but seniority culture quite strong,False,False,[]
Positive,the remuneration is also quite good,the remuneration is also quite good.,the remuneration is also quite good.,the remuneration is also quite good.,False,False,[]
Negative,not productive and efficient environment,not productive and efficient environment,not productive and efficient environment,not productive and efficient environment,False,False,[]
Positive,great for newbie,great for newbie.,great for newbie.,great for newbie.,False,False,[]
Positive,the team is friendly approachable and always willing to help when needed,"the team is friendly, approachable, and always willing to help when needed.","the team is friendly, approachable, and always willing to help when needed.","the team is friendly, approachable, and always willing to help when needed.",False,False,[]
Negative,cons workload is a lot,cons workload is alot,cons workload is alot,cons workload is alot,False,False,[]
Negative,work load old systems difficult to get permanent,"work load, old systems, difficult to get permanent.","work load, old systems, difficult to get permanent.","work load, old systems, difficult to get permanent.",False,False,[]
Positive,this experience allowed me to enhance my communication teamwork and problem solving skills while learning from experienced professionals,"this experience allowed me to enhance my communication, teamwork, and problem-solving skills while learning from experienced professionals.","this experience allowed me to enhance my communication, teamwork, and problem-solving skills while learning from experienced professionals.","this experience allowed me to enhance my communication, teamwork, and problem-solving skills while learning from experienced professionals.",False,False,[]
Positive,value employees and provide training and development as well as experiences,value employees and provide training and development as well as experiences,value employees and provide training and development as well as experiences,value employees and provide training and development as well as experiences,False,False,[]
Positive,my supervisor has been very helpful in teaching me the basics of the job to start of in the industry,my supervisor has been very helpful in teaching me the basics of the job to start of in the industry.,my supervisor has been very helpful in teaching me the basics of the job to start of in the industry.,my supervisor has been very helpful in teaching me the basics of the job to start of in the industry.,False,False,[]
Positive,fun and encouraging,fun and encouraging,fun and encouraging,fun and encouraging,False,False,[]
Positive,learn a lot good managers,"learn a lot, good managers","learn a lot, good managers","learn a lot, good managers",False,False,[]
Positive,good environment for fresh graduate employability enhancement scheme,good environment for fresh geas.,good environment for fresh geas.,good environment for fresh geas.,False,False,[]
Negative,however the workflow very messy you gotta do everything not specialised in something which not align with my career goals,"however, the workflow very messy & u gotta do everything & not specialised in something, which not align with my career goals.","however, the workflow very messy & u gotta do everything & not specialised in something, which not align with my career goals.","however, the workflow very messy & you got to do everything & not specialised in something, which not align with my career goals.",False,True,[]
Positive,so far ive had good time with good manager,so far ive had good time with good manager.,so far ive had good time with good manager.,so far i have had good time with good manager.,False,True,[]
Positive,nice place to work,nice place to work,nice place to work,nice place to work,False,False,[]
Negative,too much politics issue between bosses which is affected the staff,too much politics issue between bosses which is affected the staff.,too much politics issue between bosses which is affected the staff.,too much politics issue between bosses which is affected the staff.,False,False,[]
Positive,overall it has been a valuable and rewarding experience that has strengthened my skills and understanding of the role,"overall, it has been a valuable and rewarding experience that has strengthened my skills and understanding of the role.","overall, it has been a valuable and rewarding experience that has strengthened my skills and understanding of the role.","overall, it has been a valuable and rewarding experience that has strengthened my skills and understanding of the role.",False,False,[]
Positive,good place to work,good place to work,good place to work,good place to work,False,False,[]
Negative,banking will be stressful,banking will be stressful,banking will be stressful,banking will be stressful,False,False,[]
Positive,working at bankname bank offers a range of experiences learning opportunities can develop new skills and advance the career,"working at cimb bank offers a range of experiences, learning opportunities: can develop new skills and advance the career","working at cimb bank offers a range of experiences, learning opportunities: can develop new skills and advance the career","working at cimb bank offers a range of experiences, learning opportunities: can develop new skills and advance the career",False,False,[]
Positive,they always include me in every meeting give advice and guide when i need it,"they always include me in every meeting, give advices and guide when i need it.","they always include me in every meeting, give advices and guide when i need it.","they always include me in every meeting, give advices and guide when i need it.",False,False,[]
Positive,great benefits,great benefits.,great benefits.,great benefits.,False,False,[]
Positive,good bonus and benefit,good bonus and benefit.,good bonus and benefit.,good bonus and benefit.,False,False,[]
Positive,stressful job but great benefit,stressful job but great benefit,stressful job but great benefit,stressful job but great benefit,False,False,[]
Positive,made many amazing friends,made many amazing friends .,made many amazing friends .,made many amazing friends .,False,False,[]
Positive,everyone is welcoming and even the chief executive officer are greeting interns in a friendly manner,everyone is welcoming and even the ceo are greeting interns in a friendlt manner.,everyone is welcoming and even the ceo are greeting interns in a friendlt manner.,everyone is welcoming and even the ceo are greeting interns in a friendlt manner.,False,False,[]
Positive,good vibe working here,good vibe working here,good vibe working here,good vibe working here,False,False,[]
Positive,fun to work with,fun to work with,fun to work with,fun to work with,False,False,[]
Positive,a typical work place with great colleagues and manager in guiding the work flow,a typical work place with great colleagues and manager in guiding the work flow.,a typical work place with great colleagues and manager in guiding the work flow.,a typical work place with great colleagues and manager in guiding the work flow.,False,False,[]
Positive,the hire purchase department at bankname provides a structured and professional working environment that offers valuable exposure to consumer financing and credit operations,the hire purchase department at public bank provides a structured and professional working environment that offers valuable exposure to consumer financing and credit operations.,the hire purchase department at public bank provides a structured and professional working environment that offers valuable exposure to consumer financing and credit operations.,the hire purchase department at public bank provides a structured and professional working environment that offers valuable exposure to consumer financing and credit operations.,False,False,[]
Negative,i felt stress and harmful to continue my job lastly i suggested to leave the organization,"i felt stress and harmful to continue my job, lastly i suggested to leave the organization.","i felt stress and harmful to continue my job, lastly i suggested to leave the organization.","i felt stress and harmful to continue my job, lastly i suggested to leave the organization.",False,False,[]
Positive,thereâs a good work life balance especially with the weekly work from home option,"thereâs a good work-life balance, especially with the weekly work-from-home option.","there's a good work-life balance, especially with the weekly work-from-home option.","there is a good work-life balance, especially with the weekly work-from-home option.",True,True,[]
Negative,when come to salary overtime claim commission leader always try to deceive always need to further find out with hr,"when come to salary/ot/claim/commission, leader always try to deceive(always need to further find out with hr).","when come to salary/ot/claim/commission, leader always try to deceive(always need to further find out with hr).","when come to salary/ot/claim/commission, leader always try to deceive(always need to further find out with hr).",False,False,[]
Positive,what you learned good communication,what you learned: - good communication,what you learned: - good communication,what you learned: - good communication,False,False,[]
Negative,very tedious job,very tedious job .,very tedious job .,very tedious job .,False,False,[]
Positive,the good thing about the management,the good thing about the management,the good thing about the management,the good thing about the management,False,False,[]
Positive,bankname created happy and enjoy environment,rhb created happy and enjoy environment ,rhb created happy and enjoy environment ,rhb created happy and enjoy environment ,False,False,[]
Positive,good pay and bonus,good pay and bonus.,good pay and bonus.,good pay and bonus.,False,False,[]
Positive,these benefits reflect the companyâs commitment to supporting and enriching the lives of its employees,these benefits reflect the companyâs commitment to supporting and enriching the lives of its employees.,these benefits reflect the company's commitment to supporting and enriching the lives of its employees.,these benefits reflect the company's commitment to supporting and enriching the lives of its employees.,True,False,[]
Positive,it provided me with valuable insights into the cooperative banking sector and contributed significantly to my personal and professional development,it provided me with valuable insights into the cooperative banking sector and contributed significantly to my personal and professional development.,it provided me with valuable insights into the cooperative banking sector and contributed significantly to my personal and professional development.,it provided me with valuable insights into the cooperative banking sector and contributed significantly to my personal and professional development.,False,False,[]
Positive,teamwork work life balance especially for ladies,"teamwork , work life balance especially gor ladies.","teamwork , work life balance especially gor ladies.","teamwork , work life balance especially gor ladies.",False,False,[]
Positive,good place for newbies,goodplace for newbies.,goodplace for newbies.,goodplace for newbies.,False,False,[]
Positive,pay is high,pay is high,pay is high,pay is high,False,False,[]
Negative,stressful if cannot hit sales target,stressful if cannot hit sales target,stressful if cannot hit sales target,stressful if cannot hit sales target,False,False,[]
Positive,very helpful managers that guides me in any way possible,very helpful managers that guides me in any way possible.,very helpful managers that guides me in any way possible.,very helpful managers that guides me in any way possible.,False,False,[]
Positive,a lot of opportunities to learn and develop skills,a lot of opportunities to learn and develop skills,a lot of opportunities to learn and develop skills,a lot of opportunities to learn and develop skills,False,False,[]
Positive,a key advantage is the inclusion of various allowances such as housing rent allowance housing rent allowance dearness allowance dearness allowance and special allowances,"a key advantage is the inclusion of various allowances such as housing rent allowance (hra), dearness allowance (da), and special allowances.","a key advantage is the inclusion of various allowances such as housing rent allowance (hra), dearness allowance (da), and special allowances.","a key advantage is the inclusion of various allowances such as housing rent allowance (hra), dearness allowance (da), and special allowances.",False,False,[]
Positive,good place to start as a first time official job,good place to start as a first time official job.,good place to start as a first time official job.,good place to start as a first time official job.,False,False,[]
Negative,the overall experience has been subpar due to ineffective management poor work life balance and limited career development opportunities,"the overall experience has been subpar due to ineffective management, poor work-life balance, and limited career development opportunities.","the overall experience has been subpar due to ineffective management, poor work-life balance, and limited career development opportunities.","the overall experience has been subpar due to ineffective management, poor work-life balance, and limited career development opportunities.",False,False,[]
Positive,good bonus and benefit,good bonus and benefit,good bonus and benefit,good bonus and benefit,False,False,[]
Negative,cannot go back on time a lot of manual work and unnecessary things,"cannot go back on time, a lot of manual work and unnecessary things.","cannot go back on time, a lot of manual work and unnecessary things.","cannot go back on time, a lot of manual work and unnecessary things.",False,False,[]
Positive,great benefits such as annual leave medical benefit,"great benefits such as annual leave, medical benefit.","great benefits such as annual leave, medical benefit.","great benefits such as annual leave, medical benefit.",False,False,[]
Positive,good experience and trained to become good customer services,good experience and trained to become good customer services.,good experience and trained to become good customer services.,good experience and trained to become good customer services.,False,False,[]
Positive,its a good place to learn and good career progression,its a good place to learn and good career progression.,its a good place to learn and good career progression.,its a good place to learn and good career progression.,False,False,[]
Positive,good start to learn to be a banker,good start to learn to be a banker.,good start to learn to be a banker.,good start to learn to be a banker.,False,False,[]
Positive,career growth opportunities bankname is known for offering career advancement opportunities,career growth opportunities: maybank is known for offering career advancement opportunities.,career growth opportunities: maybank is known for offering career advancement opportunities.,career growth opportunities: maybank is known for offering career advancement opportunities.,False,False,[]
Positive,this is the best thing in bankname,this is the best thing in pb.,this is the best thing in pb.,this is the best thing in pb.,False,False,[]
Positive,some officers in charge did good things when they willingly shared notes about raising the service request,some oics did good things when they willingly shared notes about raising the service request.,some oics did good things when they willingly shared notes about raising the service request.,some oics did good things when they willingly shared notes about raising the service request.,False,False,[]
Positive,good bosses,good bosses.,good bosses.,good bosses.,False,False,[]
Positive,every piece of advice and every small lesson has helped me improve and become more efficient in handling my responsibilities,every piece of advice and every small lesson has helped me improve and become more efficient in handling my responsibilities.,every piece of advice and every small lesson has helped me improve and become more efficient in handling my responsibilities.,every piece of advice and every small lesson has helped me improve and become more efficient in handling my responsibilities.,False,False,[]
Positive,supportive boss and good colleagues,supportive boss and good colleagues,supportive boss and good colleagues,supportive boss and good colleagues,False,False,[]
Negative,some staffs act bossy and like to scold colleagues,some staffs act bossy and like to scold colleagues.,some staffs act bossy and like to scold colleagues.,some staffs act bossy and like to scold colleagues.,False,False,[]
Positive,good working environment,good working environment,good working environment,good working environment,False,False,[]
Negative,no work life balance,no work life balance,no work life balance,no work life balance,False,False,[]
Positive,supportive colleagues around to show and guide how the job is done,supportive colleagues around to show and guide how the job is done .,supportive colleagues around to show and guide how the job is done .,supportive colleagues around to show and guide how the job is done .,False,False,[]
Negative,impose very strict and lousy rules and most of the time very pushy and keep forcing staffs to perform overtime,"impose very strict and lousy rules and most of the time, very pushy and keep forcing staffs to perform ots.","impose very strict and lousy rules and most of the time, very pushy and keep forcing staffs to perform ots.","impose very strict and lousy rules and most of the time, very pushy and keep forcing staffs to perform ots.",False,False,[]
Positive,have a good benefit continuous learning great teamwork with the team,"have a good benefit, continuous learning, great teamwork with the team.","have a good benefit, continuous learning, great teamwork with the team.","have a good benefit, continuous learning, great teamwork with the team.",False,False,[]
Positive,fun work place,fun work place,fun work place,fun work place,False,False,[]
Negative,stressful job with little support or recognition,stressful job with little support or recognition.,stressful job with little support or recognition.,stressful job with little support or recognition.,False,False,[]
Positive,the work culture was friendly supportive and team driven,"the work culture was friendly, supportive, and team driven.","the work culture was friendly, supportive, and team driven.","the work culture was friendly, supportive, and team driven.",False,False,[]
Positive,good employee benefit,good employee benefit.,good employee benefit.,good employee benefit.,False,False,[]
Positive,fun working environment,fun working environment,fun working environment,fun working environment,False,False,[]
Positive,i appreciate the collaborative culture where ideas are welcomed and everyoneâs input is valued,"i appreciate the collaborative culture, where ideas are welcomed and everyoneâs input is valued.","i appreciate the collaborative culture, where ideas are welcomed and everyone's input is valued.","i appreciate the collaborative culture, where ideas are welcomed and everyone is input is valued.",True,True,[]
Positive,good colleagues good environment and good management,"good colleagues, good environment and good management.","good colleagues, good environment and good management.","good colleagues, good environment and good management.",False,False,[]
Positive,but you might meet some great management,but you might meet some great management,but you might meet some great management,but you might meet some great management,False,False,[]
Positive,fun workplace,fun workplace,fun workplace,fun workplace,False,False,[]
Positive,good salary and bonuses a lot of annual leaves average for benefits stress depends on department good environment and can learn a lot overall good for starting career here,good salary and bonuses alot of annual leaves average for benefits stress depends on department good environment and can learn alot overall good for starting career here,good salary and bonuses alot of annual leaves average for benefits stress depends on department good environment and can learn alot overall good for starting career here,good salary and bonuses alot of annual leaves average for benefits stress depends on department good environment and can learn alot overall good for starting career here,False,False,[]
Positive,fun to mix around with other departments as everyone is in an open office,fun to mix around with other departments as everyone is in an open office.,fun to mix around with other departments as everyone is in an open office.,fun to mix around with other departments as everyone is in an open office.,False,False,[]
Positive,great environment,great environment ,great environment ,great environment ,False,False,[]
Positive,work life balance reasonable workload and flexible arrangements support personal well being,work-life balance: reasonable workload and flexible arrangements support personal well-being.,work-life balance: reasonable workload and flexible arrangements support personal well-being.,work-life balance: reasonable workload and flexible arrangements support personal well-being.,False,False,[]
Positive,the office is great and has a nice team to work together,the office is great and has a nice team to work together.,the office is great and has a nice team to work together.,the office is great and has a nice team to work together.,False,False,[]
Negative,some management are suck,some management are suck ,some management are suck ,some management are suck ,False,False,[]
Positive,colleagues are helpful and supportive,colleagues are helpful and supportive.,colleagues are helpful and supportive.,colleagues are helpful and supportive.,False,False,[]
Positive,with thorough guidance and resilient every job made possible,"with thorough guidance and resilient, every job made possible.","with thorough guidance and resilient, every job made possible.","with thorough guidance and resilient, every job made possible.",False,False,[]
Negative,substandard human element when management deals with employees poor emotional intelligence and low empathy,"substandard human element when management deals with employees, poor eq and low empathy.","substandard human element when management deals with employees, poor eq and low empathy.","substandard human element when management deals with employees, poor eq and low empathy.",False,False,[]
Positive,good environment good salary will give you experience,"good environment, good salary, will give u experience, ","good environment, good salary, will give u experience, ","good environment, good salary, will give you experience, ",False,True,[]
Negative,additionally the work life balance at bankname leaves much to be desired,"additionally, the work-life balance at cimb leaves much to be desired.","additionally, the work-life balance at cimb leaves much to be desired.","additionally, the work-life balance at cimb leaves much to be desired.",False,False,[]
Negative,high pressure long hours limited growth opportunities,"high pressure, long hours, limited growth opportunities.","high pressure, long hours, limited growth opportunities.","high pressure, long hours, limited growth opportunities.",False,False,[]
Positive,good place for newbies,good place for newbies,good place for newbies,good place for newbies,False,False,[]
Positive,one notable aspect of the job was the yearly bonuses which were exceptionally good,"one notable aspect of the job was the yearly bonuses, which were exceptionally good.","one notable aspect of the job was the yearly bonuses, which were exceptionally good.","one notable aspect of the job was the yearly bonuses, which were exceptionally good.",False,False,[]
Positive,in conclusion while there are some positive aspects to working at bankname such as a supportive team environment and convenient location,"in conclusion, while there are some positive aspects to working at cimb, such as a supportive team environment and convenient location, ","in conclusion, while there are some positive aspects to working at cimb, such as a supportive team environment and convenient location, ","in conclusion, while there are some positive aspects to working at cimb, such as a supportive team environment and convenient location, ",False,False,[]
Positive,colleagues are supportive and helpful,colleagues are supportive and helpful ,colleagues are supportive and helpful ,colleagues are supportive and helpful ,False,False,[]
Positive,flexible working hours and supportive colleagues,flexible working hours and supportive colleagues.,flexible working hours and supportive colleagues.,flexible working hours and supportive colleagues.,False,False,[]
Negative,one of the most glaring issues is the lack of effective management,one of the most glaring issues is the lack of effective management.,one of the most glaring issues is the lack of effective management.,one of the most glaring issues is the lack of effective management.,False,False,[]
Positive,employee recognition and culture,employee recognition and culture.,employee recognition and culture.,employee recognition and culture.,False,False,[]
Positive,all the team was very helpful,all the team was very helpful.,all the team was very helpful.,all the team was very helpful.,False,False,[]
Positive,good company to work for,good company to work for.,good company to work for.,good company to work for.,False,False,[]
Positive,i spent more than years at bankname and found the benefits to be quite comprehensive,i spent more than 10 years at bank islam and found the benefits to be quite comprehensive.,i spent more than 10 years at bank islam and found the benefits to be quite comprehensive.,i spent more than 10 years at bank islam and found the benefits to be quite comprehensive.,False,False,[]
Positive,good place to start your career,good place to start your career,good place to start your career,good place to start your career,False,False,[]
Positive,the workplace is nice and people are also willing to help,the workplace is nice and people are also willing to help.,the workplace is nice and people are also willing to help.,the workplace is nice and people are also willing to help.,False,False,[]
Positive,rights by you both to the staff and customer,rights by you both to the staff and customer,rights by you both to the staff and customer,rights by you both to the staff and customer,False,False,[]
Positive,hr is so helpful usually remain in the company after internship,"hr is so helpful, usually remain in the company after internship.","hr is so helpful, usually remain in the company after internship.","hr is so helpful, usually remain in the company after internship.",False,False,[]
Positive,on a personal level they are approachable and supportive creating a friendly and collaborative environment,"on a personal level, they are approachable and supportive, creating a friendly and collaborative environment.","on a personal level, they are approachable and supportive, creating a friendly and collaborative environment.","on a personal level, they are approachable and supportive, creating a friendly and collaborative environment.",False,False,[]
Positive,work life balance many reviews highlight the company efforts to maintain a good work life balance,work-life balance: many reviews highlight the company's efforts to maintain a good work-life balance.,work-life balance: many reviews highlight the company's efforts to maintain a good work-life balance.,work-life balance: many reviews highlight the company's efforts to maintain a good work-life balance.,False,False,[]
Positive,great networking,great networking,great networking,great networking,False,False,[]
Negative,cons pace of change decision making can sometimes be slower due to the size of the organization,cons: pace of change: decision-making can sometimes be slower due to the size of the organization.,cons: pace of change: decision-making can sometimes be slower due to the size of the organization.,cons: pace of change: decision-making can sometimes be slower due to the size of the organization.,False,False,[]
Positive,in some teams you generally get good colleagues who are supportive,in some teams you generally get good colleagues who are supportive.,in some teams you generally get good colleagues who are supportive.,in some teams you generally get good colleagues who are supportive.,False,False,[]
Negative,forcefully have to overtime on weekdays without paid,forcefully have to ot on weekdays without paid!,forcefully have to ot on weekdays without paid!,forcefully have to ot on weekdays without paid!,False,False,[]
Positive,all colleagues team leaders and seniors are all great,"all colleagues, team leaders and seniors are all great.","all colleagues, team leaders and seniors are all great.","all colleagues, team leaders and seniors are all great.",False,False,[]
Negative,my time at bankname has unfortunately been less than satisfactory,my time at cimb has unfortunately been less than satisfactory.,my time at cimb has unfortunately been less than satisfactory.,my time at cimb has unfortunately been less than satisfactory.,False,False,[]
Positive,the team was supportive and always willing to guide me which helped me develop both technical and communication skills,"the team was supportive and always willing to guide me, which helped me develop both technical and communication skills.","the team was supportive and always willing to guide me, which helped me develop both technical and communication skills.","the team was supportive and always willing to guide me, which helped me develop both technical and communication skills.",False,False,[]
Positive,the company fosters a culture of feedback which helps employees feel heard and valued,"the company fosters a culture of feedback, which helps employees feel heard and valued.","the company fosters a culture of feedback, which helps employees feel heard and valued.","the company fosters a culture of feedback, which helps employees feel heard and valued.",False,False,[]
Negative,long working hours without pay old school very traditional company a lot of paperwork system always hang especially in the eveningâ¦ nothing good except the benefits like increment and bonus and low interest on housing loan and car loan,"long working hours without pay, old school, very traditional company, a lot of paperworks, system always hang especially in the eveningâ¦ nothing good except the benefits like increment and bonus and low interest on hl and hp..","long working hours without pay, old school, very traditional company, a lot of paperworks, system always hang especially in the evening… nothing good except the benefits like increment and bonus and low interest on hl and hp..","long working hours without pay, old school, very traditional company, a lot of paperworks, system always hang especially in the evening… nothing good except the benefits like increment and bonus and low interest on hl and hp..",True,False,[]
Positive,good set of elearning to keep employees embraced with the current economy,good set of elearning to keep employees embraced with the current economy.,good set of elearning to keep employees embraced with the current economy.,good set of elearning to keep employees embraced with the current economy.,False,False,[]
Positive,decent place to start your internship,decent place to start your internship,decent place to start your internship,decent place to start your internship,False,False,[]
Positive,supportive colleagues as they always show the guidance towards the new employees,supportive colleagues as they always show the guidance towards the new employees.,supportive colleagues as they always show the guidance towards the new employees.,supportive colleagues as they always show the guidance towards the new employees.,False,False,[]
Positive,really enjoyed,really enjoyed,really enjoyed,really enjoyed,False,False,[]
Positive,there is always a good teamwork hopefully this been continued,"there is always a good teamwork, hopefully this been continued.","there is always a good teamwork, hopefully this been continued.","there is always a good teamwork, hopefully this been continued.",False,False,[]
Positive,productive and hectic,productive and hectic,productive and hectic,productive and hectic,False,False,[]
Positive,good employee benefits,good employee benefits.,good employee benefits.,good employee benefits.,False,False,[]
Positive,they trained you to become professional in handling customer good experience in banking system friends are very friendly making new friends and helpful friends,they trained you to become professional in handling customer good experience in banking system friends are very friendly making new friends and helpful friends,they trained you to become professional in handling customer good experience in banking system friends are very friendly making new friends and helpful friends,they trained you to become professional in handling customer good experience in banking system friends are very friendly making new friends and helpful friends,False,False,[]
Positive,competitive progression career advancement can be competitive in certain departments,competitive progression: career advancement can be competitive in certain departments.,competitive progression: career advancement can be competitive in certain departments.,competitive progression: career advancement can be competitive in certain departments.,False,False,[]
Positive,a good team can help ease the workload provide guidance and create a positive work environment making it easier to manage stress,"a good team can help ease the workload, provide guidance, and create a positive work environment, making it easier to manage stress.","a good team can help ease the workload, provide guidance, and create a positive work environment, making it easier to manage stress.","a good team can help ease the workload, provide guidance, and create a positive work environment, making it easier to manage stress.",False,False,[]
Positive,colleagues is helpful and friendly,colleagues is helpful and friendly,colleagues is helpful and friendly,colleagues is helpful and friendly,False,False,[]
Positive,good paying company and work life balance,good paying company and work life balance.,good paying company and work life balance.,good paying company and work life balance.,False,False,[]
Positive,nice colleagues and good place to learn,nice colleagues and good place to learn.,nice colleagues and good place to learn.,nice colleagues and good place to learn.,False,False,[]
Positive,there is a strong sense of teamwork and people enjoy working in a diverse respectful and supportive environment,"there is a strong sense of teamwork, and people enjoy working in a diverse, respectful, and supportive environment.","there is a strong sense of teamwork, and people enjoy working in a diverse, respectful, and supportive environment.","there is a strong sense of teamwork, and people enjoy working in a diverse, respectful, and supportive environment.",False,False,[]
Positive,bankname offers strong pay bonuses stability,"public bank offers strong pay, bonuses & stability,","public bank offers strong pay, bonuses & stability,","public bank offers strong pay, bonuses & stability,",False,False,[]
Negative,there was no work life balance and internal politics were overwhelming,"there was no work-life balance, and internal politics were overwhelming.","there was no work-life balance, and internal politics were overwhelming.","there was no work-life balance, and internal politics were overwhelming.",False,False,[]
Negative,bad management,bad management,bad management,bad management,False,False,[]
Positive,productive and good place to learn,productive and good place to learn,productive and good place to learn,productive and good place to learn,False,False,[]
Negative,therefore explore other firm or field this place is not recommended for the sake of sanity,"therefore, explore other firm or field this place is not recommended for the sake of sanity.","therefore, explore other firm or field this place is not recommended for the sake of sanity.","therefore, explore other firm or field this place is not recommended for the sake of sanity.",False,False,[]
Negative,system very outdated bad,system very outdated & bad.,system very outdated & bad.,system very outdated & bad.,False,False,[]
Positive,but enjoyable routine that kept me motivated and constantly learning,but enjoyable routine that kept me motivated and constantly learning.,but enjoyable routine that kept me motivated and constantly learning.,but enjoyable routine that kept me motivated and constantly learning.,False,False,[]
Positive,nice place to start your career,"nice place to start your career, ","nice place to start your career, ","nice place to start your career, ",False,False,[]
Positive,nice working environment and space,nice working environment and space.,nice working environment and space.,nice working environment and space.,False,False,[]
Positive,fast and easy interview and hiring process flexible working hour as sales person friendly colleague,fast and easy interview and hiring process flexible working hour as sales person friendly colleague,fast and easy interview and hiring process flexible working hour as sales person friendly colleague,fast and easy interview and hiring process flexible working hour as sales person friendly colleague,False,False,[]
Positive,fun workplace if got some friends shift good team leader good salary and benefit overtime they paid salary on time,fun workplace if got some friends shift good team leader good salary and benefit ot they paid salary on time,fun workplace if got some friends shift good team leader good salary and benefit ot they paid salary on time,fun workplace if got some friends shift good team leader good salary and benefit ot they paid salary on time,False,False,[]
Negative,cons person would do jobs of people at other banks expected to learn on the go old tech and equipment,cons: 1 person would do jobs of 3 people at other banks expected to learn on the go old tech and equipment,cons: 1 person would do jobs of 3 people at other banks expected to learn on the go old tech and equipment,cons: 1 person would do jobs of 3 people at other banks expected to learn on the go old tech and equipment,False,False,[]
Positive,pro pleasant environment,pro: pleasant environment.,pro: pleasant environment.,pro: pleasant environment.,False,False,[]
Positive,our company offers exceptional benefits including comprehensive health coverage generous retirement plans flexible work arrangements professional development opportunities wellness programs and recognition for our hard work,"our company offers exceptional benefits, including comprehensive health coverage, generous retirement plans, flexible work arrangements, professional development opportunities, wellness programs, and recognition for our hard work.","our company offers exceptional benefits, including comprehensive health coverage, generous retirement plans, flexible work arrangements, professional development opportunities, wellness programs, and recognition for our hard work.","our company offers exceptional benefits, including comprehensive health coverage, generous retirement plans, flexible work arrangements, professional development opportunities, wellness programs, and recognition for our hard work.",False,False,[]
Positive,but workers are very nice and friendly sometimes got trips such as hiking to mount placename,"but workers are very nice and friendly, sometimes got trips such as hiking to mount kinabalu","but workers are very nice and friendly, sometimes got trips such as hiking to mount kinabalu","but workers are very nice and friendly, sometimes got trips such as hiking to mount kinabalu",False,False,[]
Negative,could be toxic and unbearable,could be toxic and unbearable.,could be toxic and unbearable.,could be toxic and unbearable.,False,False,[]
Positive,productive and fun,productive and fun,productive and fun,productive and fun,False,False,[]
Positive,there always something happening which keeps the work engaging and helps sharpen multitasking and time management skills,"there's always something happening, which keeps the work engaging and helps sharpen multitasking and time management skills","there's always something happening, which keeps the work engaging and helps sharpen multitasking and time management skills","there is always something happening, which keeps the work engaging and helps sharpen multitasking and time management skills",False,True,[]
Negative,my mentor also talked bad about male colleague behind his back when male colleague took medical certificate due to his illness,my mentor also talked bad about male colleague behind his back when male colleague took mc due to his illness.,my mentor also talked bad about male colleague behind his back when male colleague took mc due to his illness.,my mentor also talked bad about male colleague behind his back when male colleague took mc due to his illness.,False,False,[]
Positive,good environment good workplace excellent customer care service able to deliver customer satisfaction with care,good environment good workplace excellent customer care service able to deliver customer satisfaction with care.,good environment good workplace excellent customer care service able to deliver customer satisfaction with care.,good environment good workplace excellent customer care service able to deliver customer satisfaction with care.,False,False,[]
Positive,a good start for fresh graduate,a good start for fresh graduate,a good start for fresh graduate,a good start for fresh graduate,False,False,[]
Positive,comprehensive rewards and employee wellness,comprehensive rewards and employee wellness.,comprehensive rewards and employee wellness.,comprehensive rewards and employee wellness.,False,False,[]
Positive,benefit and salary also good,"benefit and salary also good, ","benefit and salary also good, ","benefit and salary also good, ",False,False,[]
Positive,great teamwork,great teamwork,great teamwork,great teamwork,False,False,[]
Negative,no positive reviews no work life balance,"no positive reviews, no work life balance.","no positive reviews, no work life balance.","no positive reviews, no work life balance.",False,False,[]
Positive,good working in bankname,good working in maybank.,good working in maybank.,good working in maybank.,False,False,[]
Positive,over productive,over productive.,over productive.,over productive.,False,False,[]
Positive,benefit intern can learn a lot of knowledge and skills here,benefit: intern can learn a lot of knowledge and skills here.,benefit: intern can learn a lot of knowledge and skills here.,benefit: intern can learn a lot of knowledge and skills here.,False,False,[]
Negative,very poor management,very poor management,very poor management,very poor management,False,False,[]
Negative,not recommended for those who didnt know handle their stress,not recommended for those who didnt know handle their stress.,not recommended for those who didnt know handle their stress.,not recommended for those who did not know handle their stress.,False,True,[]
Negative,high work load with no work life balance,high work load with no work life balance,high work load with no work life balance,high work load with no work life balance,False,False,[]
Negative,not a good choice,not a good choice,not a good choice,not a good choice,False,False,[]
Positive,what i enjoy while working in this company is being able to learn something new such as being able to communicate with a large number of customers because i am an introvert in talking to strangers and gaining experience in managing tasks or customers with a large number and making decisions quickly and accurately,what i enjoy while working in this company is being able to learn something new such as being able to communicate with a large number of customers because i am an introvert in talking to strangers and gaining experience in managing tasks or customers with a large number and making decisions quickly and accurately.,what i enjoy while working in this company is being able to learn something new such as being able to communicate with a large number of customers because i am an introvert in talking to strangers and gaining experience in managing tasks or customers with a large number and making decisions quickly and accurately.,what i enjoy while working in this company is being able to learn something new such as being able to communicate with a large number of customers because i am an introvert in talking to strangers and gaining experience in managing tasks or customers with a large number and making decisions quickly and accurately.,False,False,[]
Positive,productive and fun work place,productive and fundwork place.,productive and fundwork place.,productive and fundwork place.,False,False,[]
Positive,this collaborative approach helped me to navigate the complexities of the job more effectively and ensured a smoother integration into the organizational dynamics,this collaborative approach helped me to navigate the complexities of the job more effectively and ensured a smoother integration into the organizational dynamics.,this collaborative approach helped me to navigate the complexities of the job more effectively and ensured a smoother integration into the organizational dynamics.,this collaborative approach helped me to navigate the complexities of the job more effectively and ensured a smoother integration into the organizational dynamics.,False,False,[]
Positive,this company provides a supportive and collaborative working environment where employees are encouraged to learn and grow professionally,this company provides a supportive and collaborative working environment where employees are encouraged to learn and grow professionally.,this company provides a supportive and collaborative working environment where employees are encouraged to learn and grow professionally.,this company provides a supportive and collaborative working environment where employees are encouraged to learn and grow professionally.,False,False,[]
Positive,very good team work to work with,very good team work to work with.,very good team work to work with.,very good team work to work with.,False,False,[]
Positive,the environment is supportive with great leaders and amazing teammates who are always willing to help,"the environment is supportive, with great leaders and amazing teammates who are always willing to help.","the environment is supportive, with great leaders and amazing teammates who are always willing to help.","the environment is supportive, with great leaders and amazing teammates who are always willing to help.",False,False,[]
Negative,management is toxic they do not care about your concerns,"management is toxic, they do not care about your concerns.","management is toxic, they do not care about your concerns.","management is toxic, they do not care about your concerns.",False,False,[]
Negative,cons promoted next grade slow too many expatriates,cons promoted next grade slow too many expatriates,cons promoted next grade slow too many expatriates,cons promoted next grade slow too many expatriates,False,False,[]
Positive,great place with great people,great place with great people.,great place with great people.,great place with great people.,False,False,[]
Negative,bankname staff were treated poorly after the transition which made things even harder,"citi staff were treated poorly after the transition, which made things even harder.","citi staff were treated poorly after the transition, which made things even harder.","citi staff were treated poorly after the transition, which made things even harder.",False,False,[]
Positive,the best part was helping customers and resolving their issuesâit gave a real sense of accomplishment,the best part was helping customers and resolving their issuesâit gave a real sense of accomplishment.,the best part was helping customers and resolving their issues—it gave a real sense of accomplishment.,the best part was helping customers and resolving their issues—it gave a real sense of accomplishment.,True,False,[]
Positive,employees who thrive under pressure and enjoy teamwork may find bankname a good place to build a long term career,employees who thrive under pressure and enjoy teamwork may find public bank a good place to build a long-term career.,employees who thrive under pressure and enjoy teamwork may find public bank a good place to build a long-term career.,employees who thrive under pressure and enjoy teamwork may find public bank a good place to build a long-term career.,False,False,[]
Positive,i gained valuable insights into marketing and developed a stronger foundation for my career,i gained valuable insights into marketing and developed a stronger foundation for my career.,i gained valuable insights into marketing and developed a stronger foundation for my career.,i gained valuable insights into marketing and developed a stronger foundation for my career.,False,False,[]
Positive,good working place and provides a best working experience,good working place and provides a best working experience.,good working place and provides a best working experience.,good working place and provides a best working experience.,False,False,[]
Positive,fun workplace and good colleagues,fun workplace and good colleagues,fun workplace and good colleagues,fun workplace and good colleagues,False,False,[]
Positive,best place to learn new things,best place to learn new things ,best place to learn new things ,best place to learn new things ,False,False,[]
Positive,those who looking for experience this is the place for you,"those who looking for experience, this is the place for you","those who looking for experience, this is the place for you","those who looking for experience, this is the place for you",False,False,[]
Positive,good for new graduates to start their career in banking as you tend to do a lot of things,good for new graduates to start their career in banking as you tend to do a lot of things.,good for new graduates to start their career in banking as you tend to do a lot of things.,good for new graduates to start their career in banking as you tend to do a lot of things.,False,False,[]
Positive,i love the environment and the people pay is good bonus is just like from month salary,"i love the environment and the people pay is good, bonus is just like 1/2 from 1 month salary","i love the environment and the people pay is good, bonus is just like 1/2 from 1 month salary","i love the environment and the people pay is good, bonus is just like 1/2 from 1 month salary",False,False,[]
Positive,fun place to work,fun place to work,fun place to work,fun place to work,False,False,[]
Positive,managers are quite supportive despite i was in sales line,managers are quite supportive despite i was in sales line.,managers are quite supportive despite i was in sales line.,managers are quite supportive despite i was in sales line.,False,False,[]
Negative,low salary manager is not professional and experienced need to find the solution and solve the problem by yourself,"low salary manager is not professional and experienced, need to find the solution and solve the problem by yourself.","low salary manager is not professional and experienced, need to find the solution and solve the problem by yourself.","low salary manager is not professional and experienced, need to find the solution and solve the problem by yourself.",False,False,[]
Negative,doing sales is the most stressful part,doing sales is the most stressful part ,doing sales is the most stressful part ,doing sales is the most stressful part ,False,False,[]
Positive,very productive,very productive,very productive,very productive,False,False,[]
Positive,bonus and increment are definitely the best in the market,bonus and increment are definitely the best in the market.,bonus and increment are definitely the best in the market.,bonus and increment are definitely the best in the market.,False,False,[]
Positive,my chief internal auditor and head of department is great,"my cia and head of department is great, ","my cia and head of department is great, ","my cia and head of department is great, ",False,False,[]
Positive,the most enjoyable part of the job is big bonus and medical expenses fully cover,the most enjoyable part of the job is big bonus and medical expenses fully cover,the most enjoyable part of the job is big bonus and medical expenses fully cover,the most enjoyable part of the job is big bonus and medical expenses fully cover,False,False,[]
Positive,valuable learning experience,valuable learning experince,valuable learning experince,valuable learning experince,False,False,[]
Positive,my department and team was very supportive,my department and team was very supportive.,my department and team was very supportive.,my department and team was very supportive.,False,False,[]
Negative,unfortunately management was unresponsive and showed little concern for employee well being,"unfortunately, management was unresponsive and showed little concern for employee well-being.","unfortunately, management was unresponsive and showed little concern for employee well-being.","unfortunately, management was unresponsive and showed little concern for employee well-being.",False,False,[]
Positive,customer centric values strong emphasis on delivering quality service which builds purpose in daily work,"customer-centric values: strong emphasis on delivering quality service, which builds purpose in daily work.","customer-centric values: strong emphasis on delivering quality service, which builds purpose in daily work.","customer-centric values: strong emphasis on delivering quality service, which builds purpose in daily work.",False,False,[]
Negative,unclear expectations poor communication low morale,"unclear expectations, poor communication, low morale.","unclear expectations, poor communication, low morale.","unclear expectations, poor communication, low morale.",False,False,[]
Positive,really good,really good,really good,really good,False,False,[]
Positive,fun and supportive workplace,fun and supportive workplace,fun and supportive workplace,fun and supportive workplace,False,False,[]
Positive,a good starting point for fresh graduate to start their career,a good starting point for fresh graduate to start their career.,a good starting point for fresh graduate to start their career.,a good starting point for fresh graduate to start their career.,False,False,[]
Negative,so tired even during the weekends have to work long hours,so tired even during the weekends have to work long hours.,so tired even during the weekends have to work long hours.,so tired even during the weekends have to work long hours.,False,False,[]
Positive,good work life balance great compensation,good work life balance great compensation.,good work life balance great compensation.,good work life balance great compensation.,False,False,[]
Positive,theyâre not just coworkers â theyâve become mentors who are always ready to help without hesitation,theyâre not just coworkers â theyâve become mentors who are always ready to help without hesitation.,they're not just coworkers — they've become mentors who are always ready to help without hesitation.,they are not just coworkers — they have become mentors who are always ready to help without hesitation.,True,True,[]
Negative,no work life balance,no worklife balance,no worklife balance,no worklife balance,False,False,[]
Positive,good for fresh grad that wants to pursue career in financial sector,good for fresh grad that wants to pursue career in financial sector.,good for fresh grad that wants to pursue career in financial sector.,good for fresh grad that wants to pursue career in financial sector.,False,False,[]
Positive,very good experience because can learn about work environment,very good experience because can learn about work environment,very good experience because can learn about work environment,very good experience because can learn about work environment,False,False,[]
Negative,no good when things happened example customer complaint there is no one to help you support you,"no good when things happened eg, customer complaint there is no one to help u & support u.","no good when things happened eg, customer complaint there is no one to help u & support u.","no good when things happened eg, customer complaint there is no one to help you & support you.",False,True,[]
Positive,learning growth and inclusive culture,"learning, growth and inclusive culture ","learning, growth and inclusive culture ","learning, growth and inclusive culture ",False,False,[]
Positive,the culture encouraged learning from one another fostering a sense of teamwork and camaraderie,"the culture encouraged learning from one another, fostering a sense of teamwork and camaraderie.","the culture encouraged learning from one another, fostering a sense of teamwork and camaraderie.","the culture encouraged learning from one another, fostering a sense of teamwork and camaraderie.",False,False,[]
Positive,hr from headquarters is friendly helpful response very fast on inquiries regarding the recruitment process,"hr from hq is friendly, helpful & response very fast on inquiries regarding the recruitment process.","hr from hq is friendly, helpful & response very fast on inquiries regarding the recruitment process.","hr from hq is friendly, helpful & response very fast on inquiries regarding the recruitment process.",False,False,[]
Negative,nothing good there,nothing good there,nothing good there,nothing good there,False,False,[]
Positive,good work culture good boss good working environment good colleagues got engagement between team members,good work culture good boss good working environment good colleagues got engagement between team members ,good work culture good boss good working environment good colleagues got engagement between team members ,good work culture good boss good working environment good colleagues got engagement between team members ,False,False,[]
Positive,good company for your resume,good company for your resume,good company for your resume,good company for your resume,False,False,[]
Positive,good place to start your finance entry level career,good place to start your finance entry level career,good place to start your finance entry level career,good place to start your finance entry level career,False,False,[]
Negative,cons management,cons: management.,cons: management.,cons: management.,False,False,[]
Positive,productive and good food as always,productive and good food as always,productive and good food as always,productive and good food as always,False,False,[]
Negative,bosses not supportive at all and keep pressure us without listen to our opinions,bosses not supportive at all and keep pressure us without listen to our opinions.,bosses not supportive at all and keep pressure us without listen to our opinions.,bosses not supportive at all and keep pressure us without listen to our opinions.,False,False,[]
Positive,if you love to give service the job will be fun and enjoyable,if you love to give service the job will be fun and enjoyable.,if you love to give service the job will be fun and enjoyable.,if you love to give service the job will be fun and enjoyable.,False,False,[]
Positive,having access to quality benefits and fair compensation not only enhances job satisfaction but also contributes to the salary,having access to quality benefits and fair compensation not only enhances job satisfaction but also contributes to the salary.,having access to quality benefits and fair compensation not only enhances job satisfaction but also contributes to the salary.,having access to quality benefits and fair compensation not only enhances job satisfaction but also contributes to the salary.,False,False,[]
Negative,the overall environment at bankname bankâparticularly post bankname bank migrationâwas demoralizing,the overall environment at uob bankâparticularly post-citi bank migrationâwas demoralizing.,the overall environment at uob bank—particularly post-citi bank migration—was demoralizing.,the overall environment at uob bank—particularly post-citi bank migration—was demoralizing.,True,False,[]
Positive,good place to start for fresh graduates offers a high starting salary but very long working hours,"good place to start for fresh graduates, offers a high starting salary but very long working hours.","good place to start for fresh graduates, offers a high starting salary but very long working hours.","good place to start for fresh graduates, offers a high starting salary but very long working hours.",False,False,[]
Positive,working at bankname can be a rewarding yet demanding experience especially in the fast paced environment of a commercial bank,"working at public bank berhad can be a rewarding yet demanding experience, especially in the fast-paced environment of a commercial bank.","working at public bank berhad can be a rewarding yet demanding experience, especially in the fast-paced environment of a commercial bank.","working at public bank berhad can be a rewarding yet demanding experience, especially in the fast-paced environment of a commercial bank.",False,False,[]
Positive,i love the office environment where it has provided some entertainment space for fun release stress,i love the office environment where it has provided some entertainment space for fun & release stress.,i love the office environment where it has provided some entertainment space for fun & release stress.,i love the office environment where it has provided some entertainment space for fun & release stress.,False,False,[]
Positive,a positive workplace culture is one that is built on meaningful work open communication and core values,"a positive workplace culture is one that is built on meaningful work, open communication, and core values.","a positive workplace culture is one that is built on meaningful work, open communication, and core values.","a positive workplace culture is one that is built on meaningful work, open communication, and core values.",False,False,[]
Positive,good benefits and increment with bonus,good benefits and increment with bonus.,good benefits and increment with bonus.,good benefits and increment with bonus.,False,False,[]
Negative,no work life balance kindly expect this as you need to perform follow ups,"no work-life balance, kindly expect this as you need to perform follow-ups.","no work-life balance, kindly expect this as you need to perform follow-ups.","no work-life balance, kindly expect this as you need to perform follow-ups.",False,False,[]
Negative,key performance indicator very strict no work life balance,"kpi very strict, no work life balance","kpi very strict, no work life balance","kpi very strict, no work life balance",False,False,[]
Positive,work under minimal supervision as long as you are able to hit the key performance indicator set by the management good manager and supervisor makes my work easier as they are willing to help me seek for approval with cases that require higher up to issue,work under minimal supervision as long as you are able to hit the kpi set by the management good manager and supervisor makes my work easier as they are willing to help me seek for approval with cases that require higher up to issue,work under minimal supervision as long as you are able to hit the kpi set by the management good manager and supervisor makes my work easier as they are willing to help me seek for approval with cases that require higher up to issue,work under minimal supervision as long as you are able to hit the kpi set by the management good manager and supervisor makes my work easier as they are willing to help me seek for approval with cases that require higher up to issue,False,False,[]
Positive,the great thing about the position is the pay bonuses and increment,"the great thing about the position, is the pay, bonuses and increment.","the great thing about the position, is the pay, bonuses and increment.","the great thing about the position, is the pay, bonuses and increment.",False,False,[]
Positive,recommended to join,recommended to join!,recommended to join!,recommended to join!,False,False,[]
Positive,fun place to work at,fun place to work at.,fun place to work at.,fun place to work at.,False,False,[]
Positive,one of the highlights of my time at bankname was the willingness of my colleagues to share their knowledge and expertise,one of the highlights of my time at bank rakyat was the willingness of my colleagues to share their knowledge and expertise.,one of the highlights of my time at bank rakyat was the willingness of my colleagues to share their knowledge and expertise.,one of the highlights of my time at bank rakyat was the willingness of my colleagues to share their knowledge and expertise.,False,False,[]
Positive,my internship at bankname was an incredibly valuable experience,my internship at maybank was an incredibly valuable experience.,my internship at maybank was an incredibly valuable experience.,my internship at maybank was an incredibly valuable experience.,False,False,[]
Positive,office is great and also get to wear casual wear to the office,office is great and also get to wear casual wear to the office,office is great and also get to wear casual wear to the office,office is great and also get to wear casual wear to the office,False,False,[]
Positive,performance driven culture,performance-driven culture,performance-driven culture,performance-driven culture,False,False,[]
Negative,no work life balance,no work-life balance.,no work-life balance.,no work-life balance.,False,False,[]
Positive,my supervisor was very supportive in terms of my work and even career,my supervisor was very supportive in terms of my work and even career.,my supervisor was very supportive in terms of my work and even career.,my supervisor was very supportive in terms of my work and even career.,False,False,[]
Negative,the work environment were stressful and pressure,the work environment were stressful and pressure.,the work environment were stressful and pressure.,the work environment were stressful and pressure.,False,False,[]
Negative,management not good,management not good ,management not good ,management not good ,False,False,[]
Negative,the culture was heavily politicized with favoritism and internal politics often overshadowing merit and hard work,"the culture was heavily politicized, with favoritism and internal politics often overshadowing merit and hard work.","the culture was heavily politicized, with favoritism and internal politics often overshadowing merit and hard work.","the culture was heavily politicized, with favoritism and internal politics often overshadowing merit and hard work.",False,False,[]
Positive,bankname is a good place for fresh graduate a lot you can learn and develop here,"maybank is a good place for fresh graduate, a lot you can learn and develop here.","maybank is a good place for fresh graduate, a lot you can learn and develop here.","maybank is a good place for fresh graduate, a lot you can learn and develop here.",False,False,[]
Positive,good staff benefit and learning place,good staff benefit and learning place,good staff benefit and learning place,good staff benefit and learning place,False,False,[]
Positive,iâm truly grateful and i hope our bond continues to grow stronger as we move forward together,"iâm truly grateful, and i hope our bond continues to grow stronger as we move forward together.","i'm truly grateful, and i hope our bond continues to grow stronger as we move forward together.","i am truly grateful, and i hope our bond continues to grow stronger as we move forward together.",True,True,[]
Positive,great benefit,great benefit ,great benefit ,great benefit ,False,False,[]
Positive,productive and very friendly colleagues,productive and very friendly colleagues,productive and very friendly colleagues,productive and very friendly colleagues,False,False,[]
Negative,the hardest part was staying motivated in a toxic environment,the hardest part was staying motivated in a toxic environment.,the hardest part was staying motivated in a toxic environment.,the hardest part was staying motivated in a toxic environment.,False,False,[]
Positive,working at sales centre in shopping mall is quite fun,working at sales centre in shopping mall is quite fun.,working at sales centre in shopping mall is quite fun.,working at sales centre in shopping mall is quite fun.,False,False,[]
Positive,the environment was collaborative and supportive with a strong focus on both employee development and customer satisfaction,"the environment was collaborative and supportive, with a strong focus on both employee development and customer satisfaction.","the environment was collaborative and supportive, with a strong focus on both employee development and customer satisfaction.","the environment was collaborative and supportive, with a strong focus on both employee development and customer satisfaction.",False,False,[]
Positive,well work life balance friendly colleague,"well work life balance, friendly colleague","well work life balance, friendly colleague","well work life balance, friendly colleague",False,False,[]
Negative,high inbound rate and very stressful,high inbound rate and very stressful,high inbound rate and very stressful,high inbound rate and very stressful,False,False,[]
Negative,my mentor has very biased treatment my mentor is always friendly towards the other colleagues who are close to my mentor but when comes to my male colleague in same department and me as a new worker my mentor always give very bad compliment or judge us in a biased way,"my mentor has very biased treatment, my mentor is always friendly towards the other colleagues (who are close to my mentor), but when comes to my male colleague (in same department) and me as a new worker, my mentor always give very bad compliment or judge us in a biased way.","my mentor has very biased treatment, my mentor is always friendly towards the other colleagues (who are close to my mentor), but when comes to my male colleague (in same department) and me as a new worker, my mentor always give very bad compliment or judge us in a biased way.","my mentor has very biased treatment, my mentor is always friendly towards the other colleagues (who are close to my mentor), but when comes to my male colleague (in same department) and me as a new worker, my mentor always give very bad compliment or judge us in a biased way.",False,False,[]
Negative,cons favoritism,cons: favoritism,cons: favoritism,cons: favoritism,False,False,[]
Positive,great benefits and perks,great benefits and perks.,great benefits and perks.,great benefits and perks.,False,False,[]
Positive,they really took a good care of their intern,they really took a good care of their intern.,they really took a good care of their intern.,they really took a good care of their intern.,False,False,[]
Negative,my mentor also reacted excessively on trivial things about me and controlled me on every movement don't show that you are not happy because i saw you that you banged the table with documents while the actual event the documents are too heavy that i can't carry properly hence i have to arrange the documents with accidental bang,"my mentor also reacted excessively on trivial things about me and controlled me on every movement (""don't show that you are not happy, because i saw you that you banged the table with documents"", while the actual event: the documents are too heavy that i can't carry properly, hence i have to arrange the documents with accidental bang).","my mentor also reacted excessively on trivial things about me and controlled me on every movement (""don't show that you are not happy, because i saw you that you banged the table with documents"", while the actual event: the documents are too heavy that i can't carry properly, hence i have to arrange the documents with accidental bang).","my mentor also reacted excessively on trivial things about me and controlled me on every movement (""do not show that you are not happy, because i saw you that you banged the table with documents"", while the actual event: the documents are too heavy that i cannot carry properly, hence i have to arrange the documents with accidental bang).",False,True,[]
Positive,positive environment flexible hours great benefits,"positive environment, flexible hours, great benefits.","positive environment, flexible hours, great benefits.","positive environment, flexible hours, great benefits.",False,False,[]
Negative,cons no benefits for staff working for so long,cons: no benefits for staff working for so long,cons: no benefits for staff working for so long,cons: no benefits for staff working for so long,False,False,[]
Negative,i regret joining them,i regret joining them.,i regret joining them.,i regret joining them.,False,False,[]
Positive,good experience various benefits and care on employee,good experience various benefits and care on employee.,good experience various benefits and care on employee.,good experience various benefits and care on employee.,False,False,[]
Positive,a great place to learn and grow as an intern,a great place to learn and grow as an intern.,a great place to learn and grow as an intern.,a great place to learn and grow as an intern.,False,False,[]
Negative,bosses with mood swings low salary terrible growth opportunities,"bosses with mood swings, low salary, terrible growth opportunities ","bosses with mood swings, low salary, terrible growth opportunities ","bosses with mood swings, low salary, terrible growth opportunities ",False,False,[]
Positive,work culture is good learning a lots getting lots of knowledge of product,"work culture is good, learning a lots, getting lots of knowledge of product.","work culture is good, learning a lots, getting lots of knowledge of product.","work culture is good, learning a lots, getting lots of knowledge of product.",False,False,[]
Positive,place to gain experience and improving skills competitive career enhancement strict on compliance and penalty on the lapses job done good platform for your better career opportunities with other employer,place to gain experience and improving skills competitive career enhancement strict on compliance and penalty on the lapses job done good platform for your better career opportunities with other employer,place to gain experience and improving skills competitive career enhancement strict on compliance and penalty on the lapses job done good platform for your better career opportunities with other employer,place to gain experience and improving skills competitive career enhancement strict on compliance and penalty on the lapses job done good platform for your better career opportunities with other employer,False,False,[]
Negative,stress and rigid working environment without system and computers upgrade,stress and rigid working environment without system and computers upgrade.,stress and rigid working environment without system and computers upgrade.,stress and rigid working environment without system and computers upgrade.,False,False,[]
Positive,good environment for fresh grads,good environment for fresh grads.,good environment for fresh grads.,good environment for fresh grads.,False,False,[]
Positive,productive workplace,productive workplace,productive workplace,productive workplace,False,False,[]
Positive,fun workplace and nice working environment,fun workplace and nice working environment,fun workplace and nice working environment,fun workplace and nice working environment,False,False,[]
Positive,great benefits and team,great benefits and team.,great benefits and team.,great benefits and team.,False,False,[]
Positive,bankname customer service representative is a career that will help you prepare yourself with skills such as time management skills multitasking productivity management and you grow and stretch to go above and beyond to put a smile on customerâs face,"uob customer service representative is a career that will help you prepare yourself with skills such as time management skills, multitasking, productivity management and you grow and stretch to go above and beyond to put a smile on customerâs face.","uob customer service representative is a career that will help you prepare yourself with skills such as time management skills, multitasking, productivity management and you grow and stretch to go above and beyond to put a smile on customer's face.","uob customer service representative is a career that will help you prepare yourself with skills such as time management skills, multitasking, productivity management and you grow and stretch to go above and beyond to put a smile on customer's face.",True,False,[]
Positive,career enhancing and good vibes,career enhancing and good vibes.,career enhancing and good vibes.,career enhancing and good vibes.,False,False,[]
Positive,great collaborative culture,great collaborative culture,great collaborative culture,great collaborative culture,False,False,[]
Positive,big bonus,big bonus,big bonus,big bonus,False,False,[]
Positive,the best working place for intern,the best working place for intern.,the best working place for intern.,the best working place for intern.,False,False,[]
Positive,this not only served as a motivating factor but also reflected the organization commitment to recognizing and rewarding the hard work of its employees,this not only served as a motivating factor but also reflected the organization's commitment to recognizing and rewarding the hard work of its employees.,this not only served as a motivating factor but also reflected the organization's commitment to recognizing and rewarding the hard work of its employees.,this not only served as a motivating factor but also reflected the organization's commitment to recognizing and rewarding the hard work of its employees.,False,False,[]
Negative,messy standard operating procedure no career advancement old equipment hard to apply for annual leave even got a lot of it,messy sop no career advancement old equipment hard to apply for al even got alot of it,messy sop no career advancement old equipment hard to apply for al even got alot of it,messy sop no career advancement old equipment hard to apply for al even got alot of it,False,False,[]
Positive,happy productive and fun workplace,"happy, productive and fun workplace","happy, productive and fun workplace","happy, productive and fun workplace",False,False,[]
Positive,overall my experience at bankname was not only professionally rewarding but also personally fulfilling,"overall, my experience at bank rakyat was not only professionally rewarding but also personally fulfilling.","overall, my experience at bank rakyat was not only professionally rewarding but also personally fulfilling.","overall, my experience at bank rakyat was not only professionally rewarding but also personally fulfilling.",False,False,[]
Negative,bad corporate culture,bad corporate culture ,bad corporate culture ,bad corporate culture ,False,False,[]
Positive,the best part of working at bankname was the supportive work environment and strong teamwork among colleagues,the best part of working at rhb was the supportive work environment and strong teamwork among colleagues.,the best part of working at rhb was the supportive work environment and strong teamwork among colleagues.,the best part of working at rhb was the supportive work environment and strong teamwork among colleagues.,False,False,[]
Negative,challenge the working is quite stressful,challenge: the working is quite stressful.,challenge: the working is quite stressful.,challenge: the working is quite stressful.,False,False,[]
Positive,the remunerations given are very beneficial especially for holiday leave and medical benefit,the remunerations given are very beneficial especially for holiday leave and medical benefit.,the remunerations given are very beneficial especially for holiday leave and medical benefit.,the remunerations given are very beneficial especially for holiday leave and medical benefit.,False,False,[]
Negative,toxic bad negative,"toxic, bad, negative.","toxic, bad, negative.","toxic, bad, negative.",False,False,[]
Negative,not good environment,not good environment,not good environment,not good environment,False,False,[]
Positive,employees value these perks which contribute to their overall job satisfaction,"employees value these perks, which contribute to their overall job satisfaction.","employees value these perks, which contribute to their overall job satisfaction.","employees value these perks, which contribute to their overall job satisfaction.",False,False,[]
Positive,bankname offers competitive compensation health insurance retirement benefits and wellness programs,"maybank offers competitive compensation, health insurance, retirement benefits, and wellness programs. ","maybank offers competitive compensation, health insurance, retirement benefits, and wellness programs. ","maybank offers competitive compensation, health insurance, retirement benefits, and wellness programs. ",False,False,[]
Positive,the team really supportive and helpful especially when youre having trouble problem in your work,the team really supportive and helpful especially when youre having trouble/problem in your work.,the team really supportive and helpful especially when youre having trouble/problem in your work.,the team really supportive and helpful especially when you are having trouble/problem in your work.,False,True,[]
Positive,working at bankname as a contract executive for two years was a valuable and enriching experience,working at bank rakyat as a contract executive for two years was a valuable and enriching experience.,working at bank rakyat as a contract executive for two years was a valuable and enriching experience.,working at bank rakyat as a contract executive for two years was a valuable and enriching experience.,False,False,[]
Negative,working here means forgetting of going back on time the very first day itself the manager told me here i don't want people to go back on time usual working time is from am to pm but you are required to work more but none is claimable,"working here means forgetting of going back on time, the very first day itself the manager told me "" here i don't want people to go back on time"" usual working time is from 08:45 am to 5:45pm but you are required to work more but none is claimable.","working here means forgetting of going back on time, the very first day itself the manager told me "" here i don't want people to go back on time"" usual working time is from 08:45 am to 5:45pm but you are required to work more but none is claimable.","working here means forgetting of going back on time, the very first day itself the manager told me "" here i do not want people to go back on time"" usual working time is from 08:45 am to 5:45pm but you are required to work more but none is claimable.",False,True,[]
Negative,bad experience,bad experience,bad experience,bad experience,False,False,[]
Positive,staff benefits is very very good in this company,staff benefits is very very good in this company.,staff benefits is very very good in this company.,staff benefits is very very good in this company.,False,False,[]
Positive,employees often note that the company invests in their professional development with various training programs and mentorship opportunities available to support career progression,"employees often note that the company invests in their professional development, with various training programs and mentorship opportunities available to support career progression.","employees often note that the company invests in their professional development, with various training programs and mentorship opportunities available to support career progression.","employees often note that the company invests in their professional development, with various training programs and mentorship opportunities available to support career progression.",False,False,[]
Negative,poor management and leadership with a lack of recognition for employees who go above and beyond their regular duties,"poor management and leadership, with a lack of recognition for employees who go above and beyond their regular duties.","poor management and leadership, with a lack of recognition for employees who go above and beyond their regular duties.","poor management and leadership, with a lack of recognition for employees who go above and beyond their regular duties.",False,False,[]
Positive,good benefit good exposure best environment good bonus and everything,"good benefit, good exposure, best enviroment, good bonus and everything.","good benefit, good exposure, best enviroment, good bonus and everything.","good benefit, good exposure, best enviroment, good bonus and everything.",False,False,[]
Positive,productive and work fun place,productive and work fun place,productive and work fun place,productive and work fun place,False,False,[]
Negative,operation team negative lack of staff lead to task overloaded will be under pressure a lot,"operation team negative: lack of staff lead to task overloaded, will be under pressure a lot.","operation team negative: lack of staff lead to task overloaded, will be under pressure a lot.","operation team negative: lack of staff lead to task overloaded, will be under pressure a lot.",False,False,[]
Positive,the benefit are superb you can claim everything for personal things that is hotel flight ticket sport etc,"the benefit are superb , you can claim everything for personal things ie hotel , flight ticket , sport & etc.","the benefit are superb , you can claim everything for personal things ie hotel , flight ticket , sport & etc.","the benefit are superb , you can claim everything for personal things ie hotel , flight ticket , sport & etc.",False,False,[]
Positive,the management is approachable teamwork is highly valued and there are good opportunities to gain hands on experience and develop both technical and soft skills,"the management is approachable, teamwork is highly valued, and there are good opportunities to gain hands-on experience and develop both technical and soft skills.","the management is approachable, teamwork is highly valued, and there are good opportunities to gain hands-on experience and develop both technical and soft skills.","the management is approachable, teamwork is highly valued, and there are good opportunities to gain hands-on experience and develop both technical and soft skills.",False,False,[]
Positive,the work culture is generally positive with supportive and fun colleagues and the bank offers good flexibility through work from home arrangements for specific departments,"the work culture is generally positive with supportive and fun colleagues, and the bank offers good flexibility through work-from-home arrangements for specific departments.","the work culture is generally positive with supportive and fun colleagues, and the bank offers good flexibility through work-from-home arrangements for specific departments.","the work culture is generally positive with supportive and fun colleagues, and the bank offers good flexibility through work-from-home arrangements for specific departments.",False,False,[]
Positive,great bonus and increment,great bonus and increment.,great bonus and increment.,great bonus and increment.,False,False,[]
Positive,very recommended to work,very recommended to work.,very recommended to work.,very recommended to work.,False,False,[]
Positive,my experience working here has been largely positive with a supportive environment that encourages learning and growth,"my experience working here has been largely positive, with a supportive environment that encourages learning and growth.","my experience working here has been largely positive, with a supportive environment that encourages learning and growth.","my experience working here has been largely positive, with a supportive environment that encourages learning and growth.",False,False,[]
Positive,positive the allowance was good,positive: the allowance was good.,positive: the allowance was good.,positive: the allowance was good.,False,False,[]
Positive,i had a great experience working at bankname,i had a great experience working at bank islam.,i had a great experience working at bank islam.,i had a great experience working at bank islam.,False,False,[]
Positive,good and friendly staff senior staff more helpful,"good and friendly staff , senior staff more helpful ","good and friendly staff , senior staff more helpful ","good and friendly staff , senior staff more helpful ",False,False,[]
Positive,a good start for fresh grad who are willing to work under stress,a good start for fresh grad who are willing to work under stress,a good start for fresh grad who are willing to work under stress,a good start for fresh grad who are willing to work under stress,False,False,[]
Positive,a typical day at work and i believe i've learned a lot of skills such as communicating more time managing and stuff like that and the work place is really good,"a typical day at work and i believe i've learned a lot of skills such as communicating, more time managing and stuff like that and the work place is rwally good","a typical day at work and i believe i've learned a lot of skills such as communicating, more time managing and stuff like that and the work place is rwally good","a typical day at work and i believe i have learned a lot of skills such as communicating, more time managing and stuff like that and the work place is rwally good",False,True,[]
Positive,it gave me a sense of personal accomplishment,"it gave me a sense of personal accomplishment, ","it gave me a sense of personal accomplishment, ","it gave me a sense of personal accomplishment, ",False,False,[]
Positive,the company has a fast paced and high performance work culture that challenges you to grow,the company has a fast-paced and high-performance work culture that challenges you to grow.,the company has a fast-paced and high-performance work culture that challenges you to grow.,the company has a fast-paced and high-performance work culture that challenges you to grow.,False,False,[]
Positive,the best experience ever,the best experience ever.,the best experience ever.,the best experience ever.,False,False,[]
Negative,stressful for sales staff,stressful for sales staff ,stressful for sales staff ,stressful for sales staff ,False,False,[]
Positive,the workplace and work culture appreciate people who are working overtime,the workplace and work-culture appreciate people who are working overtime.,the workplace and work-culture appreciate people who are working overtime.,the workplace and work-culture appreciate people who are working overtime.,False,False,[]
Positive,great,great,great,great,False,False,[]
Positive,productive and fun environment,productive and fun environment,productive and fun environment,productive and fun environment,False,False,[]
Negative,boss treats workers like highschoolers,'- boss treats workers like highschoolers,'- boss treats workers like highschoolers,'- boss treats workers like highschoolers,False,False,[]
Positive,good compensation in term of flexible care which you can claim for flight sport items hobby class,"good compensation in term of flexi care which you can claim for flight, sport items, hobby class ++.","good compensation in term of flexi care which you can claim for flight, sport items, hobby class ++.","good compensation in term of flexi care which you can claim for flight, sport items, hobby class ++.",False,False,[]
Positive,kudos for that,kudos for that.,kudos for that.,kudos for that.,False,False,[]
Negative,one step wrong crazy amount of overtime and gaslighting,"one step wrong, crazy amount of ot and gaslighting.","one step wrong, crazy amount of ot and gaslighting.","one step wrong, crazy amount of ot and gaslighting.",False,False,[]
Positive,great management supportive culture,"great management, supportive culture.","great management, supportive culture.","great management, supportive culture.",False,False,[]
Positive,the job is fun especially for those who like to talk to people and assist them,"the job is fun, especially for those who like to talk to people and assist them.","the job is fun, especially for those who like to talk to people and assist them.","the job is fun, especially for those who like to talk to people and assist them.",False,False,[]
Positive,bankname offers a fun and healthy work environment where employees were able to work and strive to be better everyday,maybank offers a fun and healthy work environment where employees were able to work and strive to be better everyday.,maybank offers a fun and healthy work environment where employees were able to work and strive to be better everyday.,maybank offers a fun and healthy work environment where employees were able to work and strive to be better everyday.,False,False,[]
Positive,the staff and taller very helpful and good place to enhance skill and also good for your career,the staff and taller very helpful and good place to enhance skill and also good for your career,the staff and taller very helpful and good place to enhance skill and also good for your career,the staff and taller very helpful and good place to enhance skill and also good for your career,False,False,[]
Positive,productive and supportive team,productive and supportive team,productive and supportive team,productive and supportive team,False,False,[]
Positive,the team was supportive and always willing to offer guidance helping me grow both personally and professionally,"the team was supportive and always willing to offer guidance, helping me grow both personally and professionally.","the team was supportive and always willing to offer guidance, helping me grow both personally and professionally.","the team was supportive and always willing to offer guidance, helping me grow both personally and professionally.",False,False,[]
Positive,i truly value the positive and professional work environment they create filled with teamwork respect and mutual support,"i truly value the positive and professional work environment they create, filled with teamwork, respect, and mutual support.","i truly value the positive and professional work environment they create, filled with teamwork, respect, and mutual support.","i truly value the positive and professional work environment they create, filled with teamwork, respect, and mutual support.",False,False,[]
Positive,great place for work,great place for work,great place for work,great place for work,False,False,[]
Negative,not a productive environment to work with,not a productive environment to work with,not a productive environment to work with,not a productive environment to work with,False,False,[]
Positive,it a great place to work,it's a great place to work... ,it's a great place to work... ,it is a great place to work... ,False,True,[]
Positive,the working environment is very positive it is very inclusive and the colleagues are very supportive,"the working environment is very positive, it is very inclusive and the colleagues are very supportive.","the working environment is very positive, it is very inclusive and the colleagues are very supportive.","the working environment is very positive, it is very inclusive and the colleagues are very supportive.",False,False,[]
Negative,but overall very bad team leader manager,but overall very bad team leader manager.,but overall very bad team leader manager.,but overall very bad team leader manager.,False,False,[]
Positive,productive and fun workplace,productive and fun workplace,productive and fun workplace,productive and fun workplace,False,False,[]
Positive,the supportive and friendly nature of my colleagues significantly contributed to making the overall work environment positive,the supportive and friendly nature of my colleagues significantly contributed to making the overall work environment positive.,the supportive and friendly nature of my colleagues significantly contributed to making the overall work environment positive.,the supportive and friendly nature of my colleagues significantly contributed to making the overall work environment positive.,False,False,[]
Positive,very good salary training,"very good salary, training","very good salary, training","very good salary, training",False,False,[]
Positive,superiors r very helpful and knowledgeable,superiors r very helpful and knowledgeable.,superiors r very helpful and knowledgeable.,superiors r very helpful and knowledgeable.,False,False,[]
Positive,great company to work for,great company to work for,great company to work for,great company to work for,False,False,[]
Positive,pro good for fresh graduate as a learning centre,pro: good for fresh graduate as a learning centre,pro: good for fresh graduate as a learning centre,pro: good for fresh graduate as a learning centre,False,False,[]
Positive,my internship experience has been incredibly rewarding,my internship experience has been incredibly rewarding.,my internship experience has been incredibly rewarding.,my internship experience has been incredibly rewarding.,False,False,[]
Negative,cons salary not balance,cons: salary not balance,cons: salary not balance,cons: salary not balance,False,False,[]
Positive,the combination of a supportive work environment generous bonuses and the opportunity to learn from experienced colleagues made it a positive chapter in my career,"the combination of a supportive work environment, generous bonuses, and the opportunity to learn from experienced colleagues made it a positive chapter in my career.","the combination of a supportive work environment, generous bonuses, and the opportunity to learn from experienced colleagues made it a positive chapter in my career.","the combination of a supportive work environment, generous bonuses, and the opportunity to learn from experienced colleagues made it a positive chapter in my career.",False,False,[]
Positive,it is a very good company to start your career with great salary package for fresh graduates,it is a very good company to start your career with great salary package for fresh graduates.,it is a very good company to start your career with great salary package for fresh graduates.,it is a very good company to start your career with great salary package for fresh graduates.,False,False,[]
Positive,great team supportive culture challenging work,"great team, supportive culture, challenging work.","great team, supportive culture, challenging work.","great team, supportive culture, challenging work.",False,False,[]
Positive,the management encouraged growth provided continuous training and valued employeesâ contributions making it a great place to build a long term career,"the management encouraged growth, provided continuous training, and valued employeesâ contributions, making it a great place to build a long term career.","the management encouraged growth, provided continuous training, and valued employees' contributions, making it a great place to build a long term career.","the management encouraged growth, provided continuous training, and valued employees' contributions, making it a great place to build a long term career.",True,False,[]
Positive,supportive bosses chief executive officer staff,"supportive bosses, ceo , staff .","supportive bosses, ceo , staff .","supportive bosses, ceo , staff .",False,False,[]
Negative,i would say run while you can there is no good employee welfare pantry is provided but not with food works are expected to be learnt in one go despite learning phase,"i would say run while you can, there is no good employee welfare, pantry is provided but not with food, works are expected to be learnt in one go despite learning phase.","i would say run while you can, there is no good employee welfare, pantry is provided but not with food, works are expected to be learnt in one go despite learning phase.","i would say run while you can, there is no good employee welfare, pantry is provided but not with food, works are expected to be learnt in one go despite learning phase.",False,False,[]
Positive,employees appreciate the flexibility in working hours the option for remote work in some roles and generous leave policies,"employees appreciate the flexibility in working hours, the option for remote work (in some roles), and generous leave policies.","employees appreciate the flexibility in working hours, the option for remote work (in some roles), and generous leave policies.","employees appreciate the flexibility in working hours, the option for remote work (in some roles), and generous leave policies.",False,False,[]
Positive,productive and good for self advancement,productive and good for self advancement,productive and good for self advancement,productive and good for self advancement,False,False,[]
Negative,cons the senior management will keep chasing you when something urgent requires your help and don't even bother you at other times,cons - the senior management will keep chasing you when something urgent requires your help and don't even bother you at other times.,cons - the senior management will keep chasing you when something urgent requires your help and don't even bother you at other times.,cons - the senior management will keep chasing you when something urgent requires your help and do not even bother you at other times.,False,True,[]
Negative,simply appalling,simply appalling,simply appalling,simply appalling,False,False,[]
Negative,the hardest part of the job is current manager is toxic,the hardest part of the job is current manager is toxic .,the hardest part of the job is current manager is toxic .,the hardest part of the job is current manager is toxic .,False,False,[]
Negative,but they failed my expectations too stressful and unable to handle it very very lousy management,"but they failed my expectations, too stressful and unable to handle it, very very lousy management","but they failed my expectations, too stressful and unable to handle it, very very lousy management","but they failed my expectations, too stressful and unable to handle it, very very lousy management",False,False,[]
Positive,best place to have an internship,best place to have an internship,best place to have an internship,best place to have an internship,False,False,[]
Negative,workplace culture not okay because senior behave like intern,workplace culture not ok because senior behave like intern .,workplace culture not ok because senior behave like intern .,workplace culture not ok because senior behave like intern .,False,False,[]
Negative,very toxic management style,very toxic management style.,very toxic management style.,very toxic management style.,False,False,[]
Negative,constant stress unclear roles and no team support,"constant stress, unclear roles, and no team support","constant stress, unclear roles, and no team support","constant stress, unclear roles, and no team support",False,False,[]
Positive,they genuinely care about the teamâs well being and motivate us with positivity and encouragement,they genuinely care about the teamâs well-being and motivate us with positivity and encouragement.,they genuinely care about the team's well-being and motivate us with positivity and encouragement.,they genuinely care about the team's well-being and motivate us with positivity and encouragement.,True,False,[]
Positive,i especially appreciated the structured training programs and the emphasis on teamwork which helped me develop valuable skills in financial services and customer relations,"i especially appreciated the structured training programs and the emphasis on teamwork, which helped me develop valuable skills in financial services and customer relations.","i especially appreciated the structured training programs and the emphasis on teamwork, which helped me develop valuable skills in financial services and customer relations.","i especially appreciated the structured training programs and the emphasis on teamwork, which helped me develop valuable skills in financial services and customer relations.",False,False,[]
Negative,no work life balance and they will pressure you all the time,no work life balance and they will pressure you all the time,no work life balance and they will pressure you all the time,no work life balance and they will pressure you all the time,False,False,[]
Positive,great benefits encouraging bonus and competitive salary if you work in headquarters,"great benefits, encouraging bonus and competitive salary if you work in hq.","great benefits, encouraging bonus and competitive salary if you work in hq.","great benefits, encouraging bonus and competitive salary if you work in hq.",False,False,[]
Negative,stressful unfair,"stressful, unfair","stressful, unfair","stressful, unfair",False,False,[]
Positive,the work life balance here is to die for,the work-life balance here is to die for.,the work-life balance here is to die for.,the work-life balance here is to die for.,False,False,[]
Positive,brilliant training initiatives cool projects lots of learning opportunities,"brilliant training initiatives, cool projects & lots of learning opportunities","brilliant training initiatives, cool projects & lots of learning opportunities","brilliant training initiatives, cool projects & lots of learning opportunities",False,False,[]
Negative,the work environment is highly political and toxic with poor work life balance,"the work environment is highly political and toxic, with poor work-life balance.","the work environment is highly political and toxic, with poor work-life balance.","the work environment is highly political and toxic, with poor work-life balance.",False,False,[]
Negative,but current manager is toxic,but current manager is toxic .,but current manager is toxic .,but current manager is toxic .,False,False,[]
Positive,superior guidance all the time,superior guidance all the time.,superior guidance all the time.,superior guidance all the time.,False,False,[]
Positive,productive and fun work place,productive and fun work place,productive and fun work place,productive and fun work place,False,False,[]
Positive,very productive and fun workplace,very productive and fun workplace,very productive and fun workplace,very productive and fun workplace,False,False,[]
Negative,they took advantage to bully me and asked me to leave the company,"they took advantage to bully me and asked me to leave the company, ","they took advantage to bully me and asked me to leave the company, ","they took advantage to bully me and asked me to leave the company, ",False,False,[]
Positive,recognition ownership employees are empowered to lead initiatives and recognized for their contributions,recognition & ownership: employees are empowered to lead initiatives and recognized for their contributions.,recognition & ownership: employees are empowered to lead initiatives and recognized for their contributions.,recognition & ownership: employees are empowered to lead initiatives and recognized for their contributions.,False,False,[]
Negative,stressful and rigid,stressful and rigid,stressful and rigid,stressful and rigid,False,False,[]
Positive,amazing experience,amazing experience,amazing experience,amazing experience,False,False,[]
Positive,great place to start out my career,great place to start out my career.,great place to start out my career.,great place to start out my career.,False,False,[]
Positive,workplace and culture are very good,workplace and culture are very good,workplace and culture are very good,workplace and culture are very good,False,False,[]
Positive,for the benefits it tip top,for the benefits it's tip top .,for the benefits it's tip top .,for the benefits it is tip top .,False,True,[]
Positive,nice colleague best working environment got training and seniors are willingly to teach you if you are lost or dumbfounded,"nice colleague, best working environment, got training and seniors are willingly to teach you if you are lost or dumbfounded.","nice colleague, best working environment, got training and seniors are willingly to teach you if you are lost or dumbfounded.","nice colleague, best working environment, got training and seniors are willingly to teach you if you are lost or dumbfounded.",False,False,[]
Negative,cons micromanage on daily basis,cons - micromanage on daily basis,cons - micromanage on daily basis,cons - micromanage on daily basis,False,False,[]
Positive,great salary bonus and increment,"great salary, bonus and increment","great salary, bonus and increment","great salary, bonus and increment",False,False,[]
Negative,short break management suck,"short break, management suck","short break, management suck","short break, management suck",False,False,[]
Positive,fun and enjoy working here as all the seniors all really helpful as i had experienced in sale department form previous employment it actually help me a lot,"fun and enjoy working here as all the seniors all really helpful... as i had experienced in sale department form previous employment, it actually help me a lot","fun and enjoy working here as all the seniors all really helpful... as i had experienced in sale department form previous employment, it actually help me a lot","fun and enjoy working here as all the seniors all really helpful... as i had experienced in sale department form previous employment, it actually help me a lot",False,False,[]
Positive,best part teamwork,best part: teamwork!,best part: teamwork!,best part: teamwork!,False,False,[]
Negative,not a good place unless you're willing to do anything for money,not a good place unless you're willing to do anything for money,not a good place unless you're willing to do anything for money,not a good place unless you are willing to do anything for money,False,True,[]
Negative,bad working culture at finance and risk division,bad working culture at finance and risk division,bad working culture at finance and risk division,bad working culture at finance and risk division,False,False,[]
Positive,their willingness to share knowledge their patience in teaching and their constant encouragement have made a huge difference in my growth and confidence at work,"their willingness to share knowledge, their patience in teaching, and their constant encouragement have made a huge difference in my growth and confidence at work.","their willingness to share knowledge, their patience in teaching, and their constant encouragement have made a huge difference in my growth and confidence at work.","their willingness to share knowledge, their patience in teaching, and their constant encouragement have made a huge difference in my growth and confidence at work.",False,False,[]
Positive,employee benefits benefits packages are another strong point,employee benefits: benefits packages are another strong point.,employee benefits: benefits packages are another strong point.,employee benefits: benefits packages are another strong point.,False,False,[]
Negative,not good to stay for a long time,not good to stay for a long time.,not good to stay for a long time.,not good to stay for a long time.,False,False,[]
Positive,best workplace good salary,"best workplace, good salary","best workplace, good salary","best workplace, good salary",False,False,[]
Positive,good salary good environment opportunity to learn good training good team work good benefits and compensation,"good salary , good environment, opportunity to learn, good training , good team work, good benefits and compensation","good salary , good environment, opportunity to learn, good training , good team work, good benefits and compensation","good salary , good environment, opportunity to learn, good training , good team work, good benefits and compensation",False,False,[]
Negative,current manager is toxic,current manager is toxic,current manager is toxic,current manager is toxic,False,False,[]
Positive,thank you for being such wonderful teammates and for making my experience here so meaningful,thank you for being such wonderful teammates and for making my experience here so meaningful.,thank you for being such wonderful teammates and for making my experience here so meaningful.,thank you for being such wonderful teammates and for making my experience here so meaningful.,False,False,[]
Negative,this review is for most positions under the deposit department poor management no proper space to meet clients and zero guidance,"this review is for most positions under the deposit department: poor management, no proper space to meet clients, and zero guidance.","this review is for most positions under the deposit department: poor management, no proper space to meet clients, and zero guidance.","this review is for most positions under the deposit department: poor management, no proper space to meet clients, and zero guidance.",False,False,[]
Positive,the employees were very supportive,the employees were very supportive.,the employees were very supportive.,the employees were very supportive.,False,False,[]
Negative,no guidance no space and no credit,"no guidance, no space, and no credit","no guidance, no space, and no credit","no guidance, no space, and no credit",False,False,[]
Negative,it was a very bad experience,it was a very bad experience.,it was a very bad experience.,it was a very bad experience.,False,False,[]
Positive,best place to work,best place to work,best place to work,best place to work,False,False,[]
Positive,positive working environment,positive working environment,positive working environment,positive working environment,False,False,[]
Positive,overall bankname is an excellent place to work if youâre looking for a dynamic professional and rewarding workplace,"overall, bank islam is an excellent place to work if youâre looking for a dynamic, professional, and rewarding workplace","overall, bank islam is an excellent place to work if you're looking for a dynamic, professional, and rewarding workplace","overall, bank islam is an excellent place to work if you are looking for a dynamic, professional, and rewarding workplace",True,True,[]
Negative,forget about life if you work in this company,forget about life if u work in this company,forget about life if u work in this company,forget about life if you work in this company,False,True,[]
Negative,worst management,worst management,worst management,worst management,False,False,[]
Positive,this balance of professionalism and human touch makes working under them both inspiring and enjoyable,this balance of professionalism and human touch makes working under them both inspiring and enjoyable,this balance of professionalism and human touch makes working under them both inspiring and enjoyable,this balance of professionalism and human touch makes working under them both inspiring and enjoyable,False,False,[]
Positive,i would like to take this opportunity to express my heartfelt appreciation to my colleagues at bankname placename who have been incredibly supportive and generous with their guidance since my very first day,i would like to take this opportunity to express my heartfelt appreciation to my colleagues at maybank alor setar who have been incredibly supportive and generous with their guidance since my very first day.,i would like to take this opportunity to express my heartfelt appreciation to my colleagues at maybank alor setar who have been incredibly supportive and generous with their guidance since my very first day.,i would like to take this opportunity to express my heartfelt appreciation to my colleagues at maybank alor setar who have been incredibly supportive and generous with their guidance since my very first day.,False,False,[]
Positive,pros the remuneration packages and bonuses are great,pros - the renumeration packages and bonuses are great.,pros - the renumeration packages and bonuses are great.,pros - the renumeration packages and bonuses are great.,False,False,[]
Positive,pros able to develop relevant experience,pros - able to develop relevant experience,pros - able to develop relevant experience,pros - able to develop relevant experience,False,False,[]
Negative,shame unfair hurting inhumanity,"shame, unfair, hurting, unhumanity","shame, unfair, hurting, unhumanity","shame, unfair, hurting, unhumanity",False,False,[]
Positive,excellence staff benefits,excellence staff benefits,excellence staff benefits,excellence staff benefits,False,False,[]
Negative,no work life balance,"no work life balance, ","no work life balance, ","no work life balance, ",False,False,[]
Negative,toxic,toxic,toxic,toxic,False,False,[]
Negative,no work life balance expected to work hours everyday high workload and marketing officer will keep pressuring you to meet their figure supposed to work as a team but end up each of team member only work for their own target and goal not recommend,"no work life balance, expected to work 13 hours everyday, high workload and marketing officer will keep pressuring you to meet their figure, supposed to work as a team but end up each of team member only work for their own target and goal, not recommend","no work life balance, expected to work 13 hours everyday, high workload and marketing officer will keep pressuring you to meet their figure, supposed to work as a team but end up each of team member only work for their own target and goal, not recommend","no work life balance, expected to work 13 hours everyday, high workload and marketing officer will keep pressuring you to meet their figure, supposed to work as a team but end up each of team member only work for their own target and goal, not recommend",False,False,[]
Positive,innovation driven focus on digital transformation makes it an exciting place for tech savvy professionals,innovation-driven: focus on digital transformation makes it an exciting place for tech-savvy professionals.,innovation-driven: focus on digital transformation makes it an exciting place for tech-savvy professionals.,innovation-driven: focus on digital transformation makes it an exciting place for tech-savvy professionals.,False,False,[]
Negative,very unprofessional from team manager up to higher management level,very unprofessional from team manager up to higher management lvl.,very unprofessional from team manager up to higher management lvl.,very unprofessional from team manager up to higher management lvl.,False,False,[]
Positive,strong staff engagement,strong staff engagement,strong staff engagement,strong staff engagement,False,False,[]
Positive,employer of choice for everyone,employer of choice for everyone,employer of choice for everyone,employer of choice for everyone,False,False,[]
Positive,best benefits and great working environment,best benefits and great working environment ,best benefits and great working environment ,best benefits and great working environment ,False,False,[]
Positive,great place to kickstart your career,great place to kickstart your career,great place to kickstart your career,great place to kickstart your career,False,False,[]
Positive,very good first job blessed to have the opportunity to work at bankname,very good first job... blessed to have the opportunity to work at maybank!,very good first job... blessed to have the opportunity to work at maybank!,very good first job... blessed to have the opportunity to work at maybank!,False,False,[]
Negative,very heavy workloads no work life balance toxic management,"very heavy workloads, no work life balance & toxic management","very heavy workloads, no work life balance & toxic management","very heavy workloads, no work life balance & toxic management",False,False,[]
Negative,work like dog work until you die no one gonna appreciate you,"work like dog, work until you die, no one gonna appreciate you.","work like dog, work until you die, no one gonna appreciate you.","work like dog, work until you die, no one going to appreciate you.",False,True,[]
Negative,no work life balance no career growth," no work life balance, no career growth"," no work life balance, no career growth"," no work life balance, no career growth",False,False,[]
Positive,great co workers never stressful you can go home on time work life balance bosses are kind and they always check up on you they are also responsive of your inquiries,great co workers never stressful you can go home on time work life balance bosses are kind and they always check up on you they are also responsive of your inquiries,great co workers never stressful you can go home on time work life balance bosses are kind and they always check up on you they are also responsive of your inquiries,great co workers never stressful you can go home on time work life balance bosses are kind and they always check up on you they are also responsive of your inquiries,False,False,[]
Negative,toxic environment,toxic environment,toxic environment,toxic environment,False,False,[]
Positive,working environment and collaborative colleagues are positive that push you forward to the limit,working environment and collaborative colleagues are positive that push you forward to the limit.,working environment and collaborative colleagues are positive that push you forward to the limit.,working environment and collaborative colleagues are positive that push you forward to the limit.,False,False,[]
Positive,fix increment yearly perks for staff hospitalisation dental permanent position work from home positive working environment need to achieve target,"fix increment yearly, perks for staff, hospitalisation, dental, permanent position, work from home, positive working environment, need to achieve target.","fix increment yearly, perks for staff, hospitalisation, dental, permanent position, work from home, positive working environment, need to achieve target.","fix increment yearly, perks for staff, hospitalisation, dental, permanent position, work from home, positive working environment, need to achieve target.",False,False,[]
Negative,please donât work here this company is really give a mental health issue and they will demand you to pay for this job who have slow system and everything look old,please donât work here this company is really give a mental health issue and they will demand you to pay 2500 for this job who have slow system and everything look old.,please don't work here this company is really give a mental health issue and they will demand you to pay 2500 for this job who have slow system and everything look old.,please do not work here this company is really give a mental health issue and they will demand you to pay 2500 for this job who have slow system and everything look old.,True,True,[]
Negative,toxic cultureâcolleagues fought over customers and superiors claimed credit for our hard work and performance,"toxic cultureâcolleagues fought over customers, and superiors claimed credit for our hard work and performance.","toxic culture—colleagues fought over customers, and superiors claimed credit for our hard work and performance.","toxic culture—colleagues fought over customers, and superiors claimed credit for our hard work and performance.",True,False,[]
Negative,stress working environment high work load need to work over time to finish the work but no pay overtime low opportunity for career growth,stress working environment high work load need to work over time to finish the work but no pay ot  low opportunity for career growth,stress working environment high work load need to work over time to finish the work but no pay ot  low opportunity for career growth,stress working environment high work load need to work over time to finish the work but no pay ot  low opportunity for career growth,False,False,[]
Positive,great place to work and grow,great place to work and grow.,great place to work and grow.,great place to work and grow.,False,False,[]
Positive,pros staff mostly friendly,pros: staff mostly friendly.,pros: staff mostly friendly.,pros: staff mostly friendly.,False,False,[]
Positive,people who works there are energized and driven,people who works there are energized and driven.,people who works there are energized and driven.,people who works there are energized and driven.,False,False,[]
Positive,i would recommend bankname to prospective employees who are eager to work in a dynamic environment and are passionate about banking,i would recommend pbb to prospective employees who are eager to work in a dynamic environment and are passionate about banking.,i would recommend pbb to prospective employees who are eager to work in a dynamic environment and are passionate about banking.,i would recommend pbb to prospective employees who are eager to work in a dynamic environment and are passionate about banking.,False,False,[]
Negative,no work life balance stressful and so much pressure,"no work life balance, stressful and so much pressure","no work life balance, stressful and so much pressure","no work life balance, stressful and so much pressure",False,False,[]
Negative,bad management and worst banking system i had ever work for,bad management and worst banking system i had ever work for.,bad management and worst banking system i had ever work for.,bad management and worst banking system i had ever work for.,False,False,[]
Positive,amazing place to work,amazing place to work,amazing place to work,amazing place to work,False,False,[]
Positive,best work environment encourage speak up culture management and colleagues are friendly and helpful,"best work environment, encourage speak-up culture, management and colleagues are friendly and helpful.","best work environment, encourage speak-up culture, management and colleagues are friendly and helpful.","best work environment, encourage speak-up culture, management and colleagues are friendly and helpful.",False,False,[]
Positive,super productive workplace,super productive workplace,super productive workplace,super productive workplace,False,False,[]
Positive,great place to work personal career growth good perks,"great place to work, persomal & career growth, & good perks","great place to work, persomal & career growth, & good perks","great place to work, persomal & career growth, & good perks",False,False,[]
Negative,toxic work environment you just sit down for hours and stay glued at your screen and everybody hates it if you take a quick break to the toilet or suggest any new approaches,"toxic work environment, you just sit down for 9 hours and stay glued at your screen, and everybody hates it if you take a quick break to the toilet, or suggest any new approaches","toxic work environment, you just sit down for 9 hours and stay glued at your screen, and everybody hates it if you take a quick break to the toilet, or suggest any new approaches","toxic work environment, you just sit down for 9 hours and stay glued at your screen, and everybody hates it if you take a quick break to the toilet, or suggest any new approaches",False,False,[]
Positive,leadership and management many employees appreciate the approachable leadership at bankname noting that management is supportive and values open communication,"leadership and management: many employees appreciate the approachable leadership at maybank, noting that management is supportive and values open communication.","leadership and management: many employees appreciate the approachable leadership at maybank, noting that management is supportive and values open communication.","leadership and management: many employees appreciate the approachable leadership at maybank, noting that management is supportive and values open communication.",False,False,[]
Positive,pros workload not very heavy senior micro frontend developer friendly and willing to teach us,pros workload not very heavy senior micro-frontend developer friendly and willing to teach us.,pros workload not very heavy senior micro-frontend developer friendly and willing to teach us.,pros workload not very heavy senior micro-frontend developer friendly and willing to teach us.,False,False,[]
Negative,no work life balance toxic poor management,"no work life balance, toxic & poor management","no work life balance, toxic & poor management","no work life balance, toxic & poor management",False,False,[]
Positive,great work environment employees often mention the inclusive and collaborative culture at bankname,great work environment: employees often mention the inclusive and collaborative culture at maybank.,great work environment: employees often mention the inclusive and collaborative culture at maybank.,great work environment: employees often mention the inclusive and collaborative culture at maybank.,False,False,[]
Negative,no work life balance prepare to work overtime without extra pay,"no worklife balance, prepare to work overtime without extra pay.","no worklife balance, prepare to work overtime without extra pay.","no worklife balance, prepare to work overtime without extra pay.",False,False,[]
Positive,fosters learning growth highly recommend,"fosters learning & growth, highly recommend!","fosters learning & growth, highly recommend!","fosters learning & growth, highly recommend!",False,False,[]
Positive,work life balance on top,work-life balance on top!,work-life balance on top!,work-life balance on top!,False,False,[]
Positive,pro great staff benefit,pro: great staff benefit.,pro: great staff benefit.,pro: great staff benefit.,False,False,[]
Negative,toxic competitive environment,"toxic, competitive environment","toxic, competitive environment","toxic, competitive environment",False,False,[]
Negative,the o t department employees made me too shame to work together,the o & t dept employees made me too shame to work together.,the o & t dept employees made me too shame to work together.,the o & t dept employees made me too shame to work together.,False,False,[]
Positive,healthy working environment recommended for freshers,healthy working environment recommended for freshers,healthy working environment recommended for freshers,healthy working environment recommended for freshers,False,False,[]
Positive,pros bonus and increment consistently high every year medical benefits great teammates almost no politics,"pros: bonus and increment consistently high every year medical benefits great teammates, almost no politics","pros: bonus and increment consistently high every year medical benefits great teammates, almost no politics","pros: bonus and increment consistently high every year medical benefits great teammates, almost no politics",False,False,[]
Negative,the worst place and management i've ever experienced,the worst place and management i've ever experienced,the worst place and management i've ever experienced,the worst place and management i have ever experienced,False,True,[]
Positive,pros supportive work environment encouraging leadership and helpful colleagues foster a positive workplace culture,pros: supportive work environment: encouraging leadership and helpful colleagues foster a positive workplace culture.,pros: supportive work environment: encouraging leadership and helpful colleagues foster a positive workplace culture.,pros: supportive work environment: encouraging leadership and helpful colleagues foster a positive workplace culture.,False,False,[]
Positive,good company and culture the colleagues are helpful help each others to solve problems the environment is nice competitive salary package good benefit recommend,good company and culture the colleagues are helpful help each others to solve problems the environment is nice competitive salary package good benefit recommend,good company and culture the colleagues are helpful help each others to solve problems the environment is nice competitive salary package good benefit recommend,good company and culture the colleagues are helpful help each others to solve problems the environment is nice competitive salary package good benefit recommend,False,False,[]
Positive,pro good benefits to employee insurance bonus allowances increment employee provident fund staff loan building facilities,"pro good benefits to employee-insurance,bonus,allowances,increment,epf, staff loan, building facilities ","pro good benefits to employee-insurance,bonus,allowances,increment,epf, staff loan, building facilities ","pro good benefits to employee-insurance,bonus,allowances,increment,epf, staff loan, building facilities ",False,False,[]
Negative,no work life balance stressful working place politic environment manager stress long working hour,"no work life balance , stressful working place politic environment , manager stress long working hour","no work life balance , stressful working place politic environment , manager stress long working hour","no work life balance , stressful working place politic environment , manager stress long working hour",False,False,[]
Negative,worst place i've ever worked at,worst place i've ever worked at ,worst place i've ever worked at ,worst place i have ever worked at ,False,True,[]
