review_row_id,id,company_name,text_content,sentence_id,sentence_text,original_text,AI_Label,AI_Confidence,Review_Status,Final_Label
1,1,Cimb-Group,review_title,1,Clear object,Clear object,Positive,0.4799537658691406,Manual Review,Positive
2,1,Cimb-Group,review_body_text,1,Good company and exposure for junior level.,Good company and exposure for junior level. Promotion can be very fast to some work function given the person is high performer in the team or department.,Positive,0.9498108625411987,Accepted,Positive
2,1,Cimb-Group,review_body_text,2,Promotion can be very fast to some work function given the person is high performer in the team or department.,Good company and exposure for junior level. Promotion can be very fast to some work function given the person is high performer in the team or department.,Positive,0.9454308152198792,Accepted,Positive
3,2,HSBC,review_title,1,best place to work,best place to work,Positive,0.9877995848655701,Accepted,Positive
4,2,HSBC,review_body_text,1,"work life balance, good elearning, internaltional exposure, the pay might not as high as other local bank but they pay is quite fair.","work life balance, good elearning, internaltional exposure, the pay might not as high as other local bank but they pay is quite fair. some management are suck but you might meet some great management, all depend on your luck.",Positive,0.9784878492355347,Accepted,Positive
4,2,HSBC,review_body_text,2,"some management are suck but you might meet some great management, all depend on your luck.","work life balance, good elearning, internaltional exposure, the pay might not as high as other local bank but they pay is quite fair. some management are suck but you might meet some great management, all depend on your luck.",Negative,0.8449417948722839,Accepted,Negative
5,2,HSBC,pros_text,1,"work life balance, good elearning","work life balance, good elearning",Positive,0.9578673839569092,Accepted,Positive
6,2,HSBC,cons_text,1,low increament,low increament,Negative,0.6562948822975159,Manual Review,Negative
7,3,Cimb-Group,review_title,1,Productive workplace,Productive workplace,Positive,0.9625993371009827,Accepted,Positive
8,3,Cimb-Group,review_body_text,1,"brilliant training initiatives, cool projects & lots of learning opportunities substandard human element when management deals with employees, poor EQ and low empathy.","brilliant training initiatives, cool projects & lots of learning opportunities substandard human element when management deals with employees, poor EQ and low empathy.",Negative,0.9281866550445557,Accepted,Negative
9,4,bank islam,review_title,1,Comprehensive benefits with concerns over operational balance and promotion fairness,Comprehensive benefits with concerns over operational balance and promotion fairness,Negative,0.9057928323745728,Accepted,Negative
10,4,bank islam,review_body_text,1,I spent more than 10 years at Bank Islam and found the benefits to be quite comprehensive.,"I spent more than 10 years at Bank Islam and found the benefits to be quite comprehensive. The work culture is generally positive with supportive and fun colleagues, and the bank offers good flexibility through work-from-home arrangements for specific departments. However, there are significant challenges regarding work-life balance, particularly in operations where the workload is often overwhelming. Since 2021, the bonus payouts (averaging 2 months) have not felt commensurate with the level of effort required. Furthermore, the promotion structure appears to be heavily influenced by seniority and favoritism rather than clear meritocracy, which can be discouraging for high-performers. Additionally, top management often feels disconnected from ground-level operational reality. While it is a stable organization, the compensation-to-effort ratio and career progression transparency need improvement.",Positive,0.9674081802368164,Accepted,Positive
10,4,bank islam,review_body_text,2,"The work culture is generally positive with supportive and fun colleagues, and the bank offers good flexibility through work-from-home arrangements for specific departments.","I spent more than 10 years at Bank Islam and found the benefits to be quite comprehensive. The work culture is generally positive with supportive and fun colleagues, and the bank offers good flexibility through work-from-home arrangements for specific departments. However, there are significant challenges regarding work-life balance, particularly in operations where the workload is often overwhelming. Since 2021, the bonus payouts (averaging 2 months) have not felt commensurate with the level of effort required. Furthermore, the promotion structure appears to be heavily influenced by seniority and favoritism rather than clear meritocracy, which can be discouraging for high-performers. Additionally, top management often feels disconnected from ground-level operational reality. While it is a stable organization, the compensation-to-effort ratio and career progression transparency need improvement.",Positive,0.9738224744796753,Accepted,Positive
10,4,bank islam,review_body_text,3,"However, there are significant challenges regarding work-life balance, particularly in operations where the workload is often overwhelming.","I spent more than 10 years at Bank Islam and found the benefits to be quite comprehensive. The work culture is generally positive with supportive and fun colleagues, and the bank offers good flexibility through work-from-home arrangements for specific departments. However, there are significant challenges regarding work-life balance, particularly in operations where the workload is often overwhelming. Since 2021, the bonus payouts (averaging 2 months) have not felt commensurate with the level of effort required. Furthermore, the promotion structure appears to be heavily influenced by seniority and favoritism rather than clear meritocracy, which can be discouraging for high-performers. Additionally, top management often feels disconnected from ground-level operational reality. While it is a stable organization, the compensation-to-effort ratio and career progression transparency need improvement.",Negative,0.8686508536338806,Accepted,Negative
10,4,bank islam,review_body_text,4,"Since 2021, the bonus payouts (averaging 2 months) have not felt commensurate with the level of effort required.","I spent more than 10 years at Bank Islam and found the benefits to be quite comprehensive. The work culture is generally positive with supportive and fun colleagues, and the bank offers good flexibility through work-from-home arrangements for specific departments. However, there are significant challenges regarding work-life balance, particularly in operations where the workload is often overwhelming. Since 2021, the bonus payouts (averaging 2 months) have not felt commensurate with the level of effort required. Furthermore, the promotion structure appears to be heavily influenced by seniority and favoritism rather than clear meritocracy, which can be discouraging for high-performers. Additionally, top management often feels disconnected from ground-level operational reality. While it is a stable organization, the compensation-to-effort ratio and career progression transparency need improvement.",Negative,0.9534538388252258,Accepted,Negative
10,4,bank islam,review_body_text,5,"Furthermore, the promotion structure appears to be heavily influenced by seniority and favoritism rather than clear meritocracy, which can be discouraging for high-performers.","I spent more than 10 years at Bank Islam and found the benefits to be quite comprehensive. The work culture is generally positive with supportive and fun colleagues, and the bank offers good flexibility through work-from-home arrangements for specific departments. However, there are significant challenges regarding work-life balance, particularly in operations where the workload is often overwhelming. Since 2021, the bonus payouts (averaging 2 months) have not felt commensurate with the level of effort required. Furthermore, the promotion structure appears to be heavily influenced by seniority and favoritism rather than clear meritocracy, which can be discouraging for high-performers. Additionally, top management often feels disconnected from ground-level operational reality. While it is a stable organization, the compensation-to-effort ratio and career progression transparency need improvement.",Negative,0.9664179682731628,Accepted,Negative
10,4,bank islam,review_body_text,6,"Additionally, top management often feels disconnected from ground-level operational reality.","I spent more than 10 years at Bank Islam and found the benefits to be quite comprehensive. The work culture is generally positive with supportive and fun colleagues, and the bank offers good flexibility through work-from-home arrangements for specific departments. However, there are significant challenges regarding work-life balance, particularly in operations where the workload is often overwhelming. Since 2021, the bonus payouts (averaging 2 months) have not felt commensurate with the level of effort required. Furthermore, the promotion structure appears to be heavily influenced by seniority and favoritism rather than clear meritocracy, which can be discouraging for high-performers. Additionally, top management often feels disconnected from ground-level operational reality. While it is a stable organization, the compensation-to-effort ratio and career progression transparency need improvement.",Negative,0.9374673366546631,Accepted,Negative
10,4,bank islam,review_body_text,7,"While it is a stable organization, the compensation-to-effort ratio and career progression transparency need improvement.","I spent more than 10 years at Bank Islam and found the benefits to be quite comprehensive. The work culture is generally positive with supportive and fun colleagues, and the bank offers good flexibility through work-from-home arrangements for specific departments. However, there are significant challenges regarding work-life balance, particularly in operations where the workload is often overwhelming. Since 2021, the bonus payouts (averaging 2 months) have not felt commensurate with the level of effort required. Furthermore, the promotion structure appears to be heavily influenced by seniority and favoritism rather than clear meritocracy, which can be discouraging for high-performers. Additionally, top management often feels disconnected from ground-level operational reality. While it is a stable organization, the compensation-to-effort ratio and career progression transparency need improvement.",Negative,0.8649484515190125,Accepted,Negative
11,5,Cimb-Group,review_title,1,Productive and fun workplace,Productive and fun workplace,Positive,0.975767970085144,Accepted,Positive
12,5,Cimb-Group,review_body_text,1,Flexible working hours and supportive colleagues.,Flexible working hours and supportive colleagues. Overall I think my pay are decent while workload and working culture depends on your department. Benefits wise are quite good in banking industry.,Positive,0.9806249141693115,Accepted,Positive
12,5,Cimb-Group,review_body_text,2,Overall I think my pay are decent while workload and working culture depends on your department.,Flexible working hours and supportive colleagues. Overall I think my pay are decent while workload and working culture depends on your department. Benefits wise are quite good in banking industry.,Positive,0.8632699847221375,Accepted,Positive
12,5,Cimb-Group,review_body_text,3,Benefits wise are quite good in banking industry.,Flexible working hours and supportive colleagues. Overall I think my pay are decent while workload and working culture depends on your department. Benefits wise are quite good in banking industry.,Positive,0.9626592397689819,Accepted,Positive
13,6,RHB Bank Berhad,review_title,1,Really good,Really good,Positive,0.9713365435600281,Accepted,Positive
14,6,RHB Bank Berhad,review_body_text,1,"A typical day at work and i believe i've learned a lot of skills such as communicating, more time managing and stuff like that and the work place is rwally good","A typical day at work and i believe i've learned a lot of skills such as communicating, more time managing and stuff like that and the work place is rwally good",Positive,0.9817473888397217,Accepted,Positive
15,7,maybank,review_title,1,Good workplace,Good workplace,Positive,0.8801255822181702,Accepted,Positive
16,7,maybank,review_body_text,1,Everything is good.,Everything is good. The workplace is nice and people are also willing to help. The workplace and work-culture appreciate people who are working overtime.,Positive,0.6837221384048462,Manual Review,Positive
16,7,maybank,review_body_text,2,The workplace is nice and people are also willing to help.,Everything is good. The workplace is nice and people are also willing to help. The workplace and work-culture appreciate people who are working overtime.,Positive,0.9606950879096985,Accepted,Positive
16,7,maybank,review_body_text,3,The workplace and work-culture appreciate people who are working overtime.,Everything is good. The workplace is nice and people are also willing to help. The workplace and work-culture appreciate people who are working overtime.,Positive,0.9795116186141968,Accepted,Positive
17,8,Public-Bank-Berhad,review_title,1,Work Culture,Work Culture,Positive,0.8699199557304382,Accepted,Positive
18,8,Public-Bank-Berhad,review_body_text,1,'- Daily job may be repetitive (depends on the team you are on),'- Daily job may be repetitive (depends on the team you are on) - Moderate workload (depends on the team you are on) - Classic management style - Healthy working environment Recommended for freshers,Negative,0.8719475865364075,Accepted,Negative
18,8,Public-Bank-Berhad,review_body_text,2,Moderate workload (depends on the team you are on),'- Daily job may be repetitive (depends on the team you are on) - Moderate workload (depends on the team you are on) - Classic management style - Healthy working environment Recommended for freshers,Positive,0.6942048668861389,Manual Review,Positive
18,8,Public-Bank-Berhad,review_body_text,3,Classic management style,'- Daily job may be repetitive (depends on the team you are on) - Moderate workload (depends on the team you are on) - Classic management style - Healthy working environment Recommended for freshers,Positive,0.6900720000267029,Manual Review,Positive
18,8,Public-Bank-Berhad,review_body_text,4,Healthy working environment Recommended for freshers,'- Daily job may be repetitive (depends on the team you are on) - Moderate workload (depends on the team you are on) - Classic management style - Healthy working environment Recommended for freshers,Positive,0.995100200176239,Accepted,Positive
19,9,Public-Bank-Berhad,review_title,1,Great bonus and increment.,Great bonus and increment. But old system,Positive,0.9815086722373962,Accepted,Positive
19,9,Public-Bank-Berhad,review_title,2,But old system,Great bonus and increment. But old system,Negative,0.7065004706382751,Manual Review,Negative
20,9,Public-Bank-Berhad,review_body_text,1,Good for new graduates to start their career in banking as you tend to do a lot of things.,Good for new graduates to start their career in banking as you tend to do a lot of things. The increment is above average and bonuses are decent. This comes with old system and SOPs as they prefer to reduce cost. A lot of paperwork to be done. WLB depends on your department,Positive,0.9765147566795349,Accepted,Positive
20,9,Public-Bank-Berhad,review_body_text,2,The increment is above average and bonuses are decent.,Good for new graduates to start their career in banking as you tend to do a lot of things. The increment is above average and bonuses are decent. This comes with old system and SOPs as they prefer to reduce cost. A lot of paperwork to be done. WLB depends on your department,Positive,0.9447985291481018,Accepted,Positive
20,9,Public-Bank-Berhad,review_body_text,3,This comes with old system and SOPs as they prefer to reduce cost.,Good for new graduates to start their career in banking as you tend to do a lot of things. The increment is above average and bonuses are decent. This comes with old system and SOPs as they prefer to reduce cost. A lot of paperwork to be done. WLB depends on your department,Negative,0.6581645607948303,Manual Review,Negative
20,9,Public-Bank-Berhad,review_body_text,4,A lot of paperwork to be done.,Good for new graduates to start their career in banking as you tend to do a lot of things. The increment is above average and bonuses are decent. This comes with old system and SOPs as they prefer to reduce cost. A lot of paperwork to be done. WLB depends on your department,Negative,0.745485246181488,Manual Review,Negative
20,9,Public-Bank-Berhad,review_body_text,5,WLB depends on your department,Good for new graduates to start their career in banking as you tend to do a lot of things. The increment is above average and bonuses are decent. This comes with old system and SOPs as they prefer to reduce cost. A lot of paperwork to be done. WLB depends on your department,Positive,0.513268232345581,Manual Review,Positive
21,10,maybank,review_title,1,Super Productive workplace,Super Productive workplace,Positive,0.9912531971931458,Accepted,Positive
22,10,maybank,review_body_text,1,So much to learn here.,So much to learn here. Colleague is all nice but need to push for sales. All higher ups care is sales. Try banking if you love doing sales. Benefit is good. Have AL every month.,Positive,0.469308078289032,Manual Review,Positive
22,10,maybank,review_body_text,2,Colleague is all nice but need to push for sales.,So much to learn here. Colleague is all nice but need to push for sales. All higher ups care is sales. Try banking if you love doing sales. Benefit is good. Have AL every month.,Positive,0.8572014570236206,Accepted,Positive
22,10,maybank,review_body_text,3,All higher ups care is sales.,So much to learn here. Colleague is all nice but need to push for sales. All higher ups care is sales. Try banking if you love doing sales. Benefit is good. Have AL every month.,Negative,0.5858449935913086,Manual Review,Negative
22,10,maybank,review_body_text,4,Try banking if you love doing sales.,So much to learn here. Colleague is all nice but need to push for sales. All higher ups care is sales. Try banking if you love doing sales. Benefit is good. Have AL every month.,Positive,0.8140673637390137,Accepted,Positive
22,10,maybank,review_body_text,5,Benefit is good.,So much to learn here. Colleague is all nice but need to push for sales. All higher ups care is sales. Try banking if you love doing sales. Benefit is good. Have AL every month.,Positive,0.8167940974235535,Accepted,Positive
22,10,maybank,review_body_text,6,Have AL every month.,So much to learn here. Colleague is all nice but need to push for sales. All higher ups care is sales. Try banking if you love doing sales. Benefit is good. Have AL every month.,Positive,0.6430122256278992,Manual Review,Positive
23,11,bank islam,review_title,1,Good Hybrid working + flexible hours,Good Hybrid working + flexible hours,Positive,0.9448229670524597,Accepted,Positive
24,11,bank islam,review_body_text,1,"Working here you will have a flexible working hours, hybrid working (3 days office, 2 days WFH) depends on the department mostly Digital IT.","Working here you will have a flexible working hours, hybrid working (3 days office, 2 days WFH) depends on the department mostly Digital IT. Good place for learning.",Positive,0.9143298864364624,Accepted,Positive
24,11,bank islam,review_body_text,2,Good place for learning.,"Working here you will have a flexible working hours, hybrid working (3 days office, 2 days WFH) depends on the department mostly Digital IT. Good place for learning.",Positive,0.8679163455963135,Accepted,Positive
25,12,RHB Bank Berhad,review_title,1,"Work culture is good, learning a lots, getting lots of knowledge of product.","Work culture is good, learning a lots, getting lots of knowledge of product.",Positive,0.9737945199012756,Accepted,Positive
26,12,RHB Bank Berhad,review_body_text,1,"Having teatime among us, celebration birthday and also we will do decorations for all the festivals...","Having teatime among us, celebration birthday and also we will do decorations for all the festivals...team work is going well with team members, management is good❤️ Together progress 🙂",Positive,0.9179369211196899,Accepted,Positive
26,12,RHB Bank Berhad,review_body_text,2,"team work is going well with team members, management is good️ Together progress","Having teatime among us, celebration birthday and also we will do decorations for all the festivals...team work is going well with team members, management is good❤️ Together progress 🙂",Positive,0.948915421962738,Accepted,Positive
27,12,RHB Bank Berhad,pros_text,1,Fo far No,Fo far No,Negative,0.7066690921783447,Manual Review,Negative
28,12,RHB Bank Berhad,cons_text,1,So far No,So far No,Negative,0.5251864194869995,Manual Review,Negative
29,13,RHB Bank Berhad,review_title,1,Stressful if cannot hit sales target,Stressful if cannot hit sales target,Negative,0.9700677990913391,Accepted,Negative
30,13,RHB Bank Berhad,review_body_text,1,Management will keep pushing for sales even though the product is not great and detrimental to buyers.,Management will keep pushing for sales even though the product is not great and detrimental to buyers. Micro-management will happen if u dont hit ur target,Negative,0.8988898396492004,Accepted,Negative
30,13,RHB Bank Berhad,review_body_text,2,Micro-management will happen if u dont hit ur target,Management will keep pushing for sales even though the product is not great and detrimental to buyers. Micro-management will happen if u dont hit ur target,Negative,0.9609609246253967,Accepted,Negative
31,14,bank islam,review_title,1,"Overall, it has been a valuable and rewarding experience that has strengthened my skills and understanding of the role.","Overall, it has been a valuable and rewarding experience that has strengthened my skills and understanding of the role.",Positive,0.9520643949508667,Accepted,Positive
32,14,bank islam,review_body_text,1,What is the best part of working at the company?,"What is the best part of working at the company? Managing 17 staff and Data center facility What is the most stressful part about working at the company? Managing Staff and arrangement of shift work What is the work environment and culture like at the company? flexible and relax environment What is a typical day like for you at the company? A typical day for me usually starts with reviewing priorities and any urgent items from emails or system alerts. I then focus on my core responsibilities handling assigned tasks, resolving issues, and supporting ongoing projects.",Positive,0.8981525897979736,Accepted,Positive
32,14,bank islam,review_body_text,2,Managing 17 staff and Data center facility What is the most stressful part about working at the company?,"What is the best part of working at the company? Managing 17 staff and Data center facility What is the most stressful part about working at the company? Managing Staff and arrangement of shift work What is the work environment and culture like at the company? flexible and relax environment What is a typical day like for you at the company? A typical day for me usually starts with reviewing priorities and any urgent items from emails or system alerts. I then focus on my core responsibilities handling assigned tasks, resolving issues, and supporting ongoing projects.",Negative,0.91256183385849,Accepted,Negative
32,14,bank islam,review_body_text,3,Managing Staff and arrangement of shift work What is the work environment and culture like at the company?,"What is the best part of working at the company? Managing 17 staff and Data center facility What is the most stressful part about working at the company? Managing Staff and arrangement of shift work What is the work environment and culture like at the company? flexible and relax environment What is a typical day like for you at the company? A typical day for me usually starts with reviewing priorities and any urgent items from emails or system alerts. I then focus on my core responsibilities handling assigned tasks, resolving issues, and supporting ongoing projects.",Positive,0.5448020696640015,Manual Review,Positive
32,14,bank islam,review_body_text,4,flexible and relax environment What is a typical day like for you at the company?,"What is the best part of working at the company? Managing 17 staff and Data center facility What is the most stressful part about working at the company? Managing Staff and arrangement of shift work What is the work environment and culture like at the company? flexible and relax environment What is a typical day like for you at the company? A typical day for me usually starts with reviewing priorities and any urgent items from emails or system alerts. I then focus on my core responsibilities handling assigned tasks, resolving issues, and supporting ongoing projects.",Positive,0.8519119024276733,Accepted,Positive
32,14,bank islam,review_body_text,5,A typical day for me usually starts with reviewing priorities and any urgent items from emails or system alerts.,"What is the best part of working at the company? Managing 17 staff and Data center facility What is the most stressful part about working at the company? Managing Staff and arrangement of shift work What is the work environment and culture like at the company? flexible and relax environment What is a typical day like for you at the company? A typical day for me usually starts with reviewing priorities and any urgent items from emails or system alerts. I then focus on my core responsibilities handling assigned tasks, resolving issues, and supporting ongoing projects.",Positive,0.6576871275901794,Manual Review,Positive
32,14,bank islam,review_body_text,6,"I then focus on my core responsibilities handling assigned tasks, resolving issues, and supporting ongoing projects.","What is the best part of working at the company? Managing 17 staff and Data center facility What is the most stressful part about working at the company? Managing Staff and arrangement of shift work What is the work environment and culture like at the company? flexible and relax environment What is a typical day like for you at the company? A typical day for me usually starts with reviewing priorities and any urgent items from emails or system alerts. I then focus on my core responsibilities handling assigned tasks, resolving issues, and supporting ongoing projects.",Positive,0.5454391837120056,Manual Review,Positive
33,15,RHB Bank Berhad,review_title,1,Not bad environment,Not bad environment,Positive,0.5922393202781677,Manual Review,Positive
34,15,RHB Bank Berhad,review_body_text,1,The work environment in the department varies from all function.,"The work environment in the department varies from all function. For me, I am under the Group Internal Audit function. The environment is not bad. My CIA and Head of Department is great, however I will say otherwise for my current supervisor",Positive,0.5843204259872437,Manual Review,Positive
34,15,RHB Bank Berhad,review_body_text,2,"For me, I am under the Group Internal Audit function.","The work environment in the department varies from all function. For me, I am under the Group Internal Audit function. The environment is not bad. My CIA and Head of Department is great, however I will say otherwise for my current supervisor",Negative,0.525337278842926,Manual Review,Negative
34,15,RHB Bank Berhad,review_body_text,3,The environment is not bad.,"The work environment in the department varies from all function. For me, I am under the Group Internal Audit function. The environment is not bad. My CIA and Head of Department is great, however I will say otherwise for my current supervisor",Positive,0.6190534830093384,Manual Review,Positive
34,15,RHB Bank Berhad,review_body_text,4,"My CIA and Head of Department is great, however I will say otherwise for my current supervisor","The work environment in the department varies from all function. For me, I am under the Group Internal Audit function. The environment is not bad. My CIA and Head of Department is great, however I will say otherwise for my current supervisor",Negative,0.8586974143981934,Accepted,Negative
35,16,United Overseas Bank,review_title,1,Sales oriented working culture,Sales oriented working culture,Positive,0.9626567959785461,Accepted,Positive
36,16,United Overseas Bank,review_body_text,1,Focus on offline events and activities to drive business.,"Focus on offline events and activities to drive business. Highly sales oriented culture, performance measurement more focus on individual contributor, event for non sales staff",Positive,0.5398872494697571,Manual Review,Positive
36,16,United Overseas Bank,review_body_text,2,"Highly sales oriented culture, performance measurement more focus on individual contributor, event for non sales staff","Focus on offline events and activities to drive business. Highly sales oriented culture, performance measurement more focus on individual contributor, event for non sales staff",Negative,0.8408821225166321,Accepted,Negative
37,17,Public-Bank-Berhad,review_title,1,Stressful but good colleagues,Stressful but good colleagues,Positive,0.8362836837768555,Accepted,Positive
38,17,Public-Bank-Berhad,review_body_text,1,"Can say very stressful heavy workload, but friendly people and good pay, will help me when i ask for help, very traditional and corporate work culture","Can say very stressful heavy workload, but friendly people and good pay, will help me when i ask for help, very traditional and corporate work culture",Positive,0.8375300765037537,Accepted,Positive
39,18,United Overseas Bank,review_title,1,Good place to start your career,Good place to start your career,Positive,0.9187099933624268,Accepted,Positive
40,18,United Overseas Bank,review_body_text,1,"Nice place to start your career, however lack of guidance and training provided.","Nice place to start your career, however lack of guidance and training provided. No clear goal setup by my immediate manager. Salary below market average",Negative,0.5396621823310852,Manual Review,Negative
40,18,United Overseas Bank,review_body_text,2,No clear goal setup by my immediate manager.,"Nice place to start your career, however lack of guidance and training provided. No clear goal setup by my immediate manager. Salary below market average",Negative,0.7780050039291382,Accepted,Negative
40,18,United Overseas Bank,review_body_text,3,Salary below market average,"Nice place to start your career, however lack of guidance and training provided. No clear goal setup by my immediate manager. Salary below market average",Negative,0.8257684111595154,Accepted,Negative
41,19,maybank,review_title,1,Valuable Learning Experince,Valuable Learning Experince,Positive,0.9680240750312805,Accepted,Positive
42,19,maybank,review_body_text,1,A good place to learn and improve in.,"A good place to learn and improve in. The enviroment is chill, collegues are kind and are willing to assist if faced with issues. Overall is a good oppertunity for an internship placement.",Positive,0.8991873264312744,Accepted,Positive
42,19,maybank,review_body_text,2,"The enviroment is chill, collegues are kind and are willing to assist if faced with issues.","A good place to learn and improve in. The enviroment is chill, collegues are kind and are willing to assist if faced with issues. Overall is a good oppertunity for an internship placement.",Positive,0.8591994047164917,Accepted,Positive
42,19,maybank,review_body_text,3,Overall is a good oppertunity for an internship placement.,"A good place to learn and improve in. The enviroment is chill, collegues are kind and are willing to assist if faced with issues. Overall is a good oppertunity for an internship placement.",Positive,0.8034424185752869,Accepted,Positive
44,20,Ocbc,review_body_text,1,"overall not bad, training provided, attractive remuneration package but need to work overtime most of the time for my role, quite challenging for my role","overall not bad, training provided, attractive remuneration package but need to work overtime most of the time for my role, quite challenging for my role",Positive,0.8484642505645752,Accepted,Positive
45,21,RHB Bank Berhad,review_title,1,Flexible Workplace,Flexible Workplace,Positive,0.954188346862793,Accepted,Positive
46,21,RHB Bank Berhad,review_body_text,1,Could be working from home most of the time.,"Could be working from home most of the time. It depends on the manager, some require the staffs to work from office. some department are more flexible.",Positive,0.38127681612968445,Manual Review,Positive
46,21,RHB Bank Berhad,review_body_text,2,"It depends on the manager, some require the staffs to work from office.","Could be working from home most of the time. It depends on the manager, some require the staffs to work from office. some department are more flexible.",Positive,0.45295944809913635,Manual Review,Positive
46,21,RHB Bank Berhad,review_body_text,3,some department are more flexible.,"Could be working from home most of the time. It depends on the manager, some require the staffs to work from office. some department are more flexible.",Positive,0.7371222972869873,Manual Review,Positive
47,22,RHB Bank Berhad,review_title,1,Very poor management,Very poor management,Negative,0.9464170336723328,Accepted,Negative
48,22,RHB Bank Berhad,review_body_text,1,Very poor management.,Very poor management. Not welcoming the newcomers. Unproper training. Expect us to get the highest more KPI than in JD. Leads not approachable. Sometimes they just recycle the leads to call the same customer. They will pressuring you until you resigned on your own.,Negative,0.9384796619415283,Accepted,Negative
48,22,RHB Bank Berhad,review_body_text,2,Not welcoming the newcomers.,Very poor management. Not welcoming the newcomers. Unproper training. Expect us to get the highest more KPI than in JD. Leads not approachable. Sometimes they just recycle the leads to call the same customer. They will pressuring you until you resigned on your own.,Negative,0.8191481828689575,Accepted,Negative
48,22,RHB Bank Berhad,review_body_text,3,Unproper training.,Very poor management. Not welcoming the newcomers. Unproper training. Expect us to get the highest more KPI than in JD. Leads not approachable. Sometimes they just recycle the leads to call the same customer. They will pressuring you until you resigned on your own.,Negative,0.9494925737380981,Accepted,Negative
48,22,RHB Bank Berhad,review_body_text,4,Expect us to get the highest more KPI than in JD.,Very poor management. Not welcoming the newcomers. Unproper training. Expect us to get the highest more KPI than in JD. Leads not approachable. Sometimes they just recycle the leads to call the same customer. They will pressuring you until you resigned on your own.,Positive,0.9127188324928284,Accepted,Positive
48,22,RHB Bank Berhad,review_body_text,5,Leads not approachable.,Very poor management. Not welcoming the newcomers. Unproper training. Expect us to get the highest more KPI than in JD. Leads not approachable. Sometimes they just recycle the leads to call the same customer. They will pressuring you until you resigned on your own.,Negative,0.8336486220359802,Accepted,Negative
48,22,RHB Bank Berhad,review_body_text,6,Sometimes they just recycle the leads to call the same customer.,Very poor management. Not welcoming the newcomers. Unproper training. Expect us to get the highest more KPI than in JD. Leads not approachable. Sometimes they just recycle the leads to call the same customer. They will pressuring you until you resigned on your own.,Negative,0.6836581230163574,Manual Review,Negative
48,22,RHB Bank Berhad,review_body_text,7,They will pressuring you until you resigned on your own.,Very poor management. Not welcoming the newcomers. Unproper training. Expect us to get the highest more KPI than in JD. Leads not approachable. Sometimes they just recycle the leads to call the same customer. They will pressuring you until you resigned on your own.,Negative,0.9391201138496399,Accepted,Negative
49,23,Cimb-Group,review_title,1,Supportive boss and good colleagues,Supportive boss and good colleagues,Positive,0.9334968328475952,Accepted,Positive
50,23,Cimb-Group,review_body_text,1,Depending on which team you are in.,Depending on which team you are in. In some teams you generally get good colleagues who are supportive. The remuneration is also quite good. Bonus could be up to 3-4 months in general.,Positive,0.5469075441360474,Manual Review,Positive
50,23,Cimb-Group,review_body_text,2,In some teams you generally get good colleagues who are supportive.,Depending on which team you are in. In some teams you generally get good colleagues who are supportive. The remuneration is also quite good. Bonus could be up to 3-4 months in general.,Positive,0.969525933265686,Accepted,Positive
50,23,Cimb-Group,review_body_text,3,The remuneration is also quite good.,Depending on which team you are in. In some teams you generally get good colleagues who are supportive. The remuneration is also quite good. Bonus could be up to 3-4 months in general.,Positive,0.9713155031204224,Accepted,Positive
50,23,Cimb-Group,review_body_text,4,Bonus could be up to 3-4 months in general.,Depending on which team you are in. In some teams you generally get good colleagues who are supportive. The remuneration is also quite good. Bonus could be up to 3-4 months in general.,Positive,0.7889237403869629,Accepted,Positive
51,24,Cimb-Group,review_title,1,The good thing about the management,The good thing about the management,Positive,0.9096486568450928,Accepted,Positive
52,24,Cimb-Group,review_body_text,1,Management don't come to you and shouting for target.,Management don't come to you and shouting for target. They tends to talk to you politely and keep nagging to work hard. There's this lecturing session which top management will come down and have a meeting with all sales employees at one of the branch. Expect one hour talk to persuade you work hard.,Negative,0.7300228476524353,Manual Review,Negative
52,24,Cimb-Group,review_body_text,2,They tends to talk to you politely and keep nagging to work hard.,Management don't come to you and shouting for target. They tends to talk to you politely and keep nagging to work hard. There's this lecturing session which top management will come down and have a meeting with all sales employees at one of the branch. Expect one hour talk to persuade you work hard.,Positive,0.8020644783973694,Accepted,Positive
52,24,Cimb-Group,review_body_text,3,There's this lecturing session which top management will come down and have a meeting with all sales employees at one of the branch.,Management don't come to you and shouting for target. They tends to talk to you politely and keep nagging to work hard. There's this lecturing session which top management will come down and have a meeting with all sales employees at one of the branch. Expect one hour talk to persuade you work hard.,Negative,0.9065979719161987,Accepted,Negative
52,24,Cimb-Group,review_body_text,4,Expect one hour talk to persuade you work hard.,Management don't come to you and shouting for target. They tends to talk to you politely and keep nagging to work hard. There's this lecturing session which top management will come down and have a meeting with all sales employees at one of the branch. Expect one hour talk to persuade you work hard.,Positive,0.6944129467010498,Manual Review,Positive
54,25,Public-Bank-Berhad,review_body_text,1,The Hire Purchase Department at Public Bank provides a structured and professional working environment that offers valuable exposure to consumer financing and credit operations.,"The Hire Purchase Department at Public Bank provides a structured and professional working environment that offers valuable exposure to consumer financing and credit operations. The department is well-organized, with clear procedures for loan processing, credit assessment, documentation, and compliance with banking regulations. This allows staff and trainees to understand the full hire purchase financing cycle, particularly for vehicle loans.",Positive,0.9724212884902954,Accepted,Positive
54,25,Public-Bank-Berhad,review_body_text,2,"The department is well-organized, with clear procedures for loan processing, credit assessment, documentation, and compliance with banking regulations.","The Hire Purchase Department at Public Bank provides a structured and professional working environment that offers valuable exposure to consumer financing and credit operations. The department is well-organized, with clear procedures for loan processing, credit assessment, documentation, and compliance with banking regulations. This allows staff and trainees to understand the full hire purchase financing cycle, particularly for vehicle loans.",Positive,0.9491922855377197,Accepted,Positive
54,25,Public-Bank-Berhad,review_body_text,3,"This allows staff and trainees to understand the full hire purchase financing cycle, particularly for vehicle loans.","The Hire Purchase Department at Public Bank provides a structured and professional working environment that offers valuable exposure to consumer financing and credit operations. The department is well-organized, with clear procedures for loan processing, credit assessment, documentation, and compliance with banking regulations. This allows staff and trainees to understand the full hire purchase financing cycle, particularly for vehicle loans.",Positive,0.731471061706543,Manual Review,Positive
55,26,Cimb-Group,review_title,1,friendly and supportive team.,friendly and supportive team.,Positive,0.8868880271911621,Accepted,Positive
56,26,Cimb-Group,review_body_text,1,This company provides a supportive and collaborative working environment where employees are encouraged to learn and grow professionally.,"This company provides a supportive and collaborative working environment where employees are encouraged to learn and grow professionally. The management is approachable, teamwork is highly valued, and there are good opportunities to gain hands-on experience and develop both technical and soft skills. Overall, it is a great place to build a strong career foundation.",Positive,0.9719218611717224,Accepted,Positive
56,26,Cimb-Group,review_body_text,2,"The management is approachable, teamwork is highly valued, and there are good opportunities to gain hands-on experience and develop both technical and soft skills.","This company provides a supportive and collaborative working environment where employees are encouraged to learn and grow professionally. The management is approachable, teamwork is highly valued, and there are good opportunities to gain hands-on experience and develop both technical and soft skills. Overall, it is a great place to build a strong career foundation.",Positive,0.9823756814002991,Accepted,Positive
56,26,Cimb-Group,review_body_text,3,"Overall, it is a great place to build a strong career foundation.","This company provides a supportive and collaborative working environment where employees are encouraged to learn and grow professionally. The management is approachable, teamwork is highly valued, and there are good opportunities to gain hands-on experience and develop both technical and soft skills. Overall, it is a great place to build a strong career foundation.",Positive,0.9196106791496277,Accepted,Positive
58,27,RHB Bank Berhad,review_body_text,1,Not support newcommer.,"Not support newcommer.On a personal level, they are approachable and supportive, creating a friendly and collaborative environment. They genuinely care about the team’s well-being and motivate us with positivity and encouragement. This balance of professionalism and human touch makes working under them both inspiring and enjoyable",Negative,0.7373151779174805,Manual Review,Negative
58,27,RHB Bank Berhad,review_body_text,2,"On a personal level, they are approachable and supportive, creating a friendly and collaborative environment.","Not support newcommer.On a personal level, they are approachable and supportive, creating a friendly and collaborative environment. They genuinely care about the team’s well-being and motivate us with positivity and encouragement. This balance of professionalism and human touch makes working under them both inspiring and enjoyable",Positive,0.9756879806518555,Accepted,Positive
58,27,RHB Bank Berhad,review_body_text,3,They genuinely care about the team’s well-being and motivate us with positivity and encouragement.,"Not support newcommer.On a personal level, they are approachable and supportive, creating a friendly and collaborative environment. They genuinely care about the team’s well-being and motivate us with positivity and encouragement. This balance of professionalism and human touch makes working under them both inspiring and enjoyable",Positive,0.9871923923492432,Accepted,Positive
58,27,RHB Bank Berhad,review_body_text,4,This balance of professionalism and human touch makes working under them both inspiring and enjoyable,"Not support newcommer.On a personal level, they are approachable and supportive, creating a friendly and collaborative environment. They genuinely care about the team’s well-being and motivate us with positivity and encouragement. This balance of professionalism and human touch makes working under them both inspiring and enjoyable",Positive,0.9905563592910767,Accepted,Positive
59,28,Public-Bank-Berhad,review_title,1,Structured and Hierarchy,Structured and Hierarchy,Negative,0.42961642146110535,Manual Review,Negative
60,28,Public-Bank-Berhad,review_body_text,1,The working culture is very structured and hierarchy.,The working culture is very structured and hierarchy. Multiple reporting layers. Hardly have employee empowerment. Minimal training and development programmes.,Negative,0.7558283805847168,Accepted,Negative
60,28,Public-Bank-Berhad,review_body_text,2,Multiple reporting layers.,The working culture is very structured and hierarchy. Multiple reporting layers. Hardly have employee empowerment. Minimal training and development programmes.,Negative,0.5963131189346313,Manual Review,Negative
60,28,Public-Bank-Berhad,review_body_text,3,Hardly have employee empowerment.,The working culture is very structured and hierarchy. Multiple reporting layers. Hardly have employee empowerment. Minimal training and development programmes.,Negative,0.9367467761039734,Accepted,Negative
60,28,Public-Bank-Berhad,review_body_text,4,Minimal training and development programmes.,The working culture is very structured and hierarchy. Multiple reporting layers. Hardly have employee empowerment. Minimal training and development programmes.,Negative,0.6642539501190186,Manual Review,Negative
61,29,RHB Bank Berhad,review_title,1,"Moderate work load, not So much benefit , but still free of mind","Moderate work load, not So much benefit , but still free of mind",Neutral,0.6205914616584778,Manual Review,Neutral
62,29,RHB Bank Berhad,review_body_text,1,"If you need to a higher career development and lots benefits, can option with other company.","If you need to a higher career development and lots benefits, can option with other company. But if you want to go for a reasonable and just normal job free of mind can go to here",Positive,0.8407846093177795,Accepted,Positive
62,29,RHB Bank Berhad,review_body_text,2,But if you want to go for a reasonable and just normal job free of mind can go to here,"If you need to a higher career development and lots benefits, can option with other company. But if you want to go for a reasonable and just normal job free of mind can go to here",Positive,0.6648766398429871,Manual Review,Positive
63,30,Bank-Rakyat,review_title,1,Employer of choice for everyone,Employer of choice for everyone,Positive,0.9894256591796875,Accepted,Positive
64,30,Bank-Rakyat,review_body_text,1,I enjoyed the most during work-collaboration with other departments,"I enjoyed the most during work-collaboration with other departments; as this would be the great platform to sharpen my communication skills, knowledge enhancement, grow in self-contidence & maturity and develop good teamwork",Positive,0.9546181559562683,Accepted,Positive
64,30,Bank-Rakyat,review_body_text,2,"as this would be the great platform to sharpen my communication skills, knowledge enhancement, grow in self-contidence & maturity and develop good teamwork","I enjoyed the most during work-collaboration with other departments; as this would be the great platform to sharpen my communication skills, knowledge enhancement, grow in self-contidence & maturity and develop good teamwork",Positive,0.9596051573753357,Accepted,Positive
65,30,Bank-Rakyat,pros_text,1,"Great place to work, persomal & career growth, & good perks","Great place to work, persomal & career growth, & good perks",Positive,0.9945774674415588,Accepted,Positive
66,30,Bank-Rakyat,cons_text,1,Frequent re-org/rorg restructuring due to change to the top management,Frequent re-org/rorg restructuring due to change to the top management,Negative,0.902751088142395,Accepted,Negative
67,31,maybank,review_title,1,Fast paced environment,Fast paced environment,Positive,0.8632108569145203,Accepted,Positive
68,31,maybank,review_body_text,1,Fast paced environment and can learn a lot of new things.,Fast paced environment and can learn a lot of new things. Pleasent people to work with. Great benefits and perks. Moderate level of work and life balance.,Positive,0.9657573103904724,Accepted,Positive
68,31,maybank,review_body_text,2,Pleasent people to work with.,Fast paced environment and can learn a lot of new things. Pleasent people to work with. Great benefits and perks. Moderate level of work and life balance.,Positive,0.8103446960449219,Accepted,Positive
68,31,maybank,review_body_text,3,Great benefits and perks.,Fast paced environment and can learn a lot of new things. Pleasent people to work with. Great benefits and perks. Moderate level of work and life balance.,Positive,0.9848547577857971,Accepted,Positive
68,31,maybank,review_body_text,4,Moderate level of work and life balance.,Fast paced environment and can learn a lot of new things. Pleasent people to work with. Great benefits and perks. Moderate level of work and life balance.,Positive,0.49881836771965027,Manual Review,Positive
69,32,maybank,review_title,1,Traditional & change-averse company,Traditional & change-averse company,Negative,0.7200562357902527,Manual Review,Negative
70,32,maybank,review_body_text,1,Not to say that all departments are like this but majority of leaders who has been with the bank >10years will have mentality like this.,"Not to say that all departments are like this but majority of leaders who has been with the bank >10years will have mentality like this. My advise is to ask a lot of questions during your interview so you can judge whether it is a good fit for you. Other than that, good benefits and bonus 😬",Negative,0.6645162105560303,Manual Review,Negative
70,32,maybank,review_body_text,2,My advise is to ask a lot of questions during your interview so you can judge whether it is a good fit for you.,"Not to say that all departments are like this but majority of leaders who has been with the bank >10years will have mentality like this. My advise is to ask a lot of questions during your interview so you can judge whether it is a good fit for you. Other than that, good benefits and bonus 😬",Positive,0.7132147550582886,Manual Review,Positive
70,32,maybank,review_body_text,3,"Other than that, good benefits and bonus","Not to say that all departments are like this but majority of leaders who has been with the bank >10years will have mentality like this. My advise is to ask a lot of questions during your interview so you can judge whether it is a good fit for you. Other than that, good benefits and bonus 😬",Positive,0.8769636154174805,Accepted,Positive
71,33,HSBC,review_title,1,Good benefit,Good benefit,Positive,0.9202299118041992,Accepted,Positive
72,33,HSBC,review_body_text,1,"Good benefit, good exposure, best enviroment, good bonus and everything.","Good benefit, good exposure, best enviroment, good bonus and everything. Supportive bosses, ceo , staff . Work there for 1 year. Cons workload is alot",Positive,0.9815871119499207,Accepted,Positive
72,33,HSBC,review_body_text,2,"Supportive bosses, ceo , staff .","Good benefit, good exposure, best enviroment, good bonus and everything. Supportive bosses, ceo , staff . Work there for 1 year. Cons workload is alot",Positive,0.9798415303230286,Accepted,Positive
72,33,HSBC,review_body_text,3,Work there for 1 year.,"Good benefit, good exposure, best enviroment, good bonus and everything. Supportive bosses, ceo , staff . Work there for 1 year. Cons workload is alot",Positive,0.451386421918869,Manual Review,Positive
72,33,HSBC,review_body_text,4,Cons workload is alot,"Good benefit, good exposure, best enviroment, good bonus and everything. Supportive bosses, ceo , staff . Work there for 1 year. Cons workload is alot",Negative,0.9330719709396362,Accepted,Negative
73,34,Public-Bank-Berhad,review_title,1,Fun workplace,Fun workplace,Positive,0.9309774041175842,Accepted,Positive
74,34,Public-Bank-Berhad,review_body_text,1,"My experience working here has been largely positive, with a supportive environment that encourages learning and growth.","My experience working here has been largely positive, with a supportive environment that encourages learning and growth. The team is friendly, approachable, and always willing to help when needed. I appreciate the collaborative culture, where ideas are welcomed and everyone’s input is valued. The management team is generally understanding and open to feedback, creating a comfortable space to discuss challenges and improvements. The workplace also provides good opportunities to develop new skills, whether through hands-on tasks or guidance from more experienced colleagues. The work processes are quite organized, which helps in managing tasks efficiently. While there is still room for improvement in terms of workload balance and clearer communication at times, the overall atmosphere remains motivating.",Positive,0.9661579132080078,Accepted,Positive
74,34,Public-Bank-Berhad,review_body_text,2,"The team is friendly, approachable, and always willing to help when needed.","My experience working here has been largely positive, with a supportive environment that encourages learning and growth. The team is friendly, approachable, and always willing to help when needed. I appreciate the collaborative culture, where ideas are welcomed and everyone’s input is valued. The management team is generally understanding and open to feedback, creating a comfortable space to discuss challenges and improvements. The workplace also provides good opportunities to develop new skills, whether through hands-on tasks or guidance from more experienced colleagues. The work processes are quite organized, which helps in managing tasks efficiently. While there is still room for improvement in terms of workload balance and clearer communication at times, the overall atmosphere remains motivating.",Positive,0.9508621096611023,Accepted,Positive
74,34,Public-Bank-Berhad,review_body_text,3,"I appreciate the collaborative culture, where ideas are welcomed and everyone’s input is valued.","My experience working here has been largely positive, with a supportive environment that encourages learning and growth. The team is friendly, approachable, and always willing to help when needed. I appreciate the collaborative culture, where ideas are welcomed and everyone’s input is valued. The management team is generally understanding and open to feedback, creating a comfortable space to discuss challenges and improvements. The workplace also provides good opportunities to develop new skills, whether through hands-on tasks or guidance from more experienced colleagues. The work processes are quite organized, which helps in managing tasks efficiently. While there is still room for improvement in terms of workload balance and clearer communication at times, the overall atmosphere remains motivating.",Positive,0.980070948600769,Accepted,Positive
74,34,Public-Bank-Berhad,review_body_text,4,"The management team is generally understanding and open to feedback, creating a comfortable space to discuss challenges and improvements.","My experience working here has been largely positive, with a supportive environment that encourages learning and growth. The team is friendly, approachable, and always willing to help when needed. I appreciate the collaborative culture, where ideas are welcomed and everyone’s input is valued. The management team is generally understanding and open to feedback, creating a comfortable space to discuss challenges and improvements. The workplace also provides good opportunities to develop new skills, whether through hands-on tasks or guidance from more experienced colleagues. The work processes are quite organized, which helps in managing tasks efficiently. While there is still room for improvement in terms of workload balance and clearer communication at times, the overall atmosphere remains motivating.",Positive,0.9068711996078491,Accepted,Positive
74,34,Public-Bank-Berhad,review_body_text,5,"The workplace also provides good opportunities to develop new skills, whether through hands-on tasks or guidance from more experienced colleagues.","My experience working here has been largely positive, with a supportive environment that encourages learning and growth. The team is friendly, approachable, and always willing to help when needed. I appreciate the collaborative culture, where ideas are welcomed and everyone’s input is valued. The management team is generally understanding and open to feedback, creating a comfortable space to discuss challenges and improvements. The workplace also provides good opportunities to develop new skills, whether through hands-on tasks or guidance from more experienced colleagues. The work processes are quite organized, which helps in managing tasks efficiently. While there is still room for improvement in terms of workload balance and clearer communication at times, the overall atmosphere remains motivating.",Positive,0.9601742029190063,Accepted,Positive
74,34,Public-Bank-Berhad,review_body_text,6,"The work processes are quite organized, which helps in managing tasks efficiently.","My experience working here has been largely positive, with a supportive environment that encourages learning and growth. The team is friendly, approachable, and always willing to help when needed. I appreciate the collaborative culture, where ideas are welcomed and everyone’s input is valued. The management team is generally understanding and open to feedback, creating a comfortable space to discuss challenges and improvements. The workplace also provides good opportunities to develop new skills, whether through hands-on tasks or guidance from more experienced colleagues. The work processes are quite organized, which helps in managing tasks efficiently. While there is still room for improvement in terms of workload balance and clearer communication at times, the overall atmosphere remains motivating.",Positive,0.9451032280921936,Accepted,Positive
74,34,Public-Bank-Berhad,review_body_text,7,"While there is still room for improvement in terms of workload balance and clearer communication at times, the overall atmosphere remains motivating.","My experience working here has been largely positive, with a supportive environment that encourages learning and growth. The team is friendly, approachable, and always willing to help when needed. I appreciate the collaborative culture, where ideas are welcomed and everyone’s input is valued. The management team is generally understanding and open to feedback, creating a comfortable space to discuss challenges and improvements. The workplace also provides good opportunities to develop new skills, whether through hands-on tasks or guidance from more experienced colleagues. The work processes are quite organized, which helps in managing tasks efficiently. While there is still room for improvement in terms of workload balance and clearer communication at times, the overall atmosphere remains motivating.",Positive,0.9516205191612244,Accepted,Positive
76,35,maybank,review_body_text,1,My internship at Maybank was an incredibly valuable experience.,"My internship at Maybank was an incredibly valuable experience. I learned how a leading financial institution operates and gained hands-on exposure to real banking tasks. The team was supportive and always willing to guide me, which helped me develop both technical and communication skills. I was involved in data entry, customer service, and administrative work, which improved my attention to detail and time management. The working environment was professional yet friendly, making it easy to adapt and learn. Overall, my internship at Maybank gave me a strong foundation and clearer understanding of the banking industry.",Positive,0.9689301252365112,Accepted,Positive
76,35,maybank,review_body_text,2,I learned how a leading financial institution operates and gained hands-on exposure to real banking tasks.,"My internship at Maybank was an incredibly valuable experience. I learned how a leading financial institution operates and gained hands-on exposure to real banking tasks. The team was supportive and always willing to guide me, which helped me develop both technical and communication skills. I was involved in data entry, customer service, and administrative work, which improved my attention to detail and time management. The working environment was professional yet friendly, making it easy to adapt and learn. Overall, my internship at Maybank gave me a strong foundation and clearer understanding of the banking industry.",Positive,0.9190312623977661,Accepted,Positive
76,35,maybank,review_body_text,3,"The team was supportive and always willing to guide me, which helped me develop both technical and communication skills.","My internship at Maybank was an incredibly valuable experience. I learned how a leading financial institution operates and gained hands-on exposure to real banking tasks. The team was supportive and always willing to guide me, which helped me develop both technical and communication skills. I was involved in data entry, customer service, and administrative work, which improved my attention to detail and time management. The working environment was professional yet friendly, making it easy to adapt and learn. Overall, my internship at Maybank gave me a strong foundation and clearer understanding of the banking industry.",Positive,0.9707373380661011,Accepted,Positive
76,35,maybank,review_body_text,4,"I was involved in data entry, customer service, and administrative work, which improved my attention to detail and time management.","My internship at Maybank was an incredibly valuable experience. I learned how a leading financial institution operates and gained hands-on exposure to real banking tasks. The team was supportive and always willing to guide me, which helped me develop both technical and communication skills. I was involved in data entry, customer service, and administrative work, which improved my attention to detail and time management. The working environment was professional yet friendly, making it easy to adapt and learn. Overall, my internship at Maybank gave me a strong foundation and clearer understanding of the banking industry.",Positive,0.9587464332580566,Accepted,Positive
76,35,maybank,review_body_text,5,"The working environment was professional yet friendly, making it easy to adapt and learn.","My internship at Maybank was an incredibly valuable experience. I learned how a leading financial institution operates and gained hands-on exposure to real banking tasks. The team was supportive and always willing to guide me, which helped me develop both technical and communication skills. I was involved in data entry, customer service, and administrative work, which improved my attention to detail and time management. The working environment was professional yet friendly, making it easy to adapt and learn. Overall, my internship at Maybank gave me a strong foundation and clearer understanding of the banking industry.",Positive,0.9489421248435974,Accepted,Positive
76,35,maybank,review_body_text,6,"Overall, my internship at Maybank gave me a strong foundation and clearer understanding of the banking industry.","My internship at Maybank was an incredibly valuable experience. I learned how a leading financial institution operates and gained hands-on exposure to real banking tasks. The team was supportive and always willing to guide me, which helped me develop both technical and communication skills. I was involved in data entry, customer service, and administrative work, which improved my attention to detail and time management. The working environment was professional yet friendly, making it easy to adapt and learn. Overall, my internship at Maybank gave me a strong foundation and clearer understanding of the banking industry.",Positive,0.9265776872634888,Accepted,Positive
77,36,HSBC,review_title,1,Uncertain commission,Uncertain commission,Negative,0.57326740026474,Manual Review,Negative
78,36,HSBC,review_body_text,1,"Pay commission quarterly, if u got certain amount on this quarter.","Pay commission quarterly, if u got certain amount on this quarter. Doesnt mean next quarter are the same even u achieved 100% kpi. When ask, always ends up with more question than answers",Positive,0.5910807847976685,Manual Review,Positive
78,36,HSBC,review_body_text,2,Doesnt mean next quarter are the same even u achieved 100% kpi.,"Pay commission quarterly, if u got certain amount on this quarter. Doesnt mean next quarter are the same even u achieved 100% kpi. When ask, always ends up with more question than answers",Negative,0.5827452540397644,Manual Review,Negative
78,36,HSBC,review_body_text,3,"When ask, always ends up with more question than answers","Pay commission quarterly, if u got certain amount on this quarter. Doesnt mean next quarter are the same even u achieved 100% kpi. When ask, always ends up with more question than answers",Negative,0.9034312963485718,Accepted,Negative
79,37,HSBC,review_title,1,Depends on department,Depends on department,Negative,0.5211813449859619,Manual Review,Negative
80,37,HSBC,review_body_text,1,Environment was good.,"Environment was good. Colleague helpful. Lots of benefits. Management would be depends on your dept. If you got a good boss, then its your luck. Hsbc pay good salary.",Positive,0.8239853978157043,Accepted,Positive
80,37,HSBC,review_body_text,2,Colleague helpful.,"Environment was good. Colleague helpful. Lots of benefits. Management would be depends on your dept. If you got a good boss, then its your luck. Hsbc pay good salary.",Positive,0.8660926818847656,Accepted,Positive
80,37,HSBC,review_body_text,3,Lots of benefits.,"Environment was good. Colleague helpful. Lots of benefits. Management would be depends on your dept. If you got a good boss, then its your luck. Hsbc pay good salary.",Positive,0.9466833472251892,Accepted,Positive
80,37,HSBC,review_body_text,4,Management would be depends on your dept.,"Environment was good. Colleague helpful. Lots of benefits. Management would be depends on your dept. If you got a good boss, then its your luck. Hsbc pay good salary.",Negative,0.44055095314979553,Manual Review,Negative
80,37,HSBC,review_body_text,5,"If you got a good boss, then its your luck.","Environment was good. Colleague helpful. Lots of benefits. Management would be depends on your dept. If you got a good boss, then its your luck. Hsbc pay good salary.",Positive,0.9308437705039978,Accepted,Positive
80,37,HSBC,review_body_text,6,Hsbc pay good salary.,"Environment was good. Colleague helpful. Lots of benefits. Management would be depends on your dept. If you got a good boss, then its your luck. Hsbc pay good salary.",Positive,0.9518486261367798,Accepted,Positive
81,37,HSBC,pros_text,1,"Salary, benefits","Salary, benefits",Positive,0.868678867816925,Accepted,Positive
82,37,HSBC,cons_text,1,"Shift, management leader","Shift, management leader",Negative,0.6871721744537354,Manual Review,Negative
83,38,Cimb-Group,review_title,1,Productive and fun workplace,Productive and fun workplace,Positive,0.975767970085144,Accepted,Positive
84,38,Cimb-Group,review_body_text,1,Good environment for fresh geas.,"Good environment for fresh geas. Learn a lot from the seniors & no politics in the office as well. Everyone so kind, though workloads might be heavier for senior exec, but yeah. As entry level, this is a good starter.",Positive,0.9153934717178345,Accepted,Positive
84,38,Cimb-Group,review_body_text,2,Learn a lot from the seniors & no politics in the office as well.,"Good environment for fresh geas. Learn a lot from the seniors & no politics in the office as well. Everyone so kind, though workloads might be heavier for senior exec, but yeah. As entry level, this is a good starter.",Positive,0.8071344494819641,Accepted,Positive
84,38,Cimb-Group,review_body_text,3,"Everyone so kind, though workloads might be heavier for senior exec, but yeah.","Good environment for fresh geas. Learn a lot from the seniors & no politics in the office as well. Everyone so kind, though workloads might be heavier for senior exec, but yeah. As entry level, this is a good starter.",Positive,0.9318706393241882,Accepted,Positive
84,38,Cimb-Group,review_body_text,4,"As entry level, this is a good starter.","Good environment for fresh geas. Learn a lot from the seniors & no politics in the office as well. Everyone so kind, though workloads might be heavier for senior exec, but yeah. As entry level, this is a good starter.",Positive,0.7956528663635254,Accepted,Positive
85,39,Public-Bank-Berhad,review_title,1,Good for beginners,Good for beginners,Positive,0.792923629283905,Accepted,Positive
86,39,Public-Bank-Berhad,review_body_text,1,Good salary and bonuses Alot of annual leaves Average for benefits Stress depends on department Good environment and can learn alot Overall good for starting career here,Good salary and bonuses Alot of annual leaves Average for benefits Stress depends on department Good environment and can learn alot Overall good for starting career here,Positive,0.9649795889854431,Accepted,Positive
87,40,RHB Bank Berhad,review_title,1,fun to work with,fun to work with,Positive,0.9298656582832336,Accepted,Positive
88,40,RHB Bank Berhad,review_body_text,1,good working environment but slow pace.,"good working environment but slow pace. many approval structure , compliances and hierarch to meet. very tedious job . But the people is fun and willing to share the experiences.",Positive,0.8865431547164917,Accepted,Positive
88,40,RHB Bank Berhad,review_body_text,2,"many approval structure , compliances and hierarch to meet.","good working environment but slow pace. many approval structure , compliances and hierarch to meet. very tedious job . But the people is fun and willing to share the experiences.",Negative,0.49084463715553284,Manual Review,Negative
88,40,RHB Bank Berhad,review_body_text,3,very tedious job .,"good working environment but slow pace. many approval structure , compliances and hierarch to meet. very tedious job . But the people is fun and willing to share the experiences.",Negative,0.9248393177986145,Accepted,Negative
88,40,RHB Bank Berhad,review_body_text,4,But the people is fun and willing to share the experiences.,"good working environment but slow pace. many approval structure , compliances and hierarch to meet. very tedious job . But the people is fun and willing to share the experiences.",Positive,0.930584192276001,Accepted,Positive
90,41,HSBC,review_body_text,1,Daily task have to be completed on time but don't worry because your colleagues will help you anyway when you need it.,Daily task have to be completed on time but don't worry because your colleagues will help you anyway when you need it. Teamwork is always there in the bank industry.,Positive,0.6828669309616089,Manual Review,Positive
90,41,HSBC,review_body_text,2,Teamwork is always there in the bank industry.,Daily task have to be completed on time but don't worry because your colleagues will help you anyway when you need it. Teamwork is always there in the bank industry.,Positive,0.9345358610153198,Accepted,Positive
92,42,RHB Bank Berhad,review_body_text,1,What is the best part of working at the company?,"What is the best part of working at the company? The best part of working at RHB was the supportive work environment and strong teamwork among colleagues. The management encouraged growth, provided continuous training, and valued employees’ contributions, making it a great place to build a long term career. What is the most stressful part about working at the company? As with any banking role, there were moments of pressure during peak periods or when meeting targets, but the management and team support made it manageable. The challenges helped me build resilience and improve my time management skills. What is the work environment and culture like at the company? The work culture was friendly, supportive, and team driven. Everyone worked together towards common goals, and the management valued hard work and integrity. What is a typical day like for you at the company? Every day was focused on serving clients, achieving sales goals, and supporting the team. It was a busy but enjoyable routine that kept me motivated and constantly learning.",Positive,0.8981525897979736,Accepted,Positive
92,42,RHB Bank Berhad,review_body_text,2,The best part of working at RHB was the supportive work environment and strong teamwork among colleagues.,"What is the best part of working at the company? The best part of working at RHB was the supportive work environment and strong teamwork among colleagues. The management encouraged growth, provided continuous training, and valued employees’ contributions, making it a great place to build a long term career. What is the most stressful part about working at the company? As with any banking role, there were moments of pressure during peak periods or when meeting targets, but the management and team support made it manageable. The challenges helped me build resilience and improve my time management skills. What is the work environment and culture like at the company? The work culture was friendly, supportive, and team driven. Everyone worked together towards common goals, and the management valued hard work and integrity. What is a typical day like for you at the company? Every day was focused on serving clients, achieving sales goals, and supporting the team. It was a busy but enjoyable routine that kept me motivated and constantly learning.",Positive,0.980826199054718,Accepted,Positive
92,42,RHB Bank Berhad,review_body_text,3,"The management encouraged growth, provided continuous training, and valued employees’ contributions, making it a great place to build a long term career.","What is the best part of working at the company? The best part of working at RHB was the supportive work environment and strong teamwork among colleagues. The management encouraged growth, provided continuous training, and valued employees’ contributions, making it a great place to build a long term career. What is the most stressful part about working at the company? As with any banking role, there were moments of pressure during peak periods or when meeting targets, but the management and team support made it manageable. The challenges helped me build resilience and improve my time management skills. What is the work environment and culture like at the company? The work culture was friendly, supportive, and team driven. Everyone worked together towards common goals, and the management valued hard work and integrity. What is a typical day like for you at the company? Every day was focused on serving clients, achieving sales goals, and supporting the team. It was a busy but enjoyable routine that kept me motivated and constantly learning.",Positive,0.9910684823989868,Accepted,Positive
92,42,RHB Bank Berhad,review_body_text,4,What is the most stressful part about working at the company?,"What is the best part of working at the company? The best part of working at RHB was the supportive work environment and strong teamwork among colleagues. The management encouraged growth, provided continuous training, and valued employees’ contributions, making it a great place to build a long term career. What is the most stressful part about working at the company? As with any banking role, there were moments of pressure during peak periods or when meeting targets, but the management and team support made it manageable. The challenges helped me build resilience and improve my time management skills. What is the work environment and culture like at the company? The work culture was friendly, supportive, and team driven. Everyone worked together towards common goals, and the management valued hard work and integrity. What is a typical day like for you at the company? Every day was focused on serving clients, achieving sales goals, and supporting the team. It was a busy but enjoyable routine that kept me motivated and constantly learning.",Negative,0.9303421974182129,Accepted,Negative
92,42,RHB Bank Berhad,review_body_text,5,"As with any banking role, there were moments of pressure during peak periods or when meeting targets, but the management and team support made it manageable.","What is the best part of working at the company? The best part of working at RHB was the supportive work environment and strong teamwork among colleagues. The management encouraged growth, provided continuous training, and valued employees’ contributions, making it a great place to build a long term career. What is the most stressful part about working at the company? As with any banking role, there were moments of pressure during peak periods or when meeting targets, but the management and team support made it manageable. The challenges helped me build resilience and improve my time management skills. What is the work environment and culture like at the company? The work culture was friendly, supportive, and team driven. Everyone worked together towards common goals, and the management valued hard work and integrity. What is a typical day like for you at the company? Every day was focused on serving clients, achieving sales goals, and supporting the team. It was a busy but enjoyable routine that kept me motivated and constantly learning.",Positive,0.451171875,Manual Review,Positive
92,42,RHB Bank Berhad,review_body_text,6,The challenges helped me build resilience and improve my time management skills.,"What is the best part of working at the company? The best part of working at RHB was the supportive work environment and strong teamwork among colleagues. The management encouraged growth, provided continuous training, and valued employees’ contributions, making it a great place to build a long term career. What is the most stressful part about working at the company? As with any banking role, there were moments of pressure during peak periods or when meeting targets, but the management and team support made it manageable. The challenges helped me build resilience and improve my time management skills. What is the work environment and culture like at the company? The work culture was friendly, supportive, and team driven. Everyone worked together towards common goals, and the management valued hard work and integrity. What is a typical day like for you at the company? Every day was focused on serving clients, achieving sales goals, and supporting the team. It was a busy but enjoyable routine that kept me motivated and constantly learning.",Positive,0.8648415207862854,Accepted,Positive
92,42,RHB Bank Berhad,review_body_text,7,What is the work environment and culture like at the company?,"What is the best part of working at the company? The best part of working at RHB was the supportive work environment and strong teamwork among colleagues. The management encouraged growth, provided continuous training, and valued employees’ contributions, making it a great place to build a long term career. What is the most stressful part about working at the company? As with any banking role, there were moments of pressure during peak periods or when meeting targets, but the management and team support made it manageable. The challenges helped me build resilience and improve my time management skills. What is the work environment and culture like at the company? The work culture was friendly, supportive, and team driven. Everyone worked together towards common goals, and the management valued hard work and integrity. What is a typical day like for you at the company? Every day was focused on serving clients, achieving sales goals, and supporting the team. It was a busy but enjoyable routine that kept me motivated and constantly learning.",Positive,0.5594784617424011,Manual Review,Positive
92,42,RHB Bank Berhad,review_body_text,8,"The work culture was friendly, supportive, and team driven.","What is the best part of working at the company? The best part of working at RHB was the supportive work environment and strong teamwork among colleagues. The management encouraged growth, provided continuous training, and valued employees’ contributions, making it a great place to build a long term career. What is the most stressful part about working at the company? As with any banking role, there were moments of pressure during peak periods or when meeting targets, but the management and team support made it manageable. The challenges helped me build resilience and improve my time management skills. What is the work environment and culture like at the company? The work culture was friendly, supportive, and team driven. Everyone worked together towards common goals, and the management valued hard work and integrity. What is a typical day like for you at the company? Every day was focused on serving clients, achieving sales goals, and supporting the team. It was a busy but enjoyable routine that kept me motivated and constantly learning.",Positive,0.9742153286933899,Accepted,Positive
92,42,RHB Bank Berhad,review_body_text,9,"Everyone worked together towards common goals, and the management valued hard work and integrity.","What is the best part of working at the company? The best part of working at RHB was the supportive work environment and strong teamwork among colleagues. The management encouraged growth, provided continuous training, and valued employees’ contributions, making it a great place to build a long term career. What is the most stressful part about working at the company? As with any banking role, there were moments of pressure during peak periods or when meeting targets, but the management and team support made it manageable. The challenges helped me build resilience and improve my time management skills. What is the work environment and culture like at the company? The work culture was friendly, supportive, and team driven. Everyone worked together towards common goals, and the management valued hard work and integrity. What is a typical day like for you at the company? Every day was focused on serving clients, achieving sales goals, and supporting the team. It was a busy but enjoyable routine that kept me motivated and constantly learning.",Positive,0.9461496472358704,Accepted,Positive
92,42,RHB Bank Berhad,review_body_text,10,What is a typical day like for you at the company?,"What is the best part of working at the company? The best part of working at RHB was the supportive work environment and strong teamwork among colleagues. The management encouraged growth, provided continuous training, and valued employees’ contributions, making it a great place to build a long term career. What is the most stressful part about working at the company? As with any banking role, there were moments of pressure during peak periods or when meeting targets, but the management and team support made it manageable. The challenges helped me build resilience and improve my time management skills. What is the work environment and culture like at the company? The work culture was friendly, supportive, and team driven. Everyone worked together towards common goals, and the management valued hard work and integrity. What is a typical day like for you at the company? Every day was focused on serving clients, achieving sales goals, and supporting the team. It was a busy but enjoyable routine that kept me motivated and constantly learning.",Positive,0.49403467774391174,Manual Review,Positive
92,42,RHB Bank Berhad,review_body_text,11,"Every day was focused on serving clients, achieving sales goals, and supporting the team.","What is the best part of working at the company? The best part of working at RHB was the supportive work environment and strong teamwork among colleagues. The management encouraged growth, provided continuous training, and valued employees’ contributions, making it a great place to build a long term career. What is the most stressful part about working at the company? As with any banking role, there were moments of pressure during peak periods or when meeting targets, but the management and team support made it manageable. The challenges helped me build resilience and improve my time management skills. What is the work environment and culture like at the company? The work culture was friendly, supportive, and team driven. Everyone worked together towards common goals, and the management valued hard work and integrity. What is a typical day like for you at the company? Every day was focused on serving clients, achieving sales goals, and supporting the team. It was a busy but enjoyable routine that kept me motivated and constantly learning.",Positive,0.9105852246284485,Accepted,Positive
92,42,RHB Bank Berhad,review_body_text,12,It was a busy but enjoyable routine that kept me motivated and constantly learning.,"What is the best part of working at the company? The best part of working at RHB was the supportive work environment and strong teamwork among colleagues. The management encouraged growth, provided continuous training, and valued employees’ contributions, making it a great place to build a long term career. What is the most stressful part about working at the company? As with any banking role, there were moments of pressure during peak periods or when meeting targets, but the management and team support made it manageable. The challenges helped me build resilience and improve my time management skills. What is the work environment and culture like at the company? The work culture was friendly, supportive, and team driven. Everyone worked together towards common goals, and the management valued hard work and integrity. What is a typical day like for you at the company? Every day was focused on serving clients, achieving sales goals, and supporting the team. It was a busy but enjoyable routine that kept me motivated and constantly learning.",Positive,0.9554380178451538,Accepted,Positive
93,43,Public-Bank-Berhad,review_title,1,"Very heavy workloads, no work life balance & toxic management","Very heavy workloads, no work life balance & toxic management",Negative,0.9910252094268799,Accepted,Negative
94,43,Public-Bank-Berhad,review_body_text,1,'- I always saw my colleagues were always working during their annual leaves and weekends in the office for the whole day due to strict deadlines set by ISO regulations,"'- I always saw my colleagues were always working during their annual leaves and weekends in the office for the whole day due to strict deadlines set by ISO regulations - My mentor even asked me to cancel my annual leaves to complete my workloads, and my mentor asked me to complete my workloads during my annual leaves, weekends and public holiday despite unrealistic goals set by the boss and the team. - Your workload will be increased without letting you know in advance or without asking your permission to do so. - Your colleagues will punish you with extra workloads if you didn't complete their KPI (number of cases to be completed per day) - Even if you have a little progress within 4 months, the boss and my mentor won't be happy or celebrate your progress, the only thing they do is by forcing you to do faster with increasing amount of workloads. - My mentor has very biased treatment, my mentor is always friendly towards the other colleagues (who are close to my mentor), but when comes to my male colleague (in same department) and me as a new worker, my mentor always give very bad compliment or judge us in a biased way. My mentor also reacted excessively on trivial things about me and controlled me on every movement (""Don't show that you are not happy, because I saw you that you banged the table with documents"", while the actual event: The documents are too heavy that I can't carry properly, hence I have to arrange the documents with accidental bang). My mentor also talked bad about male colleague behind his back when male colleague took MC due to his illness.",Negative,0.9243133068084717,Accepted,Negative
94,43,Public-Bank-Berhad,review_body_text,2,"My mentor even asked me to cancel my annual leaves to complete my workloads, and my mentor asked me to complete my workloads during my annual leaves, weekends and public holiday despite unrealistic goals set by the boss and the team.","'- I always saw my colleagues were always working during their annual leaves and weekends in the office for the whole day due to strict deadlines set by ISO regulations - My mentor even asked me to cancel my annual leaves to complete my workloads, and my mentor asked me to complete my workloads during my annual leaves, weekends and public holiday despite unrealistic goals set by the boss and the team. - Your workload will be increased without letting you know in advance or without asking your permission to do so. - Your colleagues will punish you with extra workloads if you didn't complete their KPI (number of cases to be completed per day) - Even if you have a little progress within 4 months, the boss and my mentor won't be happy or celebrate your progress, the only thing they do is by forcing you to do faster with increasing amount of workloads. - My mentor has very biased treatment, my mentor is always friendly towards the other colleagues (who are close to my mentor), but when comes to my male colleague (in same department) and me as a new worker, my mentor always give very bad compliment or judge us in a biased way. My mentor also reacted excessively on trivial things about me and controlled me on every movement (""Don't show that you are not happy, because I saw you that you banged the table with documents"", while the actual event: The documents are too heavy that I can't carry properly, hence I have to arrange the documents with accidental bang). My mentor also talked bad about male colleague behind his back when male colleague took MC due to his illness.",Negative,0.7853670120239258,Accepted,Negative
94,43,Public-Bank-Berhad,review_body_text,3,Your workload will be increased without letting you know in advance or without asking your permission to do so.,"'- I always saw my colleagues were always working during their annual leaves and weekends in the office for the whole day due to strict deadlines set by ISO regulations - My mentor even asked me to cancel my annual leaves to complete my workloads, and my mentor asked me to complete my workloads during my annual leaves, weekends and public holiday despite unrealistic goals set by the boss and the team. - Your workload will be increased without letting you know in advance or without asking your permission to do so. - Your colleagues will punish you with extra workloads if you didn't complete their KPI (number of cases to be completed per day) - Even if you have a little progress within 4 months, the boss and my mentor won't be happy or celebrate your progress, the only thing they do is by forcing you to do faster with increasing amount of workloads. - My mentor has very biased treatment, my mentor is always friendly towards the other colleagues (who are close to my mentor), but when comes to my male colleague (in same department) and me as a new worker, my mentor always give very bad compliment or judge us in a biased way. My mentor also reacted excessively on trivial things about me and controlled me on every movement (""Don't show that you are not happy, because I saw you that you banged the table with documents"", while the actual event: The documents are too heavy that I can't carry properly, hence I have to arrange the documents with accidental bang). My mentor also talked bad about male colleague behind his back when male colleague took MC due to his illness.",Negative,0.9566855430603027,Accepted,Negative
94,43,Public-Bank-Berhad,review_body_text,4,Your colleagues will punish you with extra workloads if you didn't complete their KPI (number of cases to be completed per day),"'- I always saw my colleagues were always working during their annual leaves and weekends in the office for the whole day due to strict deadlines set by ISO regulations - My mentor even asked me to cancel my annual leaves to complete my workloads, and my mentor asked me to complete my workloads during my annual leaves, weekends and public holiday despite unrealistic goals set by the boss and the team. - Your workload will be increased without letting you know in advance or without asking your permission to do so. - Your colleagues will punish you with extra workloads if you didn't complete their KPI (number of cases to be completed per day) - Even if you have a little progress within 4 months, the boss and my mentor won't be happy or celebrate your progress, the only thing they do is by forcing you to do faster with increasing amount of workloads. - My mentor has very biased treatment, my mentor is always friendly towards the other colleagues (who are close to my mentor), but when comes to my male colleague (in same department) and me as a new worker, my mentor always give very bad compliment or judge us in a biased way. My mentor also reacted excessively on trivial things about me and controlled me on every movement (""Don't show that you are not happy, because I saw you that you banged the table with documents"", while the actual event: The documents are too heavy that I can't carry properly, hence I have to arrange the documents with accidental bang). My mentor also talked bad about male colleague behind his back when male colleague took MC due to his illness.",Negative,0.9622811675071716,Accepted,Negative
94,43,Public-Bank-Berhad,review_body_text,5,"Even if you have a little progress within 4 months, the boss and my mentor won't be happy or celebrate your progress, the only thing they do is by forcing you to do faster with increasing amount of workloads.","'- I always saw my colleagues were always working during their annual leaves and weekends in the office for the whole day due to strict deadlines set by ISO regulations - My mentor even asked me to cancel my annual leaves to complete my workloads, and my mentor asked me to complete my workloads during my annual leaves, weekends and public holiday despite unrealistic goals set by the boss and the team. - Your workload will be increased without letting you know in advance or without asking your permission to do so. - Your colleagues will punish you with extra workloads if you didn't complete their KPI (number of cases to be completed per day) - Even if you have a little progress within 4 months, the boss and my mentor won't be happy or celebrate your progress, the only thing they do is by forcing you to do faster with increasing amount of workloads. - My mentor has very biased treatment, my mentor is always friendly towards the other colleagues (who are close to my mentor), but when comes to my male colleague (in same department) and me as a new worker, my mentor always give very bad compliment or judge us in a biased way. My mentor also reacted excessively on trivial things about me and controlled me on every movement (""Don't show that you are not happy, because I saw you that you banged the table with documents"", while the actual event: The documents are too heavy that I can't carry properly, hence I have to arrange the documents with accidental bang). My mentor also talked bad about male colleague behind his back when male colleague took MC due to his illness.",Negative,0.9435303807258606,Accepted,Negative
94,43,Public-Bank-Berhad,review_body_text,6,"My mentor has very biased treatment, my mentor is always friendly towards the other colleagues (who are close to my mentor), but when comes to my male colleague (in same department) and me as a new worker, my mentor always give very bad compliment or judge us in a biased way.","'- I always saw my colleagues were always working during their annual leaves and weekends in the office for the whole day due to strict deadlines set by ISO regulations - My mentor even asked me to cancel my annual leaves to complete my workloads, and my mentor asked me to complete my workloads during my annual leaves, weekends and public holiday despite unrealistic goals set by the boss and the team. - Your workload will be increased without letting you know in advance or without asking your permission to do so. - Your colleagues will punish you with extra workloads if you didn't complete their KPI (number of cases to be completed per day) - Even if you have a little progress within 4 months, the boss and my mentor won't be happy or celebrate your progress, the only thing they do is by forcing you to do faster with increasing amount of workloads. - My mentor has very biased treatment, my mentor is always friendly towards the other colleagues (who are close to my mentor), but when comes to my male colleague (in same department) and me as a new worker, my mentor always give very bad compliment or judge us in a biased way. My mentor also reacted excessively on trivial things about me and controlled me on every movement (""Don't show that you are not happy, because I saw you that you banged the table with documents"", while the actual event: The documents are too heavy that I can't carry properly, hence I have to arrange the documents with accidental bang). My mentor also talked bad about male colleague behind his back when male colleague took MC due to his illness.",Negative,0.980006217956543,Accepted,Negative
94,43,Public-Bank-Berhad,review_body_text,7,"My mentor also reacted excessively on trivial things about me and controlled me on every movement (""Don't show that you are not happy, because I saw you that you banged the table with documents"", while the actual event: The documents are too heavy that I can't carry properly, hence I have to arrange the documents with accidental bang).","'- I always saw my colleagues were always working during their annual leaves and weekends in the office for the whole day due to strict deadlines set by ISO regulations - My mentor even asked me to cancel my annual leaves to complete my workloads, and my mentor asked me to complete my workloads during my annual leaves, weekends and public holiday despite unrealistic goals set by the boss and the team. - Your workload will be increased without letting you know in advance or without asking your permission to do so. - Your colleagues will punish you with extra workloads if you didn't complete their KPI (number of cases to be completed per day) - Even if you have a little progress within 4 months, the boss and my mentor won't be happy or celebrate your progress, the only thing they do is by forcing you to do faster with increasing amount of workloads. - My mentor has very biased treatment, my mentor is always friendly towards the other colleagues (who are close to my mentor), but when comes to my male colleague (in same department) and me as a new worker, my mentor always give very bad compliment or judge us in a biased way. My mentor also reacted excessively on trivial things about me and controlled me on every movement (""Don't show that you are not happy, because I saw you that you banged the table with documents"", while the actual event: The documents are too heavy that I can't carry properly, hence I have to arrange the documents with accidental bang). My mentor also talked bad about male colleague behind his back when male colleague took MC due to his illness.",Negative,0.9880237579345703,Accepted,Negative
94,43,Public-Bank-Berhad,review_body_text,8,My mentor also talked bad about male colleague behind his back when male colleague took MC due to his illness.,"'- I always saw my colleagues were always working during their annual leaves and weekends in the office for the whole day due to strict deadlines set by ISO regulations - My mentor even asked me to cancel my annual leaves to complete my workloads, and my mentor asked me to complete my workloads during my annual leaves, weekends and public holiday despite unrealistic goals set by the boss and the team. - Your workload will be increased without letting you know in advance or without asking your permission to do so. - Your colleagues will punish you with extra workloads if you didn't complete their KPI (number of cases to be completed per day) - Even if you have a little progress within 4 months, the boss and my mentor won't be happy or celebrate your progress, the only thing they do is by forcing you to do faster with increasing amount of workloads. - My mentor has very biased treatment, my mentor is always friendly towards the other colleagues (who are close to my mentor), but when comes to my male colleague (in same department) and me as a new worker, my mentor always give very bad compliment or judge us in a biased way. My mentor also reacted excessively on trivial things about me and controlled me on every movement (""Don't show that you are not happy, because I saw you that you banged the table with documents"", while the actual event: The documents are too heavy that I can't carry properly, hence I have to arrange the documents with accidental bang). My mentor also talked bad about male colleague behind his back when male colleague took MC due to his illness.",Negative,0.9875303506851196,Accepted,Negative
95,43,Public-Bank-Berhad,pros_text,1,"Very Good Salary, Training","Very Good Salary, Training",Positive,0.9886487722396851,Accepted,Positive
96,43,Public-Bank-Berhad,cons_text,1,"No work life balance, toxic & poor management","No work life balance, toxic & poor management",Negative,0.9936692118644714,Accepted,Negative
97,44,Ocbc,review_title,1,"Stressful, Unfair","Stressful, Unfair",Negative,0.9827142357826233,Accepted,Negative
98,44,Ocbc,review_body_text,1,The O & T dept employees made me too shame to work together.,"The O & T dept employees made me too shame to work together. They took advantage to bully me and asked me to leave the company, other colleagues she treated well. Whenever I had a problem in my works, they asked me to solve it myself. I felt stress and harmful to continue my job, lastly I suggested to leave the organization.",Negative,0.9958534240722656,Accepted,Negative
98,44,Ocbc,review_body_text,2,"They took advantage to bully me and asked me to leave the company, other colleagues she treated well.","The O & T dept employees made me too shame to work together. They took advantage to bully me and asked me to leave the company, other colleagues she treated well. Whenever I had a problem in my works, they asked me to solve it myself. I felt stress and harmful to continue my job, lastly I suggested to leave the organization.",Negative,0.9929953217506409,Accepted,Negative
98,44,Ocbc,review_body_text,3,"Whenever I had a problem in my works, they asked me to solve it myself.","The O & T dept employees made me too shame to work together. They took advantage to bully me and asked me to leave the company, other colleagues she treated well. Whenever I had a problem in my works, they asked me to solve it myself. I felt stress and harmful to continue my job, lastly I suggested to leave the organization.",Negative,0.7276842594146729,Manual Review,Negative
98,44,Ocbc,review_body_text,4,"I felt stress and harmful to continue my job, lastly I suggested to leave the organization.","The O & T dept employees made me too shame to work together. They took advantage to bully me and asked me to leave the company, other colleagues she treated well. Whenever I had a problem in my works, they asked me to solve it myself. I felt stress and harmful to continue my job, lastly I suggested to leave the organization.",Negative,0.9809459447860718,Accepted,Negative
99,44,Ocbc,cons_text,1,"Shame, unfair, hurting, unhumanity","Shame, unfair, hurting, unhumanity",Negative,0.9780294299125671,Accepted,Negative
100,45,maybank,review_title,1,Perfect for learning,Perfect for learning,Positive,0.9153174161911011,Accepted,Positive
101,45,maybank,review_body_text,1,A great place to learn and grow as an intern.,"A great place to learn and grow as an intern. The environment is supportive, with great leaders and amazing teammates who are always willing to help. There’s a good work-life balance, especially with the weekly work-from-home option. Things can get a bit hectic during system changes, but overall it’s a valuable and enjoyable learning experience.",Positive,0.9822826385498047,Accepted,Positive
101,45,maybank,review_body_text,2,"The environment is supportive, with great leaders and amazing teammates who are always willing to help.","A great place to learn and grow as an intern. The environment is supportive, with great leaders and amazing teammates who are always willing to help. There’s a good work-life balance, especially with the weekly work-from-home option. Things can get a bit hectic during system changes, but overall it’s a valuable and enjoyable learning experience.",Positive,0.9753528833389282,Accepted,Positive
101,45,maybank,review_body_text,3,"There’s a good work-life balance, especially with the weekly work-from-home option.","A great place to learn and grow as an intern. The environment is supportive, with great leaders and amazing teammates who are always willing to help. There’s a good work-life balance, especially with the weekly work-from-home option. Things can get a bit hectic during system changes, but overall it’s a valuable and enjoyable learning experience.",Positive,0.9747170209884644,Accepted,Positive
101,45,maybank,review_body_text,4,"Things can get a bit hectic during system changes, but overall it’s a valuable and enjoyable learning experience.","A great place to learn and grow as an intern. The environment is supportive, with great leaders and amazing teammates who are always willing to help. There’s a good work-life balance, especially with the weekly work-from-home option. Things can get a bit hectic during system changes, but overall it’s a valuable and enjoyable learning experience.",Positive,0.8886957168579102,Accepted,Positive
102,46,Cimb-Group,review_title,1,Good workplace,Good workplace,Positive,0.8801255822181702,Accepted,Positive
103,46,Cimb-Group,review_body_text,1,"Outpatient, dental, optical, health check-up coverage, travelling claim","1) Outpatient, dental, optical, health check-up coverage, travelling claim 2) Maternity leave six months. 3) Bosses are good. 4) KPI is very agile, adjustable.",Positive,0.7321074604988098,Manual Review,Positive
103,46,Cimb-Group,review_body_text,2,Maternity leave six months.,"1) Outpatient, dental, optical, health check-up coverage, travelling claim 2) Maternity leave six months. 3) Bosses are good. 4) KPI is very agile, adjustable.",Positive,0.5191136002540588,Manual Review,Positive
103,46,Cimb-Group,review_body_text,3,Bosses are good.,"1) Outpatient, dental, optical, health check-up coverage, travelling claim 2) Maternity leave six months. 3) Bosses are good. 4) KPI is very agile, adjustable.",Positive,0.8966453671455383,Accepted,Positive
103,46,Cimb-Group,review_body_text,4,"KPI is very agile, adjustable.","1) Outpatient, dental, optical, health check-up coverage, travelling claim 2) Maternity leave six months. 3) Bosses are good. 4) KPI is very agile, adjustable.",Positive,0.7520302534103394,Accepted,Positive
104,47,maybank,review_title,1,very good experience because can learn about work environment,very good experience because can learn about work environment,Positive,0.9859331846237183,Accepted,Positive
105,47,maybank,review_body_text,1,What is the best part of working at the company?,What is the best part of working at the company? friendly staff and good environment. What is the most stressful part about working at the company? stress if there is any accidental mistake that we didn't notice and need to re do whole thing.,Positive,0.8981525897979736,Accepted,Positive
105,47,maybank,review_body_text,2,friendly staff and good environment.,What is the best part of working at the company? friendly staff and good environment. What is the most stressful part about working at the company? stress if there is any accidental mistake that we didn't notice and need to re do whole thing.,Positive,0.9467406868934631,Accepted,Positive
105,47,maybank,review_body_text,3,What is the most stressful part about working at the company?,What is the best part of working at the company? friendly staff and good environment. What is the most stressful part about working at the company? stress if there is any accidental mistake that we didn't notice and need to re do whole thing.,Negative,0.9303421974182129,Accepted,Negative
105,47,maybank,review_body_text,4,stress if there is any accidental mistake that we didn't notice and need to re do whole thing.,What is the best part of working at the company? friendly staff and good environment. What is the most stressful part about working at the company? stress if there is any accidental mistake that we didn't notice and need to re do whole thing.,Negative,0.9204224944114685,Accepted,Negative
106,48,bank islam,review_title,1,An All-rounder benefits kind of company.,An All-rounder benefits kind of company. Work-life balance on top!,Positive,0.9178162813186646,Accepted,Positive
106,48,bank islam,review_title,2,Work-life balance on top!,An All-rounder benefits kind of company. Work-life balance on top!,Positive,0.9915059804916382,Accepted,Positive
107,48,bank islam,review_body_text,1,The best working place for intern.,"The best working place for intern. The allowance are great. All colleagues, team leaders and seniors are all great. The work-life balance here is to die for. One in a million.",Positive,0.9838932156562805,Accepted,Positive
107,48,bank islam,review_body_text,2,The allowance are great.,"The best working place for intern. The allowance are great. All colleagues, team leaders and seniors are all great. The work-life balance here is to die for. One in a million.",Positive,0.9487398266792297,Accepted,Positive
107,48,bank islam,review_body_text,3,"All colleagues, team leaders and seniors are all great.","The best working place for intern. The allowance are great. All colleagues, team leaders and seniors are all great. The work-life balance here is to die for. One in a million.",Positive,0.9661010503768921,Accepted,Positive
107,48,bank islam,review_body_text,4,The work-life balance here is to die for.,"The best working place for intern. The allowance are great. All colleagues, team leaders and seniors are all great. The work-life balance here is to die for. One in a million.",Positive,0.9889290928840637,Accepted,Positive
107,48,bank islam,review_body_text,5,One in a million.,"The best working place for intern. The allowance are great. All colleagues, team leaders and seniors are all great. The work-life balance here is to die for. One in a million.",Negative,0.4784097373485565,Manual Review,Negative
108,49,United Overseas Bank,review_title,1,Good benefit but high volume,Good benefit but high volume,Positive,0.832844078540802,Accepted,Positive
109,49,United Overseas Bank,review_body_text,1,"A lot of parties or events, good for extrovert but not a good thing for introverts.","A lot of parties or events, good for extrovert but not a good thing for introverts. Still a lot of manual work and very volume based KPI. Team lead quality is average. Good benefits like flexcare.",Negative,0.7656864523887634,Accepted,Negative
109,49,United Overseas Bank,review_body_text,2,Still a lot of manual work and very volume based KPI.,"A lot of parties or events, good for extrovert but not a good thing for introverts. Still a lot of manual work and very volume based KPI. Team lead quality is average. Good benefits like flexcare.",Negative,0.6466624140739441,Manual Review,Negative
109,49,United Overseas Bank,review_body_text,3,Team lead quality is average.,"A lot of parties or events, good for extrovert but not a good thing for introverts. Still a lot of manual work and very volume based KPI. Team lead quality is average. Good benefits like flexcare.",Neutral,0.5318040251731873,Manual Review,Neutral
109,49,United Overseas Bank,review_body_text,4,Good benefits like flexcare.,"A lot of parties or events, good for extrovert but not a good thing for introverts. Still a lot of manual work and very volume based KPI. Team lead quality is average. Good benefits like flexcare.",Positive,0.9603846669197083,Accepted,Positive
111,50,HSBC,review_body_text,1,"limited support and some bias in how situations are handled, especially concerning differences in religion.","limited support and some bias in how situations are handled, especially concerning differences in religion. At times, certain staff members have spoken harshly or disrespectfully toward others, yet no action was taken to address it. For personal growth, it would help if staff are encouraged to practice discipline and self-development. Additionally, there appears to be a lack of transparency in commission structures, with practices that may unintentionally favor certain individuals. Clearer, fairer systems would build more trust and motivation among the team. Career growth no unless you are chinese",Negative,0.9489232301712036,Accepted,Negative
111,50,HSBC,review_body_text,2,"At times, certain staff members have spoken harshly or disrespectfully toward others, yet no action was taken to address it.","limited support and some bias in how situations are handled, especially concerning differences in religion. At times, certain staff members have spoken harshly or disrespectfully toward others, yet no action was taken to address it. For personal growth, it would help if staff are encouraged to practice discipline and self-development. Additionally, there appears to be a lack of transparency in commission structures, with practices that may unintentionally favor certain individuals. Clearer, fairer systems would build more trust and motivation among the team. Career growth no unless you are chinese",Negative,0.9866503477096558,Accepted,Negative
111,50,HSBC,review_body_text,3,"For personal growth, it would help if staff are encouraged to practice discipline and self-development.","limited support and some bias in how situations are handled, especially concerning differences in religion. At times, certain staff members have spoken harshly or disrespectfully toward others, yet no action was taken to address it. For personal growth, it would help if staff are encouraged to practice discipline and self-development. Additionally, there appears to be a lack of transparency in commission structures, with practices that may unintentionally favor certain individuals. Clearer, fairer systems would build more trust and motivation among the team. Career growth no unless you are chinese",Positive,0.5949162244796753,Manual Review,Positive
111,50,HSBC,review_body_text,4,"Additionally, there appears to be a lack of transparency in commission structures, with practices that may unintentionally favor certain individuals.","limited support and some bias in how situations are handled, especially concerning differences in religion. At times, certain staff members have spoken harshly or disrespectfully toward others, yet no action was taken to address it. For personal growth, it would help if staff are encouraged to practice discipline and self-development. Additionally, there appears to be a lack of transparency in commission structures, with practices that may unintentionally favor certain individuals. Clearer, fairer systems would build more trust and motivation among the team. Career growth no unless you are chinese",Negative,0.9662252068519592,Accepted,Negative
111,50,HSBC,review_body_text,5,"Clearer, fairer systems would build more trust and motivation among the team.","limited support and some bias in how situations are handled, especially concerning differences in religion. At times, certain staff members have spoken harshly or disrespectfully toward others, yet no action was taken to address it. For personal growth, it would help if staff are encouraged to practice discipline and self-development. Additionally, there appears to be a lack of transparency in commission structures, with practices that may unintentionally favor certain individuals. Clearer, fairer systems would build more trust and motivation among the team. Career growth no unless you are chinese",Positive,0.7395797967910767,Manual Review,Positive
111,50,HSBC,review_body_text,6,Career growth no unless you are chinese,"limited support and some bias in how situations are handled, especially concerning differences in religion. At times, certain staff members have spoken harshly or disrespectfully toward others, yet no action was taken to address it. For personal growth, it would help if staff are encouraged to practice discipline and self-development. Additionally, there appears to be a lack of transparency in commission structures, with practices that may unintentionally favor certain individuals. Clearer, fairer systems would build more trust and motivation among the team. Career growth no unless you are chinese",Negative,0.9268631339073181,Accepted,Negative
112,51,bank islam,review_title,1,Good pay for OT,Good pay for OT,Positive,0.9449464082717896,Accepted,Positive
113,51,bank islam,review_body_text,1,Pros: staff mostly friendly.,Pros: staff mostly friendly. Good OT pay. Staff got a lot of AL Cons: Management. Messy SOP No career advancement Old equipment Hard to apply for AL even got alot of it,Positive,0.9877669811248779,Accepted,Positive
113,51,bank islam,review_body_text,2,Good OT pay.,Pros: staff mostly friendly. Good OT pay. Staff got a lot of AL Cons: Management. Messy SOP No career advancement Old equipment Hard to apply for AL even got alot of it,Positive,0.9500262141227722,Accepted,Positive
113,51,bank islam,review_body_text,3,Staff got a lot of AL,Pros: staff mostly friendly. Good OT pay. Staff got a lot of AL Cons: Management. Messy SOP No career advancement Old equipment Hard to apply for AL even got alot of it,Positive,0.7070281505584717,Manual Review,Positive
113,51,bank islam,review_body_text,4,Cons: Management.,Pros: staff mostly friendly. Good OT pay. Staff got a lot of AL Cons: Management. Messy SOP No career advancement Old equipment Hard to apply for AL even got alot of it,Negative,0.9540690183639526,Accepted,Negative
113,51,bank islam,review_body_text,5,Messy SOP No career advancement Old equipment Hard to apply for AL even got alot of it,Pros: staff mostly friendly. Good OT pay. Staff got a lot of AL Cons: Management. Messy SOP No career advancement Old equipment Hard to apply for AL even got alot of it,Negative,0.9730328917503357,Accepted,Negative
114,52,Cimb-Group,review_title,1,"Kpi very strict, no work life balance","Kpi very strict, no work life balance",Negative,0.9810973405838013,Accepted,Negative
115,52,Cimb-Group,review_body_text,1,"Kpi very strict, no work life balance, but is very good to learn a new things but your should depend by yourself because nobody will no help your because everyone is busy","Kpi very strict, no work life balance, but is very good to learn a new things but your should depend by yourself because nobody will no help your because everyone is busy",Negative,0.938057541847229,Accepted,Negative
116,53,Public-Bank-Berhad,review_title,1,Forget about life if u work in this company,Forget about life if u work in this company,Negative,0.9831220507621765,Accepted,Negative
117,53,Public-Bank-Berhad,review_body_text,1,"Place to look for experience only (1 - 2 years cap), dont mind if u being diaturb at weekend especially hire purchase dept.","Place to look for experience only (1 - 2 years cap), dont mind if u being diaturb at weekend especially hire purchase dept. long working hours n no wfh",Positive,0.4287711977958679,Manual Review,Positive
117,53,Public-Bank-Berhad,review_body_text,2,long working hours n no wfh,"Place to look for experience only (1 - 2 years cap), dont mind if u being diaturb at weekend especially hire purchase dept. long working hours n no wfh",Negative,0.7776730060577393,Accepted,Negative
119,54,United Overseas Bank,review_title,1,Rights by you both to the staff and customer,Rights by you both to the staff and customer,Positive,0.9633193016052246,Accepted,Positive
120,54,United Overseas Bank,review_body_text,1,What is the best part of working at the company?,"What is the best part of working at the company? Comprehensive rewards and employee wellness. Employee recognition and culture. Learning, growth and inclusive culture What is the most stressful part about working at the company? As usual stress to get year enda target met. What is the work environment and culture like at the company? Rights by you, United-Work as one",Positive,0.8981525897979736,Accepted,Positive
120,54,United Overseas Bank,review_body_text,2,Comprehensive rewards and employee wellness.,"What is the best part of working at the company? Comprehensive rewards and employee wellness. Employee recognition and culture. Learning, growth and inclusive culture What is the most stressful part about working at the company? As usual stress to get year enda target met. What is the work environment and culture like at the company? Rights by you, United-Work as one",Positive,0.9808067679405212,Accepted,Positive
120,54,United Overseas Bank,review_body_text,3,Employee recognition and culture.,"What is the best part of working at the company? Comprehensive rewards and employee wellness. Employee recognition and culture. Learning, growth and inclusive culture What is the most stressful part about working at the company? As usual stress to get year enda target met. What is the work environment and culture like at the company? Rights by you, United-Work as one",Positive,0.9879750609397888,Accepted,Positive
120,54,United Overseas Bank,review_body_text,4,"Learning, growth and inclusive culture What is the most stressful part about working at the company?","What is the best part of working at the company? Comprehensive rewards and employee wellness. Employee recognition and culture. Learning, growth and inclusive culture What is the most stressful part about working at the company? As usual stress to get year enda target met. What is the work environment and culture like at the company? Rights by you, United-Work as one",Positive,0.6879331469535828,Manual Review,Positive
120,54,United Overseas Bank,review_body_text,5,As usual stress to get year enda target met.,"What is the best part of working at the company? Comprehensive rewards and employee wellness. Employee recognition and culture. Learning, growth and inclusive culture What is the most stressful part about working at the company? As usual stress to get year enda target met. What is the work environment and culture like at the company? Rights by you, United-Work as one",Negative,0.9380476474761963,Accepted,Negative
120,54,United Overseas Bank,review_body_text,6,What is the work environment and culture like at the company?,"What is the best part of working at the company? Comprehensive rewards and employee wellness. Employee recognition and culture. Learning, growth and inclusive culture What is the most stressful part about working at the company? As usual stress to get year enda target met. What is the work environment and culture like at the company? Rights by you, United-Work as one",Positive,0.5594784617424011,Manual Review,Positive
120,54,United Overseas Bank,review_body_text,7,"Rights by you, United-Work as one","What is the best part of working at the company? Comprehensive rewards and employee wellness. Employee recognition and culture. Learning, growth and inclusive culture What is the most stressful part about working at the company? As usual stress to get year enda target met. What is the work environment and culture like at the company? Rights by you, United-Work as one",Positive,0.9031068682670593,Accepted,Positive
121,55,HSBC,review_title,1,Great collaborative culture,Great collaborative culture,Positive,0.9835637807846069,Accepted,Positive
122,55,HSBC,review_body_text,1,Good work life balance great compensation.,"Good work life balance great compensation. However, team is very lean, therefore it can be stressful at times and things are fast paced. Team mates are knowledgeable and helpful.",Positive,0.9752654433250427,Accepted,Positive
122,55,HSBC,review_body_text,2,"However, team is very lean, therefore it can be stressful at times and things are fast paced.","Good work life balance great compensation. However, team is very lean, therefore it can be stressful at times and things are fast paced. Team mates are knowledgeable and helpful.",Negative,0.8620767593383789,Accepted,Negative
122,55,HSBC,review_body_text,3,Team mates are knowledgeable and helpful.,"Good work life balance great compensation. However, team is very lean, therefore it can be stressful at times and things are fast paced. Team mates are knowledgeable and helpful.",Positive,0.9462659358978271,Accepted,Positive
124,56,bank islam,review_body_text,1,they really took a good care of their intern.,they really took a good care of their intern. computer provided allowance high and also have training to build intern knowledge to enter work enviroment,Positive,0.9846380352973938,Accepted,Positive
124,56,bank islam,review_body_text,2,computer provided allowance high and also have training to build intern knowledge to enter work enviroment,they really took a good care of their intern. computer provided allowance high and also have training to build intern knowledge to enter work enviroment,Positive,0.8284977078437805,Accepted,Positive
125,57,United Overseas Bank,review_title,1,It's a great place to work... but the supervisors...,It's a great place to work... but the supervisors...,Positive,0.6531530618667603,Manual Review,Positive
126,57,United Overseas Bank,review_body_text,1,I worked here before and the work load is quite ok and bearable.,"I worked here before and the work load is quite ok and bearable. Only 'some' supervisor are really getting on your nerve... overall, it's a good place to work",Positive,0.7279301881790161,Manual Review,Positive
126,57,United Overseas Bank,review_body_text,2,"Only 'some' supervisor are really getting on your nerve... overall, it's a good place to work","I worked here before and the work load is quite ok and bearable. Only 'some' supervisor are really getting on your nerve... overall, it's a good place to work",Positive,0.767734169960022,Accepted,Positive
127,58,maybank,review_title,1,High kpi with fast pace,High kpi with fast pace,Positive,0.9181309938430786,Accepted,Positive
128,58,maybank,review_body_text,1,Need to achieve a high kpi with changing directions from upper management.,Need to achieve a high kpi with changing directions from upper management. Fast pace environment. Not supportive manager. However good environment and supportive team members,Negative,0.8243931531906128,Accepted,Negative
128,58,maybank,review_body_text,2,Fast pace environment.,Need to achieve a high kpi with changing directions from upper management. Fast pace environment. Not supportive manager. However good environment and supportive team members,Positive,0.504335880279541,Manual Review,Positive
128,58,maybank,review_body_text,3,Not supportive manager.,Need to achieve a high kpi with changing directions from upper management. Fast pace environment. Not supportive manager. However good environment and supportive team members,Negative,0.7107775211334229,Manual Review,Negative
128,58,maybank,review_body_text,4,However good environment and supportive team members,Need to achieve a high kpi with changing directions from upper management. Fast pace environment. Not supportive manager. However good environment and supportive team members,Positive,0.898163378238678,Accepted,Positive
129,59,maybank,review_title,1,"Everything is great here, can learn so many things but do not become protege or join programme","Everything is great here, can learn so many things but do not become protege or join programme",Positive,0.9524815082550049,Accepted,Positive
130,59,maybank,review_body_text,1,Chances of you getting a job permanently is almost impossible.,Chances of you getting a job permanently is almost impossible. Please reconsider if you expecting to have stable career soon after graduation. In terms of learning and experience you might gain a lot but not appreciating protege or graduate lvl.,Negative,0.9221876263618469,Accepted,Negative
130,59,maybank,review_body_text,2,Please reconsider if you expecting to have stable career soon after graduation.,Chances of you getting a job permanently is almost impossible. Please reconsider if you expecting to have stable career soon after graduation. In terms of learning and experience you might gain a lot but not appreciating protege or graduate lvl.,Negative,0.8896607160568237,Accepted,Negative
130,59,maybank,review_body_text,3,In terms of learning and experience you might gain a lot but not appreciating protege or graduate lvl.,Chances of you getting a job permanently is almost impossible. Please reconsider if you expecting to have stable career soon after graduation. In terms of learning and experience you might gain a lot but not appreciating protege or graduate lvl.,Negative,0.670966386795044,Manual Review,Negative
131,60,United Overseas Bank,review_title,1,Benefit & environment,Benefit & environment,Positive,0.970628023147583,Accepted,Positive
132,60,United Overseas Bank,review_body_text,1,"The benefit are superb , you can claim everything for personal things ie hotel , flight ticket , sport & etc.","The benefit are superb , you can claim everything for personal things ie hotel , flight ticket , sport & etc. But for working environment, quiet tough. The pressure unbelievable.",Positive,0.9816120266914368,Accepted,Positive
132,60,United Overseas Bank,review_body_text,2,"But for working environment, quiet tough.","The benefit are superb , you can claim everything for personal things ie hotel , flight ticket , sport & etc. But for working environment, quiet tough. The pressure unbelievable.",Negative,0.8316949605941772,Accepted,Negative
132,60,United Overseas Bank,review_body_text,3,The pressure unbelievable.,"The benefit are superb , you can claim everything for personal things ie hotel , flight ticket , sport & etc. But for working environment, quiet tough. The pressure unbelievable.",Negative,0.941217303276062,Accepted,Negative
134,61,maybank,review_body_text,1,great co workers never stressful you can go home on time work life balance bosses are kind and they always check up on you they are also responsive of your inquiries,great co workers never stressful you can go home on time work life balance bosses are kind and they always check up on you they are also responsive of your inquiries,Positive,0.9903719425201416,Accepted,Positive
135,62,Cimb-Group,review_title,1,Good Benefits but Depends on Your Tolerance with the Culture,Good Benefits but Depends on Your Tolerance with the Culture,Positive,0.8349083065986633,Accepted,Positive
136,62,Cimb-Group,review_body_text,1,"They are offering better benefits in comparison to other companies, i.e. annual leave, medical, insurance etc.","They are offering better benefits in comparison to other companies, i.e. annual leave, medical, insurance etc. However the working culture is highly dependent on your team leads and preferences from the top management. People from banking industry may find it normal.",Positive,0.9533158540725708,Accepted,Positive
136,62,Cimb-Group,review_body_text,2,However the working culture is highly dependent on your team leads and preferences from the top management.,"They are offering better benefits in comparison to other companies, i.e. annual leave, medical, insurance etc. However the working culture is highly dependent on your team leads and preferences from the top management. People from banking industry may find it normal.",Negative,0.44456350803375244,Manual Review,Negative
136,62,Cimb-Group,review_body_text,3,People from banking industry may find it normal.,"They are offering better benefits in comparison to other companies, i.e. annual leave, medical, insurance etc. However the working culture is highly dependent on your team leads and preferences from the top management. People from banking industry may find it normal.",Positive,0.5052991509437561,Manual Review,Positive
137,63,Public-Bank-Berhad,review_title,1,Salary is reasonable,Salary is reasonable,Positive,0.7339574694633484,Manual Review,Positive
138,63,Public-Bank-Berhad,review_body_text,1,Benefits: - Basic salary meets the market range.,"Benefits:- Basic salary meets the market range. However, increment, year-end bonus and performance bonus are based on your job performance and supervisor. Management Style:- Old-school management required multiple layers to apply work access. No flexible working hours and no remote. Promotion will be mostly based on the service years rather than job performance.",Positive,0.7653163075447083,Accepted,Positive
138,63,Public-Bank-Berhad,review_body_text,2,"However, increment, year-end bonus and performance bonus are based on your job performance and supervisor.","Benefits:- Basic salary meets the market range. However, increment, year-end bonus and performance bonus are based on your job performance and supervisor. Management Style:- Old-school management required multiple layers to apply work access. No flexible working hours and no remote. Promotion will be mostly based on the service years rather than job performance.",Positive,0.6403030157089233,Manual Review,Positive
138,63,Public-Bank-Berhad,review_body_text,3,Management Style: - Old-school management required multiple layers to apply work access.,"Benefits:- Basic salary meets the market range. However, increment, year-end bonus and performance bonus are based on your job performance and supervisor. Management Style:- Old-school management required multiple layers to apply work access. No flexible working hours and no remote. Promotion will be mostly based on the service years rather than job performance.",Negative,0.6824188828468323,Manual Review,Negative
138,63,Public-Bank-Berhad,review_body_text,4,No flexible working hours and no remote.,"Benefits:- Basic salary meets the market range. However, increment, year-end bonus and performance bonus are based on your job performance and supervisor. Management Style:- Old-school management required multiple layers to apply work access. No flexible working hours and no remote. Promotion will be mostly based on the service years rather than job performance.",Negative,0.852192759513855,Accepted,Negative
138,63,Public-Bank-Berhad,review_body_text,5,Promotion will be mostly based on the service years rather than job performance.,"Benefits:- Basic salary meets the market range. However, increment, year-end bonus and performance bonus are based on your job performance and supervisor. Management Style:- Old-school management required multiple layers to apply work access. No flexible working hours and no remote. Promotion will be mostly based on the service years rather than job performance.",Negative,0.47957155108451843,Manual Review,Negative
139,64,maybank,review_title,1,Good friend,Good friend,Positive,0.9028370380401611,Accepted,Positive
140,64,maybank,review_body_text,1,I would like to take this opportunity to express my heartfelt appreciation to my colleagues at Maybank Alor Setar who have been incredibly supportive and generous with their guidance since my very first day.,"I would like to take this opportunity to express my heartfelt appreciation to my colleagues at Maybank Alor Setar who have been incredibly supportive and generous with their guidance since my very first day. Their willingness to share knowledge, their patience in teaching, and their constant encouragement have made a huge difference in my growth and confidence at work. They’re not just coworkers — they’ve become mentors who are always ready to help without hesitation. Every piece of advice and every small lesson has helped me improve and become more efficient in handling my responsibilities. I truly value the positive and professional work environment they create, filled with teamwork, respect, and mutual support. Thank you for being such wonderful teammates and for making my experience here so meaningful. I’m truly grateful, and I hope our bond continues to grow stronger as we move forward together.",Positive,0.9919300079345703,Accepted,Positive
140,64,maybank,review_body_text,2,"Their willingness to share knowledge, their patience in teaching, and their constant encouragement have made a huge difference in my growth and confidence at work.","I would like to take this opportunity to express my heartfelt appreciation to my colleagues at Maybank Alor Setar who have been incredibly supportive and generous with their guidance since my very first day. Their willingness to share knowledge, their patience in teaching, and their constant encouragement have made a huge difference in my growth and confidence at work. They’re not just coworkers — they’ve become mentors who are always ready to help without hesitation. Every piece of advice and every small lesson has helped me improve and become more efficient in handling my responsibilities. I truly value the positive and professional work environment they create, filled with teamwork, respect, and mutual support. Thank you for being such wonderful teammates and for making my experience here so meaningful. I’m truly grateful, and I hope our bond continues to grow stronger as we move forward together.",Positive,0.9910901188850403,Accepted,Positive
140,64,maybank,review_body_text,3,They’re not just coworkers — they’ve become mentors who are always ready to help without hesitation.,"I would like to take this opportunity to express my heartfelt appreciation to my colleagues at Maybank Alor Setar who have been incredibly supportive and generous with their guidance since my very first day. Their willingness to share knowledge, their patience in teaching, and their constant encouragement have made a huge difference in my growth and confidence at work. They’re not just coworkers — they’ve become mentors who are always ready to help without hesitation. Every piece of advice and every small lesson has helped me improve and become more efficient in handling my responsibilities. I truly value the positive and professional work environment they create, filled with teamwork, respect, and mutual support. Thank you for being such wonderful teammates and for making my experience here so meaningful. I’m truly grateful, and I hope our bond continues to grow stronger as we move forward together.",Positive,0.9779788255691528,Accepted,Positive
140,64,maybank,review_body_text,4,Every piece of advice and every small lesson has helped me improve and become more efficient in handling my responsibilities.,"I would like to take this opportunity to express my heartfelt appreciation to my colleagues at Maybank Alor Setar who have been incredibly supportive and generous with their guidance since my very first day. Their willingness to share knowledge, their patience in teaching, and their constant encouragement have made a huge difference in my growth and confidence at work. They’re not just coworkers — they’ve become mentors who are always ready to help without hesitation. Every piece of advice and every small lesson has helped me improve and become more efficient in handling my responsibilities. I truly value the positive and professional work environment they create, filled with teamwork, respect, and mutual support. Thank you for being such wonderful teammates and for making my experience here so meaningful. I’m truly grateful, and I hope our bond continues to grow stronger as we move forward together.",Positive,0.9595196843147278,Accepted,Positive
140,64,maybank,review_body_text,5,"I truly value the positive and professional work environment they create, filled with teamwork, respect, and mutual support.","I would like to take this opportunity to express my heartfelt appreciation to my colleagues at Maybank Alor Setar who have been incredibly supportive and generous with their guidance since my very first day. Their willingness to share knowledge, their patience in teaching, and their constant encouragement have made a huge difference in my growth and confidence at work. They’re not just coworkers — they’ve become mentors who are always ready to help without hesitation. Every piece of advice and every small lesson has helped me improve and become more efficient in handling my responsibilities. I truly value the positive and professional work environment they create, filled with teamwork, respect, and mutual support. Thank you for being such wonderful teammates and for making my experience here so meaningful. I’m truly grateful, and I hope our bond continues to grow stronger as we move forward together.",Positive,0.9870254993438721,Accepted,Positive
140,64,maybank,review_body_text,6,Thank you for being such wonderful teammates and for making my experience here so meaningful.,"I would like to take this opportunity to express my heartfelt appreciation to my colleagues at Maybank Alor Setar who have been incredibly supportive and generous with their guidance since my very first day. Their willingness to share knowledge, their patience in teaching, and their constant encouragement have made a huge difference in my growth and confidence at work. They’re not just coworkers — they’ve become mentors who are always ready to help without hesitation. Every piece of advice and every small lesson has helped me improve and become more efficient in handling my responsibilities. I truly value the positive and professional work environment they create, filled with teamwork, respect, and mutual support. Thank you for being such wonderful teammates and for making my experience here so meaningful. I’m truly grateful, and I hope our bond continues to grow stronger as we move forward together.",Positive,0.99039626121521,Accepted,Positive
140,64,maybank,review_body_text,7,"I’m truly grateful, and I hope our bond continues to grow stronger as we move forward together.","I would like to take this opportunity to express my heartfelt appreciation to my colleagues at Maybank Alor Setar who have been incredibly supportive and generous with their guidance since my very first day. Their willingness to share knowledge, their patience in teaching, and their constant encouragement have made a huge difference in my growth and confidence at work. They’re not just coworkers — they’ve become mentors who are always ready to help without hesitation. Every piece of advice and every small lesson has helped me improve and become more efficient in handling my responsibilities. I truly value the positive and professional work environment they create, filled with teamwork, respect, and mutual support. Thank you for being such wonderful teammates and for making my experience here so meaningful. I’m truly grateful, and I hope our bond continues to grow stronger as we move forward together.",Positive,0.9785867929458618,Accepted,Positive
141,65,Cimb-Group,review_title,1,Long hours,Long hours,Negative,0.8781031966209412,Accepted,Negative
142,65,Cimb-Group,review_body_text,1,so tired even during the weekends have to work long hours.,so tired even during the weekends have to work long hours. management dont want to help you or give you proper direction - it was fun at first but now they dont even care,Negative,0.9838259816169739,Accepted,Negative
142,65,Cimb-Group,review_body_text,2,management dont want to help you or give you proper direction,so tired even during the weekends have to work long hours. management dont want to help you or give you proper direction - it was fun at first but now they dont even care,Negative,0.8965148329734802,Accepted,Negative
142,65,Cimb-Group,review_body_text,3,it was fun at first but now they dont even care,so tired even during the weekends have to work long hours. management dont want to help you or give you proper direction - it was fun at first but now they dont even care,Negative,0.731031596660614,Manual Review,Negative
143,66,Public-Bank-Berhad,review_title,1,Good Company but not a Good Division,Good Company but not a Good Division,Neutral,0.4174903631210327,Manual Review,Neutral
144,66,Public-Bank-Berhad,review_body_text,1,"Great benefits, encouraging bonus and competitive salary if you work in HQ.","Great benefits, encouraging bonus and competitive salary if you work in HQ. Work life balance is achievable if you're in the right division, right department and under the right team. One step wrong, crazy amount of OT and gaslighting. Could be toxic and unbearable.",Positive,0.9929049611091614,Accepted,Positive
144,66,Public-Bank-Berhad,review_body_text,2,"Work life balance is achievable if you're in the right division, right department and under the right team.","Great benefits, encouraging bonus and competitive salary if you work in HQ. Work life balance is achievable if you're in the right division, right department and under the right team. One step wrong, crazy amount of OT and gaslighting. Could be toxic and unbearable.",Positive,0.9178164601325989,Accepted,Positive
144,66,Public-Bank-Berhad,review_body_text,3,"One step wrong, crazy amount of OT and gaslighting.","Great benefits, encouraging bonus and competitive salary if you work in HQ. Work life balance is achievable if you're in the right division, right department and under the right team. One step wrong, crazy amount of OT and gaslighting. Could be toxic and unbearable.",Negative,0.9873128533363342,Accepted,Negative
144,66,Public-Bank-Berhad,review_body_text,4,Could be toxic and unbearable.,"Great benefits, encouraging bonus and competitive salary if you work in HQ. Work life balance is achievable if you're in the right division, right department and under the right team. One step wrong, crazy amount of OT and gaslighting. Could be toxic and unbearable.",Negative,0.9773573279380798,Accepted,Negative
145,67,Cimb-Group,review_title,1,Productive and supportive team,Productive and supportive team,Positive,0.9790107607841492,Accepted,Positive
146,67,Cimb-Group,review_body_text,1,It was good.,"It was good. My department and team was very supportive. My supervisor was very supportive in terms of my work and even career. They always include me in every meeting, give advices and guide when I need it.",Positive,0.644891083240509,Manual Review,Positive
146,67,Cimb-Group,review_body_text,2,My department and team was very supportive.,"It was good. My department and team was very supportive. My supervisor was very supportive in terms of my work and even career. They always include me in every meeting, give advices and guide when I need it.",Positive,0.9671202898025513,Accepted,Positive
146,67,Cimb-Group,review_body_text,3,My supervisor was very supportive in terms of my work and even career.,"It was good. My department and team was very supportive. My supervisor was very supportive in terms of my work and even career. They always include me in every meeting, give advices and guide when I need it.",Positive,0.9832388758659363,Accepted,Positive
146,67,Cimb-Group,review_body_text,4,"They always include me in every meeting, give advices and guide when I need it.","It was good. My department and team was very supportive. My supervisor was very supportive in terms of my work and even career. They always include me in every meeting, give advices and guide when I need it.",Positive,0.9666370153427124,Accepted,Positive
147,68,bank islam,review_title,1,"No Guidance, No Space, and No Credit","No Guidance, No Space, and No Credit",Negative,0.9832740426063538,Accepted,Negative
148,68,bank islam,review_body_text,1,"This review is for most positions under the Deposit Department: Poor management, no proper space to meet clients, and zero guidance.","This review is for most positions under the Deposit Department: Poor management, no proper space to meet clients, and zero guidance. Had to self-learn everything. Toxic culture—colleagues fought over customers, and superiors claimed credit for our hard work and performance. Stressful job with little support or recognition. High targets, but performance not fairly recognised. The most enjoyable part was achieving targets through my own effort, despite the lack of support. It gave me a sense of personal accomplishment, even if it wasn’t recognised by management.",Negative,0.9828370809555054,Accepted,Negative
148,68,bank islam,review_body_text,2,Had to self-learn everything.,"This review is for most positions under the Deposit Department: Poor management, no proper space to meet clients, and zero guidance. Had to self-learn everything. Toxic culture—colleagues fought over customers, and superiors claimed credit for our hard work and performance. Stressful job with little support or recognition. High targets, but performance not fairly recognised. The most enjoyable part was achieving targets through my own effort, despite the lack of support. It gave me a sense of personal accomplishment, even if it wasn’t recognised by management.",Negative,0.7296074032783508,Manual Review,Negative
148,68,bank islam,review_body_text,3,"Toxic culture—colleagues fought over customers, and superiors claimed credit for our hard work and performance.","This review is for most positions under the Deposit Department: Poor management, no proper space to meet clients, and zero guidance. Had to self-learn everything. Toxic culture—colleagues fought over customers, and superiors claimed credit for our hard work and performance. Stressful job with little support or recognition. High targets, but performance not fairly recognised. The most enjoyable part was achieving targets through my own effort, despite the lack of support. It gave me a sense of personal accomplishment, even if it wasn’t recognised by management.",Negative,0.9959096312522888,Accepted,Negative
148,68,bank islam,review_body_text,4,Stressful job with little support or recognition.,"This review is for most positions under the Deposit Department: Poor management, no proper space to meet clients, and zero guidance. Had to self-learn everything. Toxic culture—colleagues fought over customers, and superiors claimed credit for our hard work and performance. Stressful job with little support or recognition. High targets, but performance not fairly recognised. The most enjoyable part was achieving targets through my own effort, despite the lack of support. It gave me a sense of personal accomplishment, even if it wasn’t recognised by management.",Negative,0.960865318775177,Accepted,Negative
148,68,bank islam,review_body_text,5,"High targets, but performance not fairly recognised.","This review is for most positions under the Deposit Department: Poor management, no proper space to meet clients, and zero guidance. Had to self-learn everything. Toxic culture—colleagues fought over customers, and superiors claimed credit for our hard work and performance. Stressful job with little support or recognition. High targets, but performance not fairly recognised. The most enjoyable part was achieving targets through my own effort, despite the lack of support. It gave me a sense of personal accomplishment, even if it wasn’t recognised by management.",Negative,0.8452962636947632,Accepted,Negative
148,68,bank islam,review_body_text,6,"The most enjoyable part was achieving targets through my own effort, despite the lack of support.","This review is for most positions under the Deposit Department: Poor management, no proper space to meet clients, and zero guidance. Had to self-learn everything. Toxic culture—colleagues fought over customers, and superiors claimed credit for our hard work and performance. Stressful job with little support or recognition. High targets, but performance not fairly recognised. The most enjoyable part was achieving targets through my own effort, despite the lack of support. It gave me a sense of personal accomplishment, even if it wasn’t recognised by management.",Positive,0.8995934128761292,Accepted,Positive
148,68,bank islam,review_body_text,7,"It gave me a sense of personal accomplishment, even if it wasn’t recognised by management.","This review is for most positions under the Deposit Department: Poor management, no proper space to meet clients, and zero guidance. Had to self-learn everything. Toxic culture—colleagues fought over customers, and superiors claimed credit for our hard work and performance. Stressful job with little support or recognition. High targets, but performance not fairly recognised. The most enjoyable part was achieving targets through my own effort, despite the lack of support. It gave me a sense of personal accomplishment, even if it wasn’t recognised by management.",Positive,0.8750728368759155,Accepted,Positive
149,68,bank islam,pros_text,1,Learn to work independently.,Learn to work independently. Personal growth through self-initiative.,Negative,0.7378371953964233,Manual Review,Negative
149,68,bank islam,pros_text,2,Personal growth through self-initiative.,Learn to work independently. Personal growth through self-initiative.,Positive,0.8701573610305786,Accepted,Positive
150,68,bank islam,cons_text,1,Poor management and lack of guidance,"Poor management and lack of guidance; No proper workspace for meeting clients; Toxic, competitive environment; Superiors claim credit for your work ; High targets, but performance not fairly recognised; No commission or very minimal rewards; Constant stress, unclear roles, and no team support",Negative,0.9282188415527344,Accepted,Negative
150,68,bank islam,cons_text,2,No proper workspace for meeting clients,"Poor management and lack of guidance; No proper workspace for meeting clients; Toxic, competitive environment; Superiors claim credit for your work ; High targets, but performance not fairly recognised; No commission or very minimal rewards; Constant stress, unclear roles, and no team support",Negative,0.9608167409896851,Accepted,Negative
150,68,bank islam,cons_text,3,"Toxic, competitive environment","Poor management and lack of guidance; No proper workspace for meeting clients; Toxic, competitive environment; Superiors claim credit for your work ; High targets, but performance not fairly recognised; No commission or very minimal rewards; Constant stress, unclear roles, and no team support",Negative,0.9928271770477295,Accepted,Negative
150,68,bank islam,cons_text,4,Superiors claim credit for your work,"Poor management and lack of guidance; No proper workspace for meeting clients; Toxic, competitive environment; Superiors claim credit for your work ; High targets, but performance not fairly recognised; No commission or very minimal rewards; Constant stress, unclear roles, and no team support",Positive,0.8323140740394592,Accepted,Positive
150,68,bank islam,cons_text,5,"High targets, but performance not fairly recognised","Poor management and lack of guidance; No proper workspace for meeting clients; Toxic, competitive environment; Superiors claim credit for your work ; High targets, but performance not fairly recognised; No commission or very minimal rewards; Constant stress, unclear roles, and no team support",Negative,0.8331238627433777,Accepted,Negative
150,68,bank islam,cons_text,6,No commission or very minimal rewards,"Poor management and lack of guidance; No proper workspace for meeting clients; Toxic, competitive environment; Superiors claim credit for your work ; High targets, but performance not fairly recognised; No commission or very minimal rewards; Constant stress, unclear roles, and no team support",Negative,0.675295352935791,Manual Review,Negative
150,68,bank islam,cons_text,7,"Constant stress, unclear roles, and no team support","Poor management and lack of guidance; No proper workspace for meeting clients; Toxic, competitive environment; Superiors claim credit for your work ; High targets, but performance not fairly recognised; No commission or very minimal rewards; Constant stress, unclear roles, and no team support",Negative,0.9907932877540588,Accepted,Negative
151,69,RHB Bank Berhad,review_title,1,informative yet surface level exposure towards nature of business,informative yet surface level exposure towards nature of business,Positive,0.49671509861946106,Manual Review,Positive
152,69,RHB Bank Berhad,review_body_text,1,prepare monthly reporting tasks and mostly does market research.,"prepare monthly reporting tasks and mostly does market research. Does offer hybrid working style, imcludes activities like townhall, learning week, team building, and upskilling depending on the department.",Positive,0.5477526783943176,Manual Review,Positive
152,69,RHB Bank Berhad,review_body_text,2,"Does offer hybrid working style, imcludes activities like townhall, learning week, team building, and upskilling depending on the department.","prepare monthly reporting tasks and mostly does market research. Does offer hybrid working style, imcludes activities like townhall, learning week, team building, and upskilling depending on the department.",Positive,0.7880337238311768,Accepted,Positive
153,70,Public-Bank-Berhad,review_title,1,Monetary benefits is fine but overload with work,Monetary benefits is fine but overload with work,Negative,0.7033208608627319,Manual Review,Negative
154,70,Public-Bank-Berhad,review_body_text,1,"Public Bank offers strong pay, bonuses & stability, but suffers from outdated systems, clunky app, heavy workload & limited work‑life balance.","Public Bank offers strong pay, bonuses & stability, but suffers from outdated systems, clunky app, heavy workload & limited work‑life balance. Turnover rate is quite high",Negative,0.8116379976272583,Accepted,Negative
154,70,Public-Bank-Berhad,review_body_text,2,Turnover rate is quite high,"Public Bank offers strong pay, bonuses & stability, but suffers from outdated systems, clunky app, heavy workload & limited work‑life balance. Turnover rate is quite high",Negative,0.9076744318008423,Accepted,Negative
156,71,HSBC,review_body_text,1,Good work culture Good boss Good working environment Good colleagues Got engagement between team members Workload is heavy but can learn a lot of knowledge,Good work culture Good boss Good working environment Good colleagues Got engagement between team members Workload is heavy but can learn a lot of knowledge,Positive,0.991431713104248,Accepted,Positive
157,72,Public-Bank-Berhad,review_title,1,Traditional thinking and working ethics,Traditional thinking and working ethics,Neutral,0.521623969078064,Manual Review,Neutral
158,72,Public-Bank-Berhad,review_body_text,1,'- Boss treats workers like highschoolers,'- Boss treats workers like highschoolers - Little to no staff engagement - Require staffs to stay back but wont pay for overtime - Environment limits you from learning new stuff,Negative,0.9875898957252502,Accepted,Negative
158,72,Public-Bank-Berhad,review_body_text,2,Little to no staff engagement,'- Boss treats workers like highschoolers - Little to no staff engagement - Require staffs to stay back but wont pay for overtime - Environment limits you from learning new stuff,Negative,0.9043973684310913,Accepted,Negative
158,72,Public-Bank-Berhad,review_body_text,3,Require staffs to stay back but wont pay for overtime,'- Boss treats workers like highschoolers - Little to no staff engagement - Require staffs to stay back but wont pay for overtime - Environment limits you from learning new stuff,Negative,0.8200779557228088,Accepted,Negative
158,72,Public-Bank-Berhad,review_body_text,4,Environment limits you from learning new stuff,'- Boss treats workers like highschoolers - Little to no staff engagement - Require staffs to stay back but wont pay for overtime - Environment limits you from learning new stuff,Negative,0.8629190325737,Accepted,Negative
159,73,Ocbc,review_title,1,"OCBC is a stable, growth-oriented bank that values people and innovation.","OCBC is a stable, growth-oriented bank that values people and innovation.",Positive,0.9024569392204285,Accepted,Positive
160,73,Ocbc,review_body_text,1,Pros: Supportive Work Environment: Encouraging leadership and helpful colleagues foster a positive workplace culture.,"Pros: Supportive Work Environment: Encouraging leadership and helpful colleagues foster a positive workplace culture. Career Development: Offers structured training programs and opportunities for internal mobility. Innovation-Driven: Focus on digital transformation makes it an exciting place for tech-savvy professionals. Customer-Centric Values: Strong emphasis on delivering quality service, which builds purpose in daily work. Work-Life Balance: Reasonable workload and flexible arrangements support personal well-being. Recognition & Ownership: Employees are empowered to lead initiatives and recognized for their contributions. Cons: Pace of Change: Decision-making can sometimes be slower due to the size of the organization. Cross-Functional Collaboration: While encouraged, it may face occasional resistance due to siloed structures. Competitive Progression: Career advancement can be competitive in certain departments.",Positive,0.9964094758033752,Accepted,Positive
160,73,Ocbc,review_body_text,2,Career Development: Offers structured training programs and opportunities for internal mobility.,"Pros: Supportive Work Environment: Encouraging leadership and helpful colleagues foster a positive workplace culture. Career Development: Offers structured training programs and opportunities for internal mobility. Innovation-Driven: Focus on digital transformation makes it an exciting place for tech-savvy professionals. Customer-Centric Values: Strong emphasis on delivering quality service, which builds purpose in daily work. Work-Life Balance: Reasonable workload and flexible arrangements support personal well-being. Recognition & Ownership: Employees are empowered to lead initiatives and recognized for their contributions. Cons: Pace of Change: Decision-making can sometimes be slower due to the size of the organization. Cross-Functional Collaboration: While encouraged, it may face occasional resistance due to siloed structures. Competitive Progression: Career advancement can be competitive in certain departments.",Positive,0.936050534248352,Accepted,Positive
160,73,Ocbc,review_body_text,3,Innovation-Driven: Focus on digital transformation makes it an exciting place for tech-savvy professionals.,"Pros: Supportive Work Environment: Encouraging leadership and helpful colleagues foster a positive workplace culture. Career Development: Offers structured training programs and opportunities for internal mobility. Innovation-Driven: Focus on digital transformation makes it an exciting place for tech-savvy professionals. Customer-Centric Values: Strong emphasis on delivering quality service, which builds purpose in daily work. Work-Life Balance: Reasonable workload and flexible arrangements support personal well-being. Recognition & Ownership: Employees are empowered to lead initiatives and recognized for their contributions. Cons: Pace of Change: Decision-making can sometimes be slower due to the size of the organization. Cross-Functional Collaboration: While encouraged, it may face occasional resistance due to siloed structures. Competitive Progression: Career advancement can be competitive in certain departments.",Positive,0.9924964904785156,Accepted,Positive
160,73,Ocbc,review_body_text,4,"Customer-Centric Values: Strong emphasis on delivering quality service, which builds purpose in daily work.","Pros: Supportive Work Environment: Encouraging leadership and helpful colleagues foster a positive workplace culture. Career Development: Offers structured training programs and opportunities for internal mobility. Innovation-Driven: Focus on digital transformation makes it an exciting place for tech-savvy professionals. Customer-Centric Values: Strong emphasis on delivering quality service, which builds purpose in daily work. Work-Life Balance: Reasonable workload and flexible arrangements support personal well-being. Recognition & Ownership: Employees are empowered to lead initiatives and recognized for their contributions. Cons: Pace of Change: Decision-making can sometimes be slower due to the size of the organization. Cross-Functional Collaboration: While encouraged, it may face occasional resistance due to siloed structures. Competitive Progression: Career advancement can be competitive in certain departments.",Positive,0.9760057926177979,Accepted,Positive
160,73,Ocbc,review_body_text,5,Work-Life Balance: Reasonable workload and flexible arrangements support personal well-being.,"Pros: Supportive Work Environment: Encouraging leadership and helpful colleagues foster a positive workplace culture. Career Development: Offers structured training programs and opportunities for internal mobility. Innovation-Driven: Focus on digital transformation makes it an exciting place for tech-savvy professionals. Customer-Centric Values: Strong emphasis on delivering quality service, which builds purpose in daily work. Work-Life Balance: Reasonable workload and flexible arrangements support personal well-being. Recognition & Ownership: Employees are empowered to lead initiatives and recognized for their contributions. Cons: Pace of Change: Decision-making can sometimes be slower due to the size of the organization. Cross-Functional Collaboration: While encouraged, it may face occasional resistance due to siloed structures. Competitive Progression: Career advancement can be competitive in certain departments.",Positive,0.9706355333328247,Accepted,Positive
160,73,Ocbc,review_body_text,6,Recognition & Ownership: Employees are empowered to lead initiatives and recognized for their contributions.,"Pros: Supportive Work Environment: Encouraging leadership and helpful colleagues foster a positive workplace culture. Career Development: Offers structured training programs and opportunities for internal mobility. Innovation-Driven: Focus on digital transformation makes it an exciting place for tech-savvy professionals. Customer-Centric Values: Strong emphasis on delivering quality service, which builds purpose in daily work. Work-Life Balance: Reasonable workload and flexible arrangements support personal well-being. Recognition & Ownership: Employees are empowered to lead initiatives and recognized for their contributions. Cons: Pace of Change: Decision-making can sometimes be slower due to the size of the organization. Cross-Functional Collaboration: While encouraged, it may face occasional resistance due to siloed structures. Competitive Progression: Career advancement can be competitive in certain departments.",Positive,0.9921138286590576,Accepted,Positive
160,73,Ocbc,review_body_text,7,Cons: Pace of Change: Decision-making can sometimes be slower due to the size of the organization.,"Pros: Supportive Work Environment: Encouraging leadership and helpful colleagues foster a positive workplace culture. Career Development: Offers structured training programs and opportunities for internal mobility. Innovation-Driven: Focus on digital transformation makes it an exciting place for tech-savvy professionals. Customer-Centric Values: Strong emphasis on delivering quality service, which builds purpose in daily work. Work-Life Balance: Reasonable workload and flexible arrangements support personal well-being. Recognition & Ownership: Employees are empowered to lead initiatives and recognized for their contributions. Cons: Pace of Change: Decision-making can sometimes be slower due to the size of the organization. Cross-Functional Collaboration: While encouraged, it may face occasional resistance due to siloed structures. Competitive Progression: Career advancement can be competitive in certain departments.",Negative,0.9418705701828003,Accepted,Negative
160,73,Ocbc,review_body_text,8,"Cross-Functional Collaboration: While encouraged, it may face occasional resistance due to siloed structures.","Pros: Supportive Work Environment: Encouraging leadership and helpful colleagues foster a positive workplace culture. Career Development: Offers structured training programs and opportunities for internal mobility. Innovation-Driven: Focus on digital transformation makes it an exciting place for tech-savvy professionals. Customer-Centric Values: Strong emphasis on delivering quality service, which builds purpose in daily work. Work-Life Balance: Reasonable workload and flexible arrangements support personal well-being. Recognition & Ownership: Employees are empowered to lead initiatives and recognized for their contributions. Cons: Pace of Change: Decision-making can sometimes be slower due to the size of the organization. Cross-Functional Collaboration: While encouraged, it may face occasional resistance due to siloed structures. Competitive Progression: Career advancement can be competitive in certain departments.",Negative,0.4277375638484955,Manual Review,Negative
160,73,Ocbc,review_body_text,9,Competitive Progression: Career advancement can be competitive in certain departments.,"Pros: Supportive Work Environment: Encouraging leadership and helpful colleagues foster a positive workplace culture. Career Development: Offers structured training programs and opportunities for internal mobility. Innovation-Driven: Focus on digital transformation makes it an exciting place for tech-savvy professionals. Customer-Centric Values: Strong emphasis on delivering quality service, which builds purpose in daily work. Work-Life Balance: Reasonable workload and flexible arrangements support personal well-being. Recognition & Ownership: Employees are empowered to lead initiatives and recognized for their contributions. Cons: Pace of Change: Decision-making can sometimes be slower due to the size of the organization. Cross-Functional Collaboration: While encouraged, it may face occasional resistance due to siloed structures. Competitive Progression: Career advancement can be competitive in certain departments.",Positive,0.9678050875663757,Accepted,Positive
161,74,United Overseas Bank,review_title,1,"While the job offered some valuable learning experiences, the overall environment at UOB Bank—particularly post-Citi Bank migration—was demoralizing.","While the job offered some valuable learning experiences, the overall environment at UOB Bank—particularly post-Citi Bank migration—was demoralizing.",Negative,0.9308411478996277,Accepted,Negative
162,74,United Overseas Bank,review_body_text,1,"A typical day was fast-paced, handling high volumes of customer issues with tight performance targets.","A typical day was fast-paced, handling high volumes of customer issues with tight performance targets. I learned to manage pressure, improve my communication skills, and adapt quickly especially after the Citi Bank migration. Unfortunately, management was unresponsive and showed little concern for employee well-being. The culture was heavily politicized, with favoritism and internal politics often overshadowing merit and hard work. There was no work-life balance, and internal politics were overwhelming. Citi staff were treated poorly after the transition, which made things even harder. The hardest part was staying motivated in a toxic environment. The best part was helping customers and resolving their issues—it gave a real sense of accomplishment. Overall, not a supportive place to grow long-term.",Negative,0.46743321418762207,Manual Review,Negative
162,74,United Overseas Bank,review_body_text,2,"I learned to manage pressure, improve my communication skills, and adapt quickly especially after the Citi Bank migration.","A typical day was fast-paced, handling high volumes of customer issues with tight performance targets. I learned to manage pressure, improve my communication skills, and adapt quickly especially after the Citi Bank migration. Unfortunately, management was unresponsive and showed little concern for employee well-being. The culture was heavily politicized, with favoritism and internal politics often overshadowing merit and hard work. There was no work-life balance, and internal politics were overwhelming. Citi staff were treated poorly after the transition, which made things even harder. The hardest part was staying motivated in a toxic environment. The best part was helping customers and resolving their issues—it gave a real sense of accomplishment. Overall, not a supportive place to grow long-term.",Positive,0.9306381940841675,Accepted,Positive
162,74,United Overseas Bank,review_body_text,3,"Unfortunately, management was unresponsive and showed little concern for employee well-being.","A typical day was fast-paced, handling high volumes of customer issues with tight performance targets. I learned to manage pressure, improve my communication skills, and adapt quickly especially after the Citi Bank migration. Unfortunately, management was unresponsive and showed little concern for employee well-being. The culture was heavily politicized, with favoritism and internal politics often overshadowing merit and hard work. There was no work-life balance, and internal politics were overwhelming. Citi staff were treated poorly after the transition, which made things even harder. The hardest part was staying motivated in a toxic environment. The best part was helping customers and resolving their issues—it gave a real sense of accomplishment. Overall, not a supportive place to grow long-term.",Negative,0.9716751575469971,Accepted,Negative
162,74,United Overseas Bank,review_body_text,4,"The culture was heavily politicized, with favoritism and internal politics often overshadowing merit and hard work.","A typical day was fast-paced, handling high volumes of customer issues with tight performance targets. I learned to manage pressure, improve my communication skills, and adapt quickly especially after the Citi Bank migration. Unfortunately, management was unresponsive and showed little concern for employee well-being. The culture was heavily politicized, with favoritism and internal politics often overshadowing merit and hard work. There was no work-life balance, and internal politics were overwhelming. Citi staff were treated poorly after the transition, which made things even harder. The hardest part was staying motivated in a toxic environment. The best part was helping customers and resolving their issues—it gave a real sense of accomplishment. Overall, not a supportive place to grow long-term.",Negative,0.9790645837783813,Accepted,Negative
162,74,United Overseas Bank,review_body_text,5,"There was no work-life balance, and internal politics were overwhelming.","A typical day was fast-paced, handling high volumes of customer issues with tight performance targets. I learned to manage pressure, improve my communication skills, and adapt quickly especially after the Citi Bank migration. Unfortunately, management was unresponsive and showed little concern for employee well-being. The culture was heavily politicized, with favoritism and internal politics often overshadowing merit and hard work. There was no work-life balance, and internal politics were overwhelming. Citi staff were treated poorly after the transition, which made things even harder. The hardest part was staying motivated in a toxic environment. The best part was helping customers and resolving their issues—it gave a real sense of accomplishment. Overall, not a supportive place to grow long-term.",Negative,0.9817158579826355,Accepted,Negative
162,74,United Overseas Bank,review_body_text,6,"Citi staff were treated poorly after the transition, which made things even harder.","A typical day was fast-paced, handling high volumes of customer issues with tight performance targets. I learned to manage pressure, improve my communication skills, and adapt quickly especially after the Citi Bank migration. Unfortunately, management was unresponsive and showed little concern for employee well-being. The culture was heavily politicized, with favoritism and internal politics often overshadowing merit and hard work. There was no work-life balance, and internal politics were overwhelming. Citi staff were treated poorly after the transition, which made things even harder. The hardest part was staying motivated in a toxic environment. The best part was helping customers and resolving their issues—it gave a real sense of accomplishment. Overall, not a supportive place to grow long-term.",Negative,0.9864539504051208,Accepted,Negative
162,74,United Overseas Bank,review_body_text,7,The hardest part was staying motivated in a toxic environment.,"A typical day was fast-paced, handling high volumes of customer issues with tight performance targets. I learned to manage pressure, improve my communication skills, and adapt quickly especially after the Citi Bank migration. Unfortunately, management was unresponsive and showed little concern for employee well-being. The culture was heavily politicized, with favoritism and internal politics often overshadowing merit and hard work. There was no work-life balance, and internal politics were overwhelming. Citi staff were treated poorly after the transition, which made things even harder. The hardest part was staying motivated in a toxic environment. The best part was helping customers and resolving their issues—it gave a real sense of accomplishment. Overall, not a supportive place to grow long-term.",Negative,0.9889350533485413,Accepted,Negative
162,74,United Overseas Bank,review_body_text,8,The best part was helping customers and resolving their issues—it gave a real sense of accomplishment.,"A typical day was fast-paced, handling high volumes of customer issues with tight performance targets. I learned to manage pressure, improve my communication skills, and adapt quickly especially after the Citi Bank migration. Unfortunately, management was unresponsive and showed little concern for employee well-being. The culture was heavily politicized, with favoritism and internal politics often overshadowing merit and hard work. There was no work-life balance, and internal politics were overwhelming. Citi staff were treated poorly after the transition, which made things even harder. The hardest part was staying motivated in a toxic environment. The best part was helping customers and resolving their issues—it gave a real sense of accomplishment. Overall, not a supportive place to grow long-term.",Positive,0.981094479560852,Accepted,Positive
162,74,United Overseas Bank,review_body_text,9,"Overall, not a supportive place to grow long-term.","A typical day was fast-paced, handling high volumes of customer issues with tight performance targets. I learned to manage pressure, improve my communication skills, and adapt quickly especially after the Citi Bank migration. Unfortunately, management was unresponsive and showed little concern for employee well-being. The culture was heavily politicized, with favoritism and internal politics often overshadowing merit and hard work. There was no work-life balance, and internal politics were overwhelming. Citi staff were treated poorly after the transition, which made things even harder. The hardest part was staying motivated in a toxic environment. The best part was helping customers and resolving their issues—it gave a real sense of accomplishment. Overall, not a supportive place to grow long-term.",Negative,0.8013147115707397,Accepted,Negative
163,75,Public-Bank-Berhad,review_title,1,Good bonus and benefit,Good bonus and benefit,Positive,0.9656950235366821,Accepted,Positive
164,75,Public-Bank-Berhad,review_body_text,1,Good bonus and benefit.,Good bonus and benefit. For career growth depends on department and bosses. They easily hire fresh grad. No work life balance and they will pressure you all the time,Positive,0.9619987607002258,Accepted,Positive
164,75,Public-Bank-Berhad,review_body_text,2,For career growth depends on department and bosses.,Good bonus and benefit. For career growth depends on department and bosses. They easily hire fresh grad. No work life balance and they will pressure you all the time,Positive,0.5400611162185669,Manual Review,Positive
164,75,Public-Bank-Berhad,review_body_text,3,They easily hire fresh grad.,Good bonus and benefit. For career growth depends on department and bosses. They easily hire fresh grad. No work life balance and they will pressure you all the time,Positive,0.8452855348587036,Accepted,Positive
164,75,Public-Bank-Berhad,review_body_text,4,No work life balance and they will pressure you all the time,Good bonus and benefit. For career growth depends on department and bosses. They easily hire fresh grad. No work life balance and they will pressure you all the time,Negative,0.9895357489585876,Accepted,Negative
165,75,Public-Bank-Berhad,pros_text,1,Benefit and bonus,Benefit and bonus,Positive,0.9272947311401367,Accepted,Positive
166,75,Public-Bank-Berhad,cons_text,1,Office politics,Office politics,Negative,0.919065535068512,Accepted,Negative
168,76,Public-Bank-Berhad,review_body_text,1,Traditional type of work experience.,Traditional type of work experience. Good place to learn for fresh. Typical corporate company with a lot of procedures and ethics that you need to follow.,Positive,0.3427570164203644,Manual Review,Positive
168,76,Public-Bank-Berhad,review_body_text,2,Good place to learn for fresh.,Traditional type of work experience. Good place to learn for fresh. Typical corporate company with a lot of procedures and ethics that you need to follow.,Positive,0.8878911733627319,Accepted,Positive
168,76,Public-Bank-Berhad,review_body_text,3,Typical corporate company with a lot of procedures and ethics that you need to follow.,Traditional type of work experience. Good place to learn for fresh. Typical corporate company with a lot of procedures and ethics that you need to follow.,Negative,0.6120776534080505,Manual Review,Negative
170,77,Public-Bank-Berhad,review_body_text,1,What is the work environment and culture like at the company?,"What is the work environment and culture like at the company? The company has a fast-paced and high-performance work culture that challenges you to grow. While expectations are high, it encourages resilience and strong work ethics. It’s a place where dedication and hard work are key to success. What is a typical day like for you at the company? A typical day is dynamic and fast-moving, with everyone focused and efficient. There's always something happening, which keeps the work engaging and helps sharpen multitasking and time management skills",Positive,0.5594784617424011,Manual Review,Positive
170,77,Public-Bank-Berhad,review_body_text,2,The company has a fast-paced and high-performance work culture that challenges you to grow.,"What is the work environment and culture like at the company? The company has a fast-paced and high-performance work culture that challenges you to grow. While expectations are high, it encourages resilience and strong work ethics. It’s a place where dedication and hard work are key to success. What is a typical day like for you at the company? A typical day is dynamic and fast-moving, with everyone focused and efficient. There's always something happening, which keeps the work engaging and helps sharpen multitasking and time management skills",Positive,0.9894385933876038,Accepted,Positive
170,77,Public-Bank-Berhad,review_body_text,3,"While expectations are high, it encourages resilience and strong work ethics.","What is the work environment and culture like at the company? The company has a fast-paced and high-performance work culture that challenges you to grow. While expectations are high, it encourages resilience and strong work ethics. It’s a place where dedication and hard work are key to success. What is a typical day like for you at the company? A typical day is dynamic and fast-moving, with everyone focused and efficient. There's always something happening, which keeps the work engaging and helps sharpen multitasking and time management skills",Positive,0.9460781216621399,Accepted,Positive
170,77,Public-Bank-Berhad,review_body_text,4,It’s a place where dedication and hard work are key to success.,"What is the work environment and culture like at the company? The company has a fast-paced and high-performance work culture that challenges you to grow. While expectations are high, it encourages resilience and strong work ethics. It’s a place where dedication and hard work are key to success. What is a typical day like for you at the company? A typical day is dynamic and fast-moving, with everyone focused and efficient. There's always something happening, which keeps the work engaging and helps sharpen multitasking and time management skills",Positive,0.9616599082946777,Accepted,Positive
170,77,Public-Bank-Berhad,review_body_text,5,What is a typical day like for you at the company?,"What is the work environment and culture like at the company? The company has a fast-paced and high-performance work culture that challenges you to grow. While expectations are high, it encourages resilience and strong work ethics. It’s a place where dedication and hard work are key to success. What is a typical day like for you at the company? A typical day is dynamic and fast-moving, with everyone focused and efficient. There's always something happening, which keeps the work engaging and helps sharpen multitasking and time management skills",Positive,0.49403467774391174,Manual Review,Positive
170,77,Public-Bank-Berhad,review_body_text,6,"A typical day is dynamic and fast-moving, with everyone focused and efficient.","What is the work environment and culture like at the company? The company has a fast-paced and high-performance work culture that challenges you to grow. While expectations are high, it encourages resilience and strong work ethics. It’s a place where dedication and hard work are key to success. What is a typical day like for you at the company? A typical day is dynamic and fast-moving, with everyone focused and efficient. There's always something happening, which keeps the work engaging and helps sharpen multitasking and time management skills",Positive,0.864782452583313,Accepted,Positive
170,77,Public-Bank-Berhad,review_body_text,7,"There's always something happening, which keeps the work engaging and helps sharpen multitasking and time management skills","What is the work environment and culture like at the company? The company has a fast-paced and high-performance work culture that challenges you to grow. While expectations are high, it encourages resilience and strong work ethics. It’s a place where dedication and hard work are key to success. What is a typical day like for you at the company? A typical day is dynamic and fast-moving, with everyone focused and efficient. There's always something happening, which keeps the work engaging and helps sharpen multitasking and time management skills",Positive,0.9632120728492737,Accepted,Positive
171,78,HSBC,review_title,1,Fun place to work,Fun place to work,Positive,0.955489456653595,Accepted,Positive
172,78,HSBC,review_body_text,1,"best work environment, encourage speak-up culture, management and colleagues are friendly and helpful.","best work environment, encourage speak-up culture, management and colleagues are friendly and helpful. Learn a lot from them. The staff benefits were good.",Positive,0.9935310482978821,Accepted,Positive
172,78,HSBC,review_body_text,2,Learn a lot from them.,"best work environment, encourage speak-up culture, management and colleagues are friendly and helpful. Learn a lot from them. The staff benefits were good.",Positive,0.8960622549057007,Accepted,Positive
172,78,HSBC,review_body_text,3,The staff benefits were good.,"best work environment, encourage speak-up culture, management and colleagues are friendly and helpful. Learn a lot from them. The staff benefits were good.",Positive,0.9622931480407715,Accepted,Positive
173,78,HSBC,pros_text,1,strong staff engagement,strong staff engagement,Positive,0.9915633201599121,Accepted,Positive
174,78,HSBC,cons_text,1,Remuneration not as expectation,Remuneration not as expectation,Negative,0.5341229438781738,Manual Review,Negative
175,79,RHB Bank Berhad,review_title,1,Good for fresh grad,Good for fresh grad,Positive,0.9265888929367065,Accepted,Positive
176,79,RHB Bank Berhad,review_body_text,1,"Good environment, good salary, will give u experience, but compared to other commercial bank, rhb is like medium.","Good environment, good salary, will give u experience, but compared to other commercial bank, rhb is like medium. Not many clients will prefer rhb. The name is not top.",Positive,0.8972532749176025,Accepted,Positive
176,79,RHB Bank Berhad,review_body_text,2,Not many clients will prefer rhb.,"Good environment, good salary, will give u experience, but compared to other commercial bank, rhb is like medium. Not many clients will prefer rhb. The name is not top.",Negative,0.7399299144744873,Manual Review,Negative
176,79,RHB Bank Berhad,review_body_text,3,The name is not top.,"Good environment, good salary, will give u experience, but compared to other commercial bank, rhb is like medium. Not many clients will prefer rhb. The name is not top.",Negative,0.673416793346405,Manual Review,Negative
177,80,RHB Bank Berhad,review_title,1,Not bad,Not bad,Positive,0.5970488786697388,Manual Review,Positive
178,80,RHB Bank Berhad,review_body_text,1,Overall not bad.,Overall not bad. Lack increment and bonus. Working hour not flexible. Not good to stay for a long time. Working environment can be improved. Team members are good.,Positive,0.6496621966362,Manual Review,Positive
178,80,RHB Bank Berhad,review_body_text,2,Lack increment and bonus.,Overall not bad. Lack increment and bonus. Working hour not flexible. Not good to stay for a long time. Working environment can be improved. Team members are good.,Negative,0.8819100856781006,Accepted,Negative
178,80,RHB Bank Berhad,review_body_text,3,Working hour not flexible.,Overall not bad. Lack increment and bonus. Working hour not flexible. Not good to stay for a long time. Working environment can be improved. Team members are good.,Negative,0.8744773864746094,Accepted,Negative
178,80,RHB Bank Berhad,review_body_text,4,Not good to stay for a long time.,Overall not bad. Lack increment and bonus. Working hour not flexible. Not good to stay for a long time. Working environment can be improved. Team members are good.,Negative,0.9601119160652161,Accepted,Negative
178,80,RHB Bank Berhad,review_body_text,5,Working environment can be improved.,Overall not bad. Lack increment and bonus. Working hour not flexible. Not good to stay for a long time. Working environment can be improved. Team members are good.,Negative,0.4642198979854584,Manual Review,Negative
178,80,RHB Bank Berhad,review_body_text,6,Team members are good.,Overall not bad. Lack increment and bonus. Working hour not flexible. Not good to stay for a long time. Working environment can be improved. Team members are good.,Positive,0.8691697120666504,Accepted,Positive
179,81,maybank,review_title,1,"Department-dependent, decent experience","Department-dependent, decent experience",Positive,0.7663878798484802,Accepted,Positive
180,81,maybank,review_body_text,1,My internship experience was okay overall.,"My internship experience was okay overall. It really depends on which department you’re placed in—if you end up in the right one, it’s easier to fit in and there’s a better chance of getting absorbed into the company. The allowance was given based on the number of days you worked, which might not work for everyone expecting a fixed monthly pay. Honestly the people in my team are nice, but in terms of workloads there weren’t much that interns are allowed to do as it is customer’s privacy matters.",Positive,0.6119384169578552,Manual Review,Positive
180,81,maybank,review_body_text,2,"It really depends on which department you’re placed in—if you end up in the right one, it’s easier to fit in and there’s a better chance of getting absorbed into the company.","My internship experience was okay overall. It really depends on which department you’re placed in—if you end up in the right one, it’s easier to fit in and there’s a better chance of getting absorbed into the company. The allowance was given based on the number of days you worked, which might not work for everyone expecting a fixed monthly pay. Honestly the people in my team are nice, but in terms of workloads there weren’t much that interns are allowed to do as it is customer’s privacy matters.",Positive,0.8172330856323242,Accepted,Positive
180,81,maybank,review_body_text,3,"The allowance was given based on the number of days you worked, which might not work for everyone expecting a fixed monthly pay.","My internship experience was okay overall. It really depends on which department you’re placed in—if you end up in the right one, it’s easier to fit in and there’s a better chance of getting absorbed into the company. The allowance was given based on the number of days you worked, which might not work for everyone expecting a fixed monthly pay. Honestly the people in my team are nice, but in terms of workloads there weren’t much that interns are allowed to do as it is customer’s privacy matters.",Negative,0.6254279613494873,Manual Review,Negative
180,81,maybank,review_body_text,4,"Honestly the people in my team are nice, but in terms of workloads there weren’t much that interns are allowed to do as it is customer’s privacy matters.","My internship experience was okay overall. It really depends on which department you’re placed in—if you end up in the right one, it’s easier to fit in and there’s a better chance of getting absorbed into the company. The allowance was given based on the number of days you worked, which might not work for everyone expecting a fixed monthly pay. Honestly the people in my team are nice, but in terms of workloads there weren’t much that interns are allowed to do as it is customer’s privacy matters.",Positive,0.6552911400794983,Manual Review,Positive
181,82,Cimb-Group,review_title,1,"Learn a lot, good managers","Learn a lot, good managers",Positive,0.9616637229919434,Accepted,Positive
182,82,Cimb-Group,review_body_text,1,"The work environment is fast-paced, with supportive senior colleagues and ample opportunities to learn.","The work environment is fast-paced, with supportive senior colleagues and ample opportunities to learn. However, the role requires a significant amount of self-directed learning. Overall, it provides a valuable experience for fresh graduates to develop their skills and grow their careers",Positive,0.9618510603904724,Accepted,Positive
182,82,Cimb-Group,review_body_text,2,"However, the role requires a significant amount of self-directed learning.","The work environment is fast-paced, with supportive senior colleagues and ample opportunities to learn. However, the role requires a significant amount of self-directed learning. Overall, it provides a valuable experience for fresh graduates to develop their skills and grow their careers",Negative,0.5461173057556152,Manual Review,Negative
182,82,Cimb-Group,review_body_text,3,"Overall, it provides a valuable experience for fresh graduates to develop their skills and grow their careers","The work environment is fast-paced, with supportive senior colleagues and ample opportunities to learn. However, the role requires a significant amount of self-directed learning. Overall, it provides a valuable experience for fresh graduates to develop their skills and grow their careers",Positive,0.8977993130683899,Accepted,Positive
183,83,Ocbc,review_title,1,High inbound rate and very stressful,High inbound rate and very stressful,Negative,0.9789589643478394,Accepted,Negative
184,83,Ocbc,review_body_text,1,"As a fresh grad I thought would capable to learn something , but they failed my expectations, too stressful and unable to handle it, very very lousy management","As a fresh grad I thought would capable to learn something , but they failed my expectations, too stressful and unable to handle it, very very lousy management",Negative,0.9868698716163635,Accepted,Negative
185,84,Ocbc,review_title,1,Good experience,Good experience,Positive,0.7936099767684937,Accepted,Positive
186,84,Ocbc,review_body_text,1,Good experience Various benefits and care on employee.,Good experience Various benefits and care on employee. Have 7 days block leave every year to get away from work. Many other benefits for claim as well and,Positive,0.9816604256629944,Accepted,Positive
186,84,Ocbc,review_body_text,2,Have 7 days block leave every year to get away from work.,Good experience Various benefits and care on employee. Have 7 days block leave every year to get away from work. Many other benefits for claim as well and,Negative,0.4635004699230194,Manual Review,Negative
186,84,Ocbc,review_body_text,3,Many other benefits for claim as well and,Good experience Various benefits and care on employee. Have 7 days block leave every year to get away from work. Many other benefits for claim as well and,Positive,0.8633767366409302,Accepted,Positive
188,85,Cimb-Group,review_body_text,1,"I interned at CIMB Bank hoping for a dynamic learning experience, but overall, it fell short of expectations.","I interned at CIMB Bank hoping for a dynamic learning experience, but overall, it fell short of expectations. Most of my time was spent on repetitive, low-impact assignments that didn’t contribute much to my growth or understanding of the banking sector.",Negative,0.9078444242477417,Accepted,Negative
188,85,Cimb-Group,review_body_text,2,"Most of my time was spent on repetitive, low-impact assignments that didn’t contribute much to my growth or understanding of the banking sector.","I interned at CIMB Bank hoping for a dynamic learning experience, but overall, it fell short of expectations. Most of my time was spent on repetitive, low-impact assignments that didn’t contribute much to my growth or understanding of the banking sector.",Negative,0.8615456223487854,Accepted,Negative
189,86,HSBC,review_title,1,Productive and fun workplace,Productive and fun workplace,Positive,0.975767970085144,Accepted,Positive
190,86,HSBC,review_body_text,1,My internship experience has been incredibly rewarding.,"My internship experience has been incredibly rewarding. I had the chance to work on real-world projects, apply my skills, and learn from talented professionals. The team was supportive and always willing to offer guidance, helping me grow both personally and professionally. I gained valuable insights into marketing and developed a stronger foundation for my career. Overall, this experience has been enriching, and I’m grateful for the opportunity to have been part of such a dynamic environment.",Positive,0.9824942946434021,Accepted,Positive
190,86,HSBC,review_body_text,2,"I had the chance to work on real-world projects, apply my skills, and learn from talented professionals.","My internship experience has been incredibly rewarding. I had the chance to work on real-world projects, apply my skills, and learn from talented professionals. The team was supportive and always willing to offer guidance, helping me grow both personally and professionally. I gained valuable insights into marketing and developed a stronger foundation for my career. Overall, this experience has been enriching, and I’m grateful for the opportunity to have been part of such a dynamic environment.",Positive,0.9532788991928101,Accepted,Positive
190,86,HSBC,review_body_text,3,"The team was supportive and always willing to offer guidance, helping me grow both personally and professionally.","My internship experience has been incredibly rewarding. I had the chance to work on real-world projects, apply my skills, and learn from talented professionals. The team was supportive and always willing to offer guidance, helping me grow both personally and professionally. I gained valuable insights into marketing and developed a stronger foundation for my career. Overall, this experience has been enriching, and I’m grateful for the opportunity to have been part of such a dynamic environment.",Positive,0.9840156435966492,Accepted,Positive
190,86,HSBC,review_body_text,4,I gained valuable insights into marketing and developed a stronger foundation for my career.,"My internship experience has been incredibly rewarding. I had the chance to work on real-world projects, apply my skills, and learn from talented professionals. The team was supportive and always willing to offer guidance, helping me grow both personally and professionally. I gained valuable insights into marketing and developed a stronger foundation for my career. Overall, this experience has been enriching, and I’m grateful for the opportunity to have been part of such a dynamic environment.",Positive,0.970320999622345,Accepted,Positive
190,86,HSBC,review_body_text,5,"Overall, this experience has been enriching, and I’m grateful for the opportunity to have been part of such a dynamic environment.","My internship experience has been incredibly rewarding. I had the chance to work on real-world projects, apply my skills, and learn from talented professionals. The team was supportive and always willing to offer guidance, helping me grow both personally and professionally. I gained valuable insights into marketing and developed a stronger foundation for my career. Overall, this experience has been enriching, and I’m grateful for the opportunity to have been part of such a dynamic environment.",Positive,0.9610517621040344,Accepted,Positive
191,87,United Overseas Bank,review_title,1,No work life balance,No work life balance,Negative,0.9647087454795837,Accepted,Negative
192,87,United Overseas Bank,review_body_text,1,No work life balance Pay is high Stressful working place Good benefit Politic environment Annual leave a lot Manager stress Long working hour Good place to learn,No work life balance Pay is high Stressful working place Good benefit Politic environment Annual leave a lot Manager stress Long working hour Good place to learn,Negative,0.9899497628211975,Accepted,Negative
193,88,Public-Bank-Berhad,review_title,1,Intense pressure & high expectations,Intense pressure & high expectations,Negative,0.9307880997657776,Accepted,Negative
194,88,Public-Bank-Berhad,review_body_text,1,Intense pressure & high expectations.,Intense pressure & high expectations. Very Chinese man and traditional way of approaching work. Expected to OT everday and even on weekends without getting paid OT.,Negative,0.9237685799598694,Accepted,Negative
194,88,Public-Bank-Berhad,review_body_text,2,Very Chinese man and traditional way of approaching work.,Intense pressure & high expectations. Very Chinese man and traditional way of approaching work. Expected to OT everday and even on weekends without getting paid OT.,Positive,0.6464167237281799,Manual Review,Positive
194,88,Public-Bank-Berhad,review_body_text,3,Expected to OT everday and even on weekends without getting paid OT.,Intense pressure & high expectations. Very Chinese man and traditional way of approaching work. Expected to OT everday and even on weekends without getting paid OT.,Negative,0.9169818758964539,Accepted,Negative
195,89,Public-Bank-Berhad,review_title,1,Not a good choice,Not a good choice,Negative,0.8710205554962158,Accepted,Negative
196,89,Public-Bank-Berhad,review_body_text,1,"I am currently working there as a Management Trainee, i find it even in a week it is too overwhelming.","I am currently working there as a Management Trainee, i find it even in a week it is too overwhelming. The management is on another whole different level, they tend to stick with the paper based era whereas people are going towards technologies. I would say run while you can, there is no good employee welfare, pantry is provided but not with food, works are expected to be learnt in one go despite learning phase. Superiors are just not very welcoming, there is this heavy aura around them. Working here means forgetting of going back on time, the very first day itself the manager told me "" here i don't want people to go back on time"" usual working time is from 08:45 am to 5:45pm but you are required to work more but none is claimable. Basically speaking no one goes back on time sharp 05:45pm. Overall the management and the way they handle the process of everything is super old school, they still have typewriters to write on vouchers. therefore, explore other firm or field this place is not recommended for the sake of sanity.",Negative,0.9666194319725037,Accepted,Negative
196,89,Public-Bank-Berhad,review_body_text,2,"The management is on another whole different level, they tend to stick with the paper based era whereas people are going towards technologies.","I am currently working there as a Management Trainee, i find it even in a week it is too overwhelming. The management is on another whole different level, they tend to stick with the paper based era whereas people are going towards technologies. I would say run while you can, there is no good employee welfare, pantry is provided but not with food, works are expected to be learnt in one go despite learning phase. Superiors are just not very welcoming, there is this heavy aura around them. Working here means forgetting of going back on time, the very first day itself the manager told me "" here i don't want people to go back on time"" usual working time is from 08:45 am to 5:45pm but you are required to work more but none is claimable. Basically speaking no one goes back on time sharp 05:45pm. Overall the management and the way they handle the process of everything is super old school, they still have typewriters to write on vouchers. therefore, explore other firm or field this place is not recommended for the sake of sanity.",Negative,0.8183655142784119,Accepted,Negative
196,89,Public-Bank-Berhad,review_body_text,3,"I would say run while you can, there is no good employee welfare, pantry is provided but not with food, works are expected to be learnt in one go despite learning phase.","I am currently working there as a Management Trainee, i find it even in a week it is too overwhelming. The management is on another whole different level, they tend to stick with the paper based era whereas people are going towards technologies. I would say run while you can, there is no good employee welfare, pantry is provided but not with food, works are expected to be learnt in one go despite learning phase. Superiors are just not very welcoming, there is this heavy aura around them. Working here means forgetting of going back on time, the very first day itself the manager told me "" here i don't want people to go back on time"" usual working time is from 08:45 am to 5:45pm but you are required to work more but none is claimable. Basically speaking no one goes back on time sharp 05:45pm. Overall the management and the way they handle the process of everything is super old school, they still have typewriters to write on vouchers. therefore, explore other firm or field this place is not recommended for the sake of sanity.",Negative,0.9850567579269409,Accepted,Negative
196,89,Public-Bank-Berhad,review_body_text,4,"Superiors are just not very welcoming, there is this heavy aura around them.","I am currently working there as a Management Trainee, i find it even in a week it is too overwhelming. The management is on another whole different level, they tend to stick with the paper based era whereas people are going towards technologies. I would say run while you can, there is no good employee welfare, pantry is provided but not with food, works are expected to be learnt in one go despite learning phase. Superiors are just not very welcoming, there is this heavy aura around them. Working here means forgetting of going back on time, the very first day itself the manager told me "" here i don't want people to go back on time"" usual working time is from 08:45 am to 5:45pm but you are required to work more but none is claimable. Basically speaking no one goes back on time sharp 05:45pm. Overall the management and the way they handle the process of everything is super old school, they still have typewriters to write on vouchers. therefore, explore other firm or field this place is not recommended for the sake of sanity.",Negative,0.9525801539421082,Accepted,Negative
196,89,Public-Bank-Berhad,review_body_text,5,"Working here means forgetting of going back on time, the very first day itself the manager told me "" here i don't want people to go back on time"" usual working time is from 08:45 am to 5:45pm but you are required to work more but none is claimable.","I am currently working there as a Management Trainee, i find it even in a week it is too overwhelming. The management is on another whole different level, they tend to stick with the paper based era whereas people are going towards technologies. I would say run while you can, there is no good employee welfare, pantry is provided but not with food, works are expected to be learnt in one go despite learning phase. Superiors are just not very welcoming, there is this heavy aura around them. Working here means forgetting of going back on time, the very first day itself the manager told me "" here i don't want people to go back on time"" usual working time is from 08:45 am to 5:45pm but you are required to work more but none is claimable. Basically speaking no one goes back on time sharp 05:45pm. Overall the management and the way they handle the process of everything is super old school, they still have typewriters to write on vouchers. therefore, explore other firm or field this place is not recommended for the sake of sanity.",Negative,0.9880547523498535,Accepted,Negative
196,89,Public-Bank-Berhad,review_body_text,6,Basically speaking no one goes back on time sharp 05:45pm.,"I am currently working there as a Management Trainee, i find it even in a week it is too overwhelming. The management is on another whole different level, they tend to stick with the paper based era whereas people are going towards technologies. I would say run while you can, there is no good employee welfare, pantry is provided but not with food, works are expected to be learnt in one go despite learning phase. Superiors are just not very welcoming, there is this heavy aura around them. Working here means forgetting of going back on time, the very first day itself the manager told me "" here i don't want people to go back on time"" usual working time is from 08:45 am to 5:45pm but you are required to work more but none is claimable. Basically speaking no one goes back on time sharp 05:45pm. Overall the management and the way they handle the process of everything is super old school, they still have typewriters to write on vouchers. therefore, explore other firm or field this place is not recommended for the sake of sanity.",Negative,0.5640627145767212,Manual Review,Negative
196,89,Public-Bank-Berhad,review_body_text,7,"Overall the management and the way they handle the process of everything is super old school, they still have typewriters to write on vouchers.","I am currently working there as a Management Trainee, i find it even in a week it is too overwhelming. The management is on another whole different level, they tend to stick with the paper based era whereas people are going towards technologies. I would say run while you can, there is no good employee welfare, pantry is provided but not with food, works are expected to be learnt in one go despite learning phase. Superiors are just not very welcoming, there is this heavy aura around them. Working here means forgetting of going back on time, the very first day itself the manager told me "" here i don't want people to go back on time"" usual working time is from 08:45 am to 5:45pm but you are required to work more but none is claimable. Basically speaking no one goes back on time sharp 05:45pm. Overall the management and the way they handle the process of everything is super old school, they still have typewriters to write on vouchers. therefore, explore other firm or field this place is not recommended for the sake of sanity.",Positive,0.8038222789764404,Accepted,Positive
196,89,Public-Bank-Berhad,review_body_text,8,"therefore, explore other firm or field this place is not recommended for the sake of sanity.","I am currently working there as a Management Trainee, i find it even in a week it is too overwhelming. The management is on another whole different level, they tend to stick with the paper based era whereas people are going towards technologies. I would say run while you can, there is no good employee welfare, pantry is provided but not with food, works are expected to be learnt in one go despite learning phase. Superiors are just not very welcoming, there is this heavy aura around them. Working here means forgetting of going back on time, the very first day itself the manager told me "" here i don't want people to go back on time"" usual working time is from 08:45 am to 5:45pm but you are required to work more but none is claimable. Basically speaking no one goes back on time sharp 05:45pm. Overall the management and the way they handle the process of everything is super old school, they still have typewriters to write on vouchers. therefore, explore other firm or field this place is not recommended for the sake of sanity.",Negative,0.9593819975852966,Accepted,Negative
198,90,Cimb-Group,review_body_text,1,great place to work and grow.,great place to work and grow. Superior guidance all the time. Great benefits. Nice working environment and space. Flexible working hours. Cons - distance,Positive,0.9925238490104675,Accepted,Positive
198,90,Cimb-Group,review_body_text,2,Superior guidance all the time.,great place to work and grow. Superior guidance all the time. Great benefits. Nice working environment and space. Flexible working hours. Cons - distance,Positive,0.9845675230026245,Accepted,Positive
198,90,Cimb-Group,review_body_text,3,Great benefits.,great place to work and grow. Superior guidance all the time. Great benefits. Nice working environment and space. Flexible working hours. Cons - distance,Positive,0.965888500213623,Accepted,Positive
198,90,Cimb-Group,review_body_text,4,Nice working environment and space.,great place to work and grow. Superior guidance all the time. Great benefits. Nice working environment and space. Flexible working hours. Cons - distance,Positive,0.9764891862869263,Accepted,Positive
198,90,Cimb-Group,review_body_text,5,Flexible working hours.,great place to work and grow. Superior guidance all the time. Great benefits. Nice working environment and space. Flexible working hours. Cons - distance,Positive,0.889565110206604,Accepted,Positive
198,90,Cimb-Group,review_body_text,6,Cons - distance,great place to work and grow. Superior guidance all the time. Great benefits. Nice working environment and space. Flexible working hours. Cons - distance,Negative,0.9232760667800903,Accepted,Negative
199,91,RHB Bank Berhad,review_title,1,good environment and supportive,good environment and supportive,Positive,0.9367442727088928,Accepted,Positive
200,91,RHB Bank Berhad,review_body_text,1,"No increment, not offered as permanent position even though work more than 3years, low benefit.","No increment, not offered as permanent position even though work more than 3years, low benefit. It is not wrong to use the offer contract thru agency but if the employee already work more than 1 year with a good results, offer them permanent position.",Negative,0.9180285930633545,Accepted,Negative
200,91,RHB Bank Berhad,review_body_text,2,"It is not wrong to use the offer contract thru agency but if the employee already work more than 1 year with a good results, offer them permanent position.","No increment, not offered as permanent position even though work more than 3years, low benefit. It is not wrong to use the offer contract thru agency but if the employee already work more than 1 year with a good results, offer them permanent position.",Positive,0.7996004223823547,Accepted,Positive
201,92,HSBC,review_title,1,Experience Raw Adulting,Experience Raw Adulting,Negative,0.4503796398639679,Manual Review,Negative
202,92,HSBC,review_body_text,1,"Bosses with mood swings, low salary, terrible growth opportunities BUT an opportunity to also learn about banking systems and its SOPs?","Bosses with mood swings, low salary, terrible growth opportunities BUT an opportunity to also learn about banking systems and its SOPs? Look no further! HSBC is here :)",Negative,0.9715672731399536,Accepted,Negative
202,92,HSBC,review_body_text,2,Look no further!,"Bosses with mood swings, low salary, terrible growth opportunities BUT an opportunity to also learn about banking systems and its SOPs? Look no further! HSBC is here :)",Positive,0.4768887758255005,Manual Review,Positive
202,92,HSBC,review_body_text,3,HSBC is here :),"Bosses with mood swings, low salary, terrible growth opportunities BUT an opportunity to also learn about banking systems and its SOPs? Look no further! HSBC is here :)",Positive,0.9124051928520203,Accepted,Positive
203,93,Public-Bank-Berhad,review_title,1,Profesional Environment,Profesional Environment,Positive,0.7716279625892639,Accepted,Positive
204,93,Public-Bank-Berhad,review_body_text,1,"Didnt work here, but got the chances to be interviewed but unfortunately, it didnt goes really well.","Didnt work here, but got the chances to be interviewed but unfortunately, it didnt goes really well. The interview process was nice tho, the hr seems professional. They call u right after seeing ur resume",Negative,0.9381473064422607,Accepted,Negative
204,93,Public-Bank-Berhad,review_body_text,2,"The interview process was nice tho, the hr seems professional.","Didnt work here, but got the chances to be interviewed but unfortunately, it didnt goes really well. The interview process was nice tho, the hr seems professional. They call u right after seeing ur resume",Positive,0.9006757736206055,Accepted,Positive
204,93,Public-Bank-Berhad,review_body_text,3,They call u right after seeing ur resume,"Didnt work here, but got the chances to be interviewed but unfortunately, it didnt goes really well. The interview process was nice tho, the hr seems professional. They call u right after seeing ur resume",Positive,0.8526241779327393,Accepted,Positive
205,94,RHB Bank Berhad,review_title,1,Flexible working mode,Flexible working mode,Positive,0.8889501094818115,Accepted,Positive
206,94,RHB Bank Berhad,review_body_text,1,The trust is given by allowing you to empower the action to complete your work & you are able to work from home.,The trust is given by allowing you to empower the action to complete your work & you are able to work from home. I hope for a better insurance benefit for dependents & salary base.,Positive,0.8928629159927368,Accepted,Positive
206,94,RHB Bank Berhad,review_body_text,2,I hope for a better insurance benefit for dependents & salary base.,The trust is given by allowing you to empower the action to complete your work & you are able to work from home. I hope for a better insurance benefit for dependents & salary base.,Positive,0.6718780994415283,Manual Review,Positive
207,95,Public-Bank-Berhad,review_title,1,High expectation and workload,High expectation and workload,Negative,0.848560631275177,Accepted,Negative
208,95,Public-Bank-Berhad,review_body_text,1,"Pros: Bonus and increment consistently high every year medical benefits great teammates, almost no politics","Pros: Bonus and increment consistently high every year medical benefits great teammates, almost no politics Cons: 1 person would do jobs of 3 people at other banks Expected to learn on the go old tech and equipment",Positive,0.9962204694747925,Accepted,Positive
208,95,Public-Bank-Berhad,review_body_text,2,Cons: 1 person would do jobs of 3 people at other banks Expected to learn on the go old tech and equipment,"Pros: Bonus and increment consistently high every year medical benefits great teammates, almost no politics Cons: 1 person would do jobs of 3 people at other banks Expected to learn on the go old tech and equipment",Negative,0.9740100502967834,Accepted,Negative
209,96,Cimb-Group,review_title,1,Gap between newbie and managers,Gap between newbie and managers,Negative,0.9032900333404541,Accepted,Negative
210,96,Cimb-Group,review_body_text,1,"I used to work at CIMB as financial analyst, working environment is fine but somehow I saw that everyone is trying really hard to appeal bosses which","I used to work at CIMB as financial analyst, working environment is fine but somehow I saw that everyone is trying really hard to appeal bosses which",Negative,0.7498158812522888,Manual Review,Negative
211,97,maybank,review_title,1,Good benefits,Good benefits,Positive,0.9563290476799011,Accepted,Positive
212,97,maybank,review_body_text,1,"Pro Good benefits to employee-insurance,bonus,allowances,increment,epf, staff loan, building facilities Cons Promoted next grade slow Too many expatriates","Pro Good benefits to employee-insurance,bonus,allowances,increment,epf, staff loan, building facilities Cons Promoted next grade slow Too many expatriates",Positive,0.8000791072845459,Accepted,Positive
213,98,Public-Bank-Berhad,review_title,1,A good company to start with in banking line,A good company to start with in banking line,Positive,0.9055485725402832,Accepted,Positive
214,98,Public-Bank-Berhad,review_body_text,1,"Working at Public Bank Berhad can be a rewarding yet demanding experience, especially in the fast-paced environment of a commercial bank.","Working at Public Bank Berhad can be a rewarding yet demanding experience, especially in the fast-paced environment of a commercial bank. Like most banks, the workload can be overwhelming, with employees often expected to handle multiple responsibilities, tight deadlines, and high-performance targets. Long working hours are common, particularly in departments such as sales, credit analysis, and customer service. However, this is considered the norm in the banking industry, where efficiency and accuracy are crucial. One of the key factors that can make the experience more enjoyable is having supportive and competent teammates. A good team can help ease the workload, provide guidance, and create a positive work environment, making it easier to manage stress. Public Bank is known for its structured work culture, and employees who can adapt to its disciplined and customer-focused approach tend to succeed. Overall, while the job can be challenging, it offers stability, career growth opportunities, and valuable banking experience. Employees who thrive under pressure and enjoy teamwork may find Public Bank a good place to build a long-term career.",Positive,0.9746000170707703,Accepted,Positive
214,98,Public-Bank-Berhad,review_body_text,2,"Like most banks, the workload can be overwhelming, with employees often expected to handle multiple responsibilities, tight deadlines, and high-performance targets.","Working at Public Bank Berhad can be a rewarding yet demanding experience, especially in the fast-paced environment of a commercial bank. Like most banks, the workload can be overwhelming, with employees often expected to handle multiple responsibilities, tight deadlines, and high-performance targets. Long working hours are common, particularly in departments such as sales, credit analysis, and customer service. However, this is considered the norm in the banking industry, where efficiency and accuracy are crucial. One of the key factors that can make the experience more enjoyable is having supportive and competent teammates. A good team can help ease the workload, provide guidance, and create a positive work environment, making it easier to manage stress. Public Bank is known for its structured work culture, and employees who can adapt to its disciplined and customer-focused approach tend to succeed. Overall, while the job can be challenging, it offers stability, career growth opportunities, and valuable banking experience. Employees who thrive under pressure and enjoy teamwork may find Public Bank a good place to build a long-term career.",Negative,0.860507071018219,Accepted,Negative
214,98,Public-Bank-Berhad,review_body_text,3,"Long working hours are common, particularly in departments such as sales, credit analysis, and customer service.","Working at Public Bank Berhad can be a rewarding yet demanding experience, especially in the fast-paced environment of a commercial bank. Like most banks, the workload can be overwhelming, with employees often expected to handle multiple responsibilities, tight deadlines, and high-performance targets. Long working hours are common, particularly in departments such as sales, credit analysis, and customer service. However, this is considered the norm in the banking industry, where efficiency and accuracy are crucial. One of the key factors that can make the experience more enjoyable is having supportive and competent teammates. A good team can help ease the workload, provide guidance, and create a positive work environment, making it easier to manage stress. Public Bank is known for its structured work culture, and employees who can adapt to its disciplined and customer-focused approach tend to succeed. Overall, while the job can be challenging, it offers stability, career growth opportunities, and valuable banking experience. Employees who thrive under pressure and enjoy teamwork may find Public Bank a good place to build a long-term career.",Negative,0.9056271314620972,Accepted,Negative
214,98,Public-Bank-Berhad,review_body_text,4,"However, this is considered the norm in the banking industry, where efficiency and accuracy are crucial.","Working at Public Bank Berhad can be a rewarding yet demanding experience, especially in the fast-paced environment of a commercial bank. Like most banks, the workload can be overwhelming, with employees often expected to handle multiple responsibilities, tight deadlines, and high-performance targets. Long working hours are common, particularly in departments such as sales, credit analysis, and customer service. However, this is considered the norm in the banking industry, where efficiency and accuracy are crucial. One of the key factors that can make the experience more enjoyable is having supportive and competent teammates. A good team can help ease the workload, provide guidance, and create a positive work environment, making it easier to manage stress. Public Bank is known for its structured work culture, and employees who can adapt to its disciplined and customer-focused approach tend to succeed. Overall, while the job can be challenging, it offers stability, career growth opportunities, and valuable banking experience. Employees who thrive under pressure and enjoy teamwork may find Public Bank a good place to build a long-term career.",Negative,0.6855575442314148,Manual Review,Negative
214,98,Public-Bank-Berhad,review_body_text,5,One of the key factors that can make the experience more enjoyable is having supportive and competent teammates.,"Working at Public Bank Berhad can be a rewarding yet demanding experience, especially in the fast-paced environment of a commercial bank. Like most banks, the workload can be overwhelming, with employees often expected to handle multiple responsibilities, tight deadlines, and high-performance targets. Long working hours are common, particularly in departments such as sales, credit analysis, and customer service. However, this is considered the norm in the banking industry, where efficiency and accuracy are crucial. One of the key factors that can make the experience more enjoyable is having supportive and competent teammates. A good team can help ease the workload, provide guidance, and create a positive work environment, making it easier to manage stress. Public Bank is known for its structured work culture, and employees who can adapt to its disciplined and customer-focused approach tend to succeed. Overall, while the job can be challenging, it offers stability, career growth opportunities, and valuable banking experience. Employees who thrive under pressure and enjoy teamwork may find Public Bank a good place to build a long-term career.",Positive,0.9350033402442932,Accepted,Positive
214,98,Public-Bank-Berhad,review_body_text,6,"A good team can help ease the workload, provide guidance, and create a positive work environment, making it easier to manage stress.","Working at Public Bank Berhad can be a rewarding yet demanding experience, especially in the fast-paced environment of a commercial bank. Like most banks, the workload can be overwhelming, with employees often expected to handle multiple responsibilities, tight deadlines, and high-performance targets. Long working hours are common, particularly in departments such as sales, credit analysis, and customer service. However, this is considered the norm in the banking industry, where efficiency and accuracy are crucial. One of the key factors that can make the experience more enjoyable is having supportive and competent teammates. A good team can help ease the workload, provide guidance, and create a positive work environment, making it easier to manage stress. Public Bank is known for its structured work culture, and employees who can adapt to its disciplined and customer-focused approach tend to succeed. Overall, while the job can be challenging, it offers stability, career growth opportunities, and valuable banking experience. Employees who thrive under pressure and enjoy teamwork may find Public Bank a good place to build a long-term career.",Positive,0.9754797220230103,Accepted,Positive
214,98,Public-Bank-Berhad,review_body_text,7,"Public Bank is known for its structured work culture, and employees who can adapt to its disciplined and customer-focused approach tend to succeed.","Working at Public Bank Berhad can be a rewarding yet demanding experience, especially in the fast-paced environment of a commercial bank. Like most banks, the workload can be overwhelming, with employees often expected to handle multiple responsibilities, tight deadlines, and high-performance targets. Long working hours are common, particularly in departments such as sales, credit analysis, and customer service. However, this is considered the norm in the banking industry, where efficiency and accuracy are crucial. One of the key factors that can make the experience more enjoyable is having supportive and competent teammates. A good team can help ease the workload, provide guidance, and create a positive work environment, making it easier to manage stress. Public Bank is known for its structured work culture, and employees who can adapt to its disciplined and customer-focused approach tend to succeed. Overall, while the job can be challenging, it offers stability, career growth opportunities, and valuable banking experience. Employees who thrive under pressure and enjoy teamwork may find Public Bank a good place to build a long-term career.",Positive,0.8964069485664368,Accepted,Positive
214,98,Public-Bank-Berhad,review_body_text,8,"Overall, while the job can be challenging, it offers stability, career growth opportunities, and valuable banking experience.","Working at Public Bank Berhad can be a rewarding yet demanding experience, especially in the fast-paced environment of a commercial bank. Like most banks, the workload can be overwhelming, with employees often expected to handle multiple responsibilities, tight deadlines, and high-performance targets. Long working hours are common, particularly in departments such as sales, credit analysis, and customer service. However, this is considered the norm in the banking industry, where efficiency and accuracy are crucial. One of the key factors that can make the experience more enjoyable is having supportive and competent teammates. A good team can help ease the workload, provide guidance, and create a positive work environment, making it easier to manage stress. Public Bank is known for its structured work culture, and employees who can adapt to its disciplined and customer-focused approach tend to succeed. Overall, while the job can be challenging, it offers stability, career growth opportunities, and valuable banking experience. Employees who thrive under pressure and enjoy teamwork may find Public Bank a good place to build a long-term career.",Positive,0.8734607100486755,Accepted,Positive
214,98,Public-Bank-Berhad,review_body_text,9,Employees who thrive under pressure and enjoy teamwork may find Public Bank a good place to build a long-term career.,"Working at Public Bank Berhad can be a rewarding yet demanding experience, especially in the fast-paced environment of a commercial bank. Like most banks, the workload can be overwhelming, with employees often expected to handle multiple responsibilities, tight deadlines, and high-performance targets. Long working hours are common, particularly in departments such as sales, credit analysis, and customer service. However, this is considered the norm in the banking industry, where efficiency and accuracy are crucial. One of the key factors that can make the experience more enjoyable is having supportive and competent teammates. A good team can help ease the workload, provide guidance, and create a positive work environment, making it easier to manage stress. Public Bank is known for its structured work culture, and employees who can adapt to its disciplined and customer-focused approach tend to succeed. Overall, while the job can be challenging, it offers stability, career growth opportunities, and valuable banking experience. Employees who thrive under pressure and enjoy teamwork may find Public Bank a good place to build a long-term career.",Positive,0.9797750115394592,Accepted,Positive
215,99,maybank,review_title,1,Great for experience,Great for experience,Positive,0.9601567387580872,Accepted,Positive
216,99,maybank,review_body_text,1,"Maybank is a good place for fresh graduate, a lot you can learn and develop here.","Maybank is a good place for fresh graduate, a lot you can learn and develop here. However, there is no work life balance that may make you exhausted. Need to always on standby mode.",Positive,0.9859482049942017,Accepted,Positive
216,99,maybank,review_body_text,2,"However, there is no work life balance that may make you exhausted.","Maybank is a good place for fresh graduate, a lot you can learn and develop here. However, there is no work life balance that may make you exhausted. Need to always on standby mode.",Negative,0.9260512590408325,Accepted,Negative
216,99,maybank,review_body_text,3,Need to always on standby mode.,"Maybank is a good place for fresh graduate, a lot you can learn and develop here. However, there is no work life balance that may make you exhausted. Need to always on standby mode.",Negative,0.7608739137649536,Accepted,Negative
217,100,United Overseas Bank,review_title,1,Staff Experience,Staff Experience,Positive,0.9125605225563049,Accepted,Positive
218,100,United Overseas Bank,review_body_text,1,"Poor management and leadership, with a lack of recognition for employees who go above and beyond their regular duties.","Poor management and leadership, with a lack of recognition for employees who go above and beyond their regular duties. During bonus and increment cycles, staff handling only BAU tasks often receive higher total compensation than those who take on additional responsibilities. Moreover, there is a lack of transparency in the compensation distribution process. Favoritism from both leadership and HRBP influences career growth, resulting in the same individuals receiving promotions every 2–3 years, while others are overlooked. Despite implementing 360-degree feedback and the Employee Engagement Survey (EES), employee concerns remain unaddressed. The work environment is highly political and toxic, with poor work-life balance. The recent acquisition of Citi’s business appears to have been poorly managed, leading to a hiring freeze post-merger. As a result, employees are now handling workloads far beyond their capacity, yet compensation remains minimal, with low increments and bonuses. While it is understandable that the bank must demonstrate profitability to shareholders, it is crucial to acknowledge the efforts of employees who drive this success.",Negative,0.9804290533065796,Accepted,Negative
218,100,United Overseas Bank,review_body_text,2,"During bonus and increment cycles, staff handling only BAU tasks often receive higher total compensation than those who take on additional responsibilities.","Poor management and leadership, with a lack of recognition for employees who go above and beyond their regular duties. During bonus and increment cycles, staff handling only BAU tasks often receive higher total compensation than those who take on additional responsibilities. Moreover, there is a lack of transparency in the compensation distribution process. Favoritism from both leadership and HRBP influences career growth, resulting in the same individuals receiving promotions every 2–3 years, while others are overlooked. Despite implementing 360-degree feedback and the Employee Engagement Survey (EES), employee concerns remain unaddressed. The work environment is highly political and toxic, with poor work-life balance. The recent acquisition of Citi’s business appears to have been poorly managed, leading to a hiring freeze post-merger. As a result, employees are now handling workloads far beyond their capacity, yet compensation remains minimal, with low increments and bonuses. While it is understandable that the bank must demonstrate profitability to shareholders, it is crucial to acknowledge the efforts of employees who drive this success.",Negative,0.4985257089138031,Manual Review,Negative
218,100,United Overseas Bank,review_body_text,3,"Moreover, there is a lack of transparency in the compensation distribution process.","Poor management and leadership, with a lack of recognition for employees who go above and beyond their regular duties. During bonus and increment cycles, staff handling only BAU tasks often receive higher total compensation than those who take on additional responsibilities. Moreover, there is a lack of transparency in the compensation distribution process. Favoritism from both leadership and HRBP influences career growth, resulting in the same individuals receiving promotions every 2–3 years, while others are overlooked. Despite implementing 360-degree feedback and the Employee Engagement Survey (EES), employee concerns remain unaddressed. The work environment is highly political and toxic, with poor work-life balance. The recent acquisition of Citi’s business appears to have been poorly managed, leading to a hiring freeze post-merger. As a result, employees are now handling workloads far beyond their capacity, yet compensation remains minimal, with low increments and bonuses. While it is understandable that the bank must demonstrate profitability to shareholders, it is crucial to acknowledge the efforts of employees who drive this success.",Negative,0.9650592803955078,Accepted,Negative
218,100,United Overseas Bank,review_body_text,4,"Favoritism from both leadership and HRBP influences career growth, resulting in the same individuals receiving promotions every 2–3 years, while others are overlooked.","Poor management and leadership, with a lack of recognition for employees who go above and beyond their regular duties. During bonus and increment cycles, staff handling only BAU tasks often receive higher total compensation than those who take on additional responsibilities. Moreover, there is a lack of transparency in the compensation distribution process. Favoritism from both leadership and HRBP influences career growth, resulting in the same individuals receiving promotions every 2–3 years, while others are overlooked. Despite implementing 360-degree feedback and the Employee Engagement Survey (EES), employee concerns remain unaddressed. The work environment is highly political and toxic, with poor work-life balance. The recent acquisition of Citi’s business appears to have been poorly managed, leading to a hiring freeze post-merger. As a result, employees are now handling workloads far beyond their capacity, yet compensation remains minimal, with low increments and bonuses. While it is understandable that the bank must demonstrate profitability to shareholders, it is crucial to acknowledge the efforts of employees who drive this success.",Positive,0.7442570924758911,Manual Review,Positive
218,100,United Overseas Bank,review_body_text,5,"Despite implementing 360-degree feedback and the Employee Engagement Survey (EES), employee concerns remain unaddressed.","Poor management and leadership, with a lack of recognition for employees who go above and beyond their regular duties. During bonus and increment cycles, staff handling only BAU tasks often receive higher total compensation than those who take on additional responsibilities. Moreover, there is a lack of transparency in the compensation distribution process. Favoritism from both leadership and HRBP influences career growth, resulting in the same individuals receiving promotions every 2–3 years, while others are overlooked. Despite implementing 360-degree feedback and the Employee Engagement Survey (EES), employee concerns remain unaddressed. The work environment is highly political and toxic, with poor work-life balance. The recent acquisition of Citi’s business appears to have been poorly managed, leading to a hiring freeze post-merger. As a result, employees are now handling workloads far beyond their capacity, yet compensation remains minimal, with low increments and bonuses. While it is understandable that the bank must demonstrate profitability to shareholders, it is crucial to acknowledge the efforts of employees who drive this success.",Negative,0.9499761462211609,Accepted,Negative
218,100,United Overseas Bank,review_body_text,6,"The work environment is highly political and toxic, with poor work-life balance.","Poor management and leadership, with a lack of recognition for employees who go above and beyond their regular duties. During bonus and increment cycles, staff handling only BAU tasks often receive higher total compensation than those who take on additional responsibilities. Moreover, there is a lack of transparency in the compensation distribution process. Favoritism from both leadership and HRBP influences career growth, resulting in the same individuals receiving promotions every 2–3 years, while others are overlooked. Despite implementing 360-degree feedback and the Employee Engagement Survey (EES), employee concerns remain unaddressed. The work environment is highly political and toxic, with poor work-life balance. The recent acquisition of Citi’s business appears to have been poorly managed, leading to a hiring freeze post-merger. As a result, employees are now handling workloads far beyond their capacity, yet compensation remains minimal, with low increments and bonuses. While it is understandable that the bank must demonstrate profitability to shareholders, it is crucial to acknowledge the efforts of employees who drive this success.",Negative,0.989849328994751,Accepted,Negative
218,100,United Overseas Bank,review_body_text,7,"The recent acquisition of Citi’s business appears to have been poorly managed, leading to a hiring freeze post-merger.","Poor management and leadership, with a lack of recognition for employees who go above and beyond their regular duties. During bonus and increment cycles, staff handling only BAU tasks often receive higher total compensation than those who take on additional responsibilities. Moreover, there is a lack of transparency in the compensation distribution process. Favoritism from both leadership and HRBP influences career growth, resulting in the same individuals receiving promotions every 2–3 years, while others are overlooked. Despite implementing 360-degree feedback and the Employee Engagement Survey (EES), employee concerns remain unaddressed. The work environment is highly political and toxic, with poor work-life balance. The recent acquisition of Citi’s business appears to have been poorly managed, leading to a hiring freeze post-merger. As a result, employees are now handling workloads far beyond their capacity, yet compensation remains minimal, with low increments and bonuses. While it is understandable that the bank must demonstrate profitability to shareholders, it is crucial to acknowledge the efforts of employees who drive this success.",Negative,0.9015488028526306,Accepted,Negative
218,100,United Overseas Bank,review_body_text,8,"As a result, employees are now handling workloads far beyond their capacity, yet compensation remains minimal, with low increments and bonuses.","Poor management and leadership, with a lack of recognition for employees who go above and beyond their regular duties. During bonus and increment cycles, staff handling only BAU tasks often receive higher total compensation than those who take on additional responsibilities. Moreover, there is a lack of transparency in the compensation distribution process. Favoritism from both leadership and HRBP influences career growth, resulting in the same individuals receiving promotions every 2–3 years, while others are overlooked. Despite implementing 360-degree feedback and the Employee Engagement Survey (EES), employee concerns remain unaddressed. The work environment is highly political and toxic, with poor work-life balance. The recent acquisition of Citi’s business appears to have been poorly managed, leading to a hiring freeze post-merger. As a result, employees are now handling workloads far beyond their capacity, yet compensation remains minimal, with low increments and bonuses. While it is understandable that the bank must demonstrate profitability to shareholders, it is crucial to acknowledge the efforts of employees who drive this success.",Negative,0.9709532856941223,Accepted,Negative
218,100,United Overseas Bank,review_body_text,9,"While it is understandable that the bank must demonstrate profitability to shareholders, it is crucial to acknowledge the efforts of employees who drive this success.","Poor management and leadership, with a lack of recognition for employees who go above and beyond their regular duties. During bonus and increment cycles, staff handling only BAU tasks often receive higher total compensation than those who take on additional responsibilities. Moreover, there is a lack of transparency in the compensation distribution process. Favoritism from both leadership and HRBP influences career growth, resulting in the same individuals receiving promotions every 2–3 years, while others are overlooked. Despite implementing 360-degree feedback and the Employee Engagement Survey (EES), employee concerns remain unaddressed. The work environment is highly political and toxic, with poor work-life balance. The recent acquisition of Citi’s business appears to have been poorly managed, leading to a hiring freeze post-merger. As a result, employees are now handling workloads far beyond their capacity, yet compensation remains minimal, with low increments and bonuses. While it is understandable that the bank must demonstrate profitability to shareholders, it is crucial to acknowledge the efforts of employees who drive this success.",Positive,0.8436130881309509,Accepted,Positive
219,101,Cimb-Group,review_title,1,Good place to start your finance entry level career,Good place to start your finance entry level career,Positive,0.9678134918212891,Accepted,Positive
220,101,Cimb-Group,review_body_text,1,"Good benefits such as maternity, healthcare, dental, optical, etc.","Good benefits such as maternity, healthcare, dental, optical, etc. Environment health depends on your manager and other staffs. Good start to learn to be a banker. Incentives are small compared to other banks.",Positive,0.9548138380050659,Accepted,Positive
220,101,Cimb-Group,review_body_text,2,Environment health depends on your manager and other staffs.,"Good benefits such as maternity, healthcare, dental, optical, etc. Environment health depends on your manager and other staffs. Good start to learn to be a banker. Incentives are small compared to other banks.",Negative,0.4738065004348755,Manual Review,Negative
220,101,Cimb-Group,review_body_text,3,Good start to learn to be a banker.,"Good benefits such as maternity, healthcare, dental, optical, etc. Environment health depends on your manager and other staffs. Good start to learn to be a banker. Incentives are small compared to other banks.",Positive,0.9627682566642761,Accepted,Positive
220,101,Cimb-Group,review_body_text,4,Incentives are small compared to other banks.,"Good benefits such as maternity, healthcare, dental, optical, etc. Environment health depends on your manager and other staffs. Good start to learn to be a banker. Incentives are small compared to other banks.",Negative,0.47315967082977295,Manual Review,Negative
221,102,Ocbc,review_title,1,Best place to have an internship,Best place to have an internship,Positive,0.977183997631073,Accepted,Positive
222,102,Ocbc,review_body_text,1,"HR is so helpful, usually remain in the company after internship.","HR is so helpful, usually remain in the company after internship. Everyone is welcoming and even the ceo are greeting interns in a friendlt manner. Best learning experience.",Positive,0.9821024537086487,Accepted,Positive
222,102,Ocbc,review_body_text,2,Everyone is welcoming and even the ceo are greeting interns in a friendlt manner.,"HR is so helpful, usually remain in the company after internship. Everyone is welcoming and even the ceo are greeting interns in a friendlt manner. Best learning experience.",Positive,0.9706735014915466,Accepted,Positive
222,102,Ocbc,review_body_text,3,Best learning experience.,"HR is so helpful, usually remain in the company after internship. Everyone is welcoming and even the ceo are greeting interns in a friendlt manner. Best learning experience.",Positive,0.9397825598716736,Accepted,Positive
223,103,Cimb-Group,review_title,1,fun workplace,fun workplace,Positive,0.9451605081558228,Accepted,Positive
224,103,Cimb-Group,review_body_text,1,"fun, nice, chill workplace, sometimes stressful, Good for Union Staff (Low Rank Position Fixed annual increment and salary adjustment every year, however amount is small","fun, nice, chill workplace, sometimes stressful, Good for Union Staff (Low Rank Position Fixed annual increment and salary adjustment every year, however amount is small",Positive,0.8163936138153076,Accepted,Positive
225,104,Public-Bank-Berhad,review_title,1,no work life balance,no work life balance,Negative,0.9509971737861633,Accepted,Negative
226,104,Public-Bank-Berhad,review_body_text,1,not recommended for those who didnt know handle their stress.,not recommended for those who didnt know handle their stress. they can be crazy to meet up their kpi. those fresh graduate who want to work here need to have strong physical and mental to sustain in a long run.,Negative,0.953468918800354,Accepted,Negative
226,104,Public-Bank-Berhad,review_body_text,2,they can be crazy to meet up their kpi.,not recommended for those who didnt know handle their stress. they can be crazy to meet up their kpi. those fresh graduate who want to work here need to have strong physical and mental to sustain in a long run.,Negative,0.6899158954620361,Manual Review,Negative
226,104,Public-Bank-Berhad,review_body_text,3,those fresh graduate who want to work here need to have strong physical and mental to sustain in a long run.,not recommended for those who didnt know handle their stress. they can be crazy to meet up their kpi. those fresh graduate who want to work here need to have strong physical and mental to sustain in a long run.,Negative,0.6651571393013,Manual Review,Negative
228,105,Bank-Rakyat,review_body_text,1,"During my internship at Bank Rakyat, I had the opportunity to gain practical experience in one of Malaysia's leading cooperative banks.","During my internship at Bank Rakyat, I had the opportunity to gain practical experience in one of Malaysia's leading cooperative banks. I was involved in various aspects of banking operations, such as customer service, handling financial products, and administrative support. This experience allowed me to enhance my communication, teamwork, and problem-solving skills while learning from experienced professionals. It provided me with valuable insights into the cooperative banking sector and contributed significantly to my personal and professional development.",Positive,0.8422228693962097,Accepted,Positive
228,105,Bank-Rakyat,review_body_text,2,"I was involved in various aspects of banking operations, such as customer service, handling financial products, and administrative support.","During my internship at Bank Rakyat, I had the opportunity to gain practical experience in one of Malaysia's leading cooperative banks. I was involved in various aspects of banking operations, such as customer service, handling financial products, and administrative support. This experience allowed me to enhance my communication, teamwork, and problem-solving skills while learning from experienced professionals. It provided me with valuable insights into the cooperative banking sector and contributed significantly to my personal and professional development.",Positive,0.45762571692466736,Manual Review,Positive
228,105,Bank-Rakyat,review_body_text,3,"This experience allowed me to enhance my communication, teamwork, and problem-solving skills while learning from experienced professionals.","During my internship at Bank Rakyat, I had the opportunity to gain practical experience in one of Malaysia's leading cooperative banks. I was involved in various aspects of banking operations, such as customer service, handling financial products, and administrative support. This experience allowed me to enhance my communication, teamwork, and problem-solving skills while learning from experienced professionals. It provided me with valuable insights into the cooperative banking sector and contributed significantly to my personal and professional development.",Positive,0.955626904964447,Accepted,Positive
228,105,Bank-Rakyat,review_body_text,4,It provided me with valuable insights into the cooperative banking sector and contributed significantly to my personal and professional development.,"During my internship at Bank Rakyat, I had the opportunity to gain practical experience in one of Malaysia's leading cooperative banks. I was involved in various aspects of banking operations, such as customer service, handling financial products, and administrative support. This experience allowed me to enhance my communication, teamwork, and problem-solving skills while learning from experienced professionals. It provided me with valuable insights into the cooperative banking sector and contributed significantly to my personal and professional development.",Positive,0.9690893292427063,Accepted,Positive
229,106,United Overseas Bank,review_title,1,Great company to work for,Great company to work for,Positive,0.9839759469032288,Accepted,Positive
230,106,United Overseas Bank,review_body_text,1,Good company to work for.,Good company to work for. Great benefits and team. Sufficient AL provided. Unlimited health benefits. Flex care provided with more than 10 categories claimable,Positive,0.9181505441665649,Accepted,Positive
230,106,United Overseas Bank,review_body_text,2,Great benefits and team.,Good company to work for. Great benefits and team. Sufficient AL provided. Unlimited health benefits. Flex care provided with more than 10 categories claimable,Positive,0.9853026866912842,Accepted,Positive
230,106,United Overseas Bank,review_body_text,3,Sufficient AL provided.,Good company to work for. Great benefits and team. Sufficient AL provided. Unlimited health benefits. Flex care provided with more than 10 categories claimable,Positive,0.9008172750473022,Accepted,Positive
230,106,United Overseas Bank,review_body_text,4,Unlimited health benefits.,Good company to work for. Great benefits and team. Sufficient AL provided. Unlimited health benefits. Flex care provided with more than 10 categories claimable,Positive,0.8975113034248352,Accepted,Positive
230,106,United Overseas Bank,review_body_text,5,Flex care provided with more than 10 categories claimable,Good company to work for. Great benefits and team. Sufficient AL provided. Unlimited health benefits. Flex care provided with more than 10 categories claimable,Positive,0.9007297158241272,Accepted,Positive
231,107,Public-Bank-Berhad,review_title,1,Good pay,Good pay,Positive,0.9436064958572388,Accepted,Positive
232,107,Public-Bank-Berhad,review_body_text,1,Good pay and bonus.,"Good pay and bonus. Team members also nice . But in sale, have to deal with a lot of pressure. Everything is manual and use a lot of paper. Good for fresh graduate to take experience",Positive,0.9681344032287598,Accepted,Positive
232,107,Public-Bank-Berhad,review_body_text,2,Team members also nice .,"Good pay and bonus. Team members also nice . But in sale, have to deal with a lot of pressure. Everything is manual and use a lot of paper. Good for fresh graduate to take experience",Positive,0.9250313639640808,Accepted,Positive
232,107,Public-Bank-Berhad,review_body_text,3,"But in sale, have to deal with a lot of pressure.","Good pay and bonus. Team members also nice . But in sale, have to deal with a lot of pressure. Everything is manual and use a lot of paper. Good for fresh graduate to take experience",Negative,0.9063661694526672,Accepted,Negative
232,107,Public-Bank-Berhad,review_body_text,4,Everything is manual and use a lot of paper.,"Good pay and bonus. Team members also nice . But in sale, have to deal with a lot of pressure. Everything is manual and use a lot of paper. Good for fresh graduate to take experience",Negative,0.5087442994117737,Manual Review,Negative
232,107,Public-Bank-Berhad,review_body_text,5,Good for fresh graduate to take experience,"Good pay and bonus. Team members also nice . But in sale, have to deal with a lot of pressure. Everything is manual and use a lot of paper. Good for fresh graduate to take experience",Positive,0.9324353337287903,Accepted,Positive
234,108,maybank,review_body_text,1,Good environment good workplace excellent customer care service able to deliver customer satisfaction with care.,Good environment good workplace excellent customer care service able to deliver customer satisfaction with care. Career enhancing and good vibes. Really enjoyed,Positive,0.9830554127693176,Accepted,Positive
234,108,maybank,review_body_text,2,Career enhancing and good vibes.,Good environment good workplace excellent customer care service able to deliver customer satisfaction with care. Career enhancing and good vibes. Really enjoyed,Positive,0.9831995368003845,Accepted,Positive
234,108,maybank,review_body_text,3,Really enjoyed,Good environment good workplace excellent customer care service able to deliver customer satisfaction with care. Career enhancing and good vibes. Really enjoyed,Positive,0.955230176448822,Accepted,Positive
237,109,United Overseas Bank,review_title,1,Great environment but poor management,Great environment but poor management,Negative,0.4693407714366913,Manual Review,Negative
238,109,United Overseas Bank,review_body_text,1,Colleagues are supportive and helpful but management is poor.,"Colleagues are supportive and helpful but management is poor. Impose very strict and lousy rules and most of the time, very pushy and keep forcing staffs to perform OTs.",Positive,0.5327588319778442,Manual Review,Positive
238,109,United Overseas Bank,review_body_text,2,"Impose very strict and lousy rules and most of the time, very pushy and keep forcing staffs to perform OTs.","Colleagues are supportive and helpful but management is poor. Impose very strict and lousy rules and most of the time, very pushy and keep forcing staffs to perform OTs.",Negative,0.9790968894958496,Accepted,Negative
239,110,United Overseas Bank,review_title,1,A bit challenging,A bit challenging,Negative,0.9302047491073608,Accepted,Negative
240,110,United Overseas Bank,review_body_text,1,fun workplace if got some friends shift schedule rotate every two weeks good team leader training sometime not enough time good salary and benefit OT they paid salary on time,fun workplace if got some friends shift schedule rotate every two weeks good team leader training sometime not enough time good salary and benefit OT they paid salary on time,Positive,0.9446768164634705,Accepted,Positive
241,111,United Overseas Bank,review_title,1,Best place to learn new things but low pay basic salary,Best place to learn new things but low pay basic salary,Positive,0.8924799561500549,Accepted,Positive
242,111,United Overseas Bank,review_body_text,1,'-Good vibe working here but the basic salary that this company offer was to low.,'-Good vibe working here but the basic salary that this company offer was to low. -The workload that you must do was not worth it by the salary offer - Have nice benefit compare to other company,Positive,0.7602631449699402,Accepted,Positive
242,111,United Overseas Bank,review_body_text,2,The workload that you must do was not worth it by the salary offer,'-Good vibe working here but the basic salary that this company offer was to low. -The workload that you must do was not worth it by the salary offer - Have nice benefit compare to other company,Negative,0.9494062066078186,Accepted,Negative
242,111,United Overseas Bank,review_body_text,3,Have nice benefit compare to other company,'-Good vibe working here but the basic salary that this company offer was to low. -The workload that you must do was not worth it by the salary offer - Have nice benefit compare to other company,Positive,0.9509303569793701,Accepted,Positive
243,112,United Overseas Bank,review_title,1,Productive and fun workplace,Productive and fun workplace,Positive,0.975767970085144,Accepted,Positive
244,112,United Overseas Bank,review_body_text,1,So far so good.,So far so good. No complaint. Good colleagues and the task can be conducted efficiently. Everyday supply of snacks in the pantry. I love the office environment where it has provided some entertainment space for fun & release stress.,Positive,0.7143710851669312,Manual Review,Positive
244,112,United Overseas Bank,review_body_text,2,No complaint.,So far so good. No complaint. Good colleagues and the task can be conducted efficiently. Everyday supply of snacks in the pantry. I love the office environment where it has provided some entertainment space for fun & release stress.,Neutral,0.6382546424865723,Manual Review,Neutral
244,112,United Overseas Bank,review_body_text,3,Good colleagues and the task can be conducted efficiently.,So far so good. No complaint. Good colleagues and the task can be conducted efficiently. Everyday supply of snacks in the pantry. I love the office environment where it has provided some entertainment space for fun & release stress.,Positive,0.9337430000305176,Accepted,Positive
244,112,United Overseas Bank,review_body_text,4,Everyday supply of snacks in the pantry.,So far so good. No complaint. Good colleagues and the task can be conducted efficiently. Everyday supply of snacks in the pantry. I love the office environment where it has provided some entertainment space for fun & release stress.,Positive,0.6306904554367065,Manual Review,Positive
244,112,United Overseas Bank,review_body_text,5,I love the office environment where it has provided some entertainment space for fun & release stress.,So far so good. No complaint. Good colleagues and the task can be conducted efficiently. Everyday supply of snacks in the pantry. I love the office environment where it has provided some entertainment space for fun & release stress.,Positive,0.9777558445930481,Accepted,Positive
246,113,Cimb-Group,review_body_text,1,"Fun and good, environment is OK.","Fun and good, environment is OK. Working at CIMB Bank offers a range of experiences, Learning Opportunities: can develop new skills and advance the career",Positive,0.6322517395019531,Manual Review,Positive
246,113,Cimb-Group,review_body_text,2,"Working at CIMB Bank offers a range of experiences, Learning Opportunities: can develop new skills and advance the career","Fun and good, environment is OK. Working at CIMB Bank offers a range of experiences, Learning Opportunities: can develop new skills and advance the career",Positive,0.9598710536956787,Accepted,Positive
247,114,HSBC,review_title,1,Fun workplace,Fun workplace,Positive,0.9309774041175842,Accepted,Positive
248,114,HSBC,review_body_text,1,Fun place to work at.,"Fun place to work at. Superiors r very helpful and knowledgeable. The food at the cafe is so good. Many facilities provided, gym, game room etc workloads r manageable",Positive,0.9533534646034241,Accepted,Positive
248,114,HSBC,review_body_text,2,Superiors r very helpful and knowledgeable.,"Fun place to work at. Superiors r very helpful and knowledgeable. The food at the cafe is so good. Many facilities provided, gym, game room etc workloads r manageable",Positive,0.9887059926986694,Accepted,Positive
248,114,HSBC,review_body_text,3,The food at the cafe is so good.,"Fun place to work at. Superiors r very helpful and knowledgeable. The food at the cafe is so good. Many facilities provided, gym, game room etc workloads r manageable",Positive,0.957405149936676,Accepted,Positive
248,114,HSBC,review_body_text,4,"Many facilities provided, gym, game room etc workloads r manageable","Fun place to work at. Superiors r very helpful and knowledgeable. The food at the cafe is so good. Many facilities provided, gym, game room etc workloads r manageable",Positive,0.9116039276123047,Accepted,Positive
249,115,maybank,review_title,1,good place to work,good place to work,Positive,0.9265376925468445,Accepted,Positive
250,115,maybank,review_body_text,1,Great Work Environment: Employees often mention the inclusive and collaborative culture at Maybank.,"Great Work Environment: Employees often mention the inclusive and collaborative culture at Maybank. There is a strong sense of teamwork, and people enjoy working in a diverse, respectful, and supportive environment. Work-Life Balance: Many reviews highlight the company's efforts to maintain a good work-life balance. Employees appreciate the flexibility in working hours, the option for remote work (in some roles), and generous leave policies. Career Growth Opportunities: Maybank is known for offering career advancement opportunities. Employees often note that the company invests in their professional development, with various training programs and mentorship opportunities available to support career progression. Employee Benefits: Benefits packages are another strong point. Maybank offers competitive compensation, health insurance, retirement benefits, and wellness programs. Employees value these perks, which contribute to their overall job satisfaction. Leadership and Management: Many employees appreciate the approachable leadership at Maybank, noting that management is supportive and values open communication. The company fosters a culture of feedback, which helps employees feel heard and valued.",Positive,0.9947017431259155,Accepted,Positive
250,115,maybank,review_body_text,2,"There is a strong sense of teamwork, and people enjoy working in a diverse, respectful, and supportive environment.","Great Work Environment: Employees often mention the inclusive and collaborative culture at Maybank. There is a strong sense of teamwork, and people enjoy working in a diverse, respectful, and supportive environment. Work-Life Balance: Many reviews highlight the company's efforts to maintain a good work-life balance. Employees appreciate the flexibility in working hours, the option for remote work (in some roles), and generous leave policies. Career Growth Opportunities: Maybank is known for offering career advancement opportunities. Employees often note that the company invests in their professional development, with various training programs and mentorship opportunities available to support career progression. Employee Benefits: Benefits packages are another strong point. Maybank offers competitive compensation, health insurance, retirement benefits, and wellness programs. Employees value these perks, which contribute to their overall job satisfaction. Leadership and Management: Many employees appreciate the approachable leadership at Maybank, noting that management is supportive and values open communication. The company fosters a culture of feedback, which helps employees feel heard and valued.",Positive,0.978729248046875,Accepted,Positive
250,115,maybank,review_body_text,3,Work-Life Balance: Many reviews highlight the company's efforts to maintain a good work-life balance.,"Great Work Environment: Employees often mention the inclusive and collaborative culture at Maybank. There is a strong sense of teamwork, and people enjoy working in a diverse, respectful, and supportive environment. Work-Life Balance: Many reviews highlight the company's efforts to maintain a good work-life balance. Employees appreciate the flexibility in working hours, the option for remote work (in some roles), and generous leave policies. Career Growth Opportunities: Maybank is known for offering career advancement opportunities. Employees often note that the company invests in their professional development, with various training programs and mentorship opportunities available to support career progression. Employee Benefits: Benefits packages are another strong point. Maybank offers competitive compensation, health insurance, retirement benefits, and wellness programs. Employees value these perks, which contribute to their overall job satisfaction. Leadership and Management: Many employees appreciate the approachable leadership at Maybank, noting that management is supportive and values open communication. The company fosters a culture of feedback, which helps employees feel heard and valued.",Positive,0.9812126755714417,Accepted,Positive
250,115,maybank,review_body_text,4,"Employees appreciate the flexibility in working hours, the option for remote work (in some roles), and generous leave policies.","Great Work Environment: Employees often mention the inclusive and collaborative culture at Maybank. There is a strong sense of teamwork, and people enjoy working in a diverse, respectful, and supportive environment. Work-Life Balance: Many reviews highlight the company's efforts to maintain a good work-life balance. Employees appreciate the flexibility in working hours, the option for remote work (in some roles), and generous leave policies. Career Growth Opportunities: Maybank is known for offering career advancement opportunities. Employees often note that the company invests in their professional development, with various training programs and mentorship opportunities available to support career progression. Employee Benefits: Benefits packages are another strong point. Maybank offers competitive compensation, health insurance, retirement benefits, and wellness programs. Employees value these perks, which contribute to their overall job satisfaction. Leadership and Management: Many employees appreciate the approachable leadership at Maybank, noting that management is supportive and values open communication. The company fosters a culture of feedback, which helps employees feel heard and valued.",Positive,0.9869848489761353,Accepted,Positive
250,115,maybank,review_body_text,5,Career Growth Opportunities: Maybank is known for offering career advancement opportunities.,"Great Work Environment: Employees often mention the inclusive and collaborative culture at Maybank. There is a strong sense of teamwork, and people enjoy working in a diverse, respectful, and supportive environment. Work-Life Balance: Many reviews highlight the company's efforts to maintain a good work-life balance. Employees appreciate the flexibility in working hours, the option for remote work (in some roles), and generous leave policies. Career Growth Opportunities: Maybank is known for offering career advancement opportunities. Employees often note that the company invests in their professional development, with various training programs and mentorship opportunities available to support career progression. Employee Benefits: Benefits packages are another strong point. Maybank offers competitive compensation, health insurance, retirement benefits, and wellness programs. Employees value these perks, which contribute to their overall job satisfaction. Leadership and Management: Many employees appreciate the approachable leadership at Maybank, noting that management is supportive and values open communication. The company fosters a culture of feedback, which helps employees feel heard and valued.",Positive,0.9766217470169067,Accepted,Positive
250,115,maybank,review_body_text,6,"Employees often note that the company invests in their professional development, with various training programs and mentorship opportunities available to support career progression.","Great Work Environment: Employees often mention the inclusive and collaborative culture at Maybank. There is a strong sense of teamwork, and people enjoy working in a diverse, respectful, and supportive environment. Work-Life Balance: Many reviews highlight the company's efforts to maintain a good work-life balance. Employees appreciate the flexibility in working hours, the option for remote work (in some roles), and generous leave policies. Career Growth Opportunities: Maybank is known for offering career advancement opportunities. Employees often note that the company invests in their professional development, with various training programs and mentorship opportunities available to support career progression. Employee Benefits: Benefits packages are another strong point. Maybank offers competitive compensation, health insurance, retirement benefits, and wellness programs. Employees value these perks, which contribute to their overall job satisfaction. Leadership and Management: Many employees appreciate the approachable leadership at Maybank, noting that management is supportive and values open communication. The company fosters a culture of feedback, which helps employees feel heard and valued.",Positive,0.9903571605682373,Accepted,Positive
250,115,maybank,review_body_text,7,Employee Benefits: Benefits packages are another strong point.,"Great Work Environment: Employees often mention the inclusive and collaborative culture at Maybank. There is a strong sense of teamwork, and people enjoy working in a diverse, respectful, and supportive environment. Work-Life Balance: Many reviews highlight the company's efforts to maintain a good work-life balance. Employees appreciate the flexibility in working hours, the option for remote work (in some roles), and generous leave policies. Career Growth Opportunities: Maybank is known for offering career advancement opportunities. Employees often note that the company invests in their professional development, with various training programs and mentorship opportunities available to support career progression. Employee Benefits: Benefits packages are another strong point. Maybank offers competitive compensation, health insurance, retirement benefits, and wellness programs. Employees value these perks, which contribute to their overall job satisfaction. Leadership and Management: Many employees appreciate the approachable leadership at Maybank, noting that management is supportive and values open communication. The company fosters a culture of feedback, which helps employees feel heard and valued.",Positive,0.9928819537162781,Accepted,Positive
250,115,maybank,review_body_text,8,"Maybank offers competitive compensation, health insurance, retirement benefits, and wellness programs. Employees value these perks, which contribute to their overall job satisfaction.","Great Work Environment: Employees often mention the inclusive and collaborative culture at Maybank. There is a strong sense of teamwork, and people enjoy working in a diverse, respectful, and supportive environment. Work-Life Balance: Many reviews highlight the company's efforts to maintain a good work-life balance. Employees appreciate the flexibility in working hours, the option for remote work (in some roles), and generous leave policies. Career Growth Opportunities: Maybank is known for offering career advancement opportunities. Employees often note that the company invests in their professional development, with various training programs and mentorship opportunities available to support career progression. Employee Benefits: Benefits packages are another strong point. Maybank offers competitive compensation, health insurance, retirement benefits, and wellness programs. Employees value these perks, which contribute to their overall job satisfaction. Leadership and Management: Many employees appreciate the approachable leadership at Maybank, noting that management is supportive and values open communication. The company fosters a culture of feedback, which helps employees feel heard and valued.",Positive,0.9881336688995361,Accepted,Positive
250,115,maybank,review_body_text,9,"Leadership and Management: Many employees appreciate the approachable leadership at Maybank, noting that management is supportive and values open communication.","Great Work Environment: Employees often mention the inclusive and collaborative culture at Maybank. There is a strong sense of teamwork, and people enjoy working in a diverse, respectful, and supportive environment. Work-Life Balance: Many reviews highlight the company's efforts to maintain a good work-life balance. Employees appreciate the flexibility in working hours, the option for remote work (in some roles), and generous leave policies. Career Growth Opportunities: Maybank is known for offering career advancement opportunities. Employees often note that the company invests in their professional development, with various training programs and mentorship opportunities available to support career progression. Employee Benefits: Benefits packages are another strong point. Maybank offers competitive compensation, health insurance, retirement benefits, and wellness programs. Employees value these perks, which contribute to their overall job satisfaction. Leadership and Management: Many employees appreciate the approachable leadership at Maybank, noting that management is supportive and values open communication. The company fosters a culture of feedback, which helps employees feel heard and valued.",Positive,0.9947923421859741,Accepted,Positive
250,115,maybank,review_body_text,10,"The company fosters a culture of feedback, which helps employees feel heard and valued.","Great Work Environment: Employees often mention the inclusive and collaborative culture at Maybank. There is a strong sense of teamwork, and people enjoy working in a diverse, respectful, and supportive environment. Work-Life Balance: Many reviews highlight the company's efforts to maintain a good work-life balance. Employees appreciate the flexibility in working hours, the option for remote work (in some roles), and generous leave policies. Career Growth Opportunities: Maybank is known for offering career advancement opportunities. Employees often note that the company invests in their professional development, with various training programs and mentorship opportunities available to support career progression. Employee Benefits: Benefits packages are another strong point. Maybank offers competitive compensation, health insurance, retirement benefits, and wellness programs. Employees value these perks, which contribute to their overall job satisfaction. Leadership and Management: Many employees appreciate the approachable leadership at Maybank, noting that management is supportive and values open communication. The company fosters a culture of feedback, which helps employees feel heard and valued.",Positive,0.971119225025177,Accepted,Positive
251,116,Cimb-Group,review_title,1,Multitasking and workload,Multitasking and workload,Negative,0.6451225280761719,Manual Review,Negative
252,116,Cimb-Group,review_body_text,1,"have to do multitasking task , work long hours sometimes to work over the weekend.","have to do multitasking task , work long hours sometimes to work over the weekend. tracker in place to track everyone’s task. a lot of meetings. sometimes back to back meetings.",Negative,0.8226683735847473,Accepted,Negative
252,116,Cimb-Group,review_body_text,2,tracker in place to track everyone’s task.,"have to do multitasking task , work long hours sometimes to work over the weekend. tracker in place to track everyone’s task. a lot of meetings. sometimes back to back meetings.",Positive,0.6078450679779053,Manual Review,Positive
252,116,Cimb-Group,review_body_text,3,a lot of meetings.,"have to do multitasking task , work long hours sometimes to work over the weekend. tracker in place to track everyone’s task. a lot of meetings. sometimes back to back meetings.",Negative,0.5244053602218628,Manual Review,Negative
252,116,Cimb-Group,review_body_text,4,sometimes back to back meetings.,"have to do multitasking task , work long hours sometimes to work over the weekend. tracker in place to track everyone’s task. a lot of meetings. sometimes back to back meetings.",Negative,0.47556960582733154,Manual Review,Negative
253,117,RHB Bank Berhad,review_title,1,Okay averagely,Okay averagely,Neutral,0.6005797386169434,Manual Review,Neutral
254,117,RHB Bank Berhad,review_body_text,1,Normal working hours but beed to work weekends with no overtime pay at all.,Normal working hours but beed to work weekends with no overtime pay at all. Commisions are ok but lower than other banks. Would be nice to have help from top management for new staff,Negative,0.837896466255188,Accepted,Negative
254,117,RHB Bank Berhad,review_body_text,2,Commisions are ok but lower than other banks.,Normal working hours but beed to work weekends with no overtime pay at all. Commisions are ok but lower than other banks. Would be nice to have help from top management for new staff,Neutral,0.5604320168495178,Manual Review,Neutral
254,117,RHB Bank Berhad,review_body_text,3,Would be nice to have help from top management for new staff,Normal working hours but beed to work weekends with no overtime pay at all. Commisions are ok but lower than other banks. Would be nice to have help from top management for new staff,Negative,0.6199372410774231,Manual Review,Negative
255,118,RHB Bank Berhad,review_title,1,Got good,Got good,Positive,0.891487717628479,Accepted,Positive
256,118,RHB Bank Berhad,review_body_text,1,Dont really like the benefits they offer especially in terms of commision.,Dont really like the benefits they offer especially in terms of commision. They would claw back 20% of the comm and only give it to u after 1 year. Its a way for them to hold their staff to not resign.,Negative,0.8840357065200806,Accepted,Negative
256,118,RHB Bank Berhad,review_body_text,2,They would claw back 20% of the comm and only give it to u after 1 year.,Dont really like the benefits they offer especially in terms of commision. They would claw back 20% of the comm and only give it to u after 1 year. Its a way for them to hold their staff to not resign.,Negative,0.6624297499656677,Manual Review,Negative
256,118,RHB Bank Berhad,review_body_text,3,Its a way for them to hold their staff to not resign.,Dont really like the benefits they offer especially in terms of commision. They would claw back 20% of the comm and only give it to u after 1 year. Its a way for them to hold their staff to not resign.,Negative,0.7400181889533997,Manual Review,Negative
257,119,Cimb-Group,review_title,1,Productive & Good Place to learn,Productive & Good Place to learn,Positive,0.8658058643341064,Accepted,Positive
258,119,Cimb-Group,review_body_text,1,It is a very good company to start your career with great salary package for fresh graduates.,"It is a very good company to start your career with great salary package for fresh graduates. I learnt a lot during my time in CIMB, however the KPI target just keep getting higher and you need to work harder to achieve the KPI.",Positive,0.9886805415153503,Accepted,Positive
258,119,Cimb-Group,review_body_text,2,"I learnt a lot during my time in CIMB, however the KPI target just keep getting higher and you need to work harder to achieve the KPI.","It is a very good company to start your career with great salary package for fresh graduates. I learnt a lot during my time in CIMB, however the KPI target just keep getting higher and you need to work harder to achieve the KPI.",Positive,0.49052008986473083,Manual Review,Positive
259,120,RHB Bank Berhad,review_title,1,Fun workplace,Fun workplace,Positive,0.9309774041175842,Accepted,Positive
260,120,RHB Bank Berhad,review_body_text,1,"The location is near the public access which is good, training and script is given and the colleague is helpful.","The location is near the public access which is good, training and script is given and the colleague is helpful. The every single day work is basically the have same routine.",Positive,0.9451138377189636,Accepted,Positive
260,120,RHB Bank Berhad,review_body_text,2,The every single day work is basically the have same routine.,"The location is near the public access which is good, training and script is given and the colleague is helpful. The every single day work is basically the have same routine.",Positive,0.5373590588569641,Manual Review,Positive
261,121,United Overseas Bank,review_title,1,Will find a good friend.,Will find a good friend. Everyone will fell the same as you. But overall very bad Team Leader manager. Always pass the job back to you,Positive,0.8947216272354126,Accepted,Positive
261,121,United Overseas Bank,review_title,2,Everyone will fell the same as you.,Will find a good friend. Everyone will fell the same as you. But overall very bad Team Leader manager. Always pass the job back to you,Positive,0.47836488485336304,Manual Review,Positive
261,121,United Overseas Bank,review_title,3,But overall very bad Team Leader manager.,Will find a good friend. Everyone will fell the same as you. But overall very bad Team Leader manager. Always pass the job back to you,Negative,0.9892379641532898,Accepted,Negative
261,121,United Overseas Bank,review_title,4,Always pass the job back to you,Will find a good friend. Everyone will fell the same as you. But overall very bad Team Leader manager. Always pass the job back to you,Positive,0.7216314673423767,Manual Review,Positive
262,121,United Overseas Bank,review_body_text,1,If you fresh graduate and want to learn a new skill.,"If you fresh graduate and want to learn a new skill. Please try this position as you will improve you thinking skill and communication skill. Don't push yourself to hard, but learn and try to slowly to improve your future. Good to try as probation only hahaha. Anyways I find many good friends.",Positive,0.8059412240982056,Accepted,Positive
262,121,United Overseas Bank,review_body_text,2,Please try this position as you will improve you thinking skill and communication skill.,"If you fresh graduate and want to learn a new skill. Please try this position as you will improve you thinking skill and communication skill. Don't push yourself to hard, but learn and try to slowly to improve your future. Good to try as probation only hahaha. Anyways I find many good friends.",Positive,0.9611493945121765,Accepted,Positive
262,121,United Overseas Bank,review_body_text,3,"Don't push yourself to hard, but learn and try to slowly to improve your future.","If you fresh graduate and want to learn a new skill. Please try this position as you will improve you thinking skill and communication skill. Don't push yourself to hard, but learn and try to slowly to improve your future. Good to try as probation only hahaha. Anyways I find many good friends.",Negative,0.5080680251121521,Manual Review,Negative
262,121,United Overseas Bank,review_body_text,4,Good to try as probation only hahaha.,"If you fresh graduate and want to learn a new skill. Please try this position as you will improve you thinking skill and communication skill. Don't push yourself to hard, but learn and try to slowly to improve your future. Good to try as probation only hahaha. Anyways I find many good friends.",Positive,0.6343889236450195,Manual Review,Positive
262,121,United Overseas Bank,review_body_text,5,Anyways I find many good friends.,"If you fresh graduate and want to learn a new skill. Please try this position as you will improve you thinking skill and communication skill. Don't push yourself to hard, but learn and try to slowly to improve your future. Good to try as probation only hahaha. Anyways I find many good friends.",Positive,0.936211347579956,Accepted,Positive
263,121,United Overseas Bank,pros_text,1,Have graduate and certification if pass the exam and roleplay,Have graduate and certification if pass the exam and roleplay,Positive,0.726733386516571,Manual Review,Positive
264,121,United Overseas Bank,cons_text,1,Only give short break,Only give short break,Negative,0.43895283341407776,Manual Review,Negative
265,122,maybank,review_title,1,Very productive,Very productive,Positive,0.9803146719932556,Accepted,Positive
266,122,maybank,review_body_text,1,Maybank offers a fun and healthy work environment where employees were able to work and strive to be better everyday.,Maybank offers a fun and healthy work environment where employees were able to work and strive to be better everyday. The employees were very supportive.,Positive,0.9864217638969421,Accepted,Positive
266,122,maybank,review_body_text,2,The employees were very supportive.,Maybank offers a fun and healthy work environment where employees were able to work and strive to be better everyday. The employees were very supportive.,Positive,0.972148597240448,Accepted,Positive
267,123,United Overseas Bank,review_title,1,"Fast paced, great opportunity but no career growth","Fast paced, great opportunity but no career growth",Negative,0.6640800833702087,Manual Review,Negative
268,123,United Overseas Bank,review_body_text,1,Good working enviroment but no promotion.,Good working enviroment but no promotion. Had to leave after 1 year contract. Also micromanagement exist when manager only trust the leader not knowing the real problem from colleague.,Positive,0.745498776435852,Manual Review,Positive
268,123,United Overseas Bank,review_body_text,2,Had to leave after 1 year contract.,Good working enviroment but no promotion. Had to leave after 1 year contract. Also micromanagement exist when manager only trust the leader not knowing the real problem from colleague.,Negative,0.8330796957015991,Accepted,Negative
268,123,United Overseas Bank,review_body_text,3,Also micromanagement exist when manager only trust the leader not knowing the real problem from colleague.,Good working enviroment but no promotion. Had to leave after 1 year contract. Also micromanagement exist when manager only trust the leader not knowing the real problem from colleague.,Negative,0.9626349806785583,Accepted,Negative
269,124,Cimb-Group,review_title,1,Performance-driven Culture,Performance-driven Culture,Positive,0.9755975008010864,Accepted,Positive
270,124,Cimb-Group,review_body_text,1,"With a fast-moving performance-based work culture, I was trained to work smart, fast and deliver work accurately.","With a fast-moving performance-based work culture, I was trained to work smart, fast and deliver work accurately. Try to test your limit in this environment of long working hours and extensive work load. If you adapt to it, you can excel in many workplaces.",Positive,0.8678281903266907,Accepted,Positive
270,124,Cimb-Group,review_body_text,2,Try to test your limit in this environment of long working hours and extensive work load.,"With a fast-moving performance-based work culture, I was trained to work smart, fast and deliver work accurately. Try to test your limit in this environment of long working hours and extensive work load. If you adapt to it, you can excel in many workplaces.",Negative,0.9436155557632446,Accepted,Negative
270,124,Cimb-Group,review_body_text,3,"If you adapt to it, you can excel in many workplaces.","With a fast-moving performance-based work culture, I was trained to work smart, fast and deliver work accurately. Try to test your limit in this environment of long working hours and extensive work load. If you adapt to it, you can excel in many workplaces.",Positive,0.8324759602546692,Accepted,Positive
271,125,bank islam,review_title,1,Good experience,Good experience,Positive,0.7936099767684937,Accepted,Positive
272,125,bank islam,review_body_text,1,I had a great experience working at Bank Islam.,"I had a great experience working at Bank Islam. The environment was collaborative and supportive, with a strong focus on both employee development and customer satisfaction. The leadership team was approachable, and there were many opportunities to grow and learn within the organization. I especially appreciated the structured training programs and the emphasis on teamwork, which helped me develop valuable skills in financial services and customer relations. Overall, Bank Islam is an excellent place to work if you’re looking for a dynamic, professional, and rewarding workplace",Positive,0.9794275164604187,Accepted,Positive
272,125,bank islam,review_body_text,2,"The environment was collaborative and supportive, with a strong focus on both employee development and customer satisfaction.","I had a great experience working at Bank Islam. The environment was collaborative and supportive, with a strong focus on both employee development and customer satisfaction. The leadership team was approachable, and there were many opportunities to grow and learn within the organization. I especially appreciated the structured training programs and the emphasis on teamwork, which helped me develop valuable skills in financial services and customer relations. Overall, Bank Islam is an excellent place to work if you’re looking for a dynamic, professional, and rewarding workplace",Positive,0.9765748381614685,Accepted,Positive
272,125,bank islam,review_body_text,3,"The leadership team was approachable, and there were many opportunities to grow and learn within the organization.","I had a great experience working at Bank Islam. The environment was collaborative and supportive, with a strong focus on both employee development and customer satisfaction. The leadership team was approachable, and there were many opportunities to grow and learn within the organization. I especially appreciated the structured training programs and the emphasis on teamwork, which helped me develop valuable skills in financial services and customer relations. Overall, Bank Islam is an excellent place to work if you’re looking for a dynamic, professional, and rewarding workplace",Positive,0.9474631547927856,Accepted,Positive
272,125,bank islam,review_body_text,4,"I especially appreciated the structured training programs and the emphasis on teamwork, which helped me develop valuable skills in financial services and customer relations.","I had a great experience working at Bank Islam. The environment was collaborative and supportive, with a strong focus on both employee development and customer satisfaction. The leadership team was approachable, and there were many opportunities to grow and learn within the organization. I especially appreciated the structured training programs and the emphasis on teamwork, which helped me develop valuable skills in financial services and customer relations. Overall, Bank Islam is an excellent place to work if you’re looking for a dynamic, professional, and rewarding workplace",Positive,0.990616500377655,Accepted,Positive
272,125,bank islam,review_body_text,5,"Overall, Bank Islam is an excellent place to work if you’re looking for a dynamic, professional, and rewarding workplace","I had a great experience working at Bank Islam. The environment was collaborative and supportive, with a strong focus on both employee development and customer satisfaction. The leadership team was approachable, and there were many opportunities to grow and learn within the organization. I especially appreciated the structured training programs and the emphasis on teamwork, which helped me develop valuable skills in financial services and customer relations. Overall, Bank Islam is an excellent place to work if you’re looking for a dynamic, professional, and rewarding workplace",Positive,0.9899995923042297,Accepted,Positive
273,126,RHB Bank Berhad,review_title,1,Banking Culture,Banking Culture,Positive,0.7280545234680176,Manual Review,Positive
274,126,RHB Bank Berhad,review_body_text,1,Working as Collector is hard as doing Sales for bank.,Working as Collector is hard as doing Sales for bank. They offered a contract position. Even top performer is hard to secure a permanent position. You need to achieved all the monthly target so you can stay respected. Need to stay back without paying OT. Because they are paying commission if you hit the monthly target.,Negative,0.9578099250793457,Accepted,Negative
274,126,RHB Bank Berhad,review_body_text,2,They offered a contract position.,Working as Collector is hard as doing Sales for bank. They offered a contract position. Even top performer is hard to secure a permanent position. You need to achieved all the monthly target so you can stay respected. Need to stay back without paying OT. Because they are paying commission if you hit the monthly target.,Positive,0.6491595506668091,Manual Review,Positive
274,126,RHB Bank Berhad,review_body_text,3,Even top performer is hard to secure a permanent position.,Working as Collector is hard as doing Sales for bank. They offered a contract position. Even top performer is hard to secure a permanent position. You need to achieved all the monthly target so you can stay respected. Need to stay back without paying OT. Because they are paying commission if you hit the monthly target.,Negative,0.6802250146865845,Manual Review,Negative
274,126,RHB Bank Berhad,review_body_text,4,You need to achieved all the monthly target so you can stay respected.,Working as Collector is hard as doing Sales for bank. They offered a contract position. Even top performer is hard to secure a permanent position. You need to achieved all the monthly target so you can stay respected. Need to stay back without paying OT. Because they are paying commission if you hit the monthly target.,Negative,0.5115748643875122,Manual Review,Negative
274,126,RHB Bank Berhad,review_body_text,5,Need to stay back without paying OT.,Working as Collector is hard as doing Sales for bank. They offered a contract position. Even top performer is hard to secure a permanent position. You need to achieved all the monthly target so you can stay respected. Need to stay back without paying OT. Because they are paying commission if you hit the monthly target.,Negative,0.8169127702713013,Accepted,Negative
274,126,RHB Bank Berhad,review_body_text,6,Because they are paying commission if you hit the monthly target.,Working as Collector is hard as doing Sales for bank. They offered a contract position. Even top performer is hard to secure a permanent position. You need to achieved all the monthly target so you can stay respected. Need to stay back without paying OT. Because they are paying commission if you hit the monthly target.,Positive,0.5979036092758179,Manual Review,Positive
275,126,RHB Bank Berhad,pros_text,1,Good Environment for fresh grads.,Good Environment for fresh grads.,Positive,0.9564321041107178,Accepted,Positive
276,126,RHB Bank Berhad,cons_text,1,Need to stay back without pay OT.,Need to stay back without pay OT.,Negative,0.9029708504676819,Accepted,Negative
277,127,Public-Bank-Berhad,review_title,1,Good benefits,Good benefits,Positive,0.9563290476799011,Accepted,Positive
278,127,Public-Bank-Berhad,review_body_text,1,Bonus and increment are definitely the best in the market.,Bonus and increment are definitely the best in the market. Workload OK depending on the team and bosses. Turn based style promotions. Annual leaves and Mc good,Positive,0.9788635969161987,Accepted,Positive
278,127,Public-Bank-Berhad,review_body_text,2,Workload OK depending on the team and bosses.,Bonus and increment are definitely the best in the market. Workload OK depending on the team and bosses. Turn based style promotions. Annual leaves and Mc good,Positive,0.7338701486587524,Manual Review,Positive
278,127,Public-Bank-Berhad,review_body_text,3,Turn based style promotions.,Bonus and increment are definitely the best in the market. Workload OK depending on the team and bosses. Turn based style promotions. Annual leaves and Mc good,Positive,0.6413290500640869,Manual Review,Positive
278,127,Public-Bank-Berhad,review_body_text,4,Annual leaves and Mc good,Bonus and increment are definitely the best in the market. Workload OK depending on the team and bosses. Turn based style promotions. Annual leaves and Mc good,Positive,0.8657163977622986,Accepted,Positive
279,128,RHB Bank Berhad,review_title,1,"have experience deal with customer, quality management and time handling.","have experience deal with customer, quality management and time handling.",Positive,0.5264489650726318,Manual Review,Positive
280,128,RHB Bank Berhad,review_body_text,1,What is the best part of working at the company?,"What is the best part of working at the company? They provided staff engagement event and activities What is the most stressful part about working at the company? Must to find customer salary basic above 3k to get better achievement but in kedah and penang most workers basic 1.5k What is the work environment and culture like at the company? a positive workplace culture is one that is built on meaningful work, open communication, and core values. What is a typical day like for you at the company? On my average day of work, I start the day off by checking my emails. This way, I can reply to clients and get everything organized at the start of the day. I then look over my to-do list and get started on the day that have my top priority.",Positive,0.8981525897979736,Accepted,Positive
280,128,RHB Bank Berhad,review_body_text,2,They provided staff engagement event and activities What is the most stressful part about working at the company?,"What is the best part of working at the company? They provided staff engagement event and activities What is the most stressful part about working at the company? Must to find customer salary basic above 3k to get better achievement but in kedah and penang most workers basic 1.5k What is the work environment and culture like at the company? a positive workplace culture is one that is built on meaningful work, open communication, and core values. What is a typical day like for you at the company? On my average day of work, I start the day off by checking my emails. This way, I can reply to clients and get everything organized at the start of the day. I then look over my to-do list and get started on the day that have my top priority.",Negative,0.929858386516571,Accepted,Negative
280,128,RHB Bank Berhad,review_body_text,3,Must to find customer salary basic above 3k to get better achievement but in kedah and penang most workers basic 1.5k What is the work environment and culture like at the company?,"What is the best part of working at the company? They provided staff engagement event and activities What is the most stressful part about working at the company? Must to find customer salary basic above 3k to get better achievement but in kedah and penang most workers basic 1.5k What is the work environment and culture like at the company? a positive workplace culture is one that is built on meaningful work, open communication, and core values. What is a typical day like for you at the company? On my average day of work, I start the day off by checking my emails. This way, I can reply to clients and get everything organized at the start of the day. I then look over my to-do list and get started on the day that have my top priority.",Positive,0.48936477303504944,Manual Review,Positive
280,128,RHB Bank Berhad,review_body_text,4,"a positive workplace culture is one that is built on meaningful work, open communication, and core values.","What is the best part of working at the company? They provided staff engagement event and activities What is the most stressful part about working at the company? Must to find customer salary basic above 3k to get better achievement but in kedah and penang most workers basic 1.5k What is the work environment and culture like at the company? a positive workplace culture is one that is built on meaningful work, open communication, and core values. What is a typical day like for you at the company? On my average day of work, I start the day off by checking my emails. This way, I can reply to clients and get everything organized at the start of the day. I then look over my to-do list and get started on the day that have my top priority.",Positive,0.9813989400863647,Accepted,Positive
280,128,RHB Bank Berhad,review_body_text,5,What is a typical day like for you at the company?,"What is the best part of working at the company? They provided staff engagement event and activities What is the most stressful part about working at the company? Must to find customer salary basic above 3k to get better achievement but in kedah and penang most workers basic 1.5k What is the work environment and culture like at the company? a positive workplace culture is one that is built on meaningful work, open communication, and core values. What is a typical day like for you at the company? On my average day of work, I start the day off by checking my emails. This way, I can reply to clients and get everything organized at the start of the day. I then look over my to-do list and get started on the day that have my top priority.",Positive,0.49403467774391174,Manual Review,Positive
280,128,RHB Bank Berhad,review_body_text,6,"On my average day of work, I start the day off by checking my emails.","What is the best part of working at the company? They provided staff engagement event and activities What is the most stressful part about working at the company? Must to find customer salary basic above 3k to get better achievement but in kedah and penang most workers basic 1.5k What is the work environment and culture like at the company? a positive workplace culture is one that is built on meaningful work, open communication, and core values. What is a typical day like for you at the company? On my average day of work, I start the day off by checking my emails. This way, I can reply to clients and get everything organized at the start of the day. I then look over my to-do list and get started on the day that have my top priority.",Positive,0.5558841824531555,Manual Review,Positive
280,128,RHB Bank Berhad,review_body_text,7,"This way, I can reply to clients and get everything organized at the start of the day.","What is the best part of working at the company? They provided staff engagement event and activities What is the most stressful part about working at the company? Must to find customer salary basic above 3k to get better achievement but in kedah and penang most workers basic 1.5k What is the work environment and culture like at the company? a positive workplace culture is one that is built on meaningful work, open communication, and core values. What is a typical day like for you at the company? On my average day of work, I start the day off by checking my emails. This way, I can reply to clients and get everything organized at the start of the day. I then look over my to-do list and get started on the day that have my top priority.",Positive,0.7217557430267334,Manual Review,Positive
280,128,RHB Bank Berhad,review_body_text,8,I then look over my to-do list and get started on the day that have my top priority.,"What is the best part of working at the company? They provided staff engagement event and activities What is the most stressful part about working at the company? Must to find customer salary basic above 3k to get better achievement but in kedah and penang most workers basic 1.5k What is the work environment and culture like at the company? a positive workplace culture is one that is built on meaningful work, open communication, and core values. What is a typical day like for you at the company? On my average day of work, I start the day off by checking my emails. This way, I can reply to clients and get everything organized at the start of the day. I then look over my to-do list and get started on the day that have my top priority.",Positive,0.5705232620239258,Manual Review,Positive
281,129,Cimb-Group,review_title,1,harmony workplace,harmony workplace,Positive,0.621164858341217,Manual Review,Positive
282,129,Cimb-Group,review_body_text,1,the good place to enhance skill in ur career in financial institutions .,the good place to enhance skill in ur career in financial institutions . if ur fresh graduate just try to gain experience . just give ur base on your job,Positive,0.9637953639030457,Accepted,Positive
282,129,Cimb-Group,review_body_text,2,if ur fresh graduate just try to gain experience .,the good place to enhance skill in ur career in financial institutions . if ur fresh graduate just try to gain experience . just give ur base on your job,Negative,0.4820007085800171,Manual Review,Negative
282,129,Cimb-Group,review_body_text,3,just give ur base on your job,the good place to enhance skill in ur career in financial institutions . if ur fresh graduate just try to gain experience . just give ur base on your job,Positive,0.549177348613739,Manual Review,Positive
283,130,HSBC,review_title,1,Flexible hybrid,Flexible hybrid,Positive,0.7485373616218567,Manual Review,Positive
284,130,HSBC,review_body_text,1,Hybrid working.,"Hybrid working. 3day office, 2 days wfh. Can choose which day in a week. Got gym, game room, hot desking must book desk so can choose desk wherever u want to sit",Positive,0.6632822751998901,Manual Review,Positive
284,130,HSBC,review_body_text,2,"3day office, 2 days wfh.","Hybrid working. 3day office, 2 days wfh. Can choose which day in a week. Got gym, game room, hot desking must book desk so can choose desk wherever u want to sit",Negative,0.4783363938331604,Manual Review,Negative
284,130,HSBC,review_body_text,3,Can choose which day in a week.,"Hybrid working. 3day office, 2 days wfh. Can choose which day in a week. Got gym, game room, hot desking must book desk so can choose desk wherever u want to sit",Positive,0.5961938500404358,Manual Review,Positive
284,130,HSBC,review_body_text,4,"Got gym, game room, hot desking must book desk so can choose desk wherever u want to sit","Hybrid working. 3day office, 2 days wfh. Can choose which day in a week. Got gym, game room, hot desking must book desk so can choose desk wherever u want to sit",Positive,0.9358940124511719,Accepted,Positive
285,131,RHB Bank Berhad,review_title,1,Workplace and culture are very good,Workplace and culture are very good,Positive,0.9872917532920837,Accepted,Positive
286,131,RHB Bank Berhad,review_body_text,1,What is the best part of working at the company?,What is the best part of working at the company? Good environment and management What is the most stressful part about working at the company? Nothing stressful for me. I take has a challenge and enhance my work skill. What is the work environment and culture like at the company? The staff and taller very helpful and good place to enhance skill and also good for your career What is a typical day like for you at the company? Wednesday because every Wednesday is a briefing day,Positive,0.8981525897979736,Accepted,Positive
286,131,RHB Bank Berhad,review_body_text,2,Good environment and management What is the most stressful part about working at the company?,What is the best part of working at the company? Good environment and management What is the most stressful part about working at the company? Nothing stressful for me. I take has a challenge and enhance my work skill. What is the work environment and culture like at the company? The staff and taller very helpful and good place to enhance skill and also good for your career What is a typical day like for you at the company? Wednesday because every Wednesday is a briefing day,Positive,0.8385995030403137,Accepted,Positive
286,131,RHB Bank Berhad,review_body_text,3,Nothing stressful for me.,What is the best part of working at the company? Good environment and management What is the most stressful part about working at the company? Nothing stressful for me. I take has a challenge and enhance my work skill. What is the work environment and culture like at the company? The staff and taller very helpful and good place to enhance skill and also good for your career What is a typical day like for you at the company? Wednesday because every Wednesday is a briefing day,Positive,0.5412381887435913,Manual Review,Positive
286,131,RHB Bank Berhad,review_body_text,4,I take has a challenge and enhance my work skill.,What is the best part of working at the company? Good environment and management What is the most stressful part about working at the company? Nothing stressful for me. I take has a challenge and enhance my work skill. What is the work environment and culture like at the company? The staff and taller very helpful and good place to enhance skill and also good for your career What is a typical day like for you at the company? Wednesday because every Wednesday is a briefing day,Positive,0.9483373165130615,Accepted,Positive
286,131,RHB Bank Berhad,review_body_text,5,What is the work environment and culture like at the company?,What is the best part of working at the company? Good environment and management What is the most stressful part about working at the company? Nothing stressful for me. I take has a challenge and enhance my work skill. What is the work environment and culture like at the company? The staff and taller very helpful and good place to enhance skill and also good for your career What is a typical day like for you at the company? Wednesday because every Wednesday is a briefing day,Positive,0.5594784617424011,Manual Review,Positive
286,131,RHB Bank Berhad,review_body_text,6,The staff and taller very helpful and good place to enhance skill and also good for your career What is a typical day like for you at the company?,What is the best part of working at the company? Good environment and management What is the most stressful part about working at the company? Nothing stressful for me. I take has a challenge and enhance my work skill. What is the work environment and culture like at the company? The staff and taller very helpful and good place to enhance skill and also good for your career What is a typical day like for you at the company? Wednesday because every Wednesday is a briefing day,Positive,0.9892775416374207,Accepted,Positive
286,131,RHB Bank Berhad,review_body_text,7,Wednesday because every Wednesday is a briefing day,What is the best part of working at the company? Good environment and management What is the most stressful part about working at the company? Nothing stressful for me. I take has a challenge and enhance my work skill. What is the work environment and culture like at the company? The staff and taller very helpful and good place to enhance skill and also good for your career What is a typical day like for you at the company? Wednesday because every Wednesday is a briefing day,Negative,0.5550363659858704,Manual Review,Negative
287,132,Public-Bank-Berhad,review_title,1,Benefit wise and working like servant.,Benefit wise and working like servant.,Positive,0.9011815190315247,Accepted,Positive
288,132,Public-Bank-Berhad,review_body_text,1,What is the best part of working at the company?,"What is the best part of working at the company? The remunerations given are very beneficial especially for holiday leave and medical benefit. What is the most stressful part about working at the company? Unreasonable workload. No work-life balance. You have to give full commitment to this organisation even in weekend especially when you are involve in marketing scope. What is the work environment and culture like at the company? Work like dog, work until you die, no one gonna appreciate you. What is a typical day like for you at the company? It was hectic working. Everyone walking like super flash, too much work to be settle.",Positive,0.8981525897979736,Accepted,Positive
288,132,Public-Bank-Berhad,review_body_text,2,The remunerations given are very beneficial especially for holiday leave and medical benefit.,"What is the best part of working at the company? The remunerations given are very beneficial especially for holiday leave and medical benefit. What is the most stressful part about working at the company? Unreasonable workload. No work-life balance. You have to give full commitment to this organisation even in weekend especially when you are involve in marketing scope. What is the work environment and culture like at the company? Work like dog, work until you die, no one gonna appreciate you. What is a typical day like for you at the company? It was hectic working. Everyone walking like super flash, too much work to be settle.",Positive,0.983799934387207,Accepted,Positive
288,132,Public-Bank-Berhad,review_body_text,3,What is the most stressful part about working at the company?,"What is the best part of working at the company? The remunerations given are very beneficial especially for holiday leave and medical benefit. What is the most stressful part about working at the company? Unreasonable workload. No work-life balance. You have to give full commitment to this organisation even in weekend especially when you are involve in marketing scope. What is the work environment and culture like at the company? Work like dog, work until you die, no one gonna appreciate you. What is a typical day like for you at the company? It was hectic working. Everyone walking like super flash, too much work to be settle.",Negative,0.9303421974182129,Accepted,Negative
288,132,Public-Bank-Berhad,review_body_text,4,Unreasonable workload.,"What is the best part of working at the company? The remunerations given are very beneficial especially for holiday leave and medical benefit. What is the most stressful part about working at the company? Unreasonable workload. No work-life balance. You have to give full commitment to this organisation even in weekend especially when you are involve in marketing scope. What is the work environment and culture like at the company? Work like dog, work until you die, no one gonna appreciate you. What is a typical day like for you at the company? It was hectic working. Everyone walking like super flash, too much work to be settle.",Negative,0.9418017864227295,Accepted,Negative
288,132,Public-Bank-Berhad,review_body_text,5,No work-life balance.,"What is the best part of working at the company? The remunerations given are very beneficial especially for holiday leave and medical benefit. What is the most stressful part about working at the company? Unreasonable workload. No work-life balance. You have to give full commitment to this organisation even in weekend especially when you are involve in marketing scope. What is the work environment and culture like at the company? Work like dog, work until you die, no one gonna appreciate you. What is a typical day like for you at the company? It was hectic working. Everyone walking like super flash, too much work to be settle.",Negative,0.9707745909690857,Accepted,Negative
288,132,Public-Bank-Berhad,review_body_text,6,You have to give full commitment to this organisation even in weekend especially when you are involve in marketing scope.,"What is the best part of working at the company? The remunerations given are very beneficial especially for holiday leave and medical benefit. What is the most stressful part about working at the company? Unreasonable workload. No work-life balance. You have to give full commitment to this organisation even in weekend especially when you are involve in marketing scope. What is the work environment and culture like at the company? Work like dog, work until you die, no one gonna appreciate you. What is a typical day like for you at the company? It was hectic working. Everyone walking like super flash, too much work to be settle.",Positive,0.5657329559326172,Manual Review,Positive
288,132,Public-Bank-Berhad,review_body_text,7,What is the work environment and culture like at the company?,"What is the best part of working at the company? The remunerations given are very beneficial especially for holiday leave and medical benefit. What is the most stressful part about working at the company? Unreasonable workload. No work-life balance. You have to give full commitment to this organisation even in weekend especially when you are involve in marketing scope. What is the work environment and culture like at the company? Work like dog, work until you die, no one gonna appreciate you. What is a typical day like for you at the company? It was hectic working. Everyone walking like super flash, too much work to be settle.",Positive,0.5594784617424011,Manual Review,Positive
288,132,Public-Bank-Berhad,review_body_text,8,"Work like dog, work until you die, no one gonna appreciate you.","What is the best part of working at the company? The remunerations given are very beneficial especially for holiday leave and medical benefit. What is the most stressful part about working at the company? Unreasonable workload. No work-life balance. You have to give full commitment to this organisation even in weekend especially when you are involve in marketing scope. What is the work environment and culture like at the company? Work like dog, work until you die, no one gonna appreciate you. What is a typical day like for you at the company? It was hectic working. Everyone walking like super flash, too much work to be settle.",Negative,0.987808108329773,Accepted,Negative
288,132,Public-Bank-Berhad,review_body_text,9,What is a typical day like for you at the company?,"What is the best part of working at the company? The remunerations given are very beneficial especially for holiday leave and medical benefit. What is the most stressful part about working at the company? Unreasonable workload. No work-life balance. You have to give full commitment to this organisation even in weekend especially when you are involve in marketing scope. What is the work environment and culture like at the company? Work like dog, work until you die, no one gonna appreciate you. What is a typical day like for you at the company? It was hectic working. Everyone walking like super flash, too much work to be settle.",Positive,0.49403467774391174,Manual Review,Positive
288,132,Public-Bank-Berhad,review_body_text,10,It was hectic working.,"What is the best part of working at the company? The remunerations given are very beneficial especially for holiday leave and medical benefit. What is the most stressful part about working at the company? Unreasonable workload. No work-life balance. You have to give full commitment to this organisation even in weekend especially when you are involve in marketing scope. What is the work environment and culture like at the company? Work like dog, work until you die, no one gonna appreciate you. What is a typical day like for you at the company? It was hectic working. Everyone walking like super flash, too much work to be settle.",Negative,0.8850083351135254,Accepted,Negative
288,132,Public-Bank-Berhad,review_body_text,11,"Everyone walking like super flash, too much work to be settle.","What is the best part of working at the company? The remunerations given are very beneficial especially for holiday leave and medical benefit. What is the most stressful part about working at the company? Unreasonable workload. No work-life balance. You have to give full commitment to this organisation even in weekend especially when you are involve in marketing scope. What is the work environment and culture like at the company? Work like dog, work until you die, no one gonna appreciate you. What is a typical day like for you at the company? It was hectic working. Everyone walking like super flash, too much work to be settle.",Negative,0.9409117698669434,Accepted,Negative
289,133,RHB Bank Berhad,review_title,1,Flexible working hour,Flexible working hour,Positive,0.896645188331604,Accepted,Positive
290,133,RHB Bank Berhad,review_body_text,1,Fast and Easy interview and hiring process Flexible working hour as sales person Friendly Colleague Low commission compare to other banks Slow system for loan submission,Fast and Easy interview and hiring process Flexible working hour as sales person Friendly Colleague Low commission compare to other banks Slow system for loan submission,Positive,0.9921531677246094,Accepted,Positive
291,134,RHB Bank Berhad,review_title,1,Challenging environment,Challenging environment,Negative,0.9544247984886169,Accepted,Negative
292,134,RHB Bank Berhad,review_body_text,1,Pros - Able to develop relevant experience,Pros:- - Able to develop relevant experience - Friendly colleagues - Plenty of trainings for sales staff Cons:- - Micromanage on daily basis - Management practice favouritism - Subpar bonuses,Positive,0.9850273728370667,Accepted,Positive
292,134,RHB Bank Berhad,review_body_text,2,Friendly colleagues,Pros:- - Able to develop relevant experience - Friendly colleagues - Plenty of trainings for sales staff Cons:- - Micromanage on daily basis - Management practice favouritism - Subpar bonuses,Positive,0.8169293999671936,Accepted,Positive
292,134,RHB Bank Berhad,review_body_text,3,Plenty of trainings for sales staff Cons - Micromanage on daily basis,Pros:- - Able to develop relevant experience - Friendly colleagues - Plenty of trainings for sales staff Cons:- - Micromanage on daily basis - Management practice favouritism - Subpar bonuses,Negative,0.9014855623245239,Accepted,Negative
292,134,RHB Bank Berhad,review_body_text,4,Management practice favouritism,Pros:- - Able to develop relevant experience - Friendly colleagues - Plenty of trainings for sales staff Cons:- - Micromanage on daily basis - Management practice favouritism - Subpar bonuses,Positive,0.7414387464523315,Manual Review,Positive
292,134,RHB Bank Berhad,review_body_text,5,Subpar bonuses,Pros:- - Able to develop relevant experience - Friendly colleagues - Plenty of trainings for sales staff Cons:- - Micromanage on daily basis - Management practice favouritism - Subpar bonuses,Negative,0.8376206159591675,Accepted,Negative
293,135,Public-Bank-Berhad,review_title,1,Good place to learn,Good place to learn,Positive,0.8554062843322754,Accepted,Positive
294,135,Public-Bank-Berhad,review_body_text,1,Benefit: Intern can learn a lot of knowledge and skills here.,Benefit: Intern can learn a lot of knowledge and skills here. The salary pay on time. Challenge: The working is quite stressful. Need to adopt quickly in working,Positive,0.9672048091888428,Accepted,Positive
294,135,Public-Bank-Berhad,review_body_text,2,The salary pay on time.,Benefit: Intern can learn a lot of knowledge and skills here. The salary pay on time. Challenge: The working is quite stressful. Need to adopt quickly in working,Positive,0.8952102661132812,Accepted,Positive
294,135,Public-Bank-Berhad,review_body_text,3,Challenge: The working is quite stressful.,Benefit: Intern can learn a lot of knowledge and skills here. The salary pay on time. Challenge: The working is quite stressful. Need to adopt quickly in working,Negative,0.9929018616676331,Accepted,Negative
294,135,Public-Bank-Berhad,review_body_text,4,Need to adopt quickly in working,Benefit: Intern can learn a lot of knowledge and skills here. The salary pay on time. Challenge: The working is quite stressful. Need to adopt quickly in working,Negative,0.678244948387146,Manual Review,Negative
295,136,Public-Bank-Berhad,review_title,1,Good salary,Good salary,Positive,0.9323329329490662,Accepted,Positive
296,136,Public-Bank-Berhad,review_body_text,1,"Public sector banks are known for offering stable and attractive salary packages, making them a popular choice for individuals seeking long-term career opportunities.","Public sector banks are known for offering stable and attractive salary packages, making them a popular choice for individuals seeking long-term career opportunities. While the salary structure varies based on the position and level of experience, public bank employees typically enjoy competitive pay scales that are often revised based on recommendations from government pay commissions. A key advantage is the inclusion of various allowances such as housing rent allowance (HRA), dearness allowance (DA), and special allowances. In addition to the fixed salary, public bank employees also receive additional perks like medical benefits, pension schemes, and paid leave. Bonuses and annual increments are also part of the compensation structure, making it financially rewarding over time. The salary in public banks may not be as high as in private sector banks initially, but the long-term financial security, work-life balance, and other benefits make public banks a desirable option for many. Additionally, public bank employees often have more structured career paths, including promotional avenues that lead to higher pay grades and responsibilities.",Positive,0.9567399621009827,Accepted,Positive
296,136,Public-Bank-Berhad,review_body_text,2,"While the salary structure varies based on the position and level of experience, public bank employees typically enjoy competitive pay scales that are often revised based on recommendations from government pay commissions.","Public sector banks are known for offering stable and attractive salary packages, making them a popular choice for individuals seeking long-term career opportunities. While the salary structure varies based on the position and level of experience, public bank employees typically enjoy competitive pay scales that are often revised based on recommendations from government pay commissions. A key advantage is the inclusion of various allowances such as housing rent allowance (HRA), dearness allowance (DA), and special allowances. In addition to the fixed salary, public bank employees also receive additional perks like medical benefits, pension schemes, and paid leave. Bonuses and annual increments are also part of the compensation structure, making it financially rewarding over time. The salary in public banks may not be as high as in private sector banks initially, but the long-term financial security, work-life balance, and other benefits make public banks a desirable option for many. Additionally, public bank employees often have more structured career paths, including promotional avenues that lead to higher pay grades and responsibilities.",Positive,0.7406558394432068,Manual Review,Positive
296,136,Public-Bank-Berhad,review_body_text,3,"A key advantage is the inclusion of various allowances such as housing rent allowance (HRA), dearness allowance (DA), and special allowances.","Public sector banks are known for offering stable and attractive salary packages, making them a popular choice for individuals seeking long-term career opportunities. While the salary structure varies based on the position and level of experience, public bank employees typically enjoy competitive pay scales that are often revised based on recommendations from government pay commissions. A key advantage is the inclusion of various allowances such as housing rent allowance (HRA), dearness allowance (DA), and special allowances. In addition to the fixed salary, public bank employees also receive additional perks like medical benefits, pension schemes, and paid leave. Bonuses and annual increments are also part of the compensation structure, making it financially rewarding over time. The salary in public banks may not be as high as in private sector banks initially, but the long-term financial security, work-life balance, and other benefits make public banks a desirable option for many. Additionally, public bank employees often have more structured career paths, including promotional avenues that lead to higher pay grades and responsibilities.",Positive,0.959625780582428,Accepted,Positive
296,136,Public-Bank-Berhad,review_body_text,4,"In addition to the fixed salary, public bank employees also receive additional perks like medical benefits, pension schemes, and paid leave.","Public sector banks are known for offering stable and attractive salary packages, making them a popular choice for individuals seeking long-term career opportunities. While the salary structure varies based on the position and level of experience, public bank employees typically enjoy competitive pay scales that are often revised based on recommendations from government pay commissions. A key advantage is the inclusion of various allowances such as housing rent allowance (HRA), dearness allowance (DA), and special allowances. In addition to the fixed salary, public bank employees also receive additional perks like medical benefits, pension schemes, and paid leave. Bonuses and annual increments are also part of the compensation structure, making it financially rewarding over time. The salary in public banks may not be as high as in private sector banks initially, but the long-term financial security, work-life balance, and other benefits make public banks a desirable option for many. Additionally, public bank employees often have more structured career paths, including promotional avenues that lead to higher pay grades and responsibilities.",Positive,0.894127607345581,Accepted,Positive
296,136,Public-Bank-Berhad,review_body_text,5,"Bonuses and annual increments are also part of the compensation structure, making it financially rewarding over time.","Public sector banks are known for offering stable and attractive salary packages, making them a popular choice for individuals seeking long-term career opportunities. While the salary structure varies based on the position and level of experience, public bank employees typically enjoy competitive pay scales that are often revised based on recommendations from government pay commissions. A key advantage is the inclusion of various allowances such as housing rent allowance (HRA), dearness allowance (DA), and special allowances. In addition to the fixed salary, public bank employees also receive additional perks like medical benefits, pension schemes, and paid leave. Bonuses and annual increments are also part of the compensation structure, making it financially rewarding over time. The salary in public banks may not be as high as in private sector banks initially, but the long-term financial security, work-life balance, and other benefits make public banks a desirable option for many. Additionally, public bank employees often have more structured career paths, including promotional avenues that lead to higher pay grades and responsibilities.",Positive,0.9493407607078552,Accepted,Positive
296,136,Public-Bank-Berhad,review_body_text,6,"The salary in public banks may not be as high as in private sector banks initially, but the long-term financial security, work-life balance, and other benefits make public banks a desirable option for many.","Public sector banks are known for offering stable and attractive salary packages, making them a popular choice for individuals seeking long-term career opportunities. While the salary structure varies based on the position and level of experience, public bank employees typically enjoy competitive pay scales that are often revised based on recommendations from government pay commissions. A key advantage is the inclusion of various allowances such as housing rent allowance (HRA), dearness allowance (DA), and special allowances. In addition to the fixed salary, public bank employees also receive additional perks like medical benefits, pension schemes, and paid leave. Bonuses and annual increments are also part of the compensation structure, making it financially rewarding over time. The salary in public banks may not be as high as in private sector banks initially, but the long-term financial security, work-life balance, and other benefits make public banks a desirable option for many. Additionally, public bank employees often have more structured career paths, including promotional avenues that lead to higher pay grades and responsibilities.",Positive,0.8673319220542908,Accepted,Positive
296,136,Public-Bank-Berhad,review_body_text,7,"Additionally, public bank employees often have more structured career paths, including promotional avenues that lead to higher pay grades and responsibilities.","Public sector banks are known for offering stable and attractive salary packages, making them a popular choice for individuals seeking long-term career opportunities. While the salary structure varies based on the position and level of experience, public bank employees typically enjoy competitive pay scales that are often revised based on recommendations from government pay commissions. A key advantage is the inclusion of various allowances such as housing rent allowance (HRA), dearness allowance (DA), and special allowances. In addition to the fixed salary, public bank employees also receive additional perks like medical benefits, pension schemes, and paid leave. Bonuses and annual increments are also part of the compensation structure, making it financially rewarding over time. The salary in public banks may not be as high as in private sector banks initially, but the long-term financial security, work-life balance, and other benefits make public banks a desirable option for many. Additionally, public bank employees often have more structured career paths, including promotional avenues that lead to higher pay grades and responsibilities.",Positive,0.7796401977539062,Accepted,Positive
297,137,maybank,review_title,1,Great place to kickstart your career,Great place to kickstart your career,Positive,0.9903403520584106,Accepted,Positive
298,137,maybank,review_body_text,1,"A typical day is fast-paced, full of learning opportunities.","A typical day is fast-paced, full of learning opportunities. Great management, supportive culture. Hardest part: tight deadlines. Best part: teamwork!",Positive,0.8794034123420715,Accepted,Positive
298,137,maybank,review_body_text,2,"Great management, supportive culture.","A typical day is fast-paced, full of learning opportunities. Great management, supportive culture. Hardest part: tight deadlines. Best part: teamwork!",Positive,0.9880439639091492,Accepted,Positive
298,137,maybank,review_body_text,3,Hardest part: tight deadlines.,"A typical day is fast-paced, full of learning opportunities. Great management, supportive culture. Hardest part: tight deadlines. Best part: teamwork!",Negative,0.9390537142753601,Accepted,Negative
298,137,maybank,review_body_text,4,Best part: teamwork!,"A typical day is fast-paced, full of learning opportunities. Great management, supportive culture. Hardest part: tight deadlines. Best part: teamwork!",Positive,0.9836675524711609,Accepted,Positive
299,137,maybank,pros_text,1,The people,The people,Positive,0.7263782620429993,Manual Review,Positive
301,138,United Overseas Bank,review_body_text,1,Please don’t work here this company is really give a mental health issue and they will demand you to pay 2500 for this job who have slow system and everything look old.,Please don’t work here this company is really give a mental health issue and they will demand you to pay 2500 for this job who have slow system and everything look old. I regret joining them. Try other company,Negative,0.994961142539978,Accepted,Negative
301,138,United Overseas Bank,review_body_text,2,I regret joining them.,Please don’t work here this company is really give a mental health issue and they will demand you to pay 2500 for this job who have slow system and everything look old. I regret joining them. Try other company,Negative,0.9561212658882141,Accepted,Negative
301,138,United Overseas Bank,review_body_text,3,Try other company,Please don’t work here this company is really give a mental health issue and they will demand you to pay 2500 for this job who have slow system and everything look old. I regret joining them. Try other company,Negative,0.5661047101020813,Manual Review,Negative
302,139,maybank,review_title,1,Fun place,Fun place,Positive,0.8905859589576721,Accepted,Positive
303,139,maybank,review_body_text,1,A lot people that you can meet.,A lot people that you can meet. Salary is quite ok but not too fancy. Bonus can be down to 2 months. But usually is 3 months. Management will be depends on your manager,Positive,0.8400583863258362,Accepted,Positive
303,139,maybank,review_body_text,2,Salary is quite ok but not too fancy.,A lot people that you can meet. Salary is quite ok but not too fancy. Bonus can be down to 2 months. But usually is 3 months. Management will be depends on your manager,Positive,0.46368876099586487,Manual Review,Positive
303,139,maybank,review_body_text,3,Bonus can be down to 2 months.,A lot people that you can meet. Salary is quite ok but not too fancy. Bonus can be down to 2 months. But usually is 3 months. Management will be depends on your manager,Positive,0.5938668847084045,Manual Review,Positive
303,139,maybank,review_body_text,4,But usually is 3 months.,A lot people that you can meet. Salary is quite ok but not too fancy. Bonus can be down to 2 months. But usually is 3 months. Management will be depends on your manager,Positive,0.41628777980804443,Manual Review,Positive
303,139,maybank,review_body_text,5,Management will be depends on your manager,A lot people that you can meet. Salary is quite ok but not too fancy. Bonus can be down to 2 months. But usually is 3 months. Management will be depends on your manager,Positive,0.547523021697998,Manual Review,Positive
304,140,United Overseas Bank,review_title,1,Worst management,Worst management,Negative,0.9787222146987915,Accepted,Negative
305,140,United Overseas Bank,review_body_text,1,Bad management and worst banking system i had ever work for.,"Bad management and worst banking system i had ever work for. The lunch break is on 45 minutes, short break applicable only 15 minutes, the management syok sendiri!",Negative,0.9880549907684326,Accepted,Negative
305,140,United Overseas Bank,review_body_text,2,"The lunch break is on 45 minutes, short break applicable only 15 minutes, the management syok sendiri!","Bad management and worst banking system i had ever work for. The lunch break is on 45 minutes, short break applicable only 15 minutes, the management syok sendiri!",Negative,0.6065605878829956,Manual Review,Negative
306,140,United Overseas Bank,pros_text,1,Unlimited medical coverage,Unlimited medical coverage,Positive,0.8628684878349304,Accepted,Positive
307,140,United Overseas Bank,cons_text,1,"Short break, management suck","Short break, management suck",Negative,0.9700952768325806,Accepted,Negative
308,141,Public-Bank-Berhad,review_title,1,Bad corporate culture with good benefits,Bad corporate culture with good benefits,Negative,0.886237621307373,Accepted,Negative
309,141,Public-Bank-Berhad,review_body_text,1,Last time staff needed to perform for annual dinners if selected.,Last time staff needed to perform for annual dinners if selected. No option for you to reject. I heard it is different now but despised the cult-like annual dinners. Good thing are the benefits like AL and bonus.,Negative,0.5445124506950378,Manual Review,Negative
309,141,Public-Bank-Berhad,review_body_text,2,No option for you to reject.,Last time staff needed to perform for annual dinners if selected. No option for you to reject. I heard it is different now but despised the cult-like annual dinners. Good thing are the benefits like AL and bonus.,Positive,0.49720802903175354,Manual Review,Positive
309,141,Public-Bank-Berhad,review_body_text,3,I heard it is different now but despised the cult-like annual dinners.,Last time staff needed to perform for annual dinners if selected. No option for you to reject. I heard it is different now but despised the cult-like annual dinners. Good thing are the benefits like AL and bonus.,Negative,0.9208633303642273,Accepted,Negative
309,141,Public-Bank-Berhad,review_body_text,4,Good thing are the benefits like AL and bonus.,Last time staff needed to perform for annual dinners if selected. No option for you to reject. I heard it is different now but despised the cult-like annual dinners. Good thing are the benefits like AL and bonus.,Positive,0.9529919028282166,Accepted,Positive
310,142,Cimb-Group,review_title,1,Challenging enviroment,Challenging enviroment,Negative,0.9350842237472534,Accepted,Negative
311,142,Cimb-Group,review_body_text,1,High turnover rate and role was not as described.,High turnover rate and role was not as described. Ended up working 12 hours most days and weekends too. Benefits were below average. But bonus is pretty good. around 6 months,Negative,0.9503865242004395,Accepted,Negative
311,142,Cimb-Group,review_body_text,2,Ended up working 12 hours most days and weekends too.,High turnover rate and role was not as described. Ended up working 12 hours most days and weekends too. Benefits were below average. But bonus is pretty good. around 6 months,Negative,0.8890032172203064,Accepted,Negative
311,142,Cimb-Group,review_body_text,3,Benefits were below average.,High turnover rate and role was not as described. Ended up working 12 hours most days and weekends too. Benefits were below average. But bonus is pretty good. around 6 months,Negative,0.8486295938491821,Accepted,Negative
311,142,Cimb-Group,review_body_text,4,But bonus is pretty good.,High turnover rate and role was not as described. Ended up working 12 hours most days and weekends too. Benefits were below average. But bonus is pretty good. around 6 months,Positive,0.8503004312515259,Accepted,Positive
311,142,Cimb-Group,review_body_text,5,around 6 months,High turnover rate and role was not as described. Ended up working 12 hours most days and weekends too. Benefits were below average. But bonus is pretty good. around 6 months,Positive,0.41571494936943054,Manual Review,Positive
312,143,Public-Bank-Berhad,review_title,1,"KPI too high, but benefit all great","KPI too high, but benefit all great",Positive,0.90364670753479,Accepted,Positive
313,143,Public-Bank-Berhad,review_body_text,1,"Branch environment is good, got to know and work together with new people.","Branch environment is good, got to know and work together with new people. Benefit and salary also good, but the kpi is too high for even for staff thats in under probation.",Positive,0.945817768573761,Accepted,Positive
313,143,Public-Bank-Berhad,review_body_text,2,"Benefit and salary also good, but the kpi is too high for even for staff thats in under probation.","Branch environment is good, got to know and work together with new people. Benefit and salary also good, but the kpi is too high for even for staff thats in under probation.",Positive,0.5448821783065796,Manual Review,Positive
314,144,RHB Bank Berhad,review_title,1,Amazing Place To Work,Amazing Place To Work,Positive,0.9931603074073792,Accepted,Positive
315,144,RHB Bank Berhad,review_body_text,1,A typical work place with great colleagues and manager in guiding the work flow.,A typical work place with great colleagues and manager in guiding the work flow. Salary was on par on the position applied. Benefits were great for big company.,Positive,0.9594534039497375,Accepted,Positive
315,144,RHB Bank Berhad,review_body_text,2,Salary was on par on the position applied.,A typical work place with great colleagues and manager in guiding the work flow. Salary was on par on the position applied. Benefits were great for big company.,Positive,0.6528620719909668,Manual Review,Positive
315,144,RHB Bank Berhad,review_body_text,3,Benefits were great for big company.,A typical work place with great colleagues and manager in guiding the work flow. Salary was on par on the position applied. Benefits were great for big company.,Positive,0.9538275599479675,Accepted,Positive
316,145,maybank,review_title,1,ok to work,ok to work,Positive,0.7115671634674072,Manual Review,Positive
317,145,maybank,review_body_text,1,the working enviroment depends on the department.,the working enviroment depends on the department. Good paying company and work life balance. the work is stress and if u can handle then you can work here,Positive,0.5416246056556702,Manual Review,Positive
317,145,maybank,review_body_text,2,Good paying company and work life balance.,the working enviroment depends on the department. Good paying company and work life balance. the work is stress and if u can handle then you can work here,Positive,0.9761252403259277,Accepted,Positive
317,145,maybank,review_body_text,3,the work is stress and if u can handle then you can work here,the working enviroment depends on the department. Good paying company and work life balance. the work is stress and if u can handle then you can work here,Negative,0.4961337149143219,Manual Review,Negative
318,146,Public-Bank-Berhad,review_title,1,No worklife balance,No worklife balance,Negative,0.960122287273407,Accepted,Negative
319,146,Public-Bank-Berhad,review_body_text,1,"No worklife balance, prepare to work overtime without extra pay.","No worklife balance, prepare to work overtime without extra pay. Management is toxic, they do not care about your concerns. It was a very bad experience.",Negative,0.9946850538253784,Accepted,Negative
319,146,Public-Bank-Berhad,review_body_text,2,"Management is toxic, they do not care about your concerns.","No worklife balance, prepare to work overtime without extra pay. Management is toxic, they do not care about your concerns. It was a very bad experience.",Negative,0.9741000533103943,Accepted,Negative
319,146,Public-Bank-Berhad,review_body_text,3,It was a very bad experience.,"No worklife balance, prepare to work overtime without extra pay. Management is toxic, they do not care about your concerns. It was a very bad experience.",Negative,0.9886891841888428,Accepted,Negative
320,147,maybank,review_title,1,Fun and new experience.,Fun and new experience. Fresh,Positive,0.8919066190719604,Accepted,Positive
321,147,maybank,review_body_text,1,The best experience ever.,The best experience ever. Learnt a lot of new stuff and get a lot of help from higher ups regarding the work scope. Easy to apply. Able to learn about market,Positive,0.9782419204711914,Accepted,Positive
321,147,maybank,review_body_text,2,Learnt a lot of new stuff and get a lot of help from higher ups regarding the work scope.,The best experience ever. Learnt a lot of new stuff and get a lot of help from higher ups regarding the work scope. Easy to apply. Able to learn about market,Positive,0.9721028208732605,Accepted,Positive
321,147,maybank,review_body_text,3,Easy to apply.,The best experience ever. Learnt a lot of new stuff and get a lot of help from higher ups regarding the work scope. Easy to apply. Able to learn about market,Positive,0.7259419560432434,Manual Review,Positive
321,147,maybank,review_body_text,4,Able to learn about market,The best experience ever. Learnt a lot of new stuff and get a lot of help from higher ups regarding the work scope. Easy to apply. Able to learn about market,Positive,0.8810461759567261,Accepted,Positive
322,148,bank islam,review_title,1,Best colleagues but bad upper management,Best colleagues but bad upper management,Negative,0.530877411365509,Manual Review,Negative
323,148,bank islam,review_body_text,1,"Day to day work very easy, but need to be careful due to working with money after all.","Day to day work very easy, but need to be careful due to working with money after all. Bosses not supportive at all and keep pressure us without listen to our opinions.",Positive,0.8236901760101318,Accepted,Positive
323,148,bank islam,review_body_text,2,Bosses not supportive at all and keep pressure us without listen to our opinions.,"Day to day work very easy, but need to be careful due to working with money after all. Bosses not supportive at all and keep pressure us without listen to our opinions.",Negative,0.9840916991233826,Accepted,Negative
324,149,HSBC,review_title,1,Fast Pace,Fast Pace,Positive,0.8166288137435913,Accepted,Positive
325,149,HSBC,review_body_text,1,"Its a fast pace environment, we start to move in sale’s instead of solely giving service and it become challenging to reaching target every month.","Its a fast pace environment, we start to move in sale’s instead of solely giving service and it become challenging to reaching target every month. It depands on the team you in. If you love to give service the job will be fun and enjoyable. No much time to have a talk with colleague due to call que most of the time.",Negative,0.9546655416488647,Accepted,Negative
325,149,HSBC,review_body_text,2,It depands on the team you in.,"Its a fast pace environment, we start to move in sale’s instead of solely giving service and it become challenging to reaching target every month. It depands on the team you in. If you love to give service the job will be fun and enjoyable. No much time to have a talk with colleague due to call que most of the time.",Positive,0.5908109545707703,Manual Review,Positive
325,149,HSBC,review_body_text,3,If you love to give service the job will be fun and enjoyable.,"Its a fast pace environment, we start to move in sale’s instead of solely giving service and it become challenging to reaching target every month. It depands on the team you in. If you love to give service the job will be fun and enjoyable. No much time to have a talk with colleague due to call que most of the time.",Positive,0.9773123264312744,Accepted,Positive
325,149,HSBC,review_body_text,4,No much time to have a talk with colleague due to call que most of the time.,"Its a fast pace environment, we start to move in sale’s instead of solely giving service and it become challenging to reaching target every month. It depands on the team you in. If you love to give service the job will be fun and enjoyable. No much time to have a talk with colleague due to call que most of the time.",Negative,0.8720720410346985,Accepted,Negative
326,150,RHB Bank Berhad,review_title,1,Engaging and Challenging,Engaging and Challenging,Positive,0.8126426339149475,Accepted,Positive
327,150,RHB Bank Berhad,review_body_text,1,"With thorough guidance and resilient, every job made possible.","With thorough guidance and resilient, every job made possible. The culture can be improved with good leader and cooperation. Initiatives for better working environment should be implimented.",Positive,0.9703966379165649,Accepted,Positive
327,150,RHB Bank Berhad,review_body_text,2,The culture can be improved with good leader and cooperation.,"With thorough guidance and resilient, every job made possible. The culture can be improved with good leader and cooperation. Initiatives for better working environment should be implimented.",Positive,0.7618957161903381,Accepted,Positive
327,150,RHB Bank Berhad,review_body_text,3,Initiatives for better working environment should be implimented.,"With thorough guidance and resilient, every job made possible. The culture can be improved with good leader and cooperation. Initiatives for better working environment should be implimented.",Positive,0.7542540431022644,Accepted,Positive
328,151,United Overseas Bank,review_title,1,Overall ok,Overall ok,Positive,0.6023092269897461,Manual Review,Positive
329,151,United Overseas Bank,review_body_text,1,'- can be very stress if you can't hit the sales target,'- can be very stress if you can't hit the sales target - usually will stay until 7pm ++ to do cold calling - need to attend branch morning briefing every day - company willing to provide training to staffs to help us to development softskills - salary at average & quite many campaigns for staff to earn commision,Negative,0.969903826713562,Accepted,Negative
329,151,United Overseas Bank,review_body_text,2,usually will stay until 7pm ++ to do cold calling,'- can be very stress if you can't hit the sales target - usually will stay until 7pm ++ to do cold calling - need to attend branch morning briefing every day - company willing to provide training to staffs to help us to development softskills - salary at average & quite many campaigns for staff to earn commision,Negative,0.49768948554992676,Manual Review,Negative
329,151,United Overseas Bank,review_body_text,3,need to attend branch morning briefing every day,'- can be very stress if you can't hit the sales target - usually will stay until 7pm ++ to do cold calling - need to attend branch morning briefing every day - company willing to provide training to staffs to help us to development softskills - salary at average & quite many campaigns for staff to earn commision,Negative,0.5398106575012207,Manual Review,Negative
329,151,United Overseas Bank,review_body_text,4,company willing to provide training to staffs to help us to development softskills,'- can be very stress if you can't hit the sales target - usually will stay until 7pm ++ to do cold calling - need to attend branch morning briefing every day - company willing to provide training to staffs to help us to development softskills - salary at average & quite many campaigns for staff to earn commision,Positive,0.8714536428451538,Accepted,Positive
329,151,United Overseas Bank,review_body_text,5,salary at average & quite many campaigns for staff to earn commision,'- can be very stress if you can't hit the sales target - usually will stay until 7pm ++ to do cold calling - need to attend branch morning briefing every day - company willing to provide training to staffs to help us to development softskills - salary at average & quite many campaigns for staff to earn commision,Positive,0.43877923488616943,Manual Review,Positive
330,152,Public-Bank-Berhad,review_title,1,good salary,good salary,Positive,0.9475201964378357,Accepted,Positive
331,152,Public-Bank-Berhad,review_body_text,1,pb has a lot of benefits.,"pb has a lot of benefits. good for fresh grad that wants to pursue career in financial sector. you'll learn more about it here at pb, staff are friendly",Positive,0.9496265053749084,Accepted,Positive
331,152,Public-Bank-Berhad,review_body_text,2,good for fresh grad that wants to pursue career in financial sector.,"pb has a lot of benefits. good for fresh grad that wants to pursue career in financial sector. you'll learn more about it here at pb, staff are friendly",Positive,0.9834192395210266,Accepted,Positive
331,152,Public-Bank-Berhad,review_body_text,3,"you'll learn more about it here at pb, staff are friendly","pb has a lot of benefits. good for fresh grad that wants to pursue career in financial sector. you'll learn more about it here at pb, staff are friendly",Positive,0.9506814479827881,Accepted,Positive
332,153,bank islam,review_title,1,Fun workplace,Fun workplace,Positive,0.9309774041175842,Accepted,Positive
333,153,bank islam,review_body_text,1,Learning Experience: Gain a deep understanding of Islamic finance principles and practices.,"Learning Experience: Gain a deep understanding of Islamic finance principles and practices. Professional Development: Opportunities for skill-building through workshops and mentorship. Networking: Connect with professionals in the banking industry, which can be beneficial for future career opportunities.",Positive,0.7479379177093506,Manual Review,Positive
333,153,bank islam,review_body_text,2,Professional Development: Opportunities for skill-building through workshops and mentorship.,"Learning Experience: Gain a deep understanding of Islamic finance principles and practices. Professional Development: Opportunities for skill-building through workshops and mentorship. Networking: Connect with professionals in the banking industry, which can be beneficial for future career opportunities.",Positive,0.8971669673919678,Accepted,Positive
333,153,bank islam,review_body_text,3,"Networking: Connect with professionals in the banking industry, which can be beneficial for future career opportunities.","Learning Experience: Gain a deep understanding of Islamic finance principles and practices. Professional Development: Opportunities for skill-building through workshops and mentorship. Networking: Connect with professionals in the banking industry, which can be beneficial for future career opportunities.",Positive,0.8203599452972412,Accepted,Positive
334,154,HSBC,review_title,1,Great networking but bad management,Great networking but bad management,Negative,0.8299413919448853,Accepted,Negative
335,154,HSBC,review_body_text,1,Great networking but bad management.,Great networking but bad management. Chnage the commisioning structure without prior notice. Pushes us to the limit but suddenly change the comissioning structure,Negative,0.8503586649894714,Accepted,Negative
335,154,HSBC,review_body_text,2,Chnage the commisioning structure without prior notice.,Great networking but bad management. Chnage the commisioning structure without prior notice. Pushes us to the limit but suddenly change the comissioning structure,Negative,0.6752476692199707,Manual Review,Negative
335,154,HSBC,review_body_text,3,Pushes us to the limit but suddenly change the comissioning structure,Great networking but bad management. Chnage the commisioning structure without prior notice. Pushes us to the limit but suddenly change the comissioning structure,Negative,0.8054629564285278,Accepted,Negative
337,155,United Overseas Bank,review_body_text,1,"Corporate style with multiple hierarchy, you get to survive if you have a strong mentality to cope stress.","Corporate style with multiple hierarchy, you get to survive if you have a strong mentality to cope stress. Stability is there just that need to work hard and sometimes luck.",Negative,0.5369554162025452,Manual Review,Negative
337,155,United Overseas Bank,review_body_text,2,Stability is there just that need to work hard and sometimes luck.,"Corporate style with multiple hierarchy, you get to survive if you have a strong mentality to cope stress. Stability is there just that need to work hard and sometimes luck.",Positive,0.6652886867523193,Manual Review,Positive
338,156,United Overseas Bank,review_title,1,Good environment,Good environment,Positive,0.8360509872436523,Accepted,Positive
339,156,United Overseas Bank,review_body_text,1,Most people here are around your age so you’ll definitely be able to get along with everyone there.,"Most people here are around your age so you’ll definitely be able to get along with everyone there. High salary, especially for fresh graduates who intend to work here",Positive,0.9434127807617188,Accepted,Positive
339,156,United Overseas Bank,review_body_text,2,"High salary, especially for fresh graduates who intend to work here","Most people here are around your age so you’ll definitely be able to get along with everyone there. High salary, especially for fresh graduates who intend to work here",Positive,0.9563071727752686,Accepted,Positive
340,157,Bank-Rakyat,review_title,1,Fun and supportive workplace,Fun and supportive workplace,Positive,0.9622700214385986,Accepted,Positive
341,157,Bank-Rakyat,review_body_text,1,"During my internship at Bank Rakyat, I had the opportunity to gain practical experience in one of Malaysia's leading cooperative banks.","During my internship at Bank Rakyat, I had the opportunity to gain practical experience in one of Malaysia's leading cooperative banks. I was involved in various aspects of banking operations, such as customer service, handling financial products, and administrative support. This experience allowed me to enhance my communication, teamwork, and problem-solving skills while learning from experienced professionals. It provided me with valuable insights into the cooperative banking sector and contributed significantly to my personal and professional development.",Positive,0.8422228693962097,Accepted,Positive
341,157,Bank-Rakyat,review_body_text,2,"I was involved in various aspects of banking operations, such as customer service, handling financial products, and administrative support.","During my internship at Bank Rakyat, I had the opportunity to gain practical experience in one of Malaysia's leading cooperative banks. I was involved in various aspects of banking operations, such as customer service, handling financial products, and administrative support. This experience allowed me to enhance my communication, teamwork, and problem-solving skills while learning from experienced professionals. It provided me with valuable insights into the cooperative banking sector and contributed significantly to my personal and professional development.",Positive,0.45762571692466736,Manual Review,Positive
341,157,Bank-Rakyat,review_body_text,3,"This experience allowed me to enhance my communication, teamwork, and problem-solving skills while learning from experienced professionals.","During my internship at Bank Rakyat, I had the opportunity to gain practical experience in one of Malaysia's leading cooperative banks. I was involved in various aspects of banking operations, such as customer service, handling financial products, and administrative support. This experience allowed me to enhance my communication, teamwork, and problem-solving skills while learning from experienced professionals. It provided me with valuable insights into the cooperative banking sector and contributed significantly to my personal and professional development.",Positive,0.955626904964447,Accepted,Positive
341,157,Bank-Rakyat,review_body_text,4,It provided me with valuable insights into the cooperative banking sector and contributed significantly to my personal and professional development.,"During my internship at Bank Rakyat, I had the opportunity to gain practical experience in one of Malaysia's leading cooperative banks. I was involved in various aspects of banking operations, such as customer service, handling financial products, and administrative support. This experience allowed me to enhance my communication, teamwork, and problem-solving skills while learning from experienced professionals. It provided me with valuable insights into the cooperative banking sector and contributed significantly to my personal and professional development.",Positive,0.9690893292427063,Accepted,Positive
342,158,HSBC,review_title,1,Fun workplace and good colleagues,Fun workplace and good colleagues,Positive,0.9591245055198669,Accepted,Positive
343,158,HSBC,review_body_text,1,Busy and stressful sometimes but got good colleagues that can help from time to time.,Busy and stressful sometimes but got good colleagues that can help from time to time. I learned a lot from here as we need to work as a team to ensure to move forward and excel together,Positive,0.568967878818512,Manual Review,Positive
343,158,HSBC,review_body_text,2,I learned a lot from here as we need to work as a team to ensure to move forward and excel together,Busy and stressful sometimes but got good colleagues that can help from time to time. I learned a lot from here as we need to work as a team to ensure to move forward and excel together,Positive,0.8848934173583984,Accepted,Positive
344,159,RHB Bank Berhad,review_title,1,a good start for fresh grad who are willing to work under stress,a good start for fresh grad who are willing to work under stress,Positive,0.9849558472633362,Accepted,Positive
345,159,RHB Bank Berhad,review_body_text,1,work under minimal supervision as long as you are able to hit the KPI set by the management good manager and supervisor makes my work easier as they are willing to help me seek for approval with cases that require higher up to issue,work under minimal supervision as long as you are able to hit the KPI set by the management good manager and supervisor makes my work easier as they are willing to help me seek for approval with cases that require higher up to issue,Positive,0.9824265837669373,Accepted,Positive
346,160,bank islam,review_title,1,workplace culture,workplace culture,Positive,0.8602333068847656,Accepted,Positive
347,160,bank islam,review_body_text,1,"as we all grew older, the first impression of ourselves is important when dealing with our client.","as we all grew older, the first impression of ourselves is important when dealing with our client. but somehow i found some of workers loves to overdressed and indifference dress etiquette, also give a bad impression to the company.",Negative,0.44589611887931824,Manual Review,Negative
347,160,bank islam,review_body_text,2,"but somehow i found some of workers loves to overdressed and indifference dress etiquette, also give a bad impression to the company.","as we all grew older, the first impression of ourselves is important when dealing with our client. but somehow i found some of workers loves to overdressed and indifference dress etiquette, also give a bad impression to the company.",Negative,0.9709140062332153,Accepted,Negative
348,161,Public-Bank-Berhad,review_title,1,Great benefit but no work life balance,Great benefit but no work life balance,Negative,0.7958669662475586,Accepted,Negative
349,161,Public-Bank-Berhad,review_body_text,1,"Cannot go back on time, a lot of manual work and unnecessary things.","Cannot go back on time, a lot of manual work and unnecessary things. Great benefits such as annual leave, medical benefit. Should focus on tech such as fill up form online instead of using paper",Negative,0.9783108830451965,Accepted,Negative
349,161,Public-Bank-Berhad,review_body_text,2,"Great benefits such as annual leave, medical benefit.","Cannot go back on time, a lot of manual work and unnecessary things. Great benefits such as annual leave, medical benefit. Should focus on tech such as fill up form online instead of using paper",Positive,0.9704681634902954,Accepted,Positive
349,161,Public-Bank-Berhad,review_body_text,3,Should focus on tech such as fill up form online instead of using paper,"Cannot go back on time, a lot of manual work and unnecessary things. Great benefits such as annual leave, medical benefit. Should focus on tech such as fill up form online instead of using paper",Negative,0.9117867946624756,Accepted,Negative
350,162,RHB Bank Berhad,review_title,1,Soso only,Soso only,Negative,0.5524479150772095,Manual Review,Negative
351,162,RHB Bank Berhad,review_body_text,1,What is the best part of working at the company?,"What is the best part of working at the company? Among colleagues ok, management not good What is the most stressful part about working at the company? HQ management and HQ support not enough What is the work environment and culture like at the company? Working environment ok, culture not so good",Positive,0.8981525897979736,Accepted,Positive
351,162,RHB Bank Berhad,review_body_text,2,"Among colleagues ok, management not good What is the most stressful part about working at the company?","What is the best part of working at the company? Among colleagues ok, management not good What is the most stressful part about working at the company? HQ management and HQ support not enough What is the work environment and culture like at the company? Working environment ok, culture not so good",Negative,0.9210913181304932,Accepted,Negative
351,162,RHB Bank Berhad,review_body_text,3,HQ management and HQ support not enough What is the work environment and culture like at the company?,"What is the best part of working at the company? Among colleagues ok, management not good What is the most stressful part about working at the company? HQ management and HQ support not enough What is the work environment and culture like at the company? Working environment ok, culture not so good",Negative,0.8893967866897583,Accepted,Negative
351,162,RHB Bank Berhad,review_body_text,4,"Working environment ok, culture not so good","What is the best part of working at the company? Among colleagues ok, management not good What is the most stressful part about working at the company? HQ management and HQ support not enough What is the work environment and culture like at the company? Working environment ok, culture not so good",Negative,0.7429578900337219,Manual Review,Negative
352,163,Cimb-Group,review_title,1,Fun mix stress,Fun mix stress,Positive,0.358623743057251,Manual Review,Positive
353,163,Cimb-Group,review_body_text,1,Mon - Fri Friendly environment but the workload will be more than expected due to manpower shortages.,Mon - Fri Friendly environment but the workload will be more than expected due to manpower shortages. The hardest part will working hours after office hours and will always stayed late,Positive,0.5995931029319763,Manual Review,Positive
353,163,Cimb-Group,review_body_text,2,The hardest part will working hours after office hours and will always stayed late,Mon - Fri Friendly environment but the workload will be more than expected due to manpower shortages. The hardest part will working hours after office hours and will always stayed late,Negative,0.9736416339874268,Accepted,Negative
354,164,Public-Bank-Berhad,review_title,1,Great Start but no wlb,Great Start but no wlb,Negative,0.36033347249031067,Manual Review,Negative
355,164,Public-Bank-Berhad,review_body_text,1,A good starting point for fresh graduate to start their career.,"A good starting point for fresh graduate to start their career. The starting salary is quite good. However, the manangement keeps pushing figure which could make people feel stressful and also almost ot everyday.",Positive,0.971788763999939,Accepted,Positive
355,164,Public-Bank-Berhad,review_body_text,2,The starting salary is quite good.,"A good starting point for fresh graduate to start their career. The starting salary is quite good. However, the manangement keeps pushing figure which could make people feel stressful and also almost ot everyday.",Positive,0.953557014465332,Accepted,Positive
355,164,Public-Bank-Berhad,review_body_text,3,"However, the manangement keeps pushing figure which could make people feel stressful and also almost ot everyday.","A good starting point for fresh graduate to start their career. The starting salary is quite good. However, the manangement keeps pushing figure which could make people feel stressful and also almost ot everyday.",Negative,0.9525761604309082,Accepted,Negative
357,165,Cimb-Group,review_body_text,1,Benefit: - Medical for self & family.,Benefit: - Medical for self & family. Free hospitalisation. - Good friendship What you learned: - Good Communication The Hardest Part: - KPI & Do sales since slow walk in at the branch,Positive,0.8777939677238464,Accepted,Positive
357,165,Cimb-Group,review_body_text,2,Free hospitalisation.,Benefit: - Medical for self & family. Free hospitalisation. - Good friendship What you learned: - Good Communication The Hardest Part: - KPI & Do sales since slow walk in at the branch,Positive,0.5448625683784485,Manual Review,Positive
357,165,Cimb-Group,review_body_text,3,Good friendship,Benefit: - Medical for self & family. Free hospitalisation. - Good friendship What you learned: - Good Communication The Hardest Part: - KPI & Do sales since slow walk in at the branch,Positive,0.8618098497390747,Accepted,Positive
357,165,Cimb-Group,review_body_text,4,What you learned: - Good Communication,Benefit: - Medical for self & family. Free hospitalisation. - Good friendship What you learned: - Good Communication The Hardest Part: - KPI & Do sales since slow walk in at the branch,Positive,0.9337327480316162,Accepted,Positive
357,165,Cimb-Group,review_body_text,5,The Hardest Part: - KPI & Do sales since slow walk in at the branch,Benefit: - Medical for self & family. Free hospitalisation. - Good friendship What you learned: - Good Communication The Hardest Part: - KPI & Do sales since slow walk in at the branch,Negative,0.9699947834014893,Accepted,Negative
358,166,HSBC,review_title,1,good place for newbies,good place for newbies,Positive,0.9352179765701294,Accepted,Positive
359,166,HSBC,review_body_text,1,goodplace for newbies.,goodplace for newbies. alot things can discover. depends on your luck if you team is positive or toxic. so far ive had good time with good manager. workload is always alot unless during low season,Positive,0.9282439947128296,Accepted,Positive
359,166,HSBC,review_body_text,2,alot things can discover.,goodplace for newbies. alot things can discover. depends on your luck if you team is positive or toxic. so far ive had good time with good manager. workload is always alot unless during low season,Positive,0.5907607674598694,Manual Review,Positive
359,166,HSBC,review_body_text,3,depends on your luck if you team is positive or toxic.,goodplace for newbies. alot things can discover. depends on your luck if you team is positive or toxic. so far ive had good time with good manager. workload is always alot unless during low season,Positive,0.4775715172290802,Manual Review,Positive
359,166,HSBC,review_body_text,4,so far ive had good time with good manager.,goodplace for newbies. alot things can discover. depends on your luck if you team is positive or toxic. so far ive had good time with good manager. workload is always alot unless during low season,Positive,0.9504876136779785,Accepted,Positive
359,166,HSBC,review_body_text,5,workload is always alot unless during low season,goodplace for newbies. alot things can discover. depends on your luck if you team is positive or toxic. so far ive had good time with good manager. workload is always alot unless during low season,Negative,0.9412761330604553,Accepted,Negative
360,167,Public-Bank-Berhad,review_title,1,toxic environment,toxic environment,Negative,0.9864513874053955,Accepted,Negative
361,167,Public-Bank-Berhad,review_body_text,1,"if you like to work late at night without ot, getting scold with your senior, getting push by your colleges, unproper training given by your company, then this is the job your looking for.","if you like to work late at night without ot, getting scold with your senior, getting push by your colleges, unproper training given by your company, then this is the job your looking for.",Negative,0.9765758514404297,Accepted,Negative
362,168,RHB Bank Berhad,review_title,1,"Happy, productive and fun workplace","Happy, productive and fun workplace",Positive,0.9593220353126526,Accepted,Positive
363,168,RHB Bank Berhad,review_body_text,1,What is the best part of working at the company?,"What is the best part of working at the company? RHB take care of staffs and give good benefit What is the most stressful part about working at the company? Doing sales is the most stressful part What is the work environment and culture like at the company? RHB created happy and enjoy environment What is a typical day like for you at the company? At branch, meet customer and give best service to customer",Positive,0.8981525897979736,Accepted,Positive
363,168,RHB Bank Berhad,review_body_text,2,RHB take care of staffs and give good benefit What is the most stressful part about working at the company?,"What is the best part of working at the company? RHB take care of staffs and give good benefit What is the most stressful part about working at the company? Doing sales is the most stressful part What is the work environment and culture like at the company? RHB created happy and enjoy environment What is a typical day like for you at the company? At branch, meet customer and give best service to customer",Negative,0.7140129208564758,Manual Review,Negative
363,168,RHB Bank Berhad,review_body_text,3,Doing sales is the most stressful part What is the work environment and culture like at the company?,"What is the best part of working at the company? RHB take care of staffs and give good benefit What is the most stressful part about working at the company? Doing sales is the most stressful part What is the work environment and culture like at the company? RHB created happy and enjoy environment What is a typical day like for you at the company? At branch, meet customer and give best service to customer",Negative,0.9891247749328613,Accepted,Negative
363,168,RHB Bank Berhad,review_body_text,4,RHB created happy and enjoy environment What is a typical day like for you at the company?,"What is the best part of working at the company? RHB take care of staffs and give good benefit What is the most stressful part about working at the company? Doing sales is the most stressful part What is the work environment and culture like at the company? RHB created happy and enjoy environment What is a typical day like for you at the company? At branch, meet customer and give best service to customer",Positive,0.9758718013763428,Accepted,Positive
363,168,RHB Bank Berhad,review_body_text,5,"At branch, meet customer and give best service to customer","What is the best part of working at the company? RHB take care of staffs and give good benefit What is the most stressful part about working at the company? Doing sales is the most stressful part What is the work environment and culture like at the company? RHB created happy and enjoy environment What is a typical day like for you at the company? At branch, meet customer and give best service to customer",Positive,0.9509091973304749,Accepted,Positive
364,169,Public-Bank-Berhad,review_title,1,Fast paced and have to be independent,Fast paced and have to be independent,Positive,0.47898438572883606,Manual Review,Positive
365,169,Public-Bank-Berhad,review_body_text,1,"They'll teach you the basics, provided training and little knowledge.","They'll teach you the basics, provided training and little knowledge. You need to stand on your two feet and learn as you go. Once you get the hang of it, things might be easier but always watch out for your target (KPI)",Positive,0.6034125685691833,Manual Review,Positive
365,169,Public-Bank-Berhad,review_body_text,2,You need to stand on your two feet and learn as you go.,"They'll teach you the basics, provided training and little knowledge. You need to stand on your two feet and learn as you go. Once you get the hang of it, things might be easier but always watch out for your target (KPI)",Negative,0.6994848847389221,Manual Review,Negative
365,169,Public-Bank-Berhad,review_body_text,3,"Once you get the hang of it, things might be easier but always watch out for your target (KPI)","They'll teach you the basics, provided training and little knowledge. You need to stand on your two feet and learn as you go. Once you get the hang of it, things might be easier but always watch out for your target (KPI)",Positive,0.5477411150932312,Manual Review,Positive
366,170,HSBC,review_title,1,Good place and good job,Good place and good job,Positive,0.8870920538902283,Accepted,Positive
367,170,HSBC,review_body_text,1,Good commission and fun place to work Nice and understanding management Stressful when comes to sales.,Good commission and fun place to work Nice and understanding management Stressful when comes to sales. Stable job and good remuneration. Overall good sales,Positive,0.9059576392173767,Accepted,Positive
367,170,HSBC,review_body_text,2,Stable job and good remuneration.,Good commission and fun place to work Nice and understanding management Stressful when comes to sales. Stable job and good remuneration. Overall good sales,Positive,0.9642734527587891,Accepted,Positive
367,170,HSBC,review_body_text,3,Overall good sales,Good commission and fun place to work Nice and understanding management Stressful when comes to sales. Stable job and good remuneration. Overall good sales,Positive,0.8738111853599548,Accepted,Positive
368,171,Public-Bank-Berhad,review_title,1,Busy but supportive work environment,Busy but supportive work environment,Positive,0.9144734144210815,Accepted,Positive
369,171,Public-Bank-Berhad,review_body_text,1,A day in the Bank can be busy depending on the the day or the weekend.,A day in the Bank can be busy depending on the the day or the weekend. The week before any celebrations can be busy . Supportive colleagues around to show and guide how the job is done .,Positive,0.6815400123596191,Manual Review,Positive
369,171,Public-Bank-Berhad,review_body_text,2,The week before any celebrations can be busy .,A day in the Bank can be busy depending on the the day or the weekend. The week before any celebrations can be busy . Supportive colleagues around to show and guide how the job is done .,Negative,0.45824098587036133,Manual Review,Negative
369,171,Public-Bank-Berhad,review_body_text,3,Supportive colleagues around to show and guide how the job is done .,A day in the Bank can be busy depending on the the day or the weekend. The week before any celebrations can be busy . Supportive colleagues around to show and guide how the job is done .,Positive,0.9701500535011292,Accepted,Positive
370,172,maybank,review_title,1,"no good when things happened eg, customer complaint there is no 1 to help u & support u.","no good when things happened eg, customer complaint there is no 1 to help u & support u. the company only side customer",Negative,0.9494906067848206,Accepted,Negative
370,172,maybank,review_title,2,the company only side customer,"no good when things happened eg, customer complaint there is no 1 to help u & support u. the company only side customer",Neutral,0.4134967029094696,Manual Review,Neutral
371,172,maybank,review_body_text,1,"no good when things happened eg, customer complaint there is no one to help u & support u.","no good when things happened eg, customer complaint there is no one to help u & support u. the company only side customer as they sacred in trouble",Negative,0.9528513550758362,Accepted,Negative
371,172,maybank,review_body_text,2,the company only side customer as they sacred in trouble,"no good when things happened eg, customer complaint there is no one to help u & support u. the company only side customer as they sacred in trouble",Negative,0.863122284412384,Accepted,Negative
373,172,maybank,cons_text,1,no one hlp when things happened,no one hlp when things happened,Negative,0.6057996153831482,Manual Review,Negative
374,173,Public-Bank-Berhad,review_title,1,Humanity and harmony environment,Humanity and harmony environment,Positive,0.774803102016449,Accepted,Positive
375,173,Public-Bank-Berhad,review_body_text,1,What is the best part of working at the company?,"What is the best part of working at the company? Good employee benefit. Performance bonus , commission scheme for sales staff , retirement benefits for all officer level .EPF benefits. What is the most stressful part about working at the company? For sales for sure is sales target.the only things is difficult to get reffaller for small branches What is the work environment and culture like at the company? Good and friendly staff , senior staff more helpful What is a typical day like for you at the company? When MCO take is the typical time for me",Positive,0.8981525897979736,Accepted,Positive
375,173,Public-Bank-Berhad,review_body_text,2,Good employee benefit.,"What is the best part of working at the company? Good employee benefit. Performance bonus , commission scheme for sales staff , retirement benefits for all officer level .EPF benefits. What is the most stressful part about working at the company? For sales for sure is sales target.the only things is difficult to get reffaller for small branches What is the work environment and culture like at the company? Good and friendly staff , senior staff more helpful What is a typical day like for you at the company? When MCO take is the typical time for me",Positive,0.9679664969444275,Accepted,Positive
375,173,Public-Bank-Berhad,review_body_text,3,"Performance bonus , commission scheme for sales staff , retirement benefits for all officer level .","What is the best part of working at the company? Good employee benefit. Performance bonus , commission scheme for sales staff , retirement benefits for all officer level .EPF benefits. What is the most stressful part about working at the company? For sales for sure is sales target.the only things is difficult to get reffaller for small branches What is the work environment and culture like at the company? Good and friendly staff , senior staff more helpful What is a typical day like for you at the company? When MCO take is the typical time for me",Positive,0.9631391167640686,Accepted,Positive
375,173,Public-Bank-Berhad,review_body_text,4,EPF benefits.,"What is the best part of working at the company? Good employee benefit. Performance bonus , commission scheme for sales staff , retirement benefits for all officer level .EPF benefits. What is the most stressful part about working at the company? For sales for sure is sales target.the only things is difficult to get reffaller for small branches What is the work environment and culture like at the company? Good and friendly staff , senior staff more helpful What is a typical day like for you at the company? When MCO take is the typical time for me",Positive,0.7157571911811829,Manual Review,Positive
375,173,Public-Bank-Berhad,review_body_text,5,What is the most stressful part about working at the company?,"What is the best part of working at the company? Good employee benefit. Performance bonus , commission scheme for sales staff , retirement benefits for all officer level .EPF benefits. What is the most stressful part about working at the company? For sales for sure is sales target.the only things is difficult to get reffaller for small branches What is the work environment and culture like at the company? Good and friendly staff , senior staff more helpful What is a typical day like for you at the company? When MCO take is the typical time for me",Negative,0.9303421974182129,Accepted,Negative
375,173,Public-Bank-Berhad,review_body_text,6,For sales for sure is sales target.,"What is the best part of working at the company? Good employee benefit. Performance bonus , commission scheme for sales staff , retirement benefits for all officer level .EPF benefits. What is the most stressful part about working at the company? For sales for sure is sales target.the only things is difficult to get reffaller for small branches What is the work environment and culture like at the company? Good and friendly staff , senior staff more helpful What is a typical day like for you at the company? When MCO take is the typical time for me",Positive,0.8010217547416687,Accepted,Positive
375,173,Public-Bank-Berhad,review_body_text,7,the only things is difficult to get reffaller for small branches What is the work environment and culture like at the company?,"What is the best part of working at the company? Good employee benefit. Performance bonus , commission scheme for sales staff , retirement benefits for all officer level .EPF benefits. What is the most stressful part about working at the company? For sales for sure is sales target.the only things is difficult to get reffaller for small branches What is the work environment and culture like at the company? Good and friendly staff , senior staff more helpful What is a typical day like for you at the company? When MCO take is the typical time for me",Negative,0.5894245505332947,Manual Review,Negative
375,173,Public-Bank-Berhad,review_body_text,8,"Good and friendly staff , senior staff more helpful What is a typical day like for you at the company?","What is the best part of working at the company? Good employee benefit. Performance bonus , commission scheme for sales staff , retirement benefits for all officer level .EPF benefits. What is the most stressful part about working at the company? For sales for sure is sales target.the only things is difficult to get reffaller for small branches What is the work environment and culture like at the company? Good and friendly staff , senior staff more helpful What is a typical day like for you at the company? When MCO take is the typical time for me",Positive,0.9881352186203003,Accepted,Positive
375,173,Public-Bank-Berhad,review_body_text,9,When MCO take is the typical time for me,"What is the best part of working at the company? Good employee benefit. Performance bonus , commission scheme for sales staff , retirement benefits for all officer level .EPF benefits. What is the most stressful part about working at the company? For sales for sure is sales target.the only things is difficult to get reffaller for small branches What is the work environment and culture like at the company? Good and friendly staff , senior staff more helpful What is a typical day like for you at the company? When MCO take is the typical time for me",Positive,0.5559319257736206,Manual Review,Positive
376,174,RHB Bank Berhad,review_title,1,Good bonus,Good bonus,Positive,0.9363983869552612,Accepted,Positive
377,174,RHB Bank Berhad,review_body_text,1,Good bonus.,"Good bonus. Workload is manageable, although at times it can be quite heavy. Flexi working hours. Most colleagues are helpful and professional, although there will be some bad apples (which can be found in any company tbh)",Positive,0.9361312389373779,Accepted,Positive
377,174,RHB Bank Berhad,review_body_text,2,"Workload is manageable, although at times it can be quite heavy.","Good bonus. Workload is manageable, although at times it can be quite heavy. Flexi working hours. Most colleagues are helpful and professional, although there will be some bad apples (which can be found in any company tbh)",Positive,0.5269234776496887,Manual Review,Positive
377,174,RHB Bank Berhad,review_body_text,3,Flexi working hours.,"Good bonus. Workload is manageable, although at times it can be quite heavy. Flexi working hours. Most colleagues are helpful and professional, although there will be some bad apples (which can be found in any company tbh)",Positive,0.5499952435493469,Manual Review,Positive
377,174,RHB Bank Berhad,review_body_text,4,"Most colleagues are helpful and professional, although there will be some bad apples (which can be found in any company tbh)","Good bonus. Workload is manageable, although at times it can be quite heavy. Flexi working hours. Most colleagues are helpful and professional, although there will be some bad apples (which can be found in any company tbh)",Positive,0.46509355306625366,Manual Review,Positive
378,175,Ocbc,review_title,1,A good start for fresh graduate,A good start for fresh graduate,Positive,0.9634529948234558,Accepted,Positive
379,175,Ocbc,review_body_text,1,Colleagues were very helpful.,Colleagues were very helpful. Provide a lot of training to new joiner. Will be more compliance compare to other banks Management keeps chasing the target,Positive,0.9535647630691528,Accepted,Positive
379,175,Ocbc,review_body_text,2,Provide a lot of training to new joiner.,Colleagues were very helpful. Provide a lot of training to new joiner. Will be more compliance compare to other banks Management keeps chasing the target,Positive,0.5582253932952881,Manual Review,Positive
379,175,Ocbc,review_body_text,3,Will be more compliance compare to other banks Management keeps chasing the target,Colleagues were very helpful. Provide a lot of training to new joiner. Will be more compliance compare to other banks Management keeps chasing the target,Positive,0.4852968752384186,Manual Review,Positive
380,176,United Overseas Bank,review_title,1,Productive and good place to learn,Productive and good place to learn,Positive,0.9393755197525024,Accepted,Positive
381,176,United Overseas Bank,review_body_text,1,Good place and suitable for a starter or fresh graduate.,Good place and suitable for a starter or fresh graduate. Supportive colleagues as they always show the guidance towards the new employees. Able to learn a lot of valuable knowledges of how bank operations works on daily basis.,Positive,0.8556771278381348,Accepted,Positive
381,176,United Overseas Bank,review_body_text,2,Supportive colleagues as they always show the guidance towards the new employees.,Good place and suitable for a starter or fresh graduate. Supportive colleagues as they always show the guidance towards the new employees. Able to learn a lot of valuable knowledges of how bank operations works on daily basis.,Positive,0.9688111543655396,Accepted,Positive
381,176,United Overseas Bank,review_body_text,3,Able to learn a lot of valuable knowledges of how bank operations works on daily basis.,Good place and suitable for a starter or fresh graduate. Supportive colleagues as they always show the guidance towards the new employees. Able to learn a lot of valuable knowledges of how bank operations works on daily basis.,Positive,0.9463284611701965,Accepted,Positive
382,177,RHB Bank Berhad,review_title,1,"No work life balance, stressful and so much pressure","No work life balance, stressful and so much pressure",Negative,0.9946854114532471,Accepted,Negative
383,177,RHB Bank Berhad,review_body_text,1,The work environment were stressful and pressure.,The work environment were stressful and pressure. Forcefully have to OT on weekdays without paid! Need to work on Sunday 2 times per month so overall you just have 2 days of offday per month.,Negative,0.9840809106826782,Accepted,Negative
383,177,RHB Bank Berhad,review_body_text,2,Forcefully have to OT on weekdays without paid!,The work environment were stressful and pressure. Forcefully have to OT on weekdays without paid! Need to work on Sunday 2 times per month so overall you just have 2 days of offday per month.,Negative,0.9811009764671326,Accepted,Negative
383,177,RHB Bank Berhad,review_body_text,3,Need to work on Sunday 2 times per month so overall you just have 2 days of offday per month.,The work environment were stressful and pressure. Forcefully have to OT on weekdays without paid! Need to work on Sunday 2 times per month so overall you just have 2 days of offday per month.,Negative,0.5900479555130005,Manual Review,Negative
385,177,RHB Bank Berhad,cons_text,1,No work life balance,No work life balance,Negative,0.9647087454795837,Accepted,Negative
386,178,Cimb-Group,review_title,1,Productive and hectic,Productive and hectic,Positive,0.9406379461288452,Accepted,Positive
387,178,Cimb-Group,review_body_text,1,It can be hectic at one point but productive.,It can be hectic at one point but productive. Not many incentive for protege. Would love to see how would they expand and attract youngster into their company,Positive,0.8640598654747009,Accepted,Positive
387,178,Cimb-Group,review_body_text,2,Not many incentive for protege.,It can be hectic at one point but productive. Not many incentive for protege. Would love to see how would they expand and attract youngster into their company,Negative,0.831939697265625,Accepted,Negative
387,178,Cimb-Group,review_body_text,3,Would love to see how would they expand and attract youngster into their company,It can be hectic at one point but productive. Not many incentive for protege. Would love to see how would they expand and attract youngster into their company,Positive,0.7866007685661316,Accepted,Positive
388,179,Public-Bank-Berhad,review_title,1,Nothing good there,Nothing good there,Negative,0.9148013591766357,Accepted,Negative
389,179,Public-Bank-Berhad,review_body_text,1,"No work life balance, expected to work 13 hours everyday, high workload and marketing officer will keep pressuring you to meet their figure, supposed to work as a team but end up each of team member only work for their own target and goal, not recommend","No work life balance, expected to work 13 hours everyday, high workload and marketing officer will keep pressuring you to meet their figure, supposed to work as a team but end up each of team member only work for their own target and goal, not recommend",Negative,0.9933176636695862,Accepted,Negative
390,179,Public-Bank-Berhad,pros_text,1,Nothing good there,Nothing good there,Negative,0.9148013591766357,Accepted,Negative
391,179,Public-Bank-Berhad,cons_text,1,No work life balance,No work life balance,Negative,0.9647087454795837,Accepted,Negative
392,180,Bank-Rakyat,review_title,1,HR and HQ is OK but CURRENT Manager is TOXIC,HR and HQ is OK but CURRENT Manager is TOXIC,Negative,0.9488113522529602,Accepted,Negative
393,180,Bank-Rakyat,review_body_text,2,typical day at work is ok .,. typical day at work is ok . but current manager is toxic . I learn that my current manager only know how to talk . HR and HQ is ok but current manager is toxic . workplace culture not ok because senior behave like intern . the hardest part of the job is current manager is toxic . the most enjoyable part of the job is big bonus and medical expenses fully cover,Positive,0.7313788533210754,Manual Review,Positive
393,180,Bank-Rakyat,review_body_text,3,but current manager is toxic .,. typical day at work is ok . but current manager is toxic . I learn that my current manager only know how to talk . HR and HQ is ok but current manager is toxic . workplace culture not ok because senior behave like intern . the hardest part of the job is current manager is toxic . the most enjoyable part of the job is big bonus and medical expenses fully cover,Negative,0.991150975227356,Accepted,Negative
393,180,Bank-Rakyat,review_body_text,4,I learn that my current manager only know how to talk .,. typical day at work is ok . but current manager is toxic . I learn that my current manager only know how to talk . HR and HQ is ok but current manager is toxic . workplace culture not ok because senior behave like intern . the hardest part of the job is current manager is toxic . the most enjoyable part of the job is big bonus and medical expenses fully cover,Negative,0.9374306797981262,Accepted,Negative
393,180,Bank-Rakyat,review_body_text,5,HR and HQ is ok but current manager is toxic .,. typical day at work is ok . but current manager is toxic . I learn that my current manager only know how to talk . HR and HQ is ok but current manager is toxic . workplace culture not ok because senior behave like intern . the hardest part of the job is current manager is toxic . the most enjoyable part of the job is big bonus and medical expenses fully cover,Negative,0.9378394484519958,Accepted,Negative
393,180,Bank-Rakyat,review_body_text,6,workplace culture not ok because senior behave like intern .,. typical day at work is ok . but current manager is toxic . I learn that my current manager only know how to talk . HR and HQ is ok but current manager is toxic . workplace culture not ok because senior behave like intern . the hardest part of the job is current manager is toxic . the most enjoyable part of the job is big bonus and medical expenses fully cover,Negative,0.988124668598175,Accepted,Negative
393,180,Bank-Rakyat,review_body_text,7,the hardest part of the job is current manager is toxic .,. typical day at work is ok . but current manager is toxic . I learn that my current manager only know how to talk . HR and HQ is ok but current manager is toxic . workplace culture not ok because senior behave like intern . the hardest part of the job is current manager is toxic . the most enjoyable part of the job is big bonus and medical expenses fully cover,Negative,0.9931930899620056,Accepted,Negative
393,180,Bank-Rakyat,review_body_text,8,the most enjoyable part of the job is big bonus and medical expenses fully cover,. typical day at work is ok . but current manager is toxic . I learn that my current manager only know how to talk . HR and HQ is ok but current manager is toxic . workplace culture not ok because senior behave like intern . the hardest part of the job is current manager is toxic . the most enjoyable part of the job is big bonus and medical expenses fully cover,Positive,0.9720465540885925,Accepted,Positive
394,180,Bank-Rakyat,pros_text,1,big bonus,big bonus,Positive,0.9700457453727722,Accepted,Positive
395,180,Bank-Rakyat,cons_text,1,current manager is toxic,current manager is toxic,Negative,0.9846715927124023,Accepted,Negative
396,181,bank islam,review_title,1,Nice place to work,Nice place to work,Positive,0.9237613677978516,Accepted,Positive
397,181,bank islam,review_body_text,2,Great staff benefit.,Pro: -Great staff benefit. -Pleasant environment. -Good for fresh graduate as a learning centre Cons: -salary not balance -no benefits for staff working for so long -favoritism,Positive,0.9815352559089661,Accepted,Positive
397,181,bank islam,review_body_text,3,Pleasant environment.,Pro: -Great staff benefit. -Pleasant environment. -Good for fresh graduate as a learning centre Cons: -salary not balance -no benefits for staff working for so long -favoritism,Positive,0.7080281376838684,Manual Review,Positive
397,181,bank islam,review_body_text,4,Good for fresh graduate as a learning centre,Pro: -Great staff benefit. -Pleasant environment. -Good for fresh graduate as a learning centre Cons: -salary not balance -no benefits for staff working for so long -favoritism,Positive,0.9368360638618469,Accepted,Positive
397,181,bank islam,review_body_text,6,salary not balance,Pro: -Great staff benefit. -Pleasant environment. -Good for fresh graduate as a learning centre Cons: -salary not balance -no benefits for staff working for so long -favoritism,Negative,0.9390774369239807,Accepted,Negative
397,181,bank islam,review_body_text,7,no benefits for staff working for so long,Pro: -Great staff benefit. -Pleasant environment. -Good for fresh graduate as a learning centre Cons: -salary not balance -no benefits for staff working for so long -favoritism,Negative,0.9396122097969055,Accepted,Negative
398,182,United Overseas Bank,review_title,1,Stressful and Rigid,Stressful and Rigid,Negative,0.986009955406189,Accepted,Negative
399,182,United Overseas Bank,review_body_text,1,Stress and rigid working environment without system and computers upgrade.,"Stress and rigid working environment without system and computers upgrade. Software are outdated, payment system is slow and 90s era. Management level is rigid and has no one to one communication. This",Negative,0.9782924056053162,Accepted,Negative
399,182,United Overseas Bank,review_body_text,2,"Software are outdated, payment system is slow and 90s era.","Stress and rigid working environment without system and computers upgrade. Software are outdated, payment system is slow and 90s era. Management level is rigid and has no one to one communication. This",Negative,0.8824828863143921,Accepted,Negative
399,182,United Overseas Bank,review_body_text,3,Management level is rigid and has no one to one communication.,"Stress and rigid working environment without system and computers upgrade. Software are outdated, payment system is slow and 90s era. Management level is rigid and has no one to one communication. This",Negative,0.8936700820922852,Accepted,Negative
400,182,United Overseas Bank,pros_text,1,Friendly colleagues,Friendly colleagues,Positive,0.8169293999671936,Accepted,Positive
401,182,United Overseas Bank,cons_text,1,Long hours,Long hours,Negative,0.8781031966209412,Accepted,Negative
402,183,Public-Bank-Berhad,review_title,1,Helpful senior but seniority culture quite strong,Helpful senior but seniority culture quite strong,Positive,0.9696637988090515,Accepted,Positive
403,183,Public-Bank-Berhad,review_body_text,1,Pbb is good to learn various things.,"Pbb is good to learn various things. However, the workflow very messy & u gotta do everything & not specialised in something, which not align with my career goals. System very outdated & bad. Need to relief ppl a lot if u are from branch.",Positive,0.9331833124160767,Accepted,Positive
403,183,Public-Bank-Berhad,review_body_text,2,"However, the workflow very messy & u gotta do everything & not specialised in something, which not align with my career goals.","Pbb is good to learn various things. However, the workflow very messy & u gotta do everything & not specialised in something, which not align with my career goals. System very outdated & bad. Need to relief ppl a lot if u are from branch.",Negative,0.9778827428817749,Accepted,Negative
403,183,Public-Bank-Berhad,review_body_text,3,System very outdated & bad.,"Pbb is good to learn various things. However, the workflow very messy & u gotta do everything & not specialised in something, which not align with my career goals. System very outdated & bad. Need to relief ppl a lot if u are from branch.",Negative,0.942663311958313,Accepted,Negative
403,183,Public-Bank-Berhad,review_body_text,4,Need to relief ppl a lot if u are from branch.,"Pbb is good to learn various things. However, the workflow very messy & u gotta do everything & not specialised in something, which not align with my career goals. System very outdated & bad. Need to relief ppl a lot if u are from branch.",Negative,0.6991295218467712,Manual Review,Negative
404,184,maybank,review_title,1,Fun work place,Fun work place,Positive,0.9422239661216736,Accepted,Positive
405,184,maybank,review_body_text,1,Good environment and helpful colleagues.,Good environment and helpful colleagues. Gain a lot of benefits. Sometimes hard to dealing with customers. Overall it was a nice company to working with.,Positive,0.9329538941383362,Accepted,Positive
405,184,maybank,review_body_text,2,Gain a lot of benefits.,Good environment and helpful colleagues. Gain a lot of benefits. Sometimes hard to dealing with customers. Overall it was a nice company to working with.,Positive,0.9390695691108704,Accepted,Positive
405,184,maybank,review_body_text,3,Sometimes hard to dealing with customers.,Good environment and helpful colleagues. Gain a lot of benefits. Sometimes hard to dealing with customers. Overall it was a nice company to working with.,Negative,0.935036301612854,Accepted,Negative
405,184,maybank,review_body_text,4,Overall it was a nice company to working with.,Good environment and helpful colleagues. Gain a lot of benefits. Sometimes hard to dealing with customers. Overall it was a nice company to working with.,Positive,0.8448981046676636,Accepted,Positive
406,185,RHB Bank Berhad,review_title,1,"Agile title but with old mindset, spent too much customization on legacy system instead of determine to revamp it","Agile title but with old mindset, spent too much customization on legacy system instead of determine to revamp it",Negative,0.8899855017662048,Accepted,Negative
407,185,RHB Bank Berhad,review_body_text,1,"If want to explore, have to be mentally prepared with unnecessary approvals, overprocess of workflow for the sake of governance and fairly decaded legacy system that is counterproductive and isn't align with the latest development of technology(Datalake, Big Data, OCR, Robotic, AI, Chatgpt) .","If want to explore, have to be mentally prepared with unnecessary approvals, overprocess of workflow for the sake of governance and fairly decaded legacy system that is counterproductive and isn't align with the latest development of technology(Datalake, Big Data, OCR, Robotic, AI, Chatgpt) . Spent a lot of time for manual activities due to reluctant to invest a new system, continue waste money for customization on incompetent system which only safeguard vendor evergreen businesses.",Negative,0.8845409154891968,Accepted,Negative
407,185,RHB Bank Berhad,review_body_text,2,"Spent a lot of time for manual activities due to reluctant to invest a new system, continue waste money for customization on incompetent system which only safeguard vendor evergreen businesses.","If want to explore, have to be mentally prepared with unnecessary approvals, overprocess of workflow for the sake of governance and fairly decaded legacy system that is counterproductive and isn't align with the latest development of technology(Datalake, Big Data, OCR, Robotic, AI, Chatgpt) . Spent a lot of time for manual activities due to reluctant to invest a new system, continue waste money for customization on incompetent system which only safeguard vendor evergreen businesses.",Negative,0.9306619167327881,Accepted,Negative
408,185,RHB Bank Berhad,pros_text,1,"Discounted rate for company cafeteria, tentative work from home policy, learning programme","Discounted rate for company cafeteria, tentative work from home policy, learning programme",Positive,0.8013450503349304,Accepted,Positive
409,185,RHB Bank Berhad,cons_text,1,"People mindset, processes, legacy systems, pay and promotion","People mindset, processes, legacy systems, pay and promotion",Positive,0.5947067141532898,Manual Review,Positive
411,186,Cimb-Group,review_body_text,1,Position that I'm holding is very multitasking and need to carry to target as well .,Position that I'm holding is very multitasking and need to carry to target as well . For the benefits it's tip top . But for the target that we need to carry tgter with incentive scheme need to revise,Negative,0.4979998767375946,Manual Review,Negative
411,186,Cimb-Group,review_body_text,2,For the benefits it's tip top .,Position that I'm holding is very multitasking and need to carry to target as well . For the benefits it's tip top . But for the target that we need to carry tgter with incentive scheme need to revise,Positive,0.9815009832382202,Accepted,Positive
411,186,Cimb-Group,review_body_text,3,But for the target that we need to carry tgter with incentive scheme need to revise,Position that I'm holding is very multitasking and need to carry to target as well . For the benefits it's tip top . But for the target that we need to carry tgter with incentive scheme need to revise,Negative,0.7786460518836975,Accepted,Negative
412,187,Cimb-Group,review_title,1,Bad working culture at Finance and Risk division,Bad working culture at Finance and Risk division,Negative,0.9693814516067505,Accepted,Negative
413,187,Cimb-Group,review_body_text,1,very political culture.. some people do not want to work but want to get credit of other peoples' works.,"very political culture.. some people do not want to work but want to get credit of other peoples' works. However, staff benefits are generally better than other banks.",Negative,0.9622136950492859,Accepted,Negative
413,187,Cimb-Group,review_body_text,2,"However, staff benefits are generally better than other banks.","very political culture.. some people do not want to work but want to get credit of other peoples' works. However, staff benefits are generally better than other banks.",Positive,0.8636187314987183,Accepted,Positive
415,188,HSBC,review_body_text,1,the working there is quite tough for people who are passionate can work there.,the working there is quite tough for people who are passionate can work there. overall good in term of medical benefits. but usually management would keep,Negative,0.9638506770133972,Accepted,Negative
415,188,HSBC,review_body_text,2,overall good in term of medical benefits.,the working there is quite tough for people who are passionate can work there. overall good in term of medical benefits. but usually management would keep,Positive,0.8924041390419006,Accepted,Positive
415,188,HSBC,review_body_text,3,but usually management would keep,the working there is quite tough for people who are passionate can work there. overall good in term of medical benefits. but usually management would keep,Negative,0.3711945712566376,Manual Review,Negative
417,189,Cimb-Group,review_body_text,1,My time at CIMB has unfortunately been less than satisfactory.,"My time at CIMB has unfortunately been less than satisfactory. While there are some positives, such as a supportive team and a convenient location, the overall experience has been marred by significant shortcomings. One of the most glaring issues is the lack of effective management. There seems to be a disconnect between upper management's vision and the day-to-day operations, leading to confusion and a sense of aimlessness among employees. This has resulted in inefficiencies and missed opportunities for improvement. Additionally, the work-life balance at CIMB leaves much to be desired. The workload can be overwhelming, often requiring employees to work long hours with little acknowledgment or compensation. This imbalance has taken a toll on morale and productivity. Furthermore, opportunities for career development are scarce. There is a noticeable absence of structured programs or support for advancing one's skills and career within the company. In conclusion, while there are some positive aspects to working at CIMB, such as a supportive team environment and convenient location, the overall experience has been subpar due to ineffective management, poor work-life balance, and limited career development opportunities. Prospective employees should carefully weigh these factors before considering employment here..",Negative,0.9510457515716553,Accepted,Negative
417,189,Cimb-Group,review_body_text,2,"While there are some positives, such as a supportive team and a convenient location, the overall experience has been marred by significant shortcomings.","My time at CIMB has unfortunately been less than satisfactory. While there are some positives, such as a supportive team and a convenient location, the overall experience has been marred by significant shortcomings. One of the most glaring issues is the lack of effective management. There seems to be a disconnect between upper management's vision and the day-to-day operations, leading to confusion and a sense of aimlessness among employees. This has resulted in inefficiencies and missed opportunities for improvement. Additionally, the work-life balance at CIMB leaves much to be desired. The workload can be overwhelming, often requiring employees to work long hours with little acknowledgment or compensation. This imbalance has taken a toll on morale and productivity. Furthermore, opportunities for career development are scarce. There is a noticeable absence of structured programs or support for advancing one's skills and career within the company. In conclusion, while there are some positive aspects to working at CIMB, such as a supportive team environment and convenient location, the overall experience has been subpar due to ineffective management, poor work-life balance, and limited career development opportunities. Prospective employees should carefully weigh these factors before considering employment here..",Negative,0.7250093221664429,Manual Review,Negative
417,189,Cimb-Group,review_body_text,3,One of the most glaring issues is the lack of effective management.,"My time at CIMB has unfortunately been less than satisfactory. While there are some positives, such as a supportive team and a convenient location, the overall experience has been marred by significant shortcomings. One of the most glaring issues is the lack of effective management. There seems to be a disconnect between upper management's vision and the day-to-day operations, leading to confusion and a sense of aimlessness among employees. This has resulted in inefficiencies and missed opportunities for improvement. Additionally, the work-life balance at CIMB leaves much to be desired. The workload can be overwhelming, often requiring employees to work long hours with little acknowledgment or compensation. This imbalance has taken a toll on morale and productivity. Furthermore, opportunities for career development are scarce. There is a noticeable absence of structured programs or support for advancing one's skills and career within the company. In conclusion, while there are some positive aspects to working at CIMB, such as a supportive team environment and convenient location, the overall experience has been subpar due to ineffective management, poor work-life balance, and limited career development opportunities. Prospective employees should carefully weigh these factors before considering employment here..",Negative,0.9760177731513977,Accepted,Negative
417,189,Cimb-Group,review_body_text,4,"There seems to be a disconnect between upper management's vision and the day-to-day operations, leading to confusion and a sense of aimlessness among employees.","My time at CIMB has unfortunately been less than satisfactory. While there are some positives, such as a supportive team and a convenient location, the overall experience has been marred by significant shortcomings. One of the most glaring issues is the lack of effective management. There seems to be a disconnect between upper management's vision and the day-to-day operations, leading to confusion and a sense of aimlessness among employees. This has resulted in inefficiencies and missed opportunities for improvement. Additionally, the work-life balance at CIMB leaves much to be desired. The workload can be overwhelming, often requiring employees to work long hours with little acknowledgment or compensation. This imbalance has taken a toll on morale and productivity. Furthermore, opportunities for career development are scarce. There is a noticeable absence of structured programs or support for advancing one's skills and career within the company. In conclusion, while there are some positive aspects to working at CIMB, such as a supportive team environment and convenient location, the overall experience has been subpar due to ineffective management, poor work-life balance, and limited career development opportunities. Prospective employees should carefully weigh these factors before considering employment here..",Negative,0.9734445214271545,Accepted,Negative
417,189,Cimb-Group,review_body_text,5,This has resulted in inefficiencies and missed opportunities for improvement.,"My time at CIMB has unfortunately been less than satisfactory. While there are some positives, such as a supportive team and a convenient location, the overall experience has been marred by significant shortcomings. One of the most glaring issues is the lack of effective management. There seems to be a disconnect between upper management's vision and the day-to-day operations, leading to confusion and a sense of aimlessness among employees. This has resulted in inefficiencies and missed opportunities for improvement. Additionally, the work-life balance at CIMB leaves much to be desired. The workload can be overwhelming, often requiring employees to work long hours with little acknowledgment or compensation. This imbalance has taken a toll on morale and productivity. Furthermore, opportunities for career development are scarce. There is a noticeable absence of structured programs or support for advancing one's skills and career within the company. In conclusion, while there are some positive aspects to working at CIMB, such as a supportive team environment and convenient location, the overall experience has been subpar due to ineffective management, poor work-life balance, and limited career development opportunities. Prospective employees should carefully weigh these factors before considering employment here..",Negative,0.9370174407958984,Accepted,Negative
417,189,Cimb-Group,review_body_text,6,"Additionally, the work-life balance at CIMB leaves much to be desired.","My time at CIMB has unfortunately been less than satisfactory. While there are some positives, such as a supportive team and a convenient location, the overall experience has been marred by significant shortcomings. One of the most glaring issues is the lack of effective management. There seems to be a disconnect between upper management's vision and the day-to-day operations, leading to confusion and a sense of aimlessness among employees. This has resulted in inefficiencies and missed opportunities for improvement. Additionally, the work-life balance at CIMB leaves much to be desired. The workload can be overwhelming, often requiring employees to work long hours with little acknowledgment or compensation. This imbalance has taken a toll on morale and productivity. Furthermore, opportunities for career development are scarce. There is a noticeable absence of structured programs or support for advancing one's skills and career within the company. In conclusion, while there are some positive aspects to working at CIMB, such as a supportive team environment and convenient location, the overall experience has been subpar due to ineffective management, poor work-life balance, and limited career development opportunities. Prospective employees should carefully weigh these factors before considering employment here..",Negative,0.971913754940033,Accepted,Negative
417,189,Cimb-Group,review_body_text,7,"The workload can be overwhelming, often requiring employees to work long hours with little acknowledgment or compensation.","My time at CIMB has unfortunately been less than satisfactory. While there are some positives, such as a supportive team and a convenient location, the overall experience has been marred by significant shortcomings. One of the most glaring issues is the lack of effective management. There seems to be a disconnect between upper management's vision and the day-to-day operations, leading to confusion and a sense of aimlessness among employees. This has resulted in inefficiencies and missed opportunities for improvement. Additionally, the work-life balance at CIMB leaves much to be desired. The workload can be overwhelming, often requiring employees to work long hours with little acknowledgment or compensation. This imbalance has taken a toll on morale and productivity. Furthermore, opportunities for career development are scarce. There is a noticeable absence of structured programs or support for advancing one's skills and career within the company. In conclusion, while there are some positive aspects to working at CIMB, such as a supportive team environment and convenient location, the overall experience has been subpar due to ineffective management, poor work-life balance, and limited career development opportunities. Prospective employees should carefully weigh these factors before considering employment here..",Negative,0.9625413417816162,Accepted,Negative
417,189,Cimb-Group,review_body_text,8,This imbalance has taken a toll on morale and productivity.,"My time at CIMB has unfortunately been less than satisfactory. While there are some positives, such as a supportive team and a convenient location, the overall experience has been marred by significant shortcomings. One of the most glaring issues is the lack of effective management. There seems to be a disconnect between upper management's vision and the day-to-day operations, leading to confusion and a sense of aimlessness among employees. This has resulted in inefficiencies and missed opportunities for improvement. Additionally, the work-life balance at CIMB leaves much to be desired. The workload can be overwhelming, often requiring employees to work long hours with little acknowledgment or compensation. This imbalance has taken a toll on morale and productivity. Furthermore, opportunities for career development are scarce. There is a noticeable absence of structured programs or support for advancing one's skills and career within the company. In conclusion, while there are some positive aspects to working at CIMB, such as a supportive team environment and convenient location, the overall experience has been subpar due to ineffective management, poor work-life balance, and limited career development opportunities. Prospective employees should carefully weigh these factors before considering employment here..",Negative,0.9698076844215393,Accepted,Negative
417,189,Cimb-Group,review_body_text,9,"Furthermore, opportunities for career development are scarce.","My time at CIMB has unfortunately been less than satisfactory. While there are some positives, such as a supportive team and a convenient location, the overall experience has been marred by significant shortcomings. One of the most glaring issues is the lack of effective management. There seems to be a disconnect between upper management's vision and the day-to-day operations, leading to confusion and a sense of aimlessness among employees. This has resulted in inefficiencies and missed opportunities for improvement. Additionally, the work-life balance at CIMB leaves much to be desired. The workload can be overwhelming, often requiring employees to work long hours with little acknowledgment or compensation. This imbalance has taken a toll on morale and productivity. Furthermore, opportunities for career development are scarce. There is a noticeable absence of structured programs or support for advancing one's skills and career within the company. In conclusion, while there are some positive aspects to working at CIMB, such as a supportive team environment and convenient location, the overall experience has been subpar due to ineffective management, poor work-life balance, and limited career development opportunities. Prospective employees should carefully weigh these factors before considering employment here..",Negative,0.9456204175949097,Accepted,Negative
417,189,Cimb-Group,review_body_text,10,There is a noticeable absence of structured programs or support for advancing one's skills and career within the company.,"My time at CIMB has unfortunately been less than satisfactory. While there are some positives, such as a supportive team and a convenient location, the overall experience has been marred by significant shortcomings. One of the most glaring issues is the lack of effective management. There seems to be a disconnect between upper management's vision and the day-to-day operations, leading to confusion and a sense of aimlessness among employees. This has resulted in inefficiencies and missed opportunities for improvement. Additionally, the work-life balance at CIMB leaves much to be desired. The workload can be overwhelming, often requiring employees to work long hours with little acknowledgment or compensation. This imbalance has taken a toll on morale and productivity. Furthermore, opportunities for career development are scarce. There is a noticeable absence of structured programs or support for advancing one's skills and career within the company. In conclusion, while there are some positive aspects to working at CIMB, such as a supportive team environment and convenient location, the overall experience has been subpar due to ineffective management, poor work-life balance, and limited career development opportunities. Prospective employees should carefully weigh these factors before considering employment here..",Negative,0.9308164715766907,Accepted,Negative
417,189,Cimb-Group,review_body_text,11,"In conclusion, while there are some positive aspects to working at CIMB, such as a supportive team environment and convenient location, the overall experience has been subpar due to ineffective management, poor work-life balance, and limited career development opportunities.","My time at CIMB has unfortunately been less than satisfactory. While there are some positives, such as a supportive team and a convenient location, the overall experience has been marred by significant shortcomings. One of the most glaring issues is the lack of effective management. There seems to be a disconnect between upper management's vision and the day-to-day operations, leading to confusion and a sense of aimlessness among employees. This has resulted in inefficiencies and missed opportunities for improvement. Additionally, the work-life balance at CIMB leaves much to be desired. The workload can be overwhelming, often requiring employees to work long hours with little acknowledgment or compensation. This imbalance has taken a toll on morale and productivity. Furthermore, opportunities for career development are scarce. There is a noticeable absence of structured programs or support for advancing one's skills and career within the company. In conclusion, while there are some positive aspects to working at CIMB, such as a supportive team environment and convenient location, the overall experience has been subpar due to ineffective management, poor work-life balance, and limited career development opportunities. Prospective employees should carefully weigh these factors before considering employment here..",Negative,0.795799732208252,Accepted,Negative
417,189,Cimb-Group,review_body_text,12,Prospective employees should carefully weigh these factors before considering employment here..,"My time at CIMB has unfortunately been less than satisfactory. While there are some positives, such as a supportive team and a convenient location, the overall experience has been marred by significant shortcomings. One of the most glaring issues is the lack of effective management. There seems to be a disconnect between upper management's vision and the day-to-day operations, leading to confusion and a sense of aimlessness among employees. This has resulted in inefficiencies and missed opportunities for improvement. Additionally, the work-life balance at CIMB leaves much to be desired. The workload can be overwhelming, often requiring employees to work long hours with little acknowledgment or compensation. This imbalance has taken a toll on morale and productivity. Furthermore, opportunities for career development are scarce. There is a noticeable absence of structured programs or support for advancing one's skills and career within the company. In conclusion, while there are some positive aspects to working at CIMB, such as a supportive team environment and convenient location, the overall experience has been subpar due to ineffective management, poor work-life balance, and limited career development opportunities. Prospective employees should carefully weigh these factors before considering employment here..",Negative,0.801142156124115,Accepted,Negative
418,190,maybank,review_title,1,Good workplace overall,Good workplace overall,Positive,0.7515727877616882,Accepted,Positive
419,190,maybank,review_body_text,1,Overall it's a good workplace and there are many roles in the Bank where you can apply for swaps.,"Overall it's a good workplace and there are many roles in the Bank where you can apply for swaps. Good pay and bonus, yet there's no work life balance.",Positive,0.9364838600158691,Accepted,Positive
419,190,maybank,review_body_text,2,"Good pay and bonus, yet there's no work life balance.","Overall it's a good workplace and there are many roles in the Bank where you can apply for swaps. Good pay and bonus, yet there's no work life balance.",Negative,0.6972708106040955,Manual Review,Negative
420,191,Ocbc,review_title,1,Good and productive place,Good and productive place,Positive,0.8815065026283264,Accepted,Positive
421,191,Ocbc,review_body_text,1,"Open to feedback, work life balance culture, slow increment and promotion.","Open to feedback, work life balance culture, slow increment and promotion. management is competent. Need to review the benefits structure, transparency of promotion",Positive,0.9405407309532166,Accepted,Positive
421,191,Ocbc,review_body_text,2,management is competent.,"Open to feedback, work life balance culture, slow increment and promotion. management is competent. Need to review the benefits structure, transparency of promotion",Positive,0.854380190372467,Accepted,Positive
421,191,Ocbc,review_body_text,3,"Need to review the benefits structure, transparency of promotion","Open to feedback, work life balance culture, slow increment and promotion. management is competent. Need to review the benefits structure, transparency of promotion",Negative,0.8669744729995728,Accepted,Negative
422,192,Public-Bank-Berhad,review_title,1,Attractive benefits but limited growth,Attractive benefits but limited growth,Negative,0.36498722434043884,Manual Review,Negative
423,192,Public-Bank-Berhad,review_body_text,1,Pros - The renumeration packages and bonuses are great.,Pros - The renumeration packages and bonuses are great. There are fixed two months annual bonus and at least one month performance bonus. - Colleagues are helpful and supportive. Cons - The senior management will keep chasing you when something urgent requires your help and don't even bother you at other times. - No wfh.,Positive,0.986022412776947,Accepted,Positive
423,192,Public-Bank-Berhad,review_body_text,2,There are fixed two months annual bonus and at least one month performance bonus.,Pros - The renumeration packages and bonuses are great. There are fixed two months annual bonus and at least one month performance bonus. - Colleagues are helpful and supportive. Cons - The senior management will keep chasing you when something urgent requires your help and don't even bother you at other times. - No wfh.,Positive,0.6946362853050232,Manual Review,Positive
423,192,Public-Bank-Berhad,review_body_text,3,Colleagues are helpful and supportive.,Pros - The renumeration packages and bonuses are great. There are fixed two months annual bonus and at least one month performance bonus. - Colleagues are helpful and supportive. Cons - The senior management will keep chasing you when something urgent requires your help and don't even bother you at other times. - No wfh.,Positive,0.9556254744529724,Accepted,Positive
423,192,Public-Bank-Berhad,review_body_text,4,Cons - The senior management will keep chasing you when something urgent requires your help and don't even bother you at other times.,Pros - The renumeration packages and bonuses are great. There are fixed two months annual bonus and at least one month performance bonus. - Colleagues are helpful and supportive. Cons - The senior management will keep chasing you when something urgent requires your help and don't even bother you at other times. - No wfh.,Negative,0.9902849793434143,Accepted,Negative
423,192,Public-Bank-Berhad,review_body_text,5,No wfh.,Pros - The renumeration packages and bonuses are great. There are fixed two months annual bonus and at least one month performance bonus. - Colleagues are helpful and supportive. Cons - The senior management will keep chasing you when something urgent requires your help and don't even bother you at other times. - No wfh.,Negative,0.6109228134155273,Manual Review,Negative
424,193,RHB Bank Berhad,review_title,1,Not productive and efficient environment,Not productive and efficient environment,Negative,0.8743801116943359,Accepted,Negative
425,193,RHB Bank Berhad,review_body_text,1,You will learn how to “tai-chi” in this company.,You will learn how to “tai-chi” in this company. From HR to all other department. Each department only knows their own product instead of knowing all.,Positive,0.8743320107460022,Accepted,Positive
425,193,RHB Bank Berhad,review_body_text,2,From HR to all other department.,You will learn how to “tai-chi” in this company. From HR to all other department. Each department only knows their own product instead of knowing all.,Positive,0.5847558379173279,Manual Review,Positive
425,193,RHB Bank Berhad,review_body_text,3,Each department only knows their own product instead of knowing all.,You will learn how to “tai-chi” in this company. From HR to all other department. Each department only knows their own product instead of knowing all.,Negative,0.5613264441490173,Manual Review,Negative
426,194,RHB Bank Berhad,review_title,1,Top 4 Local Bank in Malaysia,Top 4 Local Bank in Malaysia,Positive,0.7577069997787476,Accepted,Positive
427,194,RHB Bank Berhad,review_body_text,1,Working environment and collaborative colleagues are positive that push you forward to the limit.,"Working environment and collaborative colleagues are positive that push you forward to the limit. Although, some of the reviewer said that the employee's benefits are below the industry benchmarking, but I can see that the Management has been working to improve it accordingly. The working pace in a banking sector is vibrant and demanding hence there are rigorous regulatory reportings have to be made.",Positive,0.9887199401855469,Accepted,Positive
427,194,RHB Bank Berhad,review_body_text,2,"Although, some of the reviewer said that the employee's benefits are below the industry benchmarking, but I can see that the Management has been working to improve it accordingly.","Working environment and collaborative colleagues are positive that push you forward to the limit. Although, some of the reviewer said that the employee's benefits are below the industry benchmarking, but I can see that the Management has been working to improve it accordingly. The working pace in a banking sector is vibrant and demanding hence there are rigorous regulatory reportings have to be made.",Negative,0.8707002401351929,Accepted,Negative
427,194,RHB Bank Berhad,review_body_text,3,The working pace in a banking sector is vibrant and demanding hence there are rigorous regulatory reportings have to be made.,"Working environment and collaborative colleagues are positive that push you forward to the limit. Although, some of the reviewer said that the employee's benefits are below the industry benchmarking, but I can see that the Management has been working to improve it accordingly. The working pace in a banking sector is vibrant and demanding hence there are rigorous regulatory reportings have to be made.",Negative,0.5584713220596313,Manual Review,Negative
428,195,Cimb-Group,review_title,1,Over Productive.,Over Productive.,Positive,0.9691705703735352,Accepted,Positive
429,195,Cimb-Group,review_body_text,1,Very restricted working environment.,Very restricted working environment. Need to be pro in multi tasking as need to handle multi systems. Need to be highly motivated and prepare multiple report in advance by guessing the report may request by management.,Negative,0.8897855877876282,Accepted,Negative
429,195,Cimb-Group,review_body_text,2,Need to be pro in multi tasking as need to handle multi systems. Need to be highly motivated and prepare multiple report in advance by guessing the report may request by management.,Very restricted working environment. Need to be pro in multi tasking as need to handle multi systems. Need to be highly motivated and prepare multiple report in advance by guessing the report may request by management.,Positive,0.6084285974502563,Manual Review,Positive
430,195,Cimb-Group,pros_text,1,Banking industries and product details.,Banking industries and product details. Surrounded by senior managers.,Positive,0.5017514824867249,Manual Review,Positive
430,195,Cimb-Group,pros_text,2,Surrounded by senior managers.,Banking industries and product details. Surrounded by senior managers.,Positive,0.49991726875305176,Manual Review,Positive
431,195,Cimb-Group,cons_text,1,"Work Load, old systems, difficult to get permanent.","Work Load, old systems, difficult to get permanent.",Negative,0.9498200416564941,Accepted,Negative
432,196,Public-Bank-Berhad,review_title,1,Not good environment,Not good environment,Negative,0.9144545793533325,Accepted,Negative
433,196,Public-Bank-Berhad,review_body_text,1,Some staffs act bossy and like to scold colleagues.,Some staffs act bossy and like to scold colleagues. Need to stay too long in office. Need also to involve with events and might need to stay very late.,Negative,0.9865778088569641,Accepted,Negative
433,196,Public-Bank-Berhad,review_body_text,2,Need to stay too long in office.,Some staffs act bossy and like to scold colleagues. Need to stay too long in office. Need also to involve with events and might need to stay very late.,Negative,0.8656210899353027,Accepted,Negative
433,196,Public-Bank-Berhad,review_body_text,3,Need also to involve with events and might need to stay very late.,Some staffs act bossy and like to scold colleagues. Need to stay too long in office. Need also to involve with events and might need to stay very late.,Negative,0.7681446671485901,Accepted,Negative
434,197,RHB Bank Berhad,review_title,1,Fix increment yearly,Fix increment yearly,Negative,0.44759830832481384,Manual Review,Negative
435,197,RHB Bank Berhad,review_body_text,1,"Fix increment yearly, perks for staff, hospitalisation, dental, permanent position, work from home, positive working environment, need to achieve target.","Fix increment yearly, perks for staff, hospitalisation, dental, permanent position, work from home, positive working environment, need to achieve target.",Positive,0.9936472177505493,Accepted,Positive
436,198,maybank,review_title,1,Progression Limited,Progression Limited,Negative,0.6193541884422302,Manual Review,Negative
437,198,maybank,review_body_text,1,"Can be limited progression, especially in a competitive environment.","Can be limited progression, especially in a competitive environment. The quiet ones but really great working attitude tends to be left out n teased upon.",Negative,0.950173556804657,Accepted,Negative
437,198,maybank,review_body_text,2,The quiet ones but really great working attitude tends to be left out n teased upon.,"Can be limited progression, especially in a competitive environment. The quiet ones but really great working attitude tends to be left out n teased upon.",Negative,0.8484438061714172,Accepted,Negative
438,199,Public-Bank-Berhad,review_title,1,Recruitment Process,Recruitment Process,Positive,0.6456495523452759,Manual Review,Positive
439,199,Public-Bank-Berhad,review_body_text,1,"HR from HQ is friendly, helpful & response very fast on inquiries regarding the recruitment process.","HR from HQ is friendly, helpful & response very fast on inquiries regarding the recruitment process. As a first job for fresh graduates with no solid ideas & knowledge on the procedure. They take their time to answer my question. Kudos for that.",Positive,0.9810327291488647,Accepted,Positive
439,199,Public-Bank-Berhad,review_body_text,2,As a first job for fresh graduates with no solid ideas & knowledge on the procedure.,"HR from HQ is friendly, helpful & response very fast on inquiries regarding the recruitment process. As a first job for fresh graduates with no solid ideas & knowledge on the procedure. They take their time to answer my question. Kudos for that.",Negative,0.7900670766830444,Accepted,Negative
439,199,Public-Bank-Berhad,review_body_text,3,They take their time to answer my question.,"HR from HQ is friendly, helpful & response very fast on inquiries regarding the recruitment process. As a first job for fresh graduates with no solid ideas & knowledge on the procedure. They take their time to answer my question. Kudos for that.",Positive,0.762909471988678,Accepted,Positive
439,199,Public-Bank-Berhad,review_body_text,4,Kudos for that.,"HR from HQ is friendly, helpful & response very fast on inquiries regarding the recruitment process. As a first job for fresh graduates with no solid ideas & knowledge on the procedure. They take their time to answer my question. Kudos for that.",Positive,0.9752254486083984,Accepted,Positive
440,200,RHB Bank Berhad,review_title,1,Productive and fundwork place.,Productive and fundwork place.,Positive,0.9428502917289734,Accepted,Positive
441,200,RHB Bank Berhad,review_body_text,2,Learn how to negotiate different type of customer.,Nice. Learn how to negotiate different type of customer. Manager will guide you A to Z. Just follow the flow setup by your manager. You will learn how to manage your time management skills.,Positive,0.45803144574165344,Manual Review,Positive
441,200,RHB Bank Berhad,review_body_text,3,Manager will guide you A to Z.,Nice. Learn how to negotiate different type of customer. Manager will guide you A to Z. Just follow the flow setup by your manager. You will learn how to manage your time management skills.,Positive,0.9133788347244263,Accepted,Positive
441,200,RHB Bank Berhad,review_body_text,4,Just follow the flow setup by your manager.,Nice. Learn how to negotiate different type of customer. Manager will guide you A to Z. Just follow the flow setup by your manager. You will learn how to manage your time management skills.,Positive,0.5833434462547302,Manual Review,Positive
441,200,RHB Bank Berhad,review_body_text,5,You will learn how to manage your time management skills.,Nice. Learn how to negotiate different type of customer. Manager will guide you A to Z. Just follow the flow setup by your manager. You will learn how to manage your time management skills.,Positive,0.5948973894119263,Manual Review,Positive
442,201,Cimb-Group,review_title,1,Good company for your resume,Good company for your resume,Positive,0.9735581278800964,Accepted,Positive
443,201,Cimb-Group,review_body_text,1,"As a protege, the workload is quite ok as it can definitely give you a work-life balance.","As a protege, the workload is quite ok as it can definitely give you a work-life balance. However, for my department, it is actually quite boring as all you do is data entry for the whole day, the learning curve is quite limited, you wont learn much if you fulfill the contract. CIMB is actually quite a manual-based company (attendance have to sign on paper). the workers are mostly boomers, which is normal since that is how local bank is, lots of boomers",Positive,0.8749309778213501,Accepted,Positive
443,201,Cimb-Group,review_body_text,2,"However, for my department, it is actually quite boring as all you do is data entry for the whole day, the learning curve is quite limited, you wont learn much if you fulfill the contract.","As a protege, the workload is quite ok as it can definitely give you a work-life balance. However, for my department, it is actually quite boring as all you do is data entry for the whole day, the learning curve is quite limited, you wont learn much if you fulfill the contract. CIMB is actually quite a manual-based company (attendance have to sign on paper). the workers are mostly boomers, which is normal since that is how local bank is, lots of boomers",Negative,0.9132108688354492,Accepted,Negative
443,201,Cimb-Group,review_body_text,3,CIMB is actually quite a manual-based company (attendance have to sign on paper).,"As a protege, the workload is quite ok as it can definitely give you a work-life balance. However, for my department, it is actually quite boring as all you do is data entry for the whole day, the learning curve is quite limited, you wont learn much if you fulfill the contract. CIMB is actually quite a manual-based company (attendance have to sign on paper). the workers are mostly boomers, which is normal since that is how local bank is, lots of boomers",Negative,0.5219043493270874,Manual Review,Negative
443,201,Cimb-Group,review_body_text,4,"the workers are mostly boomers, which is normal since that is how local bank is, lots of boomers","As a protege, the workload is quite ok as it can definitely give you a work-life balance. However, for my department, it is actually quite boring as all you do is data entry for the whole day, the learning curve is quite limited, you wont learn much if you fulfill the contract. CIMB is actually quite a manual-based company (attendance have to sign on paper). the workers are mostly boomers, which is normal since that is how local bank is, lots of boomers",Positive,0.41279271245002747,Manual Review,Positive
444,202,HSBC,review_title,1,Career progression,Career progression,Positive,0.8824865221977234,Accepted,Positive
445,202,HSBC,review_body_text,1,Its a good place to learn and good career progression.,"Its a good place to learn and good career progression. Stressful for sales staff but luckily managers are good. Meet good colleagues and friends. However, incentives are not transparent.",Positive,0.9685863852500916,Accepted,Positive
445,202,HSBC,review_body_text,2,Stressful for sales staff but luckily managers are good.,"Its a good place to learn and good career progression. Stressful for sales staff but luckily managers are good. Meet good colleagues and friends. However, incentives are not transparent.",Negative,0.8184417486190796,Accepted,Negative
445,202,HSBC,review_body_text,3,Meet good colleagues and friends.,"Its a good place to learn and good career progression. Stressful for sales staff but luckily managers are good. Meet good colleagues and friends. However, incentives are not transparent.",Positive,0.9472342729568481,Accepted,Positive
445,202,HSBC,review_body_text,4,"However, incentives are not transparent.","Its a good place to learn and good career progression. Stressful for sales staff but luckily managers are good. Meet good colleagues and friends. However, incentives are not transparent.",Negative,0.7184358835220337,Manual Review,Negative
446,203,HSBC,review_title,1,productive and fun,productive and fun,Positive,0.9684175848960876,Accepted,Positive
447,203,HSBC,review_body_text,1,good company and culture the colleagues are helpful help each others to solve problems the environment is nice competitive salary package good benefit recommend,good company and culture the colleagues are helpful help each others to solve problems the environment is nice competitive salary package good benefit recommend,Positive,0.9948235750198364,Accepted,Positive
448,204,bank islam,review_title,1,"Good team, but salary to low at airport","Good team, but salary to low at airport",Positive,0.6141107082366943,Manual Review,Positive
449,204,bank islam,review_body_text,1,Too many task appointed with very low salary.,"Too many task appointed with very low salary. Company got a lot of profit every year, must increase salary & also the cost living there very high. .",Negative,0.921498715877533,Accepted,Negative
449,204,bank islam,review_body_text,2,"Company got a lot of profit every year, must increase salary & also the cost living there very high.","Too many task appointed with very low salary. Company got a lot of profit every year, must increase salary & also the cost living there very high. .",Negative,0.8701834678649902,Accepted,Negative
450,205,Ocbc,review_title,1,Good staff benefit and learning place,Good staff benefit and learning place,Positive,0.969535768032074,Accepted,Positive
451,205,Ocbc,review_body_text,1,Good staff benefit and learning place.,"Good staff benefit and learning place. Can learn alot of financial knowledge and pitching skill. Other than that, it train your multitasking skill as well",Positive,0.9693553447723389,Accepted,Positive
451,205,Ocbc,review_body_text,2,Can learn alot of financial knowledge and pitching skill.,"Good staff benefit and learning place. Can learn alot of financial knowledge and pitching skill. Other than that, it train your multitasking skill as well",Positive,0.8503015637397766,Accepted,Positive
451,205,Ocbc,review_body_text,3,"Other than that, it train your multitasking skill as well","Good staff benefit and learning place. Can learn alot of financial knowledge and pitching skill. Other than that, it train your multitasking skill as well",Positive,0.7145350575447083,Manual Review,Positive
452,206,RHB Bank Berhad,review_title,1,"If you have experiences, try somewhere else","If you have experiences, try somewhere else",Negative,0.8028349280357361,Accepted,Negative
453,206,RHB Bank Berhad,review_body_text,1,Very unprofessional from team manager up to higher management lvl.,Very unprofessional from team manager up to higher management lvl. Buli staff all the way eventho they made mistakes n didnt admit it. Not recommended,Negative,0.9909552931785583,Accepted,Negative
453,206,RHB Bank Berhad,review_body_text,2,Buli staff all the way eventho they made mistakes n didnt admit it.,Very unprofessional from team manager up to higher management lvl. Buli staff all the way eventho they made mistakes n didnt admit it. Not recommended,Negative,0.9529989361763,Accepted,Negative
453,206,RHB Bank Berhad,review_body_text,3,Not recommended,Very unprofessional from team manager up to higher management lvl. Buli staff all the way eventho they made mistakes n didnt admit it. Not recommended,Negative,0.8273884057998657,Accepted,Negative
454,206,RHB Bank Berhad,pros_text,1,None pros factor,None pros factor,Negative,0.6257517337799072,Manual Review,Negative
455,206,RHB Bank Berhad,cons_text,1,Too many to list down.,"Too many to list down. If you preffered working like a robot, can try this",Negative,0.6282698512077332,Manual Review,Negative
455,206,RHB Bank Berhad,cons_text,2,"If you preffered working like a robot, can try this","Too many to list down. If you preffered working like a robot, can try this",Negative,0.5707114934921265,Manual Review,Negative
456,207,maybank,review_title,1,Decent Place to Start Your Internship,Decent Place to Start Your Internship,Positive,0.9424902200698853,Accepted,Positive
457,207,maybank,review_body_text,1,Overall internship experience was good.,"Overall internship experience was good. There were a lot of event being held at Menara Maybank for the seasonal events, such as Chinese New Year and Christmas.",Positive,0.8360957503318787,Accepted,Positive
457,207,maybank,review_body_text,2,"There were a lot of event being held at Menara Maybank for the seasonal events, such as Chinese New Year and Christmas.","Overall internship experience was good. There were a lot of event being held at Menara Maybank for the seasonal events, such as Chinese New Year and Christmas.",Positive,0.512357771396637,Manual Review,Positive
458,208,RHB Bank Berhad,review_title,1,Good experience,Good experience,Positive,0.7936099767684937,Accepted,Positive
459,208,RHB Bank Berhad,review_body_text,1,"Learn various things during my period, got the supportive supervisor and good working environment.","Learn various things during my period, got the supportive supervisor and good working environment. But the salary is a bit low for the fresh grade in order to compare with others banking company",Positive,0.9617372751235962,Accepted,Positive
459,208,RHB Bank Berhad,review_body_text,2,But the salary is a bit low for the fresh grade in order to compare with others banking company,"Learn various things during my period, got the supportive supervisor and good working environment. But the salary is a bit low for the fresh grade in order to compare with others banking company",Negative,0.7920011878013611,Accepted,Negative
460,209,maybank,review_title,1,Good career progression opportunities,Good career progression opportunities,Positive,0.9650319218635559,Accepted,Positive
461,209,maybank,review_body_text,1,Good benefits,1. Good benefits 2. Good career progression opportunities 3. Freedom to be creative and develop solutions as long as it’s aligned with the bank’s values 4. Great environment 5. A lot of opportunities to learn and develop skills,Positive,0.9563290476799011,Accepted,Positive
461,209,maybank,review_body_text,2,Good career progression opportunities,1. Good benefits 2. Good career progression opportunities 3. Freedom to be creative and develop solutions as long as it’s aligned with the bank’s values 4. Great environment 5. A lot of opportunities to learn and develop skills,Positive,0.9650319218635559,Accepted,Positive
461,209,maybank,review_body_text,3,Freedom to be creative and develop solutions as long as it’s aligned with the bank’s values,1. Good benefits 2. Good career progression opportunities 3. Freedom to be creative and develop solutions as long as it’s aligned with the bank’s values 4. Great environment 5. A lot of opportunities to learn and develop skills,Positive,0.8056874871253967,Accepted,Positive
461,209,maybank,review_body_text,4,Great environment,1. Good benefits 2. Good career progression opportunities 3. Freedom to be creative and develop solutions as long as it’s aligned with the bank’s values 4. Great environment 5. A lot of opportunities to learn and develop skills,Positive,0.9659601449966431,Accepted,Positive
461,209,maybank,review_body_text,5,A lot of opportunities to learn and develop skills,1. Good benefits 2. Good career progression opportunities 3. Freedom to be creative and develop solutions as long as it’s aligned with the bank’s values 4. Great environment 5. A lot of opportunities to learn and develop skills,Positive,0.9611978530883789,Accepted,Positive
462,210,RHB Bank Berhad,review_title,1,Bad management,Bad management,Negative,0.942154049873352,Accepted,Negative
463,210,RHB Bank Berhad,review_body_text,1,"Good colleagues at the branches , bad management.","Good colleagues at the branches , bad management. Sales could be challenging here, as the products are not really competitive. Turnover rate is high.",Positive,0.5153893232345581,Manual Review,Positive
463,210,RHB Bank Berhad,review_body_text,2,"Sales could be challenging here, as the products are not really competitive.","Good colleagues at the branches , bad management. Sales could be challenging here, as the products are not really competitive. Turnover rate is high.",Negative,0.7801819443702698,Accepted,Negative
463,210,RHB Bank Berhad,review_body_text,3,Turnover rate is high.,"Good colleagues at the branches , bad management. Sales could be challenging here, as the products are not really competitive. Turnover rate is high.",Negative,0.9075775146484375,Accepted,Negative
464,211,Cimb-Group,review_title,1,Learn a lot,Learn a lot,Positive,0.8243999481201172,Accepted,Positive
465,211,Cimb-Group,review_body_text,1,"Overall, the internship was rewarding, offering significant learning and development opportunities.","Overall, the internship was rewarding, offering significant learning and development opportunities. For future interns: be proactive, network actively, and stay organized to maximize the experience.",Positive,0.9386579990386963,Accepted,Positive
465,211,Cimb-Group,review_body_text,2,"For future interns: be proactive, network actively, and stay organized to maximize the experience.","Overall, the internship was rewarding, offering significant learning and development opportunities. For future interns: be proactive, network actively, and stay organized to maximize the experience.",Positive,0.7425185441970825,Manual Review,Positive
466,212,Cimb-Group,review_title,1,Good for fresh graduate,Good for fresh graduate,Positive,0.9225075244903564,Accepted,Positive
467,212,Cimb-Group,review_body_text,1,Overall ok but need to be patients handling customer.,Overall ok but need to be patients handling customer. Colleagues nice and helpful Got shift allowance Be independent and quick learn in order to settle customer inquiries,Neutral,0.6125637888908386,Manual Review,Neutral
467,212,Cimb-Group,review_body_text,2,Colleagues nice and helpful Got shift allowance Be independent and quick learn in order to settle customer inquiries,Overall ok but need to be patients handling customer. Colleagues nice and helpful Got shift allowance Be independent and quick learn in order to settle customer inquiries,Positive,0.9485399723052979,Accepted,Positive
468,213,HSBC,review_title,1,Productive and fun,Productive and fun,Positive,0.9534876942634583,Accepted,Positive
469,213,HSBC,review_body_text,1,Good working place and provides a best working experience.,Good working place and provides a best working experience. Just that work will be stressful but manageable with good working colleagues. Banking will be stressful,Positive,0.9740533828735352,Accepted,Positive
469,213,HSBC,review_body_text,2,Just that work will be stressful but manageable with good working colleagues.,Good working place and provides a best working experience. Just that work will be stressful but manageable with good working colleagues. Banking will be stressful,Positive,0.4207965135574341,Manual Review,Positive
469,213,HSBC,review_body_text,3,Banking will be stressful,Good working place and provides a best working experience. Just that work will be stressful but manageable with good working colleagues. Banking will be stressful,Negative,0.9482033252716064,Accepted,Negative
471,214,Cimb-Group,review_body_text,1,what I enjoy while working in this company is being able to learn something new such as being able to communicate with a large number of customers because I am an introvert in talking to strangers and gaining experience in managing tasks or customers with a large number and making decisions quickly and accurately.,what I enjoy while working in this company is being able to learn something new such as being able to communicate with a large number of customers because I am an introvert in talking to strangers and gaining experience in managing tasks or customers with a large number and making decisions quickly and accurately.,Positive,0.9721481204032898,Accepted,Positive
473,215,Public-Bank-Berhad,review_body_text,1,Great place with great people.,Great place with great people. Learnt a lot of stuff during my period. Good bosses. Challenging. High work load comes with great help from colleagues,Positive,0.9699815511703491,Accepted,Positive
473,215,Public-Bank-Berhad,review_body_text,2,Learnt a lot of stuff during my period.,Great place with great people. Learnt a lot of stuff during my period. Good bosses. Challenging. High work load comes with great help from colleagues,Positive,0.88050377368927,Accepted,Positive
473,215,Public-Bank-Berhad,review_body_text,3,Good bosses.,Great place with great people. Learnt a lot of stuff during my period. Good bosses. Challenging. High work load comes with great help from colleagues,Positive,0.9541804194450378,Accepted,Positive
473,215,Public-Bank-Berhad,review_body_text,5,High work load comes with great help from colleagues,Great place with great people. Learnt a lot of stuff during my period. Good bosses. Challenging. High work load comes with great help from colleagues,Positive,0.9463613033294678,Accepted,Positive
474,216,maybank,review_title,1,Good opportunity to learn,Good opportunity to learn,Positive,0.9023407697677612,Accepted,Positive
475,216,maybank,review_body_text,1,Very good first job... blessed to have the opportunity to work at Maybank!,"Very good first job... blessed to have the opportunity to work at Maybank! Besides the steep learning curve, I had the opportunity to learn from very capable colleagues.",Positive,0.9877399802207947,Accepted,Positive
475,216,maybank,review_body_text,2,"Besides the steep learning curve, I had the opportunity to learn from very capable colleagues.","Very good first job... blessed to have the opportunity to work at Maybank! Besides the steep learning curve, I had the opportunity to learn from very capable colleagues.",Positive,0.869864284992218,Accepted,Positive
476,216,maybank,pros_text,1,Learning curve,Learning curve,Negative,0.4831436574459076,Manual Review,Negative
477,216,maybank,cons_text,1,Learning curve,Learning curve,Negative,0.4831436574459076,Manual Review,Negative
478,217,Public-Bank-Berhad,review_title,1,High work load with no work life balance,High work load with no work life balance,Negative,0.9747142791748047,Accepted,Negative
479,217,Public-Bank-Berhad,review_body_text,1,"My time at PBB was a valuable learning experience, and I'm grateful for the opportunities I had during my tenure.","My time at PBB was a valuable learning experience, and I'm grateful for the opportunities I had during my tenure. While there were challenges along the way, the positives outweighed the negatives. I would recommend PBB to prospective employees who are eager to work in a dynamic environment and are passionate about banking.",Positive,0.9515553712844849,Accepted,Positive
479,217,Public-Bank-Berhad,review_body_text,2,"While there were challenges along the way, the positives outweighed the negatives.","My time at PBB was a valuable learning experience, and I'm grateful for the opportunities I had during my tenure. While there were challenges along the way, the positives outweighed the negatives. I would recommend PBB to prospective employees who are eager to work in a dynamic environment and are passionate about banking.",Positive,0.6774429082870483,Manual Review,Positive
479,217,Public-Bank-Berhad,review_body_text,3,I would recommend PBB to prospective employees who are eager to work in a dynamic environment and are passionate about banking.,"My time at PBB was a valuable learning experience, and I'm grateful for the opportunities I had during my tenure. While there were challenges along the way, the positives outweighed the negatives. I would recommend PBB to prospective employees who are eager to work in a dynamic environment and are passionate about banking.",Positive,0.9933502674102783,Accepted,Positive
480,218,HSBC,review_title,1,Fun and supportive culture but too many task,Fun and supportive culture but too many task,Positive,0.9243101477622986,Accepted,Positive
481,218,HSBC,review_body_text,1,"I love the environment and the people but the downside is only that they make changes very often and immediate.. too many task to handle at one time.. pay is good, bonus is just like 1/2 from 1 month salary","I love the environment and the people but the downside is only that they make changes very often and immediate.. too many task to handle at one time.. pay is good, bonus is just like 1/2 from 1 month salary",Positive,0.49229973554611206,Manual Review,Positive
482,219,RHB Bank Berhad,review_title,1,Working at sales centre in shopping mall is quite fun.,Working at sales centre in shopping mall is quite fun.,Positive,0.9813172221183777,Accepted,Positive
483,219,RHB Bank Berhad,review_body_text,1,easy to meet customer from walk-in,> easy to meet customer from walk-in > flexible lunch time > working following retail operation time > having shift rotation > banking industry but in retail culture,Positive,0.9369510412216187,Accepted,Positive
483,219,RHB Bank Berhad,review_body_text,2,flexible lunch time,> easy to meet customer from walk-in > flexible lunch time > working following retail operation time > having shift rotation > banking industry but in retail culture,Positive,0.7208915948867798,Manual Review,Positive
483,219,RHB Bank Berhad,review_body_text,3,working following retail operation time,> easy to meet customer from walk-in > flexible lunch time > working following retail operation time > having shift rotation > banking industry but in retail culture,Positive,0.4600869119167328,Manual Review,Positive
483,219,RHB Bank Berhad,review_body_text,4,having shift rotation,> easy to meet customer from walk-in > flexible lunch time > working following retail operation time > having shift rotation > banking industry but in retail culture,Positive,0.4251139760017395,Manual Review,Positive
483,219,RHB Bank Berhad,review_body_text,5,banking industry but in retail culture,> easy to meet customer from walk-in > flexible lunch time > working following retail operation time > having shift rotation > banking industry but in retail culture,Positive,0.4539499580860138,Manual Review,Positive
484,219,RHB Bank Berhad,pros_text,1,Have allowance and good medical insurance,Have allowance and good medical insurance,Positive,0.8966772556304932,Accepted,Positive
485,219,RHB Bank Berhad,cons_text,1,No OT and working in every public holiday since working as sales consultant,No OT and working in every public holiday since working as sales consultant,Positive,0.7053545117378235,Manual Review,Positive
486,220,United Overseas Bank,review_title,1,Good Workplace but Overload Task,Good Workplace but Overload Task,Positive,0.5277284979820251,Manual Review,Positive
487,220,United Overseas Bank,review_body_text,1,"Operation Team negative: Lack of staff lead to task overloaded, will be under pressure a lot.","Operation Team negative: Lack of staff lead to task overloaded, will be under pressure a lot. Need to cover the task for the colleague that take leave. Need to do a lot of OT but intern/trainee did not get paid OT. positive: The allowance was good. The colleagues are friendly. The environment was okay. Strategic location. If finish work early, can go shopping at Jalan Tar.",Negative,0.9779278039932251,Accepted,Negative
487,220,United Overseas Bank,review_body_text,2,Need to cover the task for the colleague that take leave.,"Operation Team negative: Lack of staff lead to task overloaded, will be under pressure a lot. Need to cover the task for the colleague that take leave. Need to do a lot of OT but intern/trainee did not get paid OT. positive: The allowance was good. The colleagues are friendly. The environment was okay. Strategic location. If finish work early, can go shopping at Jalan Tar.",Negative,0.6962578296661377,Manual Review,Negative
487,220,United Overseas Bank,review_body_text,3,Need to do a lot of OT but intern/trainee did not get paid OT.,"Operation Team negative: Lack of staff lead to task overloaded, will be under pressure a lot. Need to cover the task for the colleague that take leave. Need to do a lot of OT but intern/trainee did not get paid OT. positive: The allowance was good. The colleagues are friendly. The environment was okay. Strategic location. If finish work early, can go shopping at Jalan Tar.",Negative,0.9134157299995422,Accepted,Negative
487,220,United Overseas Bank,review_body_text,4,positive: The allowance was good.,"Operation Team negative: Lack of staff lead to task overloaded, will be under pressure a lot. Need to cover the task for the colleague that take leave. Need to do a lot of OT but intern/trainee did not get paid OT. positive: The allowance was good. The colleagues are friendly. The environment was okay. Strategic location. If finish work early, can go shopping at Jalan Tar.",Positive,0.899318516254425,Accepted,Positive
487,220,United Overseas Bank,review_body_text,5,The colleagues are friendly.,"Operation Team negative: Lack of staff lead to task overloaded, will be under pressure a lot. Need to cover the task for the colleague that take leave. Need to do a lot of OT but intern/trainee did not get paid OT. positive: The allowance was good. The colleagues are friendly. The environment was okay. Strategic location. If finish work early, can go shopping at Jalan Tar.",Positive,0.8404695391654968,Accepted,Positive
487,220,United Overseas Bank,review_body_text,6,The environment was okay.,"Operation Team negative: Lack of staff lead to task overloaded, will be under pressure a lot. Need to cover the task for the colleague that take leave. Need to do a lot of OT but intern/trainee did not get paid OT. positive: The allowance was good. The colleagues are friendly. The environment was okay. Strategic location. If finish work early, can go shopping at Jalan Tar.",Positive,0.6346941590309143,Manual Review,Positive
487,220,United Overseas Bank,review_body_text,7,Strategic location.,"Operation Team negative: Lack of staff lead to task overloaded, will be under pressure a lot. Need to cover the task for the colleague that take leave. Need to do a lot of OT but intern/trainee did not get paid OT. positive: The allowance was good. The colleagues are friendly. The environment was okay. Strategic location. If finish work early, can go shopping at Jalan Tar.",Positive,0.8643730878829956,Accepted,Positive
487,220,United Overseas Bank,review_body_text,8,"If finish work early, can go shopping at Jalan Tar.","Operation Team negative: Lack of staff lead to task overloaded, will be under pressure a lot. Need to cover the task for the colleague that take leave. Need to do a lot of OT but intern/trainee did not get paid OT. positive: The allowance was good. The colleagues are friendly. The environment was okay. Strategic location. If finish work early, can go shopping at Jalan Tar.",Positive,0.8026551604270935,Accepted,Positive
488,221,Ocbc,review_title,1,stressful but flexible schedule,stressful but flexible schedule,Negative,0.5983120799064636,Manual Review,Negative
489,221,Ocbc,review_body_text,1,"selling sme loan by looking for your own cases are hectic having a good leader to guide you along the way as a freshie would help out a lot nonetheless, good benefits and flexible work schedule","selling sme loan by looking for your own cases are hectic having a good leader to guide you along the way as a freshie would help out a lot nonetheless, good benefits and flexible work schedule",Positive,0.9641826748847961,Accepted,Positive
490,222,maybank,review_title,1,A good place to start but in term of job culture is slight disappointing,A good place to start but in term of job culture is slight disappointing,Negative,0.8555562496185303,Accepted,Negative
491,222,maybank,review_body_text,1,"Have a good company but not a good superior, learned a lot from senior and also from other tribe .","Have a good company but not a good superior, learned a lot from senior and also from other tribe . in term of management, they want feedback but doesnt improve . Workplace culture, lots of overseas worker than local and overtime almost everyday. Not enough of staff so ask to do extra work. Enjoyable in term of benefit and good friends. Thats all",Negative,0.7815432548522949,Accepted,Negative
491,222,maybank,review_body_text,2,"in term of management, they want feedback but doesnt improve .","Have a good company but not a good superior, learned a lot from senior and also from other tribe . in term of management, they want feedback but doesnt improve . Workplace culture, lots of overseas worker than local and overtime almost everyday. Not enough of staff so ask to do extra work. Enjoyable in term of benefit and good friends. Thats all",Negative,0.8312982320785522,Accepted,Negative
491,222,maybank,review_body_text,3,"Workplace culture, lots of overseas worker than local and overtime almost everyday.","Have a good company but not a good superior, learned a lot from senior and also from other tribe . in term of management, they want feedback but doesnt improve . Workplace culture, lots of overseas worker than local and overtime almost everyday. Not enough of staff so ask to do extra work. Enjoyable in term of benefit and good friends. Thats all",Negative,0.7639614939689636,Accepted,Negative
491,222,maybank,review_body_text,4,Not enough of staff so ask to do extra work.,"Have a good company but not a good superior, learned a lot from senior and also from other tribe . in term of management, they want feedback but doesnt improve . Workplace culture, lots of overseas worker than local and overtime almost everyday. Not enough of staff so ask to do extra work. Enjoyable in term of benefit and good friends. Thats all",Negative,0.9494061470031738,Accepted,Negative
491,222,maybank,review_body_text,5,Enjoyable in term of benefit and good friends.,"Have a good company but not a good superior, learned a lot from senior and also from other tribe . in term of management, they want feedback but doesnt improve . Workplace culture, lots of overseas worker than local and overtime almost everyday. Not enough of staff so ask to do extra work. Enjoyable in term of benefit and good friends. Thats all",Positive,0.7010647058486938,Manual Review,Positive
491,222,maybank,review_body_text,6,Thats all,"Have a good company but not a good superior, learned a lot from senior and also from other tribe . in term of management, they want feedback but doesnt improve . Workplace culture, lots of overseas worker than local and overtime almost everyday. Not enough of staff so ask to do extra work. Enjoyable in term of benefit and good friends. Thats all",Negative,0.3984065055847168,Manual Review,Negative
493,222,maybank,cons_text,1,Always overtime,Always overtime,Negative,0.8365899324417114,Accepted,Negative
494,223,HSBC,review_title,1,Fun working environment,Fun working environment,Positive,0.9575029611587524,Accepted,Positive
495,223,HSBC,review_body_text,1,What is the best part of working at the company?,What is the best part of working at the company? Best Benefits and Great Working Environment What is the most stressful part about working at the company? Learn how to manage stress if working in banking industry. There is stress in banking task but we as workers smart to handle it. What is the work environment and culture like at the company? Freestyle working environment. What is a typical day like for you at the company? When the volume work becomes high.And as banker we must manage our time with team to finish the task.,Positive,0.8981525897979736,Accepted,Positive
495,223,HSBC,review_body_text,2,Best Benefits and Great Working Environment What is the most stressful part about working at the company?,What is the best part of working at the company? Best Benefits and Great Working Environment What is the most stressful part about working at the company? Learn how to manage stress if working in banking industry. There is stress in banking task but we as workers smart to handle it. What is the work environment and culture like at the company? Freestyle working environment. What is a typical day like for you at the company? When the volume work becomes high.And as banker we must manage our time with team to finish the task.,Positive,0.9304749965667725,Accepted,Positive
495,223,HSBC,review_body_text,3,Learn how to manage stress if working in banking industry.,What is the best part of working at the company? Best Benefits and Great Working Environment What is the most stressful part about working at the company? Learn how to manage stress if working in banking industry. There is stress in banking task but we as workers smart to handle it. What is the work environment and culture like at the company? Freestyle working environment. What is a typical day like for you at the company? When the volume work becomes high.And as banker we must manage our time with team to finish the task.,Negative,0.8393615484237671,Accepted,Negative
495,223,HSBC,review_body_text,4,There is stress in banking task but we as workers smart to handle it.,What is the best part of working at the company? Best Benefits and Great Working Environment What is the most stressful part about working at the company? Learn how to manage stress if working in banking industry. There is stress in banking task but we as workers smart to handle it. What is the work environment and culture like at the company? Freestyle working environment. What is a typical day like for you at the company? When the volume work becomes high.And as banker we must manage our time with team to finish the task.,Negative,0.758009672164917,Accepted,Negative
495,223,HSBC,review_body_text,5,What is the work environment and culture like at the company?,What is the best part of working at the company? Best Benefits and Great Working Environment What is the most stressful part about working at the company? Learn how to manage stress if working in banking industry. There is stress in banking task but we as workers smart to handle it. What is the work environment and culture like at the company? Freestyle working environment. What is a typical day like for you at the company? When the volume work becomes high.And as banker we must manage our time with team to finish the task.,Positive,0.5594784617424011,Manual Review,Positive
495,223,HSBC,review_body_text,6,Freestyle working environment.,What is the best part of working at the company? Best Benefits and Great Working Environment What is the most stressful part about working at the company? Learn how to manage stress if working in banking industry. There is stress in banking task but we as workers smart to handle it. What is the work environment and culture like at the company? Freestyle working environment. What is a typical day like for you at the company? When the volume work becomes high.And as banker we must manage our time with team to finish the task.,Positive,0.7366045713424683,Manual Review,Positive
495,223,HSBC,review_body_text,7,What is a typical day like for you at the company?,What is the best part of working at the company? Best Benefits and Great Working Environment What is the most stressful part about working at the company? Learn how to manage stress if working in banking industry. There is stress in banking task but we as workers smart to handle it. What is the work environment and culture like at the company? Freestyle working environment. What is a typical day like for you at the company? When the volume work becomes high.And as banker we must manage our time with team to finish the task.,Positive,0.49403467774391174,Manual Review,Positive
495,223,HSBC,review_body_text,8,When the volume work becomes high.,What is the best part of working at the company? Best Benefits and Great Working Environment What is the most stressful part about working at the company? Learn how to manage stress if working in banking industry. There is stress in banking task but we as workers smart to handle it. What is the work environment and culture like at the company? Freestyle working environment. What is a typical day like for you at the company? When the volume work becomes high.And as banker we must manage our time with team to finish the task.,Negative,0.5411317944526672,Manual Review,Negative
495,223,HSBC,review_body_text,9,And as banker we must manage our time with team to finish the task.,What is the best part of working at the company? Best Benefits and Great Working Environment What is the most stressful part about working at the company? Learn how to manage stress if working in banking industry. There is stress in banking task but we as workers smart to handle it. What is the work environment and culture like at the company? Freestyle working environment. What is a typical day like for you at the company? When the volume work becomes high.And as banker we must manage our time with team to finish the task.,Negative,0.6805668473243713,Manual Review,Negative
496,224,Bank-Rakyat,review_title,1,Too much politics,Too much politics,Negative,0.9352709650993347,Accepted,Negative
497,224,Bank-Rakyat,review_body_text,1,Too much politics issue between bosses which is affected the staff.,Too much politics issue between bosses which is affected the staff. Benefit overall ok. You have to be “pandai bodek” bos for better career enhancement.,Negative,0.984715461730957,Accepted,Negative
497,224,Bank-Rakyat,review_body_text,2,Benefit overall ok.,Too much politics issue between bosses which is affected the staff. Benefit overall ok. You have to be “pandai bodek” bos for better career enhancement.,Positive,0.6334871053695679,Manual Review,Positive
497,224,Bank-Rakyat,review_body_text,3,You have to be “pandai bodek” bos for better career enhancement.,Too much politics issue between bosses which is affected the staff. Benefit overall ok. You have to be “pandai bodek” bos for better career enhancement.,Positive,0.4986286163330078,Manual Review,Positive
499,225,Cimb-Group,review_body_text,1,"Ok lah, so far so good lol Can’t say too hard also can’t say easily All overall is medium only, don’t put too high expectations on banking line industry","Ok lah, so far so good lol Can’t say too hard also can’t say easily All overall is medium only, don’t put too high expectations on banking line industry",Positive,0.5992894768714905,Manual Review,Positive
500,226,Public-Bank-Berhad,review_title,1,Excellence staff benefits,Excellence staff benefits,Positive,0.9922967553138733,Accepted,Positive
501,226,Public-Bank-Berhad,review_body_text,1,Can learn lot of new things and how to solve it.,Can learn lot of new things and how to solve it. System part a bit outdated as time consuming is a concern. Need to have time management skills in order to complete each tasks.,Positive,0.8244540095329285,Accepted,Positive
501,226,Public-Bank-Berhad,review_body_text,2,System part a bit outdated as time consuming is a concern.,Can learn lot of new things and how to solve it. System part a bit outdated as time consuming is a concern. Need to have time management skills in order to complete each tasks.,Negative,0.8782978653907776,Accepted,Negative
501,226,Public-Bank-Berhad,review_body_text,3,Need to have time management skills in order to complete each tasks.,Can learn lot of new things and how to solve it. System part a bit outdated as time consuming is a concern. Need to have time management skills in order to complete each tasks.,Negative,0.859226405620575,Accepted,Negative
502,226,Public-Bank-Berhad,pros_text,1,Staff benefits,Staff benefits,Positive,0.8971719741821289,Accepted,Positive
503,226,Public-Bank-Berhad,cons_text,1,No work life balance,No work life balance,Negative,0.9647087454795837,Accepted,Negative
504,227,RHB Bank Berhad,review_title,1,Good team,Good team,Positive,0.8577660322189331,Accepted,Positive
505,227,RHB Bank Berhad,review_body_text,1,The most enjoyable part of the job is people to guide you and some genuine people around.,The most enjoyable part of the job is people to guide you and some genuine people around. Overall in Ipoh if working in banking can lived a good life but work life balance not sure because too packed with task. Overall fine to work in bank under sales department.,Positive,0.96208256483078,Accepted,Positive
505,227,RHB Bank Berhad,review_body_text,2,Overall in Ipoh if working in banking can lived a good life but work life balance not sure because too packed with task.,The most enjoyable part of the job is people to guide you and some genuine people around. Overall in Ipoh if working in banking can lived a good life but work life balance not sure because too packed with task. Overall fine to work in bank under sales department.,Positive,0.4287179112434387,Manual Review,Positive
505,227,RHB Bank Berhad,review_body_text,3,Overall fine to work in bank under sales department.,The most enjoyable part of the job is people to guide you and some genuine people around. Overall in Ipoh if working in banking can lived a good life but work life balance not sure because too packed with task. Overall fine to work in bank under sales department.,Positive,0.7794869542121887,Accepted,Positive
506,227,RHB Bank Berhad,pros_text,1,training by professional team,training by professional team,Positive,0.8843142986297607,Accepted,Positive
507,227,RHB Bank Berhad,cons_text,1,Concall in the morning will pulled your mood,Concall in the morning will pulled your mood,Negative,0.5950256586074829,Manual Review,Negative
508,228,United Overseas Bank,review_title,1,The worst place and management I've ever experienced,The worst place and management I've ever experienced,Negative,0.9958674311637878,Accepted,Negative
509,228,United Overseas Bank,review_body_text,1,What is the best part of working at the company?,"What is the best part of working at the company? Very toxic management style. Worst place I've ever worked at What is the most stressful part about working at the company? The job itself is stressful (the flow, the calls, the volume). The management doesn't help, but adds more stress What is the work environment and culture like at the company? Toxic, bad, negative. Simply appalling",Positive,0.8981525897979736,Accepted,Positive
509,228,United Overseas Bank,review_body_text,2,Very toxic management style.,"What is the best part of working at the company? Very toxic management style. Worst place I've ever worked at What is the most stressful part about working at the company? The job itself is stressful (the flow, the calls, the volume). The management doesn't help, but adds more stress What is the work environment and culture like at the company? Toxic, bad, negative. Simply appalling",Negative,0.9864636659622192,Accepted,Negative
509,228,United Overseas Bank,review_body_text,3,Worst place I've ever worked at What is the most stressful part about working at the company?,"What is the best part of working at the company? Very toxic management style. Worst place I've ever worked at What is the most stressful part about working at the company? The job itself is stressful (the flow, the calls, the volume). The management doesn't help, but adds more stress What is the work environment and culture like at the company? Toxic, bad, negative. Simply appalling",Negative,0.9969223141670227,Accepted,Negative
509,228,United Overseas Bank,review_body_text,4,"The job itself is stressful (the flow, the calls, the volume).","What is the best part of working at the company? Very toxic management style. Worst place I've ever worked at What is the most stressful part about working at the company? The job itself is stressful (the flow, the calls, the volume). The management doesn't help, but adds more stress What is the work environment and culture like at the company? Toxic, bad, negative. Simply appalling",Negative,0.9678792953491211,Accepted,Negative
509,228,United Overseas Bank,review_body_text,5,"The management doesn't help, but adds more stress What is the work environment and culture like at the company?","What is the best part of working at the company? Very toxic management style. Worst place I've ever worked at What is the most stressful part about working at the company? The job itself is stressful (the flow, the calls, the volume). The management doesn't help, but adds more stress What is the work environment and culture like at the company? Toxic, bad, negative. Simply appalling",Negative,0.9603725671768188,Accepted,Negative
509,228,United Overseas Bank,review_body_text,6,"Toxic, bad, negative.","What is the best part of working at the company? Very toxic management style. Worst place I've ever worked at What is the most stressful part about working at the company? The job itself is stressful (the flow, the calls, the volume). The management doesn't help, but adds more stress What is the work environment and culture like at the company? Toxic, bad, negative. Simply appalling",Negative,0.971969723701477,Accepted,Negative
509,228,United Overseas Bank,review_body_text,7,Simply appalling,"What is the best part of working at the company? Very toxic management style. Worst place I've ever worked at What is the most stressful part about working at the company? The job itself is stressful (the flow, the calls, the volume). The management doesn't help, but adds more stress What is the work environment and culture like at the company? Toxic, bad, negative. Simply appalling",Negative,0.9806066155433655,Accepted,Negative
510,229,maybank,review_title,1,Good to work,Good to work,Positive,0.8426522016525269,Accepted,Positive
511,229,maybank,review_body_text,1,Overall good.,Overall good. Nice colleagues and good place to learn. It's the largest bank in malaysia. Value employees and provide training and development as well as experiences,Positive,0.7062547206878662,Manual Review,Positive
511,229,maybank,review_body_text,2,Nice colleagues and good place to learn.,Overall good. Nice colleagues and good place to learn. It's the largest bank in malaysia. Value employees and provide training and development as well as experiences,Positive,0.9325767755508423,Accepted,Positive
511,229,maybank,review_body_text,3,It's the largest bank in malaysia.,Overall good. Nice colleagues and good place to learn. It's the largest bank in malaysia. Value employees and provide training and development as well as experiences,Positive,0.6678422093391418,Manual Review,Positive
511,229,maybank,review_body_text,4,Value employees and provide training and development as well as experiences,Overall good. Nice colleagues and good place to learn. It's the largest bank in malaysia. Value employees and provide training and development as well as experiences,Positive,0.9641778469085693,Accepted,Positive
512,230,Cimb-Group,review_title,1,Productive and fun work place,Productive and fun work place,Positive,0.9850044846534729,Accepted,Positive
513,230,Cimb-Group,review_body_text,1,"Fun and enjoy working here as all the seniors all really helpful... As i had experienced in sale department form previous employment, it actually help me a lot","Fun and enjoy working here as all the seniors all really helpful... As i had experienced in sale department form previous employment, it actually help me a lot",Positive,0.9913182258605957,Accepted,Positive
514,231,RHB Bank Berhad,review_title,1,Great teamwork,Great teamwork,Positive,0.9747673869132996,Accepted,Positive
515,231,RHB Bank Berhad,review_body_text,1,"The compliance review team was responsible for numerous annual, bi-annual, thematic and ad-hoc reviews.","The compliance review team was responsible for numerous annual, bi-annual, thematic and ad-hoc reviews. Luckily teamwork is awesome but can't say the same about the manager and salary.",Positive,0.49540194869041443,Manual Review,Positive
515,231,RHB Bank Berhad,review_body_text,2,Luckily teamwork is awesome but can't say the same about the manager and salary.,"The compliance review team was responsible for numerous annual, bi-annual, thematic and ad-hoc reviews. Luckily teamwork is awesome but can't say the same about the manager and salary.",Negative,0.9181200861930847,Accepted,Negative
516,232,United Overseas Bank,review_title,1,Bad experience,Bad experience,Negative,0.9532056450843811,Accepted,Negative
517,232,United Overseas Bank,review_body_text,1,Wished I check glassdoor reviews before joining.,"Wished I check glassdoor reviews before joining. Colleagues are nice, some team leaders aren't helpful at all and will look down on you if you don't know certain things. Management doesn't care about you.",Negative,0.8378175497055054,Accepted,Negative
517,232,United Overseas Bank,review_body_text,2,"Colleagues are nice, some team leaders aren't helpful at all and will look down on you if you don't know certain things.","Wished I check glassdoor reviews before joining. Colleagues are nice, some team leaders aren't helpful at all and will look down on you if you don't know certain things. Management doesn't care about you.",Positive,0.8376714587211609,Accepted,Positive
517,232,United Overseas Bank,review_body_text,3,Management doesn't care about you.,"Wished I check glassdoor reviews before joining. Colleagues are nice, some team leaders aren't helpful at all and will look down on you if you don't know certain things. Management doesn't care about you.",Negative,0.8386457562446594,Accepted,Negative
518,233,RHB Bank Berhad,review_title,1,Top 5 largest Bank in Malaysia,Top 5 largest Bank in Malaysia,Positive,0.6797552108764648,Manual Review,Positive
519,233,RHB Bank Berhad,review_body_text,1,Good place to work but quite hierarchical due to the large size of the organisation.,"Good place to work but quite hierarchical due to the large size of the organisation. If you are looking for career progression, you’ll need to serve the time and slowly work your way up.",Positive,0.8221365809440613,Accepted,Positive
519,233,RHB Bank Berhad,review_body_text,2,"If you are looking for career progression, you’ll need to serve the time and slowly work your way up.","Good place to work but quite hierarchical due to the large size of the organisation. If you are looking for career progression, you’ll need to serve the time and slowly work your way up.",Negative,0.6832934617996216,Manual Review,Negative
520,234,Public-Bank-Berhad,review_title,1,Fair salary for fresh,Fair salary for fresh,Positive,0.7992485761642456,Accepted,Positive
521,234,Public-Bank-Berhad,review_body_text,1,Having access to quality benefits and fair compensation not only enhances job satisfaction but also contributes to the salary.,Having access to quality benefits and fair compensation not only enhances job satisfaction but also contributes to the salary. Salary was higher than average.,Positive,0.9836152791976929,Accepted,Positive
521,234,Public-Bank-Berhad,review_body_text,2,Salary was higher than average.,Having access to quality benefits and fair compensation not only enhances job satisfaction but also contributes to the salary. Salary was higher than average.,Positive,0.9147181510925293,Accepted,Positive
522,235,Cimb-Group,review_title,1,Training is provided which is help in jobscope.,Training is provided which is help in jobscope.,Positive,0.8616309762001038,Accepted,Positive
523,235,Cimb-Group,review_body_text,1,Training is provided which is help a lot in job scope.,"Training is provided which is help a lot in job scope. Environment is okay, surrounded by coworker that help in so many thing. Salary is low compare to other banking industry but still okay",Positive,0.9423565864562988,Accepted,Positive
523,235,Cimb-Group,review_body_text,2,"Environment is okay, surrounded by coworker that help in so many thing.","Training is provided which is help a lot in job scope. Environment is okay, surrounded by coworker that help in so many thing. Salary is low compare to other banking industry but still okay",Positive,0.8568441867828369,Accepted,Positive
523,235,Cimb-Group,review_body_text,3,Salary is low compare to other banking industry but still okay,"Training is provided which is help a lot in job scope. Environment is okay, surrounded by coworker that help in so many thing. Salary is low compare to other banking industry but still okay",Positive,0.5438851118087769,Manual Review,Positive
524,236,Ocbc,review_title,1,Learning environment,Learning environment,Positive,0.8634656667709351,Accepted,Positive
525,236,Ocbc,review_body_text,1,"Learning environment , need cope with the stress of hitting sales target, multi-tasking is needed.","Learning environment , need cope with the stress of hitting sales target, multi-tasking is needed. Good employee benefits. Strategic working location",Negative,0.7929567694664001,Accepted,Negative
525,236,Ocbc,review_body_text,2,Good employee benefits.,"Learning environment , need cope with the stress of hitting sales target, multi-tasking is needed. Good employee benefits. Strategic working location",Positive,0.9732479453086853,Accepted,Positive
525,236,Ocbc,review_body_text,3,Strategic working location,"Learning environment , need cope with the stress of hitting sales target, multi-tasking is needed. Good employee benefits. Strategic working location",Positive,0.8804231882095337,Accepted,Positive
526,237,RHB Bank Berhad,review_title,1,"Best workplace, good salary","Best workplace, good salary",Positive,0.9836201071739197,Accepted,Positive
527,237,RHB Bank Berhad,review_body_text,1,"Good salary , Good Environment, No work life Balance, Opportunity to learn, good training , No career growth, Good team work, good Benefits and compensation","Good salary , Good Environment, No work life Balance, Opportunity to learn, good training , No career growth, Good team work, good Benefits and compensation",Positive,0.9904478192329407,Accepted,Positive
528,238,maybank,review_title,1,fun workplace,fun workplace,Positive,0.9451605081558228,Accepted,Positive
529,238,maybank,review_body_text,1,"nice colleague, best working environment, got training and seniors are willingly to teach you if you are lost or dumbfounded.","nice colleague, best working environment, got training and seniors are willingly to teach you if you are lost or dumbfounded. hope to get a permanent job at maybank",Positive,0.9833737015724182,Accepted,Positive
529,238,maybank,review_body_text,2,hope to get a permanent job at maybank,"nice colleague, best working environment, got training and seniors are willingly to teach you if you are lost or dumbfounded. hope to get a permanent job at maybank",Positive,0.9173575043678284,Accepted,Positive
530,239,bank islam,review_title,1,Positive working environment,Positive working environment,Positive,0.9866239428520203,Accepted,Positive
531,239,bank islam,review_body_text,1,"The working environment is very positive, it is very inclusive and the colleagues are very supportive.","The working environment is very positive, it is very inclusive and the colleagues are very supportive. People are friendly and easy to approach. Recommended to join!",Positive,0.975508987903595,Accepted,Positive
531,239,bank islam,review_body_text,2,People are friendly and easy to approach.,"The working environment is very positive, it is very inclusive and the colleagues are very supportive. People are friendly and easy to approach. Recommended to join!",Positive,0.9160129427909851,Accepted,Positive
531,239,bank islam,review_body_text,3,Recommended to join!,"The working environment is very positive, it is very inclusive and the colleagues are very supportive. People are friendly and easy to approach. Recommended to join!",Positive,0.9591518044471741,Accepted,Positive
532,240,Cimb-Group,review_title,1,"Fun people, company guidelines are ever changing","Fun people, company guidelines are ever changing",Positive,0.9241976141929626,Accepted,Positive
533,240,Cimb-Group,review_body_text,1,"In the spend of 6 months, the company had change its guidelines 4 times which effect the sales department heavily.","In the spend of 6 months, the company had change its guidelines 4 times which effect the sales department heavily. The company doesn't care for the sales people period.",Negative,0.907737135887146,Accepted,Negative
533,240,Cimb-Group,review_body_text,2,The company doesn't care for the sales people period.,"In the spend of 6 months, the company had change its guidelines 4 times which effect the sales department heavily. The company doesn't care for the sales people period.",Negative,0.8165176510810852,Accepted,Negative
534,241,Public-Bank-Berhad,review_title,1,Good for stable life,Good for stable life,Positive,0.8168376684188843,Accepted,Positive
535,241,Public-Bank-Berhad,review_body_text,1,Different business units work in silos.,"Different business units work in silos. Hard to streamline processes to avoid manual work. However, remuneration package is good. Good for stable life.",Negative,0.5396242141723633,Manual Review,Negative
535,241,Public-Bank-Berhad,review_body_text,2,Hard to streamline processes to avoid manual work.,"Different business units work in silos. Hard to streamline processes to avoid manual work. However, remuneration package is good. Good for stable life.",Negative,0.8059957027435303,Accepted,Negative
535,241,Public-Bank-Berhad,review_body_text,3,"However, remuneration package is good.","Different business units work in silos. Hard to streamline processes to avoid manual work. However, remuneration package is good. Good for stable life.",Positive,0.8873652815818787,Accepted,Positive
535,241,Public-Bank-Berhad,review_body_text,4,Good for stable life.,"Different business units work in silos. Hard to streamline processes to avoid manual work. However, remuneration package is good. Good for stable life.",Positive,0.7851809859275818,Accepted,Positive
536,242,Ocbc,review_title,1,"Well Work Life Balance, Friendly Colleague","Well Work Life Balance, Friendly Colleague",Positive,0.9622933864593506,Accepted,Positive
537,242,Ocbc,review_body_text,1,Pros Workload not very heavy Senior Micro-Frontend Developer friendly and willing to teach us.,"Pros Workload not very heavy Senior Micro-Frontend Developer friendly and willing to teach us. Cons No more work from home, and fixed working hours. Summary Overall quite good",Positive,0.9934682846069336,Accepted,Positive
537,242,Ocbc,review_body_text,2,"Cons No more work from home, and fixed working hours.","Pros Workload not very heavy Senior Micro-Frontend Developer friendly and willing to teach us. Cons No more work from home, and fixed working hours. Summary Overall quite good",Negative,0.9225632548332214,Accepted,Negative
537,242,Ocbc,review_body_text,3,Summary Overall quite good,"Pros Workload not very heavy Senior Micro-Frontend Developer friendly and willing to teach us. Cons No more work from home, and fixed working hours. Summary Overall quite good",Positive,0.7831355929374695,Accepted,Positive
538,243,Public-Bank-Berhad,review_title,1,Good Experience,Good Experience,Positive,0.8446674346923828,Accepted,Positive
539,243,Public-Bank-Berhad,review_body_text,1,Over all good experience and good remuneration.,"Over all good experience and good remuneration. Challenging in the sense of multitasking and sales targets to meet. Good experience, steep learning curve.",Positive,0.952313244342804,Accepted,Positive
539,243,Public-Bank-Berhad,review_body_text,2,Challenging in the sense of multitasking and sales targets to meet.,"Over all good experience and good remuneration. Challenging in the sense of multitasking and sales targets to meet. Good experience, steep learning curve.",Negative,0.8114306926727295,Accepted,Negative
539,243,Public-Bank-Berhad,review_body_text,3,"Good experience, steep learning curve.","Over all good experience and good remuneration. Challenging in the sense of multitasking and sales targets to meet. Good experience, steep learning curve.",Positive,0.8370260000228882,Accepted,Positive
540,244,Public-Bank-Berhad,review_title,1,Productive and fun workplace,Productive and fun workplace,Positive,0.975767970085144,Accepted,Positive
541,244,Public-Bank-Berhad,review_body_text,1,PB offer a lot of benefits compared to any other company.,PB offer a lot of benefits compared to any other company. This is the best thing in PB. You will think a lot of time if you want to resign because of the benefits,Positive,0.9387733936309814,Accepted,Positive
541,244,Public-Bank-Berhad,review_body_text,2,This is the best thing in PB.,PB offer a lot of benefits compared to any other company. This is the best thing in PB. You will think a lot of time if you want to resign because of the benefits,Positive,0.9438353180885315,Accepted,Positive
541,244,Public-Bank-Berhad,review_body_text,3,You will think a lot of time if you want to resign because of the benefits,PB offer a lot of benefits compared to any other company. This is the best thing in PB. You will think a lot of time if you want to resign because of the benefits,Positive,0.6759383082389832,Manual Review,Positive
542,245,United Overseas Bank,review_title,1,good for learning something new,good for learning something new,Positive,0.9636337757110596,Accepted,Positive
543,245,United Overseas Bank,review_body_text,1,"good colleagues, good environment and good management.","good colleagues, good environment and good management. No toxic and eventho you were overwhelmed with heavy workloads, but its okay. The team really supportive and helpful especially when youre having trouble/problem in your work. You can learn a lot from the team. I miss my teamates so much.",Positive,0.9628126621246338,Accepted,Positive
543,245,United Overseas Bank,review_body_text,2,"No toxic and eventho you were overwhelmed with heavy workloads, but its okay.","good colleagues, good environment and good management. No toxic and eventho you were overwhelmed with heavy workloads, but its okay. The team really supportive and helpful especially when youre having trouble/problem in your work. You can learn a lot from the team. I miss my teamates so much.",Negative,0.36937588453292847,Manual Review,Negative
543,245,United Overseas Bank,review_body_text,3,The team really supportive and helpful especially when youre having trouble/problem in your work.,"good colleagues, good environment and good management. No toxic and eventho you were overwhelmed with heavy workloads, but its okay. The team really supportive and helpful especially when youre having trouble/problem in your work. You can learn a lot from the team. I miss my teamates so much.",Positive,0.9854891896247864,Accepted,Positive
543,245,United Overseas Bank,review_body_text,4,You can learn a lot from the team.,"good colleagues, good environment and good management. No toxic and eventho you were overwhelmed with heavy workloads, but its okay. The team really supportive and helpful especially when youre having trouble/problem in your work. You can learn a lot from the team. I miss my teamates so much.",Positive,0.892299473285675,Accepted,Positive
543,245,United Overseas Bank,review_body_text,5,I miss my teamates so much.,"good colleagues, good environment and good management. No toxic and eventho you were overwhelmed with heavy workloads, but its okay. The team really supportive and helpful especially when youre having trouble/problem in your work. You can learn a lot from the team. I miss my teamates so much.",Negative,0.5258671045303345,Manual Review,Negative
544,246,Public-Bank-Berhad,review_title,1,Can learn something,Can learn something,Positive,0.6428970098495483,Manual Review,Positive
545,246,Public-Bank-Berhad,review_body_text,1,"No work life balance, good benefits and increment with bonus.","No work life balance, good benefits and increment with bonus. Don't expect ot claim. Eg is your ot. Great for newbie. Can learn something from pb and make it as you stepping stone",Negative,0.5368393659591675,Manual Review,Negative
545,246,Public-Bank-Berhad,review_body_text,2,Don't expect ot claim.,"No work life balance, good benefits and increment with bonus. Don't expect ot claim. Eg is your ot. Great for newbie. Can learn something from pb and make it as you stepping stone",Negative,0.640367329120636,Manual Review,Negative
545,246,Public-Bank-Berhad,review_body_text,3,Eg is your ot.,"No work life balance, good benefits and increment with bonus. Don't expect ot claim. Eg is your ot. Great for newbie. Can learn something from pb and make it as you stepping stone",Positive,0.7797975540161133,Accepted,Positive
545,246,Public-Bank-Berhad,review_body_text,4,Great for newbie.,"No work life balance, good benefits and increment with bonus. Don't expect ot claim. Eg is your ot. Great for newbie. Can learn something from pb and make it as you stepping stone",Positive,0.9563993215560913,Accepted,Positive
545,246,Public-Bank-Berhad,review_body_text,5,Can learn something from pb and make it as you stepping stone,"No work life balance, good benefits and increment with bonus. Don't expect ot claim. Eg is your ot. Great for newbie. Can learn something from pb and make it as you stepping stone",Positive,0.7775352001190186,Accepted,Positive
547,247,Public-Bank-Berhad,review_body_text,1,The position is really stress.,The position is really stress. Branch manager and regional manager always push you to achieve the monthly target. They keep on asking why cant achieve the target.,Negative,0.9646234512329102,Accepted,Negative
547,247,Public-Bank-Berhad,review_body_text,2,Branch manager and regional manager always push you to achieve the monthly target.,The position is really stress. Branch manager and regional manager always push you to achieve the monthly target. They keep on asking why cant achieve the target.,Positive,0.8303009867668152,Accepted,Positive
547,247,Public-Bank-Berhad,review_body_text,3,They keep on asking why cant achieve the target.,The position is really stress. Branch manager and regional manager always push you to achieve the monthly target. They keep on asking why cant achieve the target.,Negative,0.9584593176841736,Accepted,Negative
548,248,maybank,review_title,1,stressful job but great benefit,stressful job but great benefit,Positive,0.9346413612365723,Accepted,Positive
549,248,maybank,review_body_text,1,sales target is too high and management will push you to hit every month.,"sales target is too high and management will push you to hit every month. management is not helping, but colleague all okay and supportive. benefits are great",Negative,0.6903799176216125,Manual Review,Negative
549,248,maybank,review_body_text,2,"management is not helping, but colleague all okay and supportive.","sales target is too high and management will push you to hit every month. management is not helping, but colleague all okay and supportive. benefits are great",Positive,0.5247151255607605,Manual Review,Positive
549,248,maybank,review_body_text,3,benefits are great,"sales target is too high and management will push you to hit every month. management is not helping, but colleague all okay and supportive. benefits are great",Positive,0.9479641914367676,Accepted,Positive
550,249,maybank,review_title,1,productive and fun work place,productive and fun work place,Positive,0.9918771386146545,Accepted,Positive
551,249,maybank,review_body_text,1,Managers are quite supportive despite i was in sales line.,Managers are quite supportive despite i was in sales line. Customer base are quite wide and can be tricky to handle but the customer are very warm to hear any proposal from maybank,Positive,0.9794167280197144,Accepted,Positive
551,249,maybank,review_body_text,2,Customer base are quite wide and can be tricky to handle but the customer are very warm to hear any proposal from maybank,Managers are quite supportive despite i was in sales line. Customer base are quite wide and can be tricky to handle but the customer are very warm to hear any proposal from maybank,Positive,0.9413086771965027,Accepted,Positive
552,249,maybank,pros_text,1,Great medical benefits,Great medical benefits,Positive,0.9646211266517639,Accepted,Positive
553,250,Public-Bank-Berhad,review_title,1,Benefits is quite good,Benefits is quite good,Positive,0.9096395969390869,Accepted,Positive
554,250,Public-Bank-Berhad,review_body_text,1,"Our company offers exceptional benefits, including comprehensive health coverage, generous retirement plans, flexible work arrangements, professional development opportunities, wellness programs, and recognition for our hard work.","Our company offers exceptional benefits, including comprehensive health coverage, generous retirement plans, flexible work arrangements, professional development opportunities, wellness programs, and recognition for our hard work. These benefits reflect the company’s commitment to supporting and enriching the lives of its employees.",Positive,0.9820056557655334,Accepted,Positive
554,250,Public-Bank-Berhad,review_body_text,2,These benefits reflect the company’s commitment to supporting and enriching the lives of its employees.,"Our company offers exceptional benefits, including comprehensive health coverage, generous retirement plans, flexible work arrangements, professional development opportunities, wellness programs, and recognition for our hard work. These benefits reflect the company’s commitment to supporting and enriching the lives of its employees.",Positive,0.9701098203659058,Accepted,Positive
555,251,United Overseas Bank,review_title,1,Good company,Good company,Positive,0.8442359566688538,Accepted,Positive
556,251,United Overseas Bank,review_body_text,1,"Overall ok, management ok, benefits ok, paid on time , supportive team, good bank, good allowance, good salary, good benefits, good system, treat us fairly ,","Overall ok, management ok, benefits ok, paid on time , supportive team, good bank, good allowance, good salary, good benefits, good system, treat us fairly ,",Positive,0.8049970269203186,Accepted,Positive
557,252,maybank,review_title,1,Productive and fun environment,Productive and fun environment,Positive,0.9781073927879333,Accepted,Positive
558,252,maybank,review_body_text,1,Good working in maybank.,"Good working in maybank. Have a good benefit, continuous learning, great teamwork with the team. But working in sales department , you must achieved target to get commission",Positive,0.9355152249336243,Accepted,Positive
558,252,maybank,review_body_text,2,"Have a good benefit, continuous learning, great teamwork with the team.","Good working in maybank. Have a good benefit, continuous learning, great teamwork with the team. But working in sales department , you must achieved target to get commission",Positive,0.9678298234939575,Accepted,Positive
558,252,maybank,review_body_text,3,"But working in sales department , you must achieved target to get commission","Good working in maybank. Have a good benefit, continuous learning, great teamwork with the team. But working in sales department , you must achieved target to get commission",Negative,0.6562820076942444,Manual Review,Negative
559,253,Public-Bank-Berhad,review_title,1,Okay place to work at,Okay place to work at,Positive,0.7500040531158447,Accepted,Positive
560,253,Public-Bank-Berhad,review_body_text,1,Salary is at least average.,Salary is at least average. People who works there are energized and driven. Some employees in the IT department work in a semi-basement that doesn't see a lot of sunlight during the day.,Positive,0.5930135250091553,Manual Review,Positive
560,253,Public-Bank-Berhad,review_body_text,2,People who works there are energized and driven.,Salary is at least average. People who works there are energized and driven. Some employees in the IT department work in a semi-basement that doesn't see a lot of sunlight during the day.,Positive,0.9880732297897339,Accepted,Positive
560,253,Public-Bank-Berhad,review_body_text,3,Some employees in the IT department work in a semi-basement that doesn't see a lot of sunlight during the day.,Salary is at least average. People who works there are energized and driven. Some employees in the IT department work in a semi-basement that doesn't see a lot of sunlight during the day.,Negative,0.8566763401031494,Accepted,Negative
561,254,Bank-Rakyat,review_title,1,Great Place for work,Great Place for work,Positive,0.9809120297431946,Accepted,Positive
562,254,Bank-Rakyat,review_body_text,1,great place to start out my career.,great place to start out my career. my supervisor has been very helpful in teaching me the basics of the job to start of in the industry. Helpful colleagues as well and are willing to teach new joiners. office is great and also get to wear casual wear to the office,Positive,0.9867688417434692,Accepted,Positive
562,254,Bank-Rakyat,review_body_text,2,my supervisor has been very helpful in teaching me the basics of the job to start of in the industry.,great place to start out my career. my supervisor has been very helpful in teaching me the basics of the job to start of in the industry. Helpful colleagues as well and are willing to teach new joiners. office is great and also get to wear casual wear to the office,Positive,0.9806491732597351,Accepted,Positive
562,254,Bank-Rakyat,review_body_text,3,Helpful colleagues as well and are willing to teach new joiners.,great place to start out my career. my supervisor has been very helpful in teaching me the basics of the job to start of in the industry. Helpful colleagues as well and are willing to teach new joiners. office is great and also get to wear casual wear to the office,Positive,0.9640169739723206,Accepted,Positive
562,254,Bank-Rakyat,review_body_text,4,office is great and also get to wear casual wear to the office,great place to start out my career. my supervisor has been very helpful in teaching me the basics of the job to start of in the industry. Helpful colleagues as well and are willing to teach new joiners. office is great and also get to wear casual wear to the office,Positive,0.9849092960357666,Accepted,Positive
563,255,Public-Bank-Berhad,review_title,1,"No positive reviews, no work life balance.","No positive reviews, no work life balance. Everything is about selling",Negative,0.9583391547203064,Accepted,Negative
563,255,Public-Bank-Berhad,review_title,2,Everything is about selling,"No positive reviews, no work life balance. Everything is about selling",Negative,0.6650834679603577,Manual Review,Negative
564,255,Public-Bank-Berhad,review_body_text,1,"No positive reviews, no work life balance.","No positive reviews, no work life balance. Everything is about selling here. You don’t get commission for during cross selling. Except for clericals every other officers has to do cross selling like saving accounts and so on.",Negative,0.9583391547203064,Accepted,Negative
564,255,Public-Bank-Berhad,review_body_text,2,Everything is about selling here.,"No positive reviews, no work life balance. Everything is about selling here. You don’t get commission for during cross selling. Except for clericals every other officers has to do cross selling like saving accounts and so on.",Negative,0.6490518450737,Manual Review,Negative
564,255,Public-Bank-Berhad,review_body_text,3,You don’t get commission for during cross selling.,"No positive reviews, no work life balance. Everything is about selling here. You don’t get commission for during cross selling. Except for clericals every other officers has to do cross selling like saving accounts and so on.",Negative,0.5849476456642151,Manual Review,Negative
564,255,Public-Bank-Berhad,review_body_text,4,Except for clericals every other officers has to do cross selling like saving accounts and so on.,"No positive reviews, no work life balance. Everything is about selling here. You don’t get commission for during cross selling. Except for clericals every other officers has to do cross selling like saving accounts and so on.",Negative,0.525505006313324,Manual Review,Negative
565,256,Bank-Rakyat,review_title,1,Very productive and fun workplace,Very productive and fun workplace,Positive,0.9857667088508606,Accepted,Positive
566,256,Bank-Rakyat,review_body_text,1,"fun environment, less toxic, but not all workplace is perfect, so a little imperfections is acceptable.","fun environment, less toxic, but not all workplace is perfect, so a little imperfections is acceptable. Staff benefits is very very good in this company. Very recommended to work.",Positive,0.9163256883621216,Accepted,Positive
566,256,Bank-Rakyat,review_body_text,2,Staff benefits is very very good in this company.,"fun environment, less toxic, but not all workplace is perfect, so a little imperfections is acceptable. Staff benefits is very very good in this company. Very recommended to work.",Positive,0.9885923266410828,Accepted,Positive
566,256,Bank-Rakyat,review_body_text,3,Very recommended to work.,"fun environment, less toxic, but not all workplace is perfect, so a little imperfections is acceptable. Staff benefits is very very good in this company. Very recommended to work.",Positive,0.9798017740249634,Accepted,Positive
567,257,maybank,review_title,1,Fun and encouraging,Fun and encouraging,Positive,0.9519193768501282,Accepted,Positive
568,257,maybank,review_body_text,1,"Great team, supportive culture, challenging work.","Great team, supportive culture, challenging work. Fosters learning & growth, highly recommend! Positive environment, flexible hours, great benefits. High pressure, long hours, limited growth opportunities. Unclear expectations, poor communication, low morale.",Positive,0.9826796650886536,Accepted,Positive
568,257,maybank,review_body_text,2,"Fosters learning & growth, highly recommend!","Great team, supportive culture, challenging work. Fosters learning & growth, highly recommend! Positive environment, flexible hours, great benefits. High pressure, long hours, limited growth opportunities. Unclear expectations, poor communication, low morale.",Positive,0.9928749203681946,Accepted,Positive
568,257,maybank,review_body_text,3,"Positive environment, flexible hours, great benefits.","Great team, supportive culture, challenging work. Fosters learning & growth, highly recommend! Positive environment, flexible hours, great benefits. High pressure, long hours, limited growth opportunities. Unclear expectations, poor communication, low morale.",Positive,0.9775528311729431,Accepted,Positive
568,257,maybank,review_body_text,4,"High pressure, long hours, limited growth opportunities.","Great team, supportive culture, challenging work. Fosters learning & growth, highly recommend! Positive environment, flexible hours, great benefits. High pressure, long hours, limited growth opportunities. Unclear expectations, poor communication, low morale.",Negative,0.9594166278839111,Accepted,Negative
568,257,maybank,review_body_text,5,"Unclear expectations, poor communication, low morale.","Great team, supportive culture, challenging work. Fosters learning & growth, highly recommend! Positive environment, flexible hours, great benefits. High pressure, long hours, limited growth opportunities. Unclear expectations, poor communication, low morale.",Negative,0.9743523597717285,Accepted,Negative
569,258,Cimb-Group,review_title,1,Good working environment.,Good working environment.,Positive,0.9227466583251953,Accepted,Positive
570,258,Cimb-Group,review_body_text,1,Good place to start as a first time official job.,Good place to start as a first time official job. Learn to find ways in achievement. Incentive for sale staff is average. Location is strategic. Huge market.,Positive,0.9531389474868774,Accepted,Positive
570,258,Cimb-Group,review_body_text,2,Learn to find ways in achievement.,Good place to start as a first time official job. Learn to find ways in achievement. Incentive for sale staff is average. Location is strategic. Huge market.,Positive,0.633713960647583,Manual Review,Positive
570,258,Cimb-Group,review_body_text,3,Incentive for sale staff is average.,Good place to start as a first time official job. Learn to find ways in achievement. Incentive for sale staff is average. Location is strategic. Huge market.,Neutral,0.6898823380470276,Manual Review,Neutral
570,258,Cimb-Group,review_body_text,4,Location is strategic.,Good place to start as a first time official job. Learn to find ways in achievement. Incentive for sale staff is average. Location is strategic. Huge market.,Positive,0.6904876232147217,Manual Review,Positive
570,258,Cimb-Group,review_body_text,5,Huge market.,Good place to start as a first time official job. Learn to find ways in achievement. Incentive for sale staff is average. Location is strategic. Huge market.,Positive,0.895240306854248,Accepted,Positive
571,259,HSBC,review_title,1,Fun workplace and nice working environment,Fun workplace and nice working environment,Positive,0.9764911532402039,Accepted,Positive
572,259,HSBC,review_body_text,1,The office is great and has a nice team to work together.,"The office is great and has a nice team to work together. Everyone helps each other. Some team leaders might not be helpful to the team. Overall, everyone feel welcome.",Positive,0.9626172780990601,Accepted,Positive
572,259,HSBC,review_body_text,2,Everyone helps each other.,"The office is great and has a nice team to work together. Everyone helps each other. Some team leaders might not be helpful to the team. Overall, everyone feel welcome.",Positive,0.841001570224762,Accepted,Positive
572,259,HSBC,review_body_text,3,Some team leaders might not be helpful to the team.,"The office is great and has a nice team to work together. Everyone helps each other. Some team leaders might not be helpful to the team. Overall, everyone feel welcome.",Negative,0.9277090430259705,Accepted,Negative
572,259,HSBC,review_body_text,4,"Overall, everyone feel welcome.","The office is great and has a nice team to work together. Everyone helps each other. Some team leaders might not be helpful to the team. Overall, everyone feel welcome.",Positive,0.7865983843803406,Accepted,Positive
574,260,Ocbc,review_body_text,1,"shift hour working, the schedule was tiring coz keep changing, but the salary quite high, so its quite balance.","shift hour working, the schedule was tiring coz keep changing, but the salary quite high, so its quite balance. those who looking for experience, this is the place for you",Positive,0.519687294960022,Manual Review,Positive
574,260,Ocbc,review_body_text,2,"those who looking for experience, this is the place for you","shift hour working, the schedule was tiring coz keep changing, but the salary quite high, so its quite balance. those who looking for experience, this is the place for you",Positive,0.9662131667137146,Accepted,Positive
575,261,Public-Bank-Berhad,review_title,1,Long working hours,Long working hours,Negative,0.904106855392456,Accepted,Negative
576,261,Public-Bank-Berhad,review_body_text,1,"Long working hours without pay, old school, very traditional company, a lot of paperworks, system always hang especially in the evening… nothing good except the benefits like increment and bonus and low interest on HL and HP..","Long working hours without pay, old school, very traditional company, a lot of paperworks, system always hang especially in the evening… nothing good except the benefits like increment and bonus and low interest on HL and HP..",Negative,0.9623560905456543,Accepted,Negative
577,262,maybank,review_title,1,Not a productive environment to work with,Not a productive environment to work with,Negative,0.9678019285202026,Accepted,Negative
578,262,maybank,review_body_text,1,To much target to be achieved and ridiculous sales KPI.,To much target to be achieved and ridiculous sales KPI. Work environment is okay but still you had to blend in well. Salary is high for fresh graduate but with high salary comes with high risk as well,Negative,0.930427074432373,Accepted,Negative
578,262,maybank,review_body_text,2,Work environment is okay but still you had to blend in well.,To much target to be achieved and ridiculous sales KPI. Work environment is okay but still you had to blend in well. Salary is high for fresh graduate but with high salary comes with high risk as well,Neutral,0.4286594092845917,Manual Review,Neutral
578,262,maybank,review_body_text,3,Salary is high for fresh graduate but with high salary comes with high risk as well,To much target to be achieved and ridiculous sales KPI. Work environment is okay but still you had to blend in well. Salary is high for fresh graduate but with high salary comes with high risk as well,Negative,0.8546448945999146,Accepted,Negative
579,263,Public-Bank-Berhad,review_title,1,Long working hours,Long working hours,Negative,0.904106855392456,Accepted,Negative
580,263,Public-Bank-Berhad,review_body_text,1,Expect long working hours.,"Expect long working hours. That being said, you get to learn a great deal about mortgages, banking and lending. Structured training is provided as well.",Negative,0.8264190554618835,Accepted,Negative
580,263,Public-Bank-Berhad,review_body_text,2,"That being said, you get to learn a great deal about mortgages, banking and lending.","Expect long working hours. That being said, you get to learn a great deal about mortgages, banking and lending. Structured training is provided as well.",Positive,0.6753082275390625,Manual Review,Positive
580,263,Public-Bank-Berhad,review_body_text,3,Structured training is provided as well.,"Expect long working hours. That being said, you get to learn a great deal about mortgages, banking and lending. Structured training is provided as well.",Positive,0.8406248688697815,Accepted,Positive
581,264,Cimb-Group,review_title,1,Work pace is slow at my team,Work pace is slow at my team,Negative,0.9051021933555603,Accepted,Negative
582,264,Cimb-Group,review_body_text,1,"Was placed in a consumer banking team, which I find quite it quite chilling when I was looking for a more intense role.","Was placed in a consumer banking team, which I find quite it quite chilling when I was looking for a more intense role. However, boss was very kind and always help to guide me",Negative,0.9572848677635193,Accepted,Negative
582,264,Cimb-Group,review_body_text,2,"However, boss was very kind and always help to guide me","Was placed in a consumer banking team, which I find quite it quite chilling when I was looking for a more intense role. However, boss was very kind and always help to guide me",Positive,0.9136016368865967,Accepted,Positive
583,265,maybank,review_title,1,Productive and work fun place,Productive and work fun place,Positive,0.9696067571640015,Accepted,Positive
584,265,maybank,review_body_text,1,What is the best part of working at the company?,What is the best part of working at the company? Salary and the benefits. Experience What is the most stressful part about working at the company? Target given by company higher What is the work environment and culture like at the company? The place and also the customers What is a typical day like for you at the company? On the Friday..good mood always,Positive,0.8981525897979736,Accepted,Positive
584,265,maybank,review_body_text,2,Salary and the benefits.,What is the best part of working at the company? Salary and the benefits. Experience What is the most stressful part about working at the company? Target given by company higher What is the work environment and culture like at the company? The place and also the customers What is a typical day like for you at the company? On the Friday..good mood always,Positive,0.9049959778785706,Accepted,Positive
584,265,maybank,review_body_text,3,Experience What is the most stressful part about working at the company?,What is the best part of working at the company? Salary and the benefits. Experience What is the most stressful part about working at the company? Target given by company higher What is the work environment and culture like at the company? The place and also the customers What is a typical day like for you at the company? On the Friday..good mood always,Negative,0.9102725386619568,Accepted,Negative
584,265,maybank,review_body_text,4,Target given by company higher What is the work environment and culture like at the company?,What is the best part of working at the company? Salary and the benefits. Experience What is the most stressful part about working at the company? Target given by company higher What is the work environment and culture like at the company? The place and also the customers What is a typical day like for you at the company? On the Friday..good mood always,Positive,0.5324762463569641,Manual Review,Positive
584,265,maybank,review_body_text,5,The place and also the customers What is a typical day like for you at the company?,What is the best part of working at the company? Salary and the benefits. Experience What is the most stressful part about working at the company? Target given by company higher What is the work environment and culture like at the company? The place and also the customers What is a typical day like for you at the company? On the Friday..good mood always,Positive,0.705628514289856,Manual Review,Positive
584,265,maybank,review_body_text,6,On the Friday..,What is the best part of working at the company? Salary and the benefits. Experience What is the most stressful part about working at the company? Target given by company higher What is the work environment and culture like at the company? The place and also the customers What is a typical day like for you at the company? On the Friday..good mood always,Positive,0.40998148918151855,Manual Review,Positive
584,265,maybank,review_body_text,7,good mood always,What is the best part of working at the company? Salary and the benefits. Experience What is the most stressful part about working at the company? Target given by company higher What is the work environment and culture like at the company? The place and also the customers What is a typical day like for you at the company? On the Friday..good mood always,Positive,0.823592483997345,Accepted,Positive
585,266,bank islam,review_title,1,Malay based,Malay based,Positive,0.4334135353565216,Manual Review,Positive
586,266,bank islam,review_body_text,1,"OK, but not much career growth.","OK, but not much career growth. Not much diversity as well. But workers are very nice and friendly, sometimes got trips such as hiking to Mount Kinabalu",Negative,0.48213469982147217,Manual Review,Negative
586,266,bank islam,review_body_text,2,Not much diversity as well.,"OK, but not much career growth. Not much diversity as well. But workers are very nice and friendly, sometimes got trips such as hiking to Mount Kinabalu",Negative,0.901977002620697,Accepted,Negative
586,266,bank islam,review_body_text,3,"But workers are very nice and friendly, sometimes got trips such as hiking to Mount Kinabalu","OK, but not much career growth. Not much diversity as well. But workers are very nice and friendly, sometimes got trips such as hiking to Mount Kinabalu",Positive,0.9737911224365234,Accepted,Positive
587,267,Public-Bank-Berhad,review_title,1,"Great salary, bonus and increment","Great salary, bonus and increment",Positive,0.9898744225502014,Accepted,Positive
588,267,Public-Bank-Berhad,review_body_text,1,Im involved in HP.,"Im involved in HP. First of all, the position is quite hardcore. You are expected to go beyond ur KPI. The workload is quite heavy, but by time ull get used to it. The great thing about the position, is the pay, bonuses and increment. Overall its a great place to learn. But be ready to work long hours, as it is the norm here.",Positive,0.6180774569511414,Manual Review,Positive
588,267,Public-Bank-Berhad,review_body_text,2,"First of all, the position is quite hardcore.","Im involved in HP. First of all, the position is quite hardcore. You are expected to go beyond ur KPI. The workload is quite heavy, but by time ull get used to it. The great thing about the position, is the pay, bonuses and increment. Overall its a great place to learn. But be ready to work long hours, as it is the norm here.",Negative,0.8864439129829407,Accepted,Negative
588,267,Public-Bank-Berhad,review_body_text,3,You are expected to go beyond ur KPI.,"Im involved in HP. First of all, the position is quite hardcore. You are expected to go beyond ur KPI. The workload is quite heavy, but by time ull get used to it. The great thing about the position, is the pay, bonuses and increment. Overall its a great place to learn. But be ready to work long hours, as it is the norm here.",Positive,0.5483903884887695,Manual Review,Positive
588,267,Public-Bank-Berhad,review_body_text,4,"The workload is quite heavy, but by time ull get used to it.","Im involved in HP. First of all, the position is quite hardcore. You are expected to go beyond ur KPI. The workload is quite heavy, but by time ull get used to it. The great thing about the position, is the pay, bonuses and increment. Overall its a great place to learn. But be ready to work long hours, as it is the norm here.",Negative,0.536270797252655,Manual Review,Negative
588,267,Public-Bank-Berhad,review_body_text,5,"The great thing about the position, is the pay, bonuses and increment.","Im involved in HP. First of all, the position is quite hardcore. You are expected to go beyond ur KPI. The workload is quite heavy, but by time ull get used to it. The great thing about the position, is the pay, bonuses and increment. Overall its a great place to learn. But be ready to work long hours, as it is the norm here.",Positive,0.9797757863998413,Accepted,Positive
588,267,Public-Bank-Berhad,review_body_text,6,Overall its a great place to learn.,"Im involved in HP. First of all, the position is quite hardcore. You are expected to go beyond ur KPI. The workload is quite heavy, but by time ull get used to it. The great thing about the position, is the pay, bonuses and increment. Overall its a great place to learn. But be ready to work long hours, as it is the norm here.",Positive,0.8194735646247864,Accepted,Positive
588,267,Public-Bank-Berhad,review_body_text,7,"But be ready to work long hours, as it is the norm here.","Im involved in HP. First of all, the position is quite hardcore. You are expected to go beyond ur KPI. The workload is quite heavy, but by time ull get used to it. The great thing about the position, is the pay, bonuses and increment. Overall its a great place to learn. But be ready to work long hours, as it is the norm here.",Negative,0.6086646914482117,Manual Review,Negative
589,268,maybank,review_title,1,Workload didn’t worth the salary.,Workload didn’t worth the salary. Old working system.,Negative,0.9469071626663208,Accepted,Negative
589,268,maybank,review_title,2,Old working system.,Workload didn’t worth the salary. Old working system.,Negative,0.6490758657455444,Manual Review,Negative
590,268,maybank,review_body_text,1,2k salary for protege.,"2k salary for protege. OT can be claimed but depends on line manager. No benefits, 8 months contract with total of 16 annual leave. Old working system, old office.",Positive,0.6832001209259033,Manual Review,Positive
590,268,maybank,review_body_text,2,OT can be claimed but depends on line manager.,"2k salary for protege. OT can be claimed but depends on line manager. No benefits, 8 months contract with total of 16 annual leave. Old working system, old office.",Positive,0.534136950969696,Manual Review,Positive
590,268,maybank,review_body_text,3,"No benefits, 8 months contract with total of 16 annual leave.","2k salary for protege. OT can be claimed but depends on line manager. No benefits, 8 months contract with total of 16 annual leave. Old working system, old office.",Negative,0.8434567451477051,Accepted,Negative
590,268,maybank,review_body_text,4,"Old working system, old office.","2k salary for protege. OT can be claimed but depends on line manager. No benefits, 8 months contract with total of 16 annual leave. Old working system, old office.",Negative,0.7397403717041016,Manual Review,Negative
591,269,Public-Bank-Berhad,review_title,1,Not a good place unless you're willing to do anything for money,Not a good place unless you're willing to do anything for money,Negative,0.9821946024894714,Accepted,Negative
592,269,Public-Bank-Berhad,review_body_text,1,'-No guidance given to newbies,"'-No guidance given to newbies -No OT payment but expected to OT every single day -Toxic work environment, you just sit down for 9 hours and stay glued at your screen, and everybody hates it if you take a quick break to the toilet, or suggest any new approaches -Please digitalize the processes in credit as the bank is outdated in this expect, please look at other competitors.",Negative,0.9178991913795471,Accepted,Negative
592,269,Public-Bank-Berhad,review_body_text,2,No OT payment but expected to OT every single day,"'-No guidance given to newbies -No OT payment but expected to OT every single day -Toxic work environment, you just sit down for 9 hours and stay glued at your screen, and everybody hates it if you take a quick break to the toilet, or suggest any new approaches -Please digitalize the processes in credit as the bank is outdated in this expect, please look at other competitors.",Negative,0.6528748273849487,Manual Review,Negative
592,269,Public-Bank-Berhad,review_body_text,3,"Toxic work environment, you just sit down for 9 hours and stay glued at your screen, and everybody hates it if you take a quick break to the toilet, or suggest any new approaches","'-No guidance given to newbies -No OT payment but expected to OT every single day -Toxic work environment, you just sit down for 9 hours and stay glued at your screen, and everybody hates it if you take a quick break to the toilet, or suggest any new approaches -Please digitalize the processes in credit as the bank is outdated in this expect, please look at other competitors.",Negative,0.9953514933586121,Accepted,Negative
592,269,Public-Bank-Berhad,review_body_text,4,"Please digitalize the processes in credit as the bank is outdated in this expect, please look at other competitors.","'-No guidance given to newbies -No OT payment but expected to OT every single day -Toxic work environment, you just sit down for 9 hours and stay glued at your screen, and everybody hates it if you take a quick break to the toilet, or suggest any new approaches -Please digitalize the processes in credit as the bank is outdated in this expect, please look at other competitors.",Negative,0.6177800297737122,Manual Review,Negative
593,270,United Overseas Bank,review_title,1,Fast paced but try to connect with competent seniors/colleagues,Fast paced but try to connect with competent seniors/colleagues,Positive,0.5766317844390869,Manual Review,Positive
594,270,United Overseas Bank,review_body_text,1,"You need to have communication skills including negotiation, patience, and listening skills to assist the customers with their inquiries outstandingly.","1. You need to have communication skills including negotiation, patience, and listening skills to assist the customers with their inquiries outstandingly. Customers are generally normal and sane. Regardless they might rant because they are having difficulties. Just assist, advise, and resolve. 2. Systems are numerous. Getting used to its interface. Your daily tasks may help you to improve how to utilize them. Also, please give ample time to catch up and get used to the systems even though OIC might not assist you many times. Some OICs did good things when they willingly shared notes about raising the service request. You just need to refer. 3. The 1-month training class might not be enough, the notes you can't gather from outside of class. So for those who want to revise, please jot down clearly inside your notebook. Once you hit the floor, you only can refer to their Infohub system or your simplified notes. You try to focus on the necessary topic first. Ask your trainer the most common inquiries about EACH topic. Because trust me, you can't remember 100% from class to call floor later on. 3. OICs might be helping you but they will expect you to work independently, and catch up so fast. Sometimes, they might get irritated when you ask twice because they think they already explained thousands of times. Perhaps the same questions also come from your colleagues. So for those who are not familiar with banking terms/products, if your background is not related to banking/financials, you have to learn yourself. This one is supposed to be okay, but if you need them and they don't entertain willingly, definitely that will let you down. 4. Systems are fine except I only encounter difficulties with R*W**, it needs to be redesigned to a friendlier interface at least for those agents. I think it's too chaotic and tedious. Just need to make it readable so that easier to answer the enquiries instead of arranging a callback because you usually need more time to extract the info. 5. No work-life balance, kindly expect this as you need to perform follow-ups. But, as recommended by OICs/seniors, try to multitask by submitting the SR while talking with customers. Either listen to rants and do your job, or just put them on hold to submit the SR, both have been practiced there. You can choose to claim OT as well at the end of the shift to submit the SR but extra works that you have to get validation from your OICs or TM. Despite this being normal, they needed to check first. 6. I realized that OICs might have different understandings. So well equipped yourself with knowledge, and practiced to rely on many OICs/TMs for the same inquiries. You will notice to get different answers. 7. The job is fun, especially for those who like to talk to people and assist them. I wanted to stay but I felt disappointed for a couple of reasons, which made me resign. But rest assured, if you have REALLY good support and fun colleagues, you actually can survive.",Positive,0.5422775149345398,Manual Review,Positive
594,270,United Overseas Bank,review_body_text,2,Customers are generally normal and sane.,"1. You need to have communication skills including negotiation, patience, and listening skills to assist the customers with their inquiries outstandingly. Customers are generally normal and sane. Regardless they might rant because they are having difficulties. Just assist, advise, and resolve. 2. Systems are numerous. Getting used to its interface. Your daily tasks may help you to improve how to utilize them. Also, please give ample time to catch up and get used to the systems even though OIC might not assist you many times. Some OICs did good things when they willingly shared notes about raising the service request. You just need to refer. 3. The 1-month training class might not be enough, the notes you can't gather from outside of class. So for those who want to revise, please jot down clearly inside your notebook. Once you hit the floor, you only can refer to their Infohub system or your simplified notes. You try to focus on the necessary topic first. Ask your trainer the most common inquiries about EACH topic. Because trust me, you can't remember 100% from class to call floor later on. 3. OICs might be helping you but they will expect you to work independently, and catch up so fast. Sometimes, they might get irritated when you ask twice because they think they already explained thousands of times. Perhaps the same questions also come from your colleagues. So for those who are not familiar with banking terms/products, if your background is not related to banking/financials, you have to learn yourself. This one is supposed to be okay, but if you need them and they don't entertain willingly, definitely that will let you down. 4. Systems are fine except I only encounter difficulties with R*W**, it needs to be redesigned to a friendlier interface at least for those agents. I think it's too chaotic and tedious. Just need to make it readable so that easier to answer the enquiries instead of arranging a callback because you usually need more time to extract the info. 5. No work-life balance, kindly expect this as you need to perform follow-ups. But, as recommended by OICs/seniors, try to multitask by submitting the SR while talking with customers. Either listen to rants and do your job, or just put them on hold to submit the SR, both have been practiced there. You can choose to claim OT as well at the end of the shift to submit the SR but extra works that you have to get validation from your OICs or TM. Despite this being normal, they needed to check first. 6. I realized that OICs might have different understandings. So well equipped yourself with knowledge, and practiced to rely on many OICs/TMs for the same inquiries. You will notice to get different answers. 7. The job is fun, especially for those who like to talk to people and assist them. I wanted to stay but I felt disappointed for a couple of reasons, which made me resign. But rest assured, if you have REALLY good support and fun colleagues, you actually can survive.",Positive,0.6846229434013367,Manual Review,Positive
594,270,United Overseas Bank,review_body_text,3,Regardless they might rant because they are having difficulties.,"1. You need to have communication skills including negotiation, patience, and listening skills to assist the customers with their inquiries outstandingly. Customers are generally normal and sane. Regardless they might rant because they are having difficulties. Just assist, advise, and resolve. 2. Systems are numerous. Getting used to its interface. Your daily tasks may help you to improve how to utilize them. Also, please give ample time to catch up and get used to the systems even though OIC might not assist you many times. Some OICs did good things when they willingly shared notes about raising the service request. You just need to refer. 3. The 1-month training class might not be enough, the notes you can't gather from outside of class. So for those who want to revise, please jot down clearly inside your notebook. Once you hit the floor, you only can refer to their Infohub system or your simplified notes. You try to focus on the necessary topic first. Ask your trainer the most common inquiries about EACH topic. Because trust me, you can't remember 100% from class to call floor later on. 3. OICs might be helping you but they will expect you to work independently, and catch up so fast. Sometimes, they might get irritated when you ask twice because they think they already explained thousands of times. Perhaps the same questions also come from your colleagues. So for those who are not familiar with banking terms/products, if your background is not related to banking/financials, you have to learn yourself. This one is supposed to be okay, but if you need them and they don't entertain willingly, definitely that will let you down. 4. Systems are fine except I only encounter difficulties with R*W**, it needs to be redesigned to a friendlier interface at least for those agents. I think it's too chaotic and tedious. Just need to make it readable so that easier to answer the enquiries instead of arranging a callback because you usually need more time to extract the info. 5. No work-life balance, kindly expect this as you need to perform follow-ups. But, as recommended by OICs/seniors, try to multitask by submitting the SR while talking with customers. Either listen to rants and do your job, or just put them on hold to submit the SR, both have been practiced there. You can choose to claim OT as well at the end of the shift to submit the SR but extra works that you have to get validation from your OICs or TM. Despite this being normal, they needed to check first. 6. I realized that OICs might have different understandings. So well equipped yourself with knowledge, and practiced to rely on many OICs/TMs for the same inquiries. You will notice to get different answers. 7. The job is fun, especially for those who like to talk to people and assist them. I wanted to stay but I felt disappointed for a couple of reasons, which made me resign. But rest assured, if you have REALLY good support and fun colleagues, you actually can survive.",Negative,0.9654291272163391,Accepted,Negative
594,270,United Overseas Bank,review_body_text,4,"Just assist, advise, and resolve.","1. You need to have communication skills including negotiation, patience, and listening skills to assist the customers with their inquiries outstandingly. Customers are generally normal and sane. Regardless they might rant because they are having difficulties. Just assist, advise, and resolve. 2. Systems are numerous. Getting used to its interface. Your daily tasks may help you to improve how to utilize them. Also, please give ample time to catch up and get used to the systems even though OIC might not assist you many times. Some OICs did good things when they willingly shared notes about raising the service request. You just need to refer. 3. The 1-month training class might not be enough, the notes you can't gather from outside of class. So for those who want to revise, please jot down clearly inside your notebook. Once you hit the floor, you only can refer to their Infohub system or your simplified notes. You try to focus on the necessary topic first. Ask your trainer the most common inquiries about EACH topic. Because trust me, you can't remember 100% from class to call floor later on. 3. OICs might be helping you but they will expect you to work independently, and catch up so fast. Sometimes, they might get irritated when you ask twice because they think they already explained thousands of times. Perhaps the same questions also come from your colleagues. So for those who are not familiar with banking terms/products, if your background is not related to banking/financials, you have to learn yourself. This one is supposed to be okay, but if you need them and they don't entertain willingly, definitely that will let you down. 4. Systems are fine except I only encounter difficulties with R*W**, it needs to be redesigned to a friendlier interface at least for those agents. I think it's too chaotic and tedious. Just need to make it readable so that easier to answer the enquiries instead of arranging a callback because you usually need more time to extract the info. 5. No work-life balance, kindly expect this as you need to perform follow-ups. But, as recommended by OICs/seniors, try to multitask by submitting the SR while talking with customers. Either listen to rants and do your job, or just put them on hold to submit the SR, both have been practiced there. You can choose to claim OT as well at the end of the shift to submit the SR but extra works that you have to get validation from your OICs or TM. Despite this being normal, they needed to check first. 6. I realized that OICs might have different understandings. So well equipped yourself with knowledge, and practiced to rely on many OICs/TMs for the same inquiries. You will notice to get different answers. 7. The job is fun, especially for those who like to talk to people and assist them. I wanted to stay but I felt disappointed for a couple of reasons, which made me resign. But rest assured, if you have REALLY good support and fun colleagues, you actually can survive.",Positive,0.5815730094909668,Manual Review,Positive
594,270,United Overseas Bank,review_body_text,5,Systems are numerous.,"1. You need to have communication skills including negotiation, patience, and listening skills to assist the customers with their inquiries outstandingly. Customers are generally normal and sane. Regardless they might rant because they are having difficulties. Just assist, advise, and resolve. 2. Systems are numerous. Getting used to its interface. Your daily tasks may help you to improve how to utilize them. Also, please give ample time to catch up and get used to the systems even though OIC might not assist you many times. Some OICs did good things when they willingly shared notes about raising the service request. You just need to refer. 3. The 1-month training class might not be enough, the notes you can't gather from outside of class. So for those who want to revise, please jot down clearly inside your notebook. Once you hit the floor, you only can refer to their Infohub system or your simplified notes. You try to focus on the necessary topic first. Ask your trainer the most common inquiries about EACH topic. Because trust me, you can't remember 100% from class to call floor later on. 3. OICs might be helping you but they will expect you to work independently, and catch up so fast. Sometimes, they might get irritated when you ask twice because they think they already explained thousands of times. Perhaps the same questions also come from your colleagues. So for those who are not familiar with banking terms/products, if your background is not related to banking/financials, you have to learn yourself. This one is supposed to be okay, but if you need them and they don't entertain willingly, definitely that will let you down. 4. Systems are fine except I only encounter difficulties with R*W**, it needs to be redesigned to a friendlier interface at least for those agents. I think it's too chaotic and tedious. Just need to make it readable so that easier to answer the enquiries instead of arranging a callback because you usually need more time to extract the info. 5. No work-life balance, kindly expect this as you need to perform follow-ups. But, as recommended by OICs/seniors, try to multitask by submitting the SR while talking with customers. Either listen to rants and do your job, or just put them on hold to submit the SR, both have been practiced there. You can choose to claim OT as well at the end of the shift to submit the SR but extra works that you have to get validation from your OICs or TM. Despite this being normal, they needed to check first. 6. I realized that OICs might have different understandings. So well equipped yourself with knowledge, and practiced to rely on many OICs/TMs for the same inquiries. You will notice to get different answers. 7. The job is fun, especially for those who like to talk to people and assist them. I wanted to stay but I felt disappointed for a couple of reasons, which made me resign. But rest assured, if you have REALLY good support and fun colleagues, you actually can survive.",Positive,0.5422341823577881,Manual Review,Positive
594,270,United Overseas Bank,review_body_text,6,Getting used to its interface.,"1. You need to have communication skills including negotiation, patience, and listening skills to assist the customers with their inquiries outstandingly. Customers are generally normal and sane. Regardless they might rant because they are having difficulties. Just assist, advise, and resolve. 2. Systems are numerous. Getting used to its interface. Your daily tasks may help you to improve how to utilize them. Also, please give ample time to catch up and get used to the systems even though OIC might not assist you many times. Some OICs did good things when they willingly shared notes about raising the service request. You just need to refer. 3. The 1-month training class might not be enough, the notes you can't gather from outside of class. So for those who want to revise, please jot down clearly inside your notebook. Once you hit the floor, you only can refer to their Infohub system or your simplified notes. You try to focus on the necessary topic first. Ask your trainer the most common inquiries about EACH topic. Because trust me, you can't remember 100% from class to call floor later on. 3. OICs might be helping you but they will expect you to work independently, and catch up so fast. Sometimes, they might get irritated when you ask twice because they think they already explained thousands of times. Perhaps the same questions also come from your colleagues. So for those who are not familiar with banking terms/products, if your background is not related to banking/financials, you have to learn yourself. This one is supposed to be okay, but if you need them and they don't entertain willingly, definitely that will let you down. 4. Systems are fine except I only encounter difficulties with R*W**, it needs to be redesigned to a friendlier interface at least for those agents. I think it's too chaotic and tedious. Just need to make it readable so that easier to answer the enquiries instead of arranging a callback because you usually need more time to extract the info. 5. No work-life balance, kindly expect this as you need to perform follow-ups. But, as recommended by OICs/seniors, try to multitask by submitting the SR while talking with customers. Either listen to rants and do your job, or just put them on hold to submit the SR, both have been practiced there. You can choose to claim OT as well at the end of the shift to submit the SR but extra works that you have to get validation from your OICs or TM. Despite this being normal, they needed to check first. 6. I realized that OICs might have different understandings. So well equipped yourself with knowledge, and practiced to rely on many OICs/TMs for the same inquiries. You will notice to get different answers. 7. The job is fun, especially for those who like to talk to people and assist them. I wanted to stay but I felt disappointed for a couple of reasons, which made me resign. But rest assured, if you have REALLY good support and fun colleagues, you actually can survive.",Positive,0.5538849234580994,Manual Review,Positive
594,270,United Overseas Bank,review_body_text,7,Your daily tasks may help you to improve how to utilize them.,"1. You need to have communication skills including negotiation, patience, and listening skills to assist the customers with their inquiries outstandingly. Customers are generally normal and sane. Regardless they might rant because they are having difficulties. Just assist, advise, and resolve. 2. Systems are numerous. Getting used to its interface. Your daily tasks may help you to improve how to utilize them. Also, please give ample time to catch up and get used to the systems even though OIC might not assist you many times. Some OICs did good things when they willingly shared notes about raising the service request. You just need to refer. 3. The 1-month training class might not be enough, the notes you can't gather from outside of class. So for those who want to revise, please jot down clearly inside your notebook. Once you hit the floor, you only can refer to their Infohub system or your simplified notes. You try to focus on the necessary topic first. Ask your trainer the most common inquiries about EACH topic. Because trust me, you can't remember 100% from class to call floor later on. 3. OICs might be helping you but they will expect you to work independently, and catch up so fast. Sometimes, they might get irritated when you ask twice because they think they already explained thousands of times. Perhaps the same questions also come from your colleagues. So for those who are not familiar with banking terms/products, if your background is not related to banking/financials, you have to learn yourself. This one is supposed to be okay, but if you need them and they don't entertain willingly, definitely that will let you down. 4. Systems are fine except I only encounter difficulties with R*W**, it needs to be redesigned to a friendlier interface at least for those agents. I think it's too chaotic and tedious. Just need to make it readable so that easier to answer the enquiries instead of arranging a callback because you usually need more time to extract the info. 5. No work-life balance, kindly expect this as you need to perform follow-ups. But, as recommended by OICs/seniors, try to multitask by submitting the SR while talking with customers. Either listen to rants and do your job, or just put them on hold to submit the SR, both have been practiced there. You can choose to claim OT as well at the end of the shift to submit the SR but extra works that you have to get validation from your OICs or TM. Despite this being normal, they needed to check first. 6. I realized that OICs might have different understandings. So well equipped yourself with knowledge, and practiced to rely on many OICs/TMs for the same inquiries. You will notice to get different answers. 7. The job is fun, especially for those who like to talk to people and assist them. I wanted to stay but I felt disappointed for a couple of reasons, which made me resign. But rest assured, if you have REALLY good support and fun colleagues, you actually can survive.",Positive,0.8180477023124695,Accepted,Positive
594,270,United Overseas Bank,review_body_text,8,"Also, please give ample time to catch up and get used to the systems even though OIC might not assist you many times.","1. You need to have communication skills including negotiation, patience, and listening skills to assist the customers with their inquiries outstandingly. Customers are generally normal and sane. Regardless they might rant because they are having difficulties. Just assist, advise, and resolve. 2. Systems are numerous. Getting used to its interface. Your daily tasks may help you to improve how to utilize them. Also, please give ample time to catch up and get used to the systems even though OIC might not assist you many times. Some OICs did good things when they willingly shared notes about raising the service request. You just need to refer. 3. The 1-month training class might not be enough, the notes you can't gather from outside of class. So for those who want to revise, please jot down clearly inside your notebook. Once you hit the floor, you only can refer to their Infohub system or your simplified notes. You try to focus on the necessary topic first. Ask your trainer the most common inquiries about EACH topic. Because trust me, you can't remember 100% from class to call floor later on. 3. OICs might be helping you but they will expect you to work independently, and catch up so fast. Sometimes, they might get irritated when you ask twice because they think they already explained thousands of times. Perhaps the same questions also come from your colleagues. So for those who are not familiar with banking terms/products, if your background is not related to banking/financials, you have to learn yourself. This one is supposed to be okay, but if you need them and they don't entertain willingly, definitely that will let you down. 4. Systems are fine except I only encounter difficulties with R*W**, it needs to be redesigned to a friendlier interface at least for those agents. I think it's too chaotic and tedious. Just need to make it readable so that easier to answer the enquiries instead of arranging a callback because you usually need more time to extract the info. 5. No work-life balance, kindly expect this as you need to perform follow-ups. But, as recommended by OICs/seniors, try to multitask by submitting the SR while talking with customers. Either listen to rants and do your job, or just put them on hold to submit the SR, both have been practiced there. You can choose to claim OT as well at the end of the shift to submit the SR but extra works that you have to get validation from your OICs or TM. Despite this being normal, they needed to check first. 6. I realized that OICs might have different understandings. So well equipped yourself with knowledge, and practiced to rely on many OICs/TMs for the same inquiries. You will notice to get different answers. 7. The job is fun, especially for those who like to talk to people and assist them. I wanted to stay but I felt disappointed for a couple of reasons, which made me resign. But rest assured, if you have REALLY good support and fun colleagues, you actually can survive.",Positive,0.660325825214386,Manual Review,Positive
594,270,United Overseas Bank,review_body_text,9,Some OICs did good things when they willingly shared notes about raising the service request.,"1. You need to have communication skills including negotiation, patience, and listening skills to assist the customers with their inquiries outstandingly. Customers are generally normal and sane. Regardless they might rant because they are having difficulties. Just assist, advise, and resolve. 2. Systems are numerous. Getting used to its interface. Your daily tasks may help you to improve how to utilize them. Also, please give ample time to catch up and get used to the systems even though OIC might not assist you many times. Some OICs did good things when they willingly shared notes about raising the service request. You just need to refer. 3. The 1-month training class might not be enough, the notes you can't gather from outside of class. So for those who want to revise, please jot down clearly inside your notebook. Once you hit the floor, you only can refer to their Infohub system or your simplified notes. You try to focus on the necessary topic first. Ask your trainer the most common inquiries about EACH topic. Because trust me, you can't remember 100% from class to call floor later on. 3. OICs might be helping you but they will expect you to work independently, and catch up so fast. Sometimes, they might get irritated when you ask twice because they think they already explained thousands of times. Perhaps the same questions also come from your colleagues. So for those who are not familiar with banking terms/products, if your background is not related to banking/financials, you have to learn yourself. This one is supposed to be okay, but if you need them and they don't entertain willingly, definitely that will let you down. 4. Systems are fine except I only encounter difficulties with R*W**, it needs to be redesigned to a friendlier interface at least for those agents. I think it's too chaotic and tedious. Just need to make it readable so that easier to answer the enquiries instead of arranging a callback because you usually need more time to extract the info. 5. No work-life balance, kindly expect this as you need to perform follow-ups. But, as recommended by OICs/seniors, try to multitask by submitting the SR while talking with customers. Either listen to rants and do your job, or just put them on hold to submit the SR, both have been practiced there. You can choose to claim OT as well at the end of the shift to submit the SR but extra works that you have to get validation from your OICs or TM. Despite this being normal, they needed to check first. 6. I realized that OICs might have different understandings. So well equipped yourself with knowledge, and practiced to rely on many OICs/TMs for the same inquiries. You will notice to get different answers. 7. The job is fun, especially for those who like to talk to people and assist them. I wanted to stay but I felt disappointed for a couple of reasons, which made me resign. But rest assured, if you have REALLY good support and fun colleagues, you actually can survive.",Positive,0.9772804379463196,Accepted,Positive
594,270,United Overseas Bank,review_body_text,10,You just need to refer.,"1. You need to have communication skills including negotiation, patience, and listening skills to assist the customers with their inquiries outstandingly. Customers are generally normal and sane. Regardless they might rant because they are having difficulties. Just assist, advise, and resolve. 2. Systems are numerous. Getting used to its interface. Your daily tasks may help you to improve how to utilize them. Also, please give ample time to catch up and get used to the systems even though OIC might not assist you many times. Some OICs did good things when they willingly shared notes about raising the service request. You just need to refer. 3. The 1-month training class might not be enough, the notes you can't gather from outside of class. So for those who want to revise, please jot down clearly inside your notebook. Once you hit the floor, you only can refer to their Infohub system or your simplified notes. You try to focus on the necessary topic first. Ask your trainer the most common inquiries about EACH topic. Because trust me, you can't remember 100% from class to call floor later on. 3. OICs might be helping you but they will expect you to work independently, and catch up so fast. Sometimes, they might get irritated when you ask twice because they think they already explained thousands of times. Perhaps the same questions also come from your colleagues. So for those who are not familiar with banking terms/products, if your background is not related to banking/financials, you have to learn yourself. This one is supposed to be okay, but if you need them and they don't entertain willingly, definitely that will let you down. 4. Systems are fine except I only encounter difficulties with R*W**, it needs to be redesigned to a friendlier interface at least for those agents. I think it's too chaotic and tedious. Just need to make it readable so that easier to answer the enquiries instead of arranging a callback because you usually need more time to extract the info. 5. No work-life balance, kindly expect this as you need to perform follow-ups. But, as recommended by OICs/seniors, try to multitask by submitting the SR while talking with customers. Either listen to rants and do your job, or just put them on hold to submit the SR, both have been practiced there. You can choose to claim OT as well at the end of the shift to submit the SR but extra works that you have to get validation from your OICs or TM. Despite this being normal, they needed to check first. 6. I realized that OICs might have different understandings. So well equipped yourself with knowledge, and practiced to rely on many OICs/TMs for the same inquiries. You will notice to get different answers. 7. The job is fun, especially for those who like to talk to people and assist them. I wanted to stay but I felt disappointed for a couple of reasons, which made me resign. But rest assured, if you have REALLY good support and fun colleagues, you actually can survive.",Positive,0.5308437347412109,Manual Review,Positive
594,270,United Overseas Bank,review_body_text,11,"The 1-month training class might not be enough, the notes you can't gather from outside of class.","1. You need to have communication skills including negotiation, patience, and listening skills to assist the customers with their inquiries outstandingly. Customers are generally normal and sane. Regardless they might rant because they are having difficulties. Just assist, advise, and resolve. 2. Systems are numerous. Getting used to its interface. Your daily tasks may help you to improve how to utilize them. Also, please give ample time to catch up and get used to the systems even though OIC might not assist you many times. Some OICs did good things when they willingly shared notes about raising the service request. You just need to refer. 3. The 1-month training class might not be enough, the notes you can't gather from outside of class. So for those who want to revise, please jot down clearly inside your notebook. Once you hit the floor, you only can refer to their Infohub system or your simplified notes. You try to focus on the necessary topic first. Ask your trainer the most common inquiries about EACH topic. Because trust me, you can't remember 100% from class to call floor later on. 3. OICs might be helping you but they will expect you to work independently, and catch up so fast. Sometimes, they might get irritated when you ask twice because they think they already explained thousands of times. Perhaps the same questions also come from your colleagues. So for those who are not familiar with banking terms/products, if your background is not related to banking/financials, you have to learn yourself. This one is supposed to be okay, but if you need them and they don't entertain willingly, definitely that will let you down. 4. Systems are fine except I only encounter difficulties with R*W**, it needs to be redesigned to a friendlier interface at least for those agents. I think it's too chaotic and tedious. Just need to make it readable so that easier to answer the enquiries instead of arranging a callback because you usually need more time to extract the info. 5. No work-life balance, kindly expect this as you need to perform follow-ups. But, as recommended by OICs/seniors, try to multitask by submitting the SR while talking with customers. Either listen to rants and do your job, or just put them on hold to submit the SR, both have been practiced there. You can choose to claim OT as well at the end of the shift to submit the SR but extra works that you have to get validation from your OICs or TM. Despite this being normal, they needed to check first. 6. I realized that OICs might have different understandings. So well equipped yourself with knowledge, and practiced to rely on many OICs/TMs for the same inquiries. You will notice to get different answers. 7. The job is fun, especially for those who like to talk to people and assist them. I wanted to stay but I felt disappointed for a couple of reasons, which made me resign. But rest assured, if you have REALLY good support and fun colleagues, you actually can survive.",Negative,0.6374716758728027,Manual Review,Negative
594,270,United Overseas Bank,review_body_text,12,"So for those who want to revise, please jot down clearly inside your notebook.","1. You need to have communication skills including negotiation, patience, and listening skills to assist the customers with their inquiries outstandingly. Customers are generally normal and sane. Regardless they might rant because they are having difficulties. Just assist, advise, and resolve. 2. Systems are numerous. Getting used to its interface. Your daily tasks may help you to improve how to utilize them. Also, please give ample time to catch up and get used to the systems even though OIC might not assist you many times. Some OICs did good things when they willingly shared notes about raising the service request. You just need to refer. 3. The 1-month training class might not be enough, the notes you can't gather from outside of class. So for those who want to revise, please jot down clearly inside your notebook. Once you hit the floor, you only can refer to their Infohub system or your simplified notes. You try to focus on the necessary topic first. Ask your trainer the most common inquiries about EACH topic. Because trust me, you can't remember 100% from class to call floor later on. 3. OICs might be helping you but they will expect you to work independently, and catch up so fast. Sometimes, they might get irritated when you ask twice because they think they already explained thousands of times. Perhaps the same questions also come from your colleagues. So for those who are not familiar with banking terms/products, if your background is not related to banking/financials, you have to learn yourself. This one is supposed to be okay, but if you need them and they don't entertain willingly, definitely that will let you down. 4. Systems are fine except I only encounter difficulties with R*W**, it needs to be redesigned to a friendlier interface at least for those agents. I think it's too chaotic and tedious. Just need to make it readable so that easier to answer the enquiries instead of arranging a callback because you usually need more time to extract the info. 5. No work-life balance, kindly expect this as you need to perform follow-ups. But, as recommended by OICs/seniors, try to multitask by submitting the SR while talking with customers. Either listen to rants and do your job, or just put them on hold to submit the SR, both have been practiced there. You can choose to claim OT as well at the end of the shift to submit the SR but extra works that you have to get validation from your OICs or TM. Despite this being normal, they needed to check first. 6. I realized that OICs might have different understandings. So well equipped yourself with knowledge, and practiced to rely on many OICs/TMs for the same inquiries. You will notice to get different answers. 7. The job is fun, especially for those who like to talk to people and assist them. I wanted to stay but I felt disappointed for a couple of reasons, which made me resign. But rest assured, if you have REALLY good support and fun colleagues, you actually can survive.",Negative,0.444644033908844,Manual Review,Negative
594,270,United Overseas Bank,review_body_text,13,"Once you hit the floor, you only can refer to their Infohub system or your simplified notes.","1. You need to have communication skills including negotiation, patience, and listening skills to assist the customers with their inquiries outstandingly. Customers are generally normal and sane. Regardless they might rant because they are having difficulties. Just assist, advise, and resolve. 2. Systems are numerous. Getting used to its interface. Your daily tasks may help you to improve how to utilize them. Also, please give ample time to catch up and get used to the systems even though OIC might not assist you many times. Some OICs did good things when they willingly shared notes about raising the service request. You just need to refer. 3. The 1-month training class might not be enough, the notes you can't gather from outside of class. So for those who want to revise, please jot down clearly inside your notebook. Once you hit the floor, you only can refer to their Infohub system or your simplified notes. You try to focus on the necessary topic first. Ask your trainer the most common inquiries about EACH topic. Because trust me, you can't remember 100% from class to call floor later on. 3. OICs might be helping you but they will expect you to work independently, and catch up so fast. Sometimes, they might get irritated when you ask twice because they think they already explained thousands of times. Perhaps the same questions also come from your colleagues. So for those who are not familiar with banking terms/products, if your background is not related to banking/financials, you have to learn yourself. This one is supposed to be okay, but if you need them and they don't entertain willingly, definitely that will let you down. 4. Systems are fine except I only encounter difficulties with R*W**, it needs to be redesigned to a friendlier interface at least for those agents. I think it's too chaotic and tedious. Just need to make it readable so that easier to answer the enquiries instead of arranging a callback because you usually need more time to extract the info. 5. No work-life balance, kindly expect this as you need to perform follow-ups. But, as recommended by OICs/seniors, try to multitask by submitting the SR while talking with customers. Either listen to rants and do your job, or just put them on hold to submit the SR, both have been practiced there. You can choose to claim OT as well at the end of the shift to submit the SR but extra works that you have to get validation from your OICs or TM. Despite this being normal, they needed to check first. 6. I realized that OICs might have different understandings. So well equipped yourself with knowledge, and practiced to rely on many OICs/TMs for the same inquiries. You will notice to get different answers. 7. The job is fun, especially for those who like to talk to people and assist them. I wanted to stay but I felt disappointed for a couple of reasons, which made me resign. But rest assured, if you have REALLY good support and fun colleagues, you actually can survive.",Positive,0.5103489756584167,Manual Review,Positive
594,270,United Overseas Bank,review_body_text,14,You try to focus on the necessary topic first.,"1. You need to have communication skills including negotiation, patience, and listening skills to assist the customers with their inquiries outstandingly. Customers are generally normal and sane. Regardless they might rant because they are having difficulties. Just assist, advise, and resolve. 2. Systems are numerous. Getting used to its interface. Your daily tasks may help you to improve how to utilize them. Also, please give ample time to catch up and get used to the systems even though OIC might not assist you many times. Some OICs did good things when they willingly shared notes about raising the service request. You just need to refer. 3. The 1-month training class might not be enough, the notes you can't gather from outside of class. So for those who want to revise, please jot down clearly inside your notebook. Once you hit the floor, you only can refer to their Infohub system or your simplified notes. You try to focus on the necessary topic first. Ask your trainer the most common inquiries about EACH topic. Because trust me, you can't remember 100% from class to call floor later on. 3. OICs might be helping you but they will expect you to work independently, and catch up so fast. Sometimes, they might get irritated when you ask twice because they think they already explained thousands of times. Perhaps the same questions also come from your colleagues. So for those who are not familiar with banking terms/products, if your background is not related to banking/financials, you have to learn yourself. This one is supposed to be okay, but if you need them and they don't entertain willingly, definitely that will let you down. 4. Systems are fine except I only encounter difficulties with R*W**, it needs to be redesigned to a friendlier interface at least for those agents. I think it's too chaotic and tedious. Just need to make it readable so that easier to answer the enquiries instead of arranging a callback because you usually need more time to extract the info. 5. No work-life balance, kindly expect this as you need to perform follow-ups. But, as recommended by OICs/seniors, try to multitask by submitting the SR while talking with customers. Either listen to rants and do your job, or just put them on hold to submit the SR, both have been practiced there. You can choose to claim OT as well at the end of the shift to submit the SR but extra works that you have to get validation from your OICs or TM. Despite this being normal, they needed to check first. 6. I realized that OICs might have different understandings. So well equipped yourself with knowledge, and practiced to rely on many OICs/TMs for the same inquiries. You will notice to get different answers. 7. The job is fun, especially for those who like to talk to people and assist them. I wanted to stay but I felt disappointed for a couple of reasons, which made me resign. But rest assured, if you have REALLY good support and fun colleagues, you actually can survive.",Positive,0.43163833022117615,Manual Review,Positive
594,270,United Overseas Bank,review_body_text,15,Ask your trainer the most common inquiries about EACH topic.,"1. You need to have communication skills including negotiation, patience, and listening skills to assist the customers with their inquiries outstandingly. Customers are generally normal and sane. Regardless they might rant because they are having difficulties. Just assist, advise, and resolve. 2. Systems are numerous. Getting used to its interface. Your daily tasks may help you to improve how to utilize them. Also, please give ample time to catch up and get used to the systems even though OIC might not assist you many times. Some OICs did good things when they willingly shared notes about raising the service request. You just need to refer. 3. The 1-month training class might not be enough, the notes you can't gather from outside of class. So for those who want to revise, please jot down clearly inside your notebook. Once you hit the floor, you only can refer to their Infohub system or your simplified notes. You try to focus on the necessary topic first. Ask your trainer the most common inquiries about EACH topic. Because trust me, you can't remember 100% from class to call floor later on. 3. OICs might be helping you but they will expect you to work independently, and catch up so fast. Sometimes, they might get irritated when you ask twice because they think they already explained thousands of times. Perhaps the same questions also come from your colleagues. So for those who are not familiar with banking terms/products, if your background is not related to banking/financials, you have to learn yourself. This one is supposed to be okay, but if you need them and they don't entertain willingly, definitely that will let you down. 4. Systems are fine except I only encounter difficulties with R*W**, it needs to be redesigned to a friendlier interface at least for those agents. I think it's too chaotic and tedious. Just need to make it readable so that easier to answer the enquiries instead of arranging a callback because you usually need more time to extract the info. 5. No work-life balance, kindly expect this as you need to perform follow-ups. But, as recommended by OICs/seniors, try to multitask by submitting the SR while talking with customers. Either listen to rants and do your job, or just put them on hold to submit the SR, both have been practiced there. You can choose to claim OT as well at the end of the shift to submit the SR but extra works that you have to get validation from your OICs or TM. Despite this being normal, they needed to check first. 6. I realized that OICs might have different understandings. So well equipped yourself with knowledge, and practiced to rely on many OICs/TMs for the same inquiries. You will notice to get different answers. 7. The job is fun, especially for those who like to talk to people and assist them. I wanted to stay but I felt disappointed for a couple of reasons, which made me resign. But rest assured, if you have REALLY good support and fun colleagues, you actually can survive.",Positive,0.5670875310897827,Manual Review,Positive
594,270,United Overseas Bank,review_body_text,16,"Because trust me, you can't remember 100% from class to call floor later on.","1. You need to have communication skills including negotiation, patience, and listening skills to assist the customers with their inquiries outstandingly. Customers are generally normal and sane. Regardless they might rant because they are having difficulties. Just assist, advise, and resolve. 2. Systems are numerous. Getting used to its interface. Your daily tasks may help you to improve how to utilize them. Also, please give ample time to catch up and get used to the systems even though OIC might not assist you many times. Some OICs did good things when they willingly shared notes about raising the service request. You just need to refer. 3. The 1-month training class might not be enough, the notes you can't gather from outside of class. So for those who want to revise, please jot down clearly inside your notebook. Once you hit the floor, you only can refer to their Infohub system or your simplified notes. You try to focus on the necessary topic first. Ask your trainer the most common inquiries about EACH topic. Because trust me, you can't remember 100% from class to call floor later on. 3. OICs might be helping you but they will expect you to work independently, and catch up so fast. Sometimes, they might get irritated when you ask twice because they think they already explained thousands of times. Perhaps the same questions also come from your colleagues. So for those who are not familiar with banking terms/products, if your background is not related to banking/financials, you have to learn yourself. This one is supposed to be okay, but if you need them and they don't entertain willingly, definitely that will let you down. 4. Systems are fine except I only encounter difficulties with R*W**, it needs to be redesigned to a friendlier interface at least for those agents. I think it's too chaotic and tedious. Just need to make it readable so that easier to answer the enquiries instead of arranging a callback because you usually need more time to extract the info. 5. No work-life balance, kindly expect this as you need to perform follow-ups. But, as recommended by OICs/seniors, try to multitask by submitting the SR while talking with customers. Either listen to rants and do your job, or just put them on hold to submit the SR, both have been practiced there. You can choose to claim OT as well at the end of the shift to submit the SR but extra works that you have to get validation from your OICs or TM. Despite this being normal, they needed to check first. 6. I realized that OICs might have different understandings. So well equipped yourself with knowledge, and practiced to rely on many OICs/TMs for the same inquiries. You will notice to get different answers. 7. The job is fun, especially for those who like to talk to people and assist them. I wanted to stay but I felt disappointed for a couple of reasons, which made me resign. But rest assured, if you have REALLY good support and fun colleagues, you actually can survive.",Negative,0.6926517486572266,Manual Review,Negative
594,270,United Overseas Bank,review_body_text,17,"OICs might be helping you but they will expect you to work independently, and catch up so fast.","1. You need to have communication skills including negotiation, patience, and listening skills to assist the customers with their inquiries outstandingly. Customers are generally normal and sane. Regardless they might rant because they are having difficulties. Just assist, advise, and resolve. 2. Systems are numerous. Getting used to its interface. Your daily tasks may help you to improve how to utilize them. Also, please give ample time to catch up and get used to the systems even though OIC might not assist you many times. Some OICs did good things when they willingly shared notes about raising the service request. You just need to refer. 3. The 1-month training class might not be enough, the notes you can't gather from outside of class. So for those who want to revise, please jot down clearly inside your notebook. Once you hit the floor, you only can refer to their Infohub system or your simplified notes. You try to focus on the necessary topic first. Ask your trainer the most common inquiries about EACH topic. Because trust me, you can't remember 100% from class to call floor later on. 3. OICs might be helping you but they will expect you to work independently, and catch up so fast. Sometimes, they might get irritated when you ask twice because they think they already explained thousands of times. Perhaps the same questions also come from your colleagues. So for those who are not familiar with banking terms/products, if your background is not related to banking/financials, you have to learn yourself. This one is supposed to be okay, but if you need them and they don't entertain willingly, definitely that will let you down. 4. Systems are fine except I only encounter difficulties with R*W**, it needs to be redesigned to a friendlier interface at least for those agents. I think it's too chaotic and tedious. Just need to make it readable so that easier to answer the enquiries instead of arranging a callback because you usually need more time to extract the info. 5. No work-life balance, kindly expect this as you need to perform follow-ups. But, as recommended by OICs/seniors, try to multitask by submitting the SR while talking with customers. Either listen to rants and do your job, or just put them on hold to submit the SR, both have been practiced there. You can choose to claim OT as well at the end of the shift to submit the SR but extra works that you have to get validation from your OICs or TM. Despite this being normal, they needed to check first. 6. I realized that OICs might have different understandings. So well equipped yourself with knowledge, and practiced to rely on many OICs/TMs for the same inquiries. You will notice to get different answers. 7. The job is fun, especially for those who like to talk to people and assist them. I wanted to stay but I felt disappointed for a couple of reasons, which made me resign. But rest assured, if you have REALLY good support and fun colleagues, you actually can survive.",Negative,0.7959449887275696,Accepted,Negative
594,270,United Overseas Bank,review_body_text,18,"Sometimes, they might get irritated when you ask twice because they think they already explained thousands of times.","1. You need to have communication skills including negotiation, patience, and listening skills to assist the customers with their inquiries outstandingly. Customers are generally normal and sane. Regardless they might rant because they are having difficulties. Just assist, advise, and resolve. 2. Systems are numerous. Getting used to its interface. Your daily tasks may help you to improve how to utilize them. Also, please give ample time to catch up and get used to the systems even though OIC might not assist you many times. Some OICs did good things when they willingly shared notes about raising the service request. You just need to refer. 3. The 1-month training class might not be enough, the notes you can't gather from outside of class. So for those who want to revise, please jot down clearly inside your notebook. Once you hit the floor, you only can refer to their Infohub system or your simplified notes. You try to focus on the necessary topic first. Ask your trainer the most common inquiries about EACH topic. Because trust me, you can't remember 100% from class to call floor later on. 3. OICs might be helping you but they will expect you to work independently, and catch up so fast. Sometimes, they might get irritated when you ask twice because they think they already explained thousands of times. Perhaps the same questions also come from your colleagues. So for those who are not familiar with banking terms/products, if your background is not related to banking/financials, you have to learn yourself. This one is supposed to be okay, but if you need them and they don't entertain willingly, definitely that will let you down. 4. Systems are fine except I only encounter difficulties with R*W**, it needs to be redesigned to a friendlier interface at least for those agents. I think it's too chaotic and tedious. Just need to make it readable so that easier to answer the enquiries instead of arranging a callback because you usually need more time to extract the info. 5. No work-life balance, kindly expect this as you need to perform follow-ups. But, as recommended by OICs/seniors, try to multitask by submitting the SR while talking with customers. Either listen to rants and do your job, or just put them on hold to submit the SR, both have been practiced there. You can choose to claim OT as well at the end of the shift to submit the SR but extra works that you have to get validation from your OICs or TM. Despite this being normal, they needed to check first. 6. I realized that OICs might have different understandings. So well equipped yourself with knowledge, and practiced to rely on many OICs/TMs for the same inquiries. You will notice to get different answers. 7. The job is fun, especially for those who like to talk to people and assist them. I wanted to stay but I felt disappointed for a couple of reasons, which made me resign. But rest assured, if you have REALLY good support and fun colleagues, you actually can survive.",Negative,0.8997792601585388,Accepted,Negative
594,270,United Overseas Bank,review_body_text,19,Perhaps the same questions also come from your colleagues.,"1. You need to have communication skills including negotiation, patience, and listening skills to assist the customers with their inquiries outstandingly. Customers are generally normal and sane. Regardless they might rant because they are having difficulties. Just assist, advise, and resolve. 2. Systems are numerous. Getting used to its interface. Your daily tasks may help you to improve how to utilize them. Also, please give ample time to catch up and get used to the systems even though OIC might not assist you many times. Some OICs did good things when they willingly shared notes about raising the service request. You just need to refer. 3. The 1-month training class might not be enough, the notes you can't gather from outside of class. So for those who want to revise, please jot down clearly inside your notebook. Once you hit the floor, you only can refer to their Infohub system or your simplified notes. You try to focus on the necessary topic first. Ask your trainer the most common inquiries about EACH topic. Because trust me, you can't remember 100% from class to call floor later on. 3. OICs might be helping you but they will expect you to work independently, and catch up so fast. Sometimes, they might get irritated when you ask twice because they think they already explained thousands of times. Perhaps the same questions also come from your colleagues. So for those who are not familiar with banking terms/products, if your background is not related to banking/financials, you have to learn yourself. This one is supposed to be okay, but if you need them and they don't entertain willingly, definitely that will let you down. 4. Systems are fine except I only encounter difficulties with R*W**, it needs to be redesigned to a friendlier interface at least for those agents. I think it's too chaotic and tedious. Just need to make it readable so that easier to answer the enquiries instead of arranging a callback because you usually need more time to extract the info. 5. No work-life balance, kindly expect this as you need to perform follow-ups. But, as recommended by OICs/seniors, try to multitask by submitting the SR while talking with customers. Either listen to rants and do your job, or just put them on hold to submit the SR, both have been practiced there. You can choose to claim OT as well at the end of the shift to submit the SR but extra works that you have to get validation from your OICs or TM. Despite this being normal, they needed to check first. 6. I realized that OICs might have different understandings. So well equipped yourself with knowledge, and practiced to rely on many OICs/TMs for the same inquiries. You will notice to get different answers. 7. The job is fun, especially for those who like to talk to people and assist them. I wanted to stay but I felt disappointed for a couple of reasons, which made me resign. But rest assured, if you have REALLY good support and fun colleagues, you actually can survive.",Negative,0.5675182938575745,Manual Review,Negative
594,270,United Overseas Bank,review_body_text,20,"So for those who are not familiar with banking terms/products, if your background is not related to banking/financials, you have to learn yourself.","1. You need to have communication skills including negotiation, patience, and listening skills to assist the customers with their inquiries outstandingly. Customers are generally normal and sane. Regardless they might rant because they are having difficulties. Just assist, advise, and resolve. 2. Systems are numerous. Getting used to its interface. Your daily tasks may help you to improve how to utilize them. Also, please give ample time to catch up and get used to the systems even though OIC might not assist you many times. Some OICs did good things when they willingly shared notes about raising the service request. You just need to refer. 3. The 1-month training class might not be enough, the notes you can't gather from outside of class. So for those who want to revise, please jot down clearly inside your notebook. Once you hit the floor, you only can refer to their Infohub system or your simplified notes. You try to focus on the necessary topic first. Ask your trainer the most common inquiries about EACH topic. Because trust me, you can't remember 100% from class to call floor later on. 3. OICs might be helping you but they will expect you to work independently, and catch up so fast. Sometimes, they might get irritated when you ask twice because they think they already explained thousands of times. Perhaps the same questions also come from your colleagues. So for those who are not familiar with banking terms/products, if your background is not related to banking/financials, you have to learn yourself. This one is supposed to be okay, but if you need them and they don't entertain willingly, definitely that will let you down. 4. Systems are fine except I only encounter difficulties with R*W**, it needs to be redesigned to a friendlier interface at least for those agents. I think it's too chaotic and tedious. Just need to make it readable so that easier to answer the enquiries instead of arranging a callback because you usually need more time to extract the info. 5. No work-life balance, kindly expect this as you need to perform follow-ups. But, as recommended by OICs/seniors, try to multitask by submitting the SR while talking with customers. Either listen to rants and do your job, or just put them on hold to submit the SR, both have been practiced there. You can choose to claim OT as well at the end of the shift to submit the SR but extra works that you have to get validation from your OICs or TM. Despite this being normal, they needed to check first. 6. I realized that OICs might have different understandings. So well equipped yourself with knowledge, and practiced to rely on many OICs/TMs for the same inquiries. You will notice to get different answers. 7. The job is fun, especially for those who like to talk to people and assist them. I wanted to stay but I felt disappointed for a couple of reasons, which made me resign. But rest assured, if you have REALLY good support and fun colleagues, you actually can survive.",Negative,0.5899685621261597,Manual Review,Negative
594,270,United Overseas Bank,review_body_text,21,"This one is supposed to be okay, but if you need them and they don't entertain willingly, definitely that will let you down.","1. You need to have communication skills including negotiation, patience, and listening skills to assist the customers with their inquiries outstandingly. Customers are generally normal and sane. Regardless they might rant because they are having difficulties. Just assist, advise, and resolve. 2. Systems are numerous. Getting used to its interface. Your daily tasks may help you to improve how to utilize them. Also, please give ample time to catch up and get used to the systems even though OIC might not assist you many times. Some OICs did good things when they willingly shared notes about raising the service request. You just need to refer. 3. The 1-month training class might not be enough, the notes you can't gather from outside of class. So for those who want to revise, please jot down clearly inside your notebook. Once you hit the floor, you only can refer to their Infohub system or your simplified notes. You try to focus on the necessary topic first. Ask your trainer the most common inquiries about EACH topic. Because trust me, you can't remember 100% from class to call floor later on. 3. OICs might be helping you but they will expect you to work independently, and catch up so fast. Sometimes, they might get irritated when you ask twice because they think they already explained thousands of times. Perhaps the same questions also come from your colleagues. So for those who are not familiar with banking terms/products, if your background is not related to banking/financials, you have to learn yourself. This one is supposed to be okay, but if you need them and they don't entertain willingly, definitely that will let you down. 4. Systems are fine except I only encounter difficulties with R*W**, it needs to be redesigned to a friendlier interface at least for those agents. I think it's too chaotic and tedious. Just need to make it readable so that easier to answer the enquiries instead of arranging a callback because you usually need more time to extract the info. 5. No work-life balance, kindly expect this as you need to perform follow-ups. But, as recommended by OICs/seniors, try to multitask by submitting the SR while talking with customers. Either listen to rants and do your job, or just put them on hold to submit the SR, both have been practiced there. You can choose to claim OT as well at the end of the shift to submit the SR but extra works that you have to get validation from your OICs or TM. Despite this being normal, they needed to check first. 6. I realized that OICs might have different understandings. So well equipped yourself with knowledge, and practiced to rely on many OICs/TMs for the same inquiries. You will notice to get different answers. 7. The job is fun, especially for those who like to talk to people and assist them. I wanted to stay but I felt disappointed for a couple of reasons, which made me resign. But rest assured, if you have REALLY good support and fun colleagues, you actually can survive.",Negative,0.6054363250732422,Manual Review,Negative
594,270,United Overseas Bank,review_body_text,22,"Systems are fine except I only encounter difficulties with R*W**, it needs to be redesigned to a friendlier interface at least for those agents.","1. You need to have communication skills including negotiation, patience, and listening skills to assist the customers with their inquiries outstandingly. Customers are generally normal and sane. Regardless they might rant because they are having difficulties. Just assist, advise, and resolve. 2. Systems are numerous. Getting used to its interface. Your daily tasks may help you to improve how to utilize them. Also, please give ample time to catch up and get used to the systems even though OIC might not assist you many times. Some OICs did good things when they willingly shared notes about raising the service request. You just need to refer. 3. The 1-month training class might not be enough, the notes you can't gather from outside of class. So for those who want to revise, please jot down clearly inside your notebook. Once you hit the floor, you only can refer to their Infohub system or your simplified notes. You try to focus on the necessary topic first. Ask your trainer the most common inquiries about EACH topic. Because trust me, you can't remember 100% from class to call floor later on. 3. OICs might be helping you but they will expect you to work independently, and catch up so fast. Sometimes, they might get irritated when you ask twice because they think they already explained thousands of times. Perhaps the same questions also come from your colleagues. So for those who are not familiar with banking terms/products, if your background is not related to banking/financials, you have to learn yourself. This one is supposed to be okay, but if you need them and they don't entertain willingly, definitely that will let you down. 4. Systems are fine except I only encounter difficulties with R*W**, it needs to be redesigned to a friendlier interface at least for those agents. I think it's too chaotic and tedious. Just need to make it readable so that easier to answer the enquiries instead of arranging a callback because you usually need more time to extract the info. 5. No work-life balance, kindly expect this as you need to perform follow-ups. But, as recommended by OICs/seniors, try to multitask by submitting the SR while talking with customers. Either listen to rants and do your job, or just put them on hold to submit the SR, both have been practiced there. You can choose to claim OT as well at the end of the shift to submit the SR but extra works that you have to get validation from your OICs or TM. Despite this being normal, they needed to check first. 6. I realized that OICs might have different understandings. So well equipped yourself with knowledge, and practiced to rely on many OICs/TMs for the same inquiries. You will notice to get different answers. 7. The job is fun, especially for those who like to talk to people and assist them. I wanted to stay but I felt disappointed for a couple of reasons, which made me resign. But rest assured, if you have REALLY good support and fun colleagues, you actually can survive.",Negative,0.7924918532371521,Accepted,Negative
594,270,United Overseas Bank,review_body_text,23,I think it's too chaotic and tedious.,"1. You need to have communication skills including negotiation, patience, and listening skills to assist the customers with their inquiries outstandingly. Customers are generally normal and sane. Regardless they might rant because they are having difficulties. Just assist, advise, and resolve. 2. Systems are numerous. Getting used to its interface. Your daily tasks may help you to improve how to utilize them. Also, please give ample time to catch up and get used to the systems even though OIC might not assist you many times. Some OICs did good things when they willingly shared notes about raising the service request. You just need to refer. 3. The 1-month training class might not be enough, the notes you can't gather from outside of class. So for those who want to revise, please jot down clearly inside your notebook. Once you hit the floor, you only can refer to their Infohub system or your simplified notes. You try to focus on the necessary topic first. Ask your trainer the most common inquiries about EACH topic. Because trust me, you can't remember 100% from class to call floor later on. 3. OICs might be helping you but they will expect you to work independently, and catch up so fast. Sometimes, they might get irritated when you ask twice because they think they already explained thousands of times. Perhaps the same questions also come from your colleagues. So for those who are not familiar with banking terms/products, if your background is not related to banking/financials, you have to learn yourself. This one is supposed to be okay, but if you need them and they don't entertain willingly, definitely that will let you down. 4. Systems are fine except I only encounter difficulties with R*W**, it needs to be redesigned to a friendlier interface at least for those agents. I think it's too chaotic and tedious. Just need to make it readable so that easier to answer the enquiries instead of arranging a callback because you usually need more time to extract the info. 5. No work-life balance, kindly expect this as you need to perform follow-ups. But, as recommended by OICs/seniors, try to multitask by submitting the SR while talking with customers. Either listen to rants and do your job, or just put them on hold to submit the SR, both have been practiced there. You can choose to claim OT as well at the end of the shift to submit the SR but extra works that you have to get validation from your OICs or TM. Despite this being normal, they needed to check first. 6. I realized that OICs might have different understandings. So well equipped yourself with knowledge, and practiced to rely on many OICs/TMs for the same inquiries. You will notice to get different answers. 7. The job is fun, especially for those who like to talk to people and assist them. I wanted to stay but I felt disappointed for a couple of reasons, which made me resign. But rest assured, if you have REALLY good support and fun colleagues, you actually can survive.",Negative,0.8153029084205627,Accepted,Negative
594,270,United Overseas Bank,review_body_text,24,Just need to make it readable so that easier to answer the enquiries instead of arranging a callback because you usually need more time to extract the info.,"1. You need to have communication skills including negotiation, patience, and listening skills to assist the customers with their inquiries outstandingly. Customers are generally normal and sane. Regardless they might rant because they are having difficulties. Just assist, advise, and resolve. 2. Systems are numerous. Getting used to its interface. Your daily tasks may help you to improve how to utilize them. Also, please give ample time to catch up and get used to the systems even though OIC might not assist you many times. Some OICs did good things when they willingly shared notes about raising the service request. You just need to refer. 3. The 1-month training class might not be enough, the notes you can't gather from outside of class. So for those who want to revise, please jot down clearly inside your notebook. Once you hit the floor, you only can refer to their Infohub system or your simplified notes. You try to focus on the necessary topic first. Ask your trainer the most common inquiries about EACH topic. Because trust me, you can't remember 100% from class to call floor later on. 3. OICs might be helping you but they will expect you to work independently, and catch up so fast. Sometimes, they might get irritated when you ask twice because they think they already explained thousands of times. Perhaps the same questions also come from your colleagues. So for those who are not familiar with banking terms/products, if your background is not related to banking/financials, you have to learn yourself. This one is supposed to be okay, but if you need them and they don't entertain willingly, definitely that will let you down. 4. Systems are fine except I only encounter difficulties with R*W**, it needs to be redesigned to a friendlier interface at least for those agents. I think it's too chaotic and tedious. Just need to make it readable so that easier to answer the enquiries instead of arranging a callback because you usually need more time to extract the info. 5. No work-life balance, kindly expect this as you need to perform follow-ups. But, as recommended by OICs/seniors, try to multitask by submitting the SR while talking with customers. Either listen to rants and do your job, or just put them on hold to submit the SR, both have been practiced there. You can choose to claim OT as well at the end of the shift to submit the SR but extra works that you have to get validation from your OICs or TM. Despite this being normal, they needed to check first. 6. I realized that OICs might have different understandings. So well equipped yourself with knowledge, and practiced to rely on many OICs/TMs for the same inquiries. You will notice to get different answers. 7. The job is fun, especially for those who like to talk to people and assist them. I wanted to stay but I felt disappointed for a couple of reasons, which made me resign. But rest assured, if you have REALLY good support and fun colleagues, you actually can survive.",Positive,0.6885709762573242,Manual Review,Positive
594,270,United Overseas Bank,review_body_text,25,"No work-life balance, kindly expect this as you need to perform follow-ups.","1. You need to have communication skills including negotiation, patience, and listening skills to assist the customers with their inquiries outstandingly. Customers are generally normal and sane. Regardless they might rant because they are having difficulties. Just assist, advise, and resolve. 2. Systems are numerous. Getting used to its interface. Your daily tasks may help you to improve how to utilize them. Also, please give ample time to catch up and get used to the systems even though OIC might not assist you many times. Some OICs did good things when they willingly shared notes about raising the service request. You just need to refer. 3. The 1-month training class might not be enough, the notes you can't gather from outside of class. So for those who want to revise, please jot down clearly inside your notebook. Once you hit the floor, you only can refer to their Infohub system or your simplified notes. You try to focus on the necessary topic first. Ask your trainer the most common inquiries about EACH topic. Because trust me, you can't remember 100% from class to call floor later on. 3. OICs might be helping you but they will expect you to work independently, and catch up so fast. Sometimes, they might get irritated when you ask twice because they think they already explained thousands of times. Perhaps the same questions also come from your colleagues. So for those who are not familiar with banking terms/products, if your background is not related to banking/financials, you have to learn yourself. This one is supposed to be okay, but if you need them and they don't entertain willingly, definitely that will let you down. 4. Systems are fine except I only encounter difficulties with R*W**, it needs to be redesigned to a friendlier interface at least for those agents. I think it's too chaotic and tedious. Just need to make it readable so that easier to answer the enquiries instead of arranging a callback because you usually need more time to extract the info. 5. No work-life balance, kindly expect this as you need to perform follow-ups. But, as recommended by OICs/seniors, try to multitask by submitting the SR while talking with customers. Either listen to rants and do your job, or just put them on hold to submit the SR, both have been practiced there. You can choose to claim OT as well at the end of the shift to submit the SR but extra works that you have to get validation from your OICs or TM. Despite this being normal, they needed to check first. 6. I realized that OICs might have different understandings. So well equipped yourself with knowledge, and practiced to rely on many OICs/TMs for the same inquiries. You will notice to get different answers. 7. The job is fun, especially for those who like to talk to people and assist them. I wanted to stay but I felt disappointed for a couple of reasons, which made me resign. But rest assured, if you have REALLY good support and fun colleagues, you actually can survive.",Negative,0.9789136052131653,Accepted,Negative
594,270,United Overseas Bank,review_body_text,26,"But, as recommended by OICs/seniors, try to multitask by submitting the SR while talking with customers.","1. You need to have communication skills including negotiation, patience, and listening skills to assist the customers with their inquiries outstandingly. Customers are generally normal and sane. Regardless they might rant because they are having difficulties. Just assist, advise, and resolve. 2. Systems are numerous. Getting used to its interface. Your daily tasks may help you to improve how to utilize them. Also, please give ample time to catch up and get used to the systems even though OIC might not assist you many times. Some OICs did good things when they willingly shared notes about raising the service request. You just need to refer. 3. The 1-month training class might not be enough, the notes you can't gather from outside of class. So for those who want to revise, please jot down clearly inside your notebook. Once you hit the floor, you only can refer to their Infohub system or your simplified notes. You try to focus on the necessary topic first. Ask your trainer the most common inquiries about EACH topic. Because trust me, you can't remember 100% from class to call floor later on. 3. OICs might be helping you but they will expect you to work independently, and catch up so fast. Sometimes, they might get irritated when you ask twice because they think they already explained thousands of times. Perhaps the same questions also come from your colleagues. So for those who are not familiar with banking terms/products, if your background is not related to banking/financials, you have to learn yourself. This one is supposed to be okay, but if you need them and they don't entertain willingly, definitely that will let you down. 4. Systems are fine except I only encounter difficulties with R*W**, it needs to be redesigned to a friendlier interface at least for those agents. I think it's too chaotic and tedious. Just need to make it readable so that easier to answer the enquiries instead of arranging a callback because you usually need more time to extract the info. 5. No work-life balance, kindly expect this as you need to perform follow-ups. But, as recommended by OICs/seniors, try to multitask by submitting the SR while talking with customers. Either listen to rants and do your job, or just put them on hold to submit the SR, both have been practiced there. You can choose to claim OT as well at the end of the shift to submit the SR but extra works that you have to get validation from your OICs or TM. Despite this being normal, they needed to check first. 6. I realized that OICs might have different understandings. So well equipped yourself with knowledge, and practiced to rely on many OICs/TMs for the same inquiries. You will notice to get different answers. 7. The job is fun, especially for those who like to talk to people and assist them. I wanted to stay but I felt disappointed for a couple of reasons, which made me resign. But rest assured, if you have REALLY good support and fun colleagues, you actually can survive.",Positive,0.6955175995826721,Manual Review,Positive
594,270,United Overseas Bank,review_body_text,27,"Either listen to rants and do your job, or just put them on hold to submit the SR, both have been practiced there.","1. You need to have communication skills including negotiation, patience, and listening skills to assist the customers with their inquiries outstandingly. Customers are generally normal and sane. Regardless they might rant because they are having difficulties. Just assist, advise, and resolve. 2. Systems are numerous. Getting used to its interface. Your daily tasks may help you to improve how to utilize them. Also, please give ample time to catch up and get used to the systems even though OIC might not assist you many times. Some OICs did good things when they willingly shared notes about raising the service request. You just need to refer. 3. The 1-month training class might not be enough, the notes you can't gather from outside of class. So for those who want to revise, please jot down clearly inside your notebook. Once you hit the floor, you only can refer to their Infohub system or your simplified notes. You try to focus on the necessary topic first. Ask your trainer the most common inquiries about EACH topic. Because trust me, you can't remember 100% from class to call floor later on. 3. OICs might be helping you but they will expect you to work independently, and catch up so fast. Sometimes, they might get irritated when you ask twice because they think they already explained thousands of times. Perhaps the same questions also come from your colleagues. So for those who are not familiar with banking terms/products, if your background is not related to banking/financials, you have to learn yourself. This one is supposed to be okay, but if you need them and they don't entertain willingly, definitely that will let you down. 4. Systems are fine except I only encounter difficulties with R*W**, it needs to be redesigned to a friendlier interface at least for those agents. I think it's too chaotic and tedious. Just need to make it readable so that easier to answer the enquiries instead of arranging a callback because you usually need more time to extract the info. 5. No work-life balance, kindly expect this as you need to perform follow-ups. But, as recommended by OICs/seniors, try to multitask by submitting the SR while talking with customers. Either listen to rants and do your job, or just put them on hold to submit the SR, both have been practiced there. You can choose to claim OT as well at the end of the shift to submit the SR but extra works that you have to get validation from your OICs or TM. Despite this being normal, they needed to check first. 6. I realized that OICs might have different understandings. So well equipped yourself with knowledge, and practiced to rely on many OICs/TMs for the same inquiries. You will notice to get different answers. 7. The job is fun, especially for those who like to talk to people and assist them. I wanted to stay but I felt disappointed for a couple of reasons, which made me resign. But rest assured, if you have REALLY good support and fun colleagues, you actually can survive.",Negative,0.966887891292572,Accepted,Negative
594,270,United Overseas Bank,review_body_text,28,You can choose to claim OT as well at the end of the shift to submit the SR but extra works that you have to get validation from your OICs or TM.,"1. You need to have communication skills including negotiation, patience, and listening skills to assist the customers with their inquiries outstandingly. Customers are generally normal and sane. Regardless they might rant because they are having difficulties. Just assist, advise, and resolve. 2. Systems are numerous. Getting used to its interface. Your daily tasks may help you to improve how to utilize them. Also, please give ample time to catch up and get used to the systems even though OIC might not assist you many times. Some OICs did good things when they willingly shared notes about raising the service request. You just need to refer. 3. The 1-month training class might not be enough, the notes you can't gather from outside of class. So for those who want to revise, please jot down clearly inside your notebook. Once you hit the floor, you only can refer to their Infohub system or your simplified notes. You try to focus on the necessary topic first. Ask your trainer the most common inquiries about EACH topic. Because trust me, you can't remember 100% from class to call floor later on. 3. OICs might be helping you but they will expect you to work independently, and catch up so fast. Sometimes, they might get irritated when you ask twice because they think they already explained thousands of times. Perhaps the same questions also come from your colleagues. So for those who are not familiar with banking terms/products, if your background is not related to banking/financials, you have to learn yourself. This one is supposed to be okay, but if you need them and they don't entertain willingly, definitely that will let you down. 4. Systems are fine except I only encounter difficulties with R*W**, it needs to be redesigned to a friendlier interface at least for those agents. I think it's too chaotic and tedious. Just need to make it readable so that easier to answer the enquiries instead of arranging a callback because you usually need more time to extract the info. 5. No work-life balance, kindly expect this as you need to perform follow-ups. But, as recommended by OICs/seniors, try to multitask by submitting the SR while talking with customers. Either listen to rants and do your job, or just put them on hold to submit the SR, both have been practiced there. You can choose to claim OT as well at the end of the shift to submit the SR but extra works that you have to get validation from your OICs or TM. Despite this being normal, they needed to check first. 6. I realized that OICs might have different understandings. So well equipped yourself with knowledge, and practiced to rely on many OICs/TMs for the same inquiries. You will notice to get different answers. 7. The job is fun, especially for those who like to talk to people and assist them. I wanted to stay but I felt disappointed for a couple of reasons, which made me resign. But rest assured, if you have REALLY good support and fun colleagues, you actually can survive.",Positive,0.5830981135368347,Manual Review,Positive
594,270,United Overseas Bank,review_body_text,29,"Despite this being normal, they needed to check first.","1. You need to have communication skills including negotiation, patience, and listening skills to assist the customers with their inquiries outstandingly. Customers are generally normal and sane. Regardless they might rant because they are having difficulties. Just assist, advise, and resolve. 2. Systems are numerous. Getting used to its interface. Your daily tasks may help you to improve how to utilize them. Also, please give ample time to catch up and get used to the systems even though OIC might not assist you many times. Some OICs did good things when they willingly shared notes about raising the service request. You just need to refer. 3. The 1-month training class might not be enough, the notes you can't gather from outside of class. So for those who want to revise, please jot down clearly inside your notebook. Once you hit the floor, you only can refer to their Infohub system or your simplified notes. You try to focus on the necessary topic first. Ask your trainer the most common inquiries about EACH topic. Because trust me, you can't remember 100% from class to call floor later on. 3. OICs might be helping you but they will expect you to work independently, and catch up so fast. Sometimes, they might get irritated when you ask twice because they think they already explained thousands of times. Perhaps the same questions also come from your colleagues. So for those who are not familiar with banking terms/products, if your background is not related to banking/financials, you have to learn yourself. This one is supposed to be okay, but if you need them and they don't entertain willingly, definitely that will let you down. 4. Systems are fine except I only encounter difficulties with R*W**, it needs to be redesigned to a friendlier interface at least for those agents. I think it's too chaotic and tedious. Just need to make it readable so that easier to answer the enquiries instead of arranging a callback because you usually need more time to extract the info. 5. No work-life balance, kindly expect this as you need to perform follow-ups. But, as recommended by OICs/seniors, try to multitask by submitting the SR while talking with customers. Either listen to rants and do your job, or just put them on hold to submit the SR, both have been practiced there. You can choose to claim OT as well at the end of the shift to submit the SR but extra works that you have to get validation from your OICs or TM. Despite this being normal, they needed to check first. 6. I realized that OICs might have different understandings. So well equipped yourself with knowledge, and practiced to rely on many OICs/TMs for the same inquiries. You will notice to get different answers. 7. The job is fun, especially for those who like to talk to people and assist them. I wanted to stay but I felt disappointed for a couple of reasons, which made me resign. But rest assured, if you have REALLY good support and fun colleagues, you actually can survive.",Negative,0.3725658655166626,Manual Review,Negative
594,270,United Overseas Bank,review_body_text,30,I realized that OICs might have different understandings.,"1. You need to have communication skills including negotiation, patience, and listening skills to assist the customers with their inquiries outstandingly. Customers are generally normal and sane. Regardless they might rant because they are having difficulties. Just assist, advise, and resolve. 2. Systems are numerous. Getting used to its interface. Your daily tasks may help you to improve how to utilize them. Also, please give ample time to catch up and get used to the systems even though OIC might not assist you many times. Some OICs did good things when they willingly shared notes about raising the service request. You just need to refer. 3. The 1-month training class might not be enough, the notes you can't gather from outside of class. So for those who want to revise, please jot down clearly inside your notebook. Once you hit the floor, you only can refer to their Infohub system or your simplified notes. You try to focus on the necessary topic first. Ask your trainer the most common inquiries about EACH topic. Because trust me, you can't remember 100% from class to call floor later on. 3. OICs might be helping you but they will expect you to work independently, and catch up so fast. Sometimes, they might get irritated when you ask twice because they think they already explained thousands of times. Perhaps the same questions also come from your colleagues. So for those who are not familiar with banking terms/products, if your background is not related to banking/financials, you have to learn yourself. This one is supposed to be okay, but if you need them and they don't entertain willingly, definitely that will let you down. 4. Systems are fine except I only encounter difficulties with R*W**, it needs to be redesigned to a friendlier interface at least for those agents. I think it's too chaotic and tedious. Just need to make it readable so that easier to answer the enquiries instead of arranging a callback because you usually need more time to extract the info. 5. No work-life balance, kindly expect this as you need to perform follow-ups. But, as recommended by OICs/seniors, try to multitask by submitting the SR while talking with customers. Either listen to rants and do your job, or just put them on hold to submit the SR, both have been practiced there. You can choose to claim OT as well at the end of the shift to submit the SR but extra works that you have to get validation from your OICs or TM. Despite this being normal, they needed to check first. 6. I realized that OICs might have different understandings. So well equipped yourself with knowledge, and practiced to rely on many OICs/TMs for the same inquiries. You will notice to get different answers. 7. The job is fun, especially for those who like to talk to people and assist them. I wanted to stay but I felt disappointed for a couple of reasons, which made me resign. But rest assured, if you have REALLY good support and fun colleagues, you actually can survive.",Negative,0.5432107448577881,Manual Review,Negative
594,270,United Overseas Bank,review_body_text,31,"So well equipped yourself with knowledge, and practiced to rely on many OICs/TMs for the same inquiries.","1. You need to have communication skills including negotiation, patience, and listening skills to assist the customers with their inquiries outstandingly. Customers are generally normal and sane. Regardless they might rant because they are having difficulties. Just assist, advise, and resolve. 2. Systems are numerous. Getting used to its interface. Your daily tasks may help you to improve how to utilize them. Also, please give ample time to catch up and get used to the systems even though OIC might not assist you many times. Some OICs did good things when they willingly shared notes about raising the service request. You just need to refer. 3. The 1-month training class might not be enough, the notes you can't gather from outside of class. So for those who want to revise, please jot down clearly inside your notebook. Once you hit the floor, you only can refer to their Infohub system or your simplified notes. You try to focus on the necessary topic first. Ask your trainer the most common inquiries about EACH topic. Because trust me, you can't remember 100% from class to call floor later on. 3. OICs might be helping you but they will expect you to work independently, and catch up so fast. Sometimes, they might get irritated when you ask twice because they think they already explained thousands of times. Perhaps the same questions also come from your colleagues. So for those who are not familiar with banking terms/products, if your background is not related to banking/financials, you have to learn yourself. This one is supposed to be okay, but if you need them and they don't entertain willingly, definitely that will let you down. 4. Systems are fine except I only encounter difficulties with R*W**, it needs to be redesigned to a friendlier interface at least for those agents. I think it's too chaotic and tedious. Just need to make it readable so that easier to answer the enquiries instead of arranging a callback because you usually need more time to extract the info. 5. No work-life balance, kindly expect this as you need to perform follow-ups. But, as recommended by OICs/seniors, try to multitask by submitting the SR while talking with customers. Either listen to rants and do your job, or just put them on hold to submit the SR, both have been practiced there. You can choose to claim OT as well at the end of the shift to submit the SR but extra works that you have to get validation from your OICs or TM. Despite this being normal, they needed to check first. 6. I realized that OICs might have different understandings. So well equipped yourself with knowledge, and practiced to rely on many OICs/TMs for the same inquiries. You will notice to get different answers. 7. The job is fun, especially for those who like to talk to people and assist them. I wanted to stay but I felt disappointed for a couple of reasons, which made me resign. But rest assured, if you have REALLY good support and fun colleagues, you actually can survive.",Positive,0.9519956707954407,Accepted,Positive
594,270,United Overseas Bank,review_body_text,32,You will notice to get different answers.,"1. You need to have communication skills including negotiation, patience, and listening skills to assist the customers with their inquiries outstandingly. Customers are generally normal and sane. Regardless they might rant because they are having difficulties. Just assist, advise, and resolve. 2. Systems are numerous. Getting used to its interface. Your daily tasks may help you to improve how to utilize them. Also, please give ample time to catch up and get used to the systems even though OIC might not assist you many times. Some OICs did good things when they willingly shared notes about raising the service request. You just need to refer. 3. The 1-month training class might not be enough, the notes you can't gather from outside of class. So for those who want to revise, please jot down clearly inside your notebook. Once you hit the floor, you only can refer to their Infohub system or your simplified notes. You try to focus on the necessary topic first. Ask your trainer the most common inquiries about EACH topic. Because trust me, you can't remember 100% from class to call floor later on. 3. OICs might be helping you but they will expect you to work independently, and catch up so fast. Sometimes, they might get irritated when you ask twice because they think they already explained thousands of times. Perhaps the same questions also come from your colleagues. So for those who are not familiar with banking terms/products, if your background is not related to banking/financials, you have to learn yourself. This one is supposed to be okay, but if you need them and they don't entertain willingly, definitely that will let you down. 4. Systems are fine except I only encounter difficulties with R*W**, it needs to be redesigned to a friendlier interface at least for those agents. I think it's too chaotic and tedious. Just need to make it readable so that easier to answer the enquiries instead of arranging a callback because you usually need more time to extract the info. 5. No work-life balance, kindly expect this as you need to perform follow-ups. But, as recommended by OICs/seniors, try to multitask by submitting the SR while talking with customers. Either listen to rants and do your job, or just put them on hold to submit the SR, both have been practiced there. You can choose to claim OT as well at the end of the shift to submit the SR but extra works that you have to get validation from your OICs or TM. Despite this being normal, they needed to check first. 6. I realized that OICs might have different understandings. So well equipped yourself with knowledge, and practiced to rely on many OICs/TMs for the same inquiries. You will notice to get different answers. 7. The job is fun, especially for those who like to talk to people and assist them. I wanted to stay but I felt disappointed for a couple of reasons, which made me resign. But rest assured, if you have REALLY good support and fun colleagues, you actually can survive.",Positive,0.4317440390586853,Manual Review,Positive
594,270,United Overseas Bank,review_body_text,33,"The job is fun, especially for those who like to talk to people and assist them.","1. You need to have communication skills including negotiation, patience, and listening skills to assist the customers with their inquiries outstandingly. Customers are generally normal and sane. Regardless they might rant because they are having difficulties. Just assist, advise, and resolve. 2. Systems are numerous. Getting used to its interface. Your daily tasks may help you to improve how to utilize them. Also, please give ample time to catch up and get used to the systems even though OIC might not assist you many times. Some OICs did good things when they willingly shared notes about raising the service request. You just need to refer. 3. The 1-month training class might not be enough, the notes you can't gather from outside of class. So for those who want to revise, please jot down clearly inside your notebook. Once you hit the floor, you only can refer to their Infohub system or your simplified notes. You try to focus on the necessary topic first. Ask your trainer the most common inquiries about EACH topic. Because trust me, you can't remember 100% from class to call floor later on. 3. OICs might be helping you but they will expect you to work independently, and catch up so fast. Sometimes, they might get irritated when you ask twice because they think they already explained thousands of times. Perhaps the same questions also come from your colleagues. So for those who are not familiar with banking terms/products, if your background is not related to banking/financials, you have to learn yourself. This one is supposed to be okay, but if you need them and they don't entertain willingly, definitely that will let you down. 4. Systems are fine except I only encounter difficulties with R*W**, it needs to be redesigned to a friendlier interface at least for those agents. I think it's too chaotic and tedious. Just need to make it readable so that easier to answer the enquiries instead of arranging a callback because you usually need more time to extract the info. 5. No work-life balance, kindly expect this as you need to perform follow-ups. But, as recommended by OICs/seniors, try to multitask by submitting the SR while talking with customers. Either listen to rants and do your job, or just put them on hold to submit the SR, both have been practiced there. You can choose to claim OT as well at the end of the shift to submit the SR but extra works that you have to get validation from your OICs or TM. Despite this being normal, they needed to check first. 6. I realized that OICs might have different understandings. So well equipped yourself with knowledge, and practiced to rely on many OICs/TMs for the same inquiries. You will notice to get different answers. 7. The job is fun, especially for those who like to talk to people and assist them. I wanted to stay but I felt disappointed for a couple of reasons, which made me resign. But rest assured, if you have REALLY good support and fun colleagues, you actually can survive.",Positive,0.9832432270050049,Accepted,Positive
594,270,United Overseas Bank,review_body_text,34,"I wanted to stay but I felt disappointed for a couple of reasons, which made me resign.","1. You need to have communication skills including negotiation, patience, and listening skills to assist the customers with their inquiries outstandingly. Customers are generally normal and sane. Regardless they might rant because they are having difficulties. Just assist, advise, and resolve. 2. Systems are numerous. Getting used to its interface. Your daily tasks may help you to improve how to utilize them. Also, please give ample time to catch up and get used to the systems even though OIC might not assist you many times. Some OICs did good things when they willingly shared notes about raising the service request. You just need to refer. 3. The 1-month training class might not be enough, the notes you can't gather from outside of class. So for those who want to revise, please jot down clearly inside your notebook. Once you hit the floor, you only can refer to their Infohub system or your simplified notes. You try to focus on the necessary topic first. Ask your trainer the most common inquiries about EACH topic. Because trust me, you can't remember 100% from class to call floor later on. 3. OICs might be helping you but they will expect you to work independently, and catch up so fast. Sometimes, they might get irritated when you ask twice because they think they already explained thousands of times. Perhaps the same questions also come from your colleagues. So for those who are not familiar with banking terms/products, if your background is not related to banking/financials, you have to learn yourself. This one is supposed to be okay, but if you need them and they don't entertain willingly, definitely that will let you down. 4. Systems are fine except I only encounter difficulties with R*W**, it needs to be redesigned to a friendlier interface at least for those agents. I think it's too chaotic and tedious. Just need to make it readable so that easier to answer the enquiries instead of arranging a callback because you usually need more time to extract the info. 5. No work-life balance, kindly expect this as you need to perform follow-ups. But, as recommended by OICs/seniors, try to multitask by submitting the SR while talking with customers. Either listen to rants and do your job, or just put them on hold to submit the SR, both have been practiced there. You can choose to claim OT as well at the end of the shift to submit the SR but extra works that you have to get validation from your OICs or TM. Despite this being normal, they needed to check first. 6. I realized that OICs might have different understandings. So well equipped yourself with knowledge, and practiced to rely on many OICs/TMs for the same inquiries. You will notice to get different answers. 7. The job is fun, especially for those who like to talk to people and assist them. I wanted to stay but I felt disappointed for a couple of reasons, which made me resign. But rest assured, if you have REALLY good support and fun colleagues, you actually can survive.",Negative,0.9691951870918274,Accepted,Negative
594,270,United Overseas Bank,review_body_text,35,"But rest assured, if you have REALLY good support and fun colleagues, you actually can survive.","1. You need to have communication skills including negotiation, patience, and listening skills to assist the customers with their inquiries outstandingly. Customers are generally normal and sane. Regardless they might rant because they are having difficulties. Just assist, advise, and resolve. 2. Systems are numerous. Getting used to its interface. Your daily tasks may help you to improve how to utilize them. Also, please give ample time to catch up and get used to the systems even though OIC might not assist you many times. Some OICs did good things when they willingly shared notes about raising the service request. You just need to refer. 3. The 1-month training class might not be enough, the notes you can't gather from outside of class. So for those who want to revise, please jot down clearly inside your notebook. Once you hit the floor, you only can refer to their Infohub system or your simplified notes. You try to focus on the necessary topic first. Ask your trainer the most common inquiries about EACH topic. Because trust me, you can't remember 100% from class to call floor later on. 3. OICs might be helping you but they will expect you to work independently, and catch up so fast. Sometimes, they might get irritated when you ask twice because they think they already explained thousands of times. Perhaps the same questions also come from your colleagues. So for those who are not familiar with banking terms/products, if your background is not related to banking/financials, you have to learn yourself. This one is supposed to be okay, but if you need them and they don't entertain willingly, definitely that will let you down. 4. Systems are fine except I only encounter difficulties with R*W**, it needs to be redesigned to a friendlier interface at least for those agents. I think it's too chaotic and tedious. Just need to make it readable so that easier to answer the enquiries instead of arranging a callback because you usually need more time to extract the info. 5. No work-life balance, kindly expect this as you need to perform follow-ups. But, as recommended by OICs/seniors, try to multitask by submitting the SR while talking with customers. Either listen to rants and do your job, or just put them on hold to submit the SR, both have been practiced there. You can choose to claim OT as well at the end of the shift to submit the SR but extra works that you have to get validation from your OICs or TM. Despite this being normal, they needed to check first. 6. I realized that OICs might have different understandings. So well equipped yourself with knowledge, and practiced to rely on many OICs/TMs for the same inquiries. You will notice to get different answers. 7. The job is fun, especially for those who like to talk to people and assist them. I wanted to stay but I felt disappointed for a couple of reasons, which made me resign. But rest assured, if you have REALLY good support and fun colleagues, you actually can survive.",Positive,0.8345897793769836,Accepted,Positive
595,270,United Overseas Bank,pros_text,1,Benefits/Salary for fresh graduates/ OT claims,Benefits/Salary for fresh graduates/ OT claims,Positive,0.850091814994812,Accepted,Positive
598,271,RHB Bank Berhad,review_body_text,1,Nice workplace.,Nice workplace. No life balance. Can get more incentive of you work hard. If you lucky then u can get a nice TL to work with. He/she will guide you from zero to something,Positive,0.9161052703857422,Accepted,Positive
598,271,RHB Bank Berhad,review_body_text,2,No life balance.,Nice workplace. No life balance. Can get more incentive of you work hard. If you lucky then u can get a nice TL to work with. He/she will guide you from zero to something,Negative,0.9071046710014343,Accepted,Negative
598,271,RHB Bank Berhad,review_body_text,3,Can get more incentive of you work hard.,Nice workplace. No life balance. Can get more incentive of you work hard. If you lucky then u can get a nice TL to work with. He/she will guide you from zero to something,Positive,0.9256793856620789,Accepted,Positive
598,271,RHB Bank Berhad,review_body_text,4,If you lucky then u can get a nice TL to work with.,Nice workplace. No life balance. Can get more incentive of you work hard. If you lucky then u can get a nice TL to work with. He/she will guide you from zero to something,Positive,0.8792136311531067,Accepted,Positive
598,271,RHB Bank Berhad,review_body_text,5,He/she will guide you from zero to something,Nice workplace. No life balance. Can get more incentive of you work hard. If you lucky then u can get a nice TL to work with. He/she will guide you from zero to something,Positive,0.9240273237228394,Accepted,Positive
599,272,HSBC,review_title,1,Productive and good food as always,Productive and good food as always,Positive,0.970120370388031,Accepted,Positive
600,272,HSBC,review_body_text,1,What is the best part of working at the company?,"What is the best part of working at the company? Very good team work to work with. What is the most stressful part about working at the company? Facing challenges to deal with current systems and process. Because the exchange is done to prior to customers and company interest. What is the work environment and culture like at the company? There is always a good teamwork, hopefully this been continued. What is a typical day like for you at the company? Healthy communication and good experiences.",Positive,0.8981525897979736,Accepted,Positive
600,272,HSBC,review_body_text,2,Very good team work to work with.,"What is the best part of working at the company? Very good team work to work with. What is the most stressful part about working at the company? Facing challenges to deal with current systems and process. Because the exchange is done to prior to customers and company interest. What is the work environment and culture like at the company? There is always a good teamwork, hopefully this been continued. What is a typical day like for you at the company? Healthy communication and good experiences.",Positive,0.9673663377761841,Accepted,Positive
600,272,HSBC,review_body_text,3,What is the most stressful part about working at the company?,"What is the best part of working at the company? Very good team work to work with. What is the most stressful part about working at the company? Facing challenges to deal with current systems and process. Because the exchange is done to prior to customers and company interest. What is the work environment and culture like at the company? There is always a good teamwork, hopefully this been continued. What is a typical day like for you at the company? Healthy communication and good experiences.",Negative,0.9303421974182129,Accepted,Negative
600,272,HSBC,review_body_text,4,Facing challenges to deal with current systems and process.,"What is the best part of working at the company? Very good team work to work with. What is the most stressful part about working at the company? Facing challenges to deal with current systems and process. Because the exchange is done to prior to customers and company interest. What is the work environment and culture like at the company? There is always a good teamwork, hopefully this been continued. What is a typical day like for you at the company? Healthy communication and good experiences.",Negative,0.8443520665168762,Accepted,Negative
600,272,HSBC,review_body_text,5,Because the exchange is done to prior to customers and company interest.,"What is the best part of working at the company? Very good team work to work with. What is the most stressful part about working at the company? Facing challenges to deal with current systems and process. Because the exchange is done to prior to customers and company interest. What is the work environment and culture like at the company? There is always a good teamwork, hopefully this been continued. What is a typical day like for you at the company? Healthy communication and good experiences.",Negative,0.44056469202041626,Manual Review,Negative
600,272,HSBC,review_body_text,6,What is the work environment and culture like at the company?,"What is the best part of working at the company? Very good team work to work with. What is the most stressful part about working at the company? Facing challenges to deal with current systems and process. Because the exchange is done to prior to customers and company interest. What is the work environment and culture like at the company? There is always a good teamwork, hopefully this been continued. What is a typical day like for you at the company? Healthy communication and good experiences.",Positive,0.5594784617424011,Manual Review,Positive
600,272,HSBC,review_body_text,7,"There is always a good teamwork, hopefully this been continued.","What is the best part of working at the company? Very good team work to work with. What is the most stressful part about working at the company? Facing challenges to deal with current systems and process. Because the exchange is done to prior to customers and company interest. What is the work environment and culture like at the company? There is always a good teamwork, hopefully this been continued. What is a typical day like for you at the company? Healthy communication and good experiences.",Positive,0.9763453602790833,Accepted,Positive
600,272,HSBC,review_body_text,8,What is a typical day like for you at the company?,"What is the best part of working at the company? Very good team work to work with. What is the most stressful part about working at the company? Facing challenges to deal with current systems and process. Because the exchange is done to prior to customers and company interest. What is the work environment and culture like at the company? There is always a good teamwork, hopefully this been continued. What is a typical day like for you at the company? Healthy communication and good experiences.",Positive,0.49403467774391174,Manual Review,Positive
600,272,HSBC,review_body_text,9,Healthy communication and good experiences.,"What is the best part of working at the company? Very good team work to work with. What is the most stressful part about working at the company? Facing challenges to deal with current systems and process. Because the exchange is done to prior to customers and company interest. What is the work environment and culture like at the company? There is always a good teamwork, hopefully this been continued. What is a typical day like for you at the company? Healthy communication and good experiences.",Positive,0.9580851793289185,Accepted,Positive
601,273,RHB Bank Berhad,review_title,1,Great for beginners,Great for beginners,Positive,0.9135853052139282,Accepted,Positive
602,273,RHB Bank Berhad,review_body_text,1,Best to work with colleagues.,Best to work with colleagues. The environment is depends on your team leader and colleagues. KPI hard to achieve but once achieved the feeling cannot be described. No OT given but they ask you to do OT. Stayback almost everyday. Not suitable for family person.,Positive,0.8760222792625427,Accepted,Positive
602,273,RHB Bank Berhad,review_body_text,2,The environment is depends on your team leader and colleagues.,Best to work with colleagues. The environment is depends on your team leader and colleagues. KPI hard to achieve but once achieved the feeling cannot be described. No OT given but they ask you to do OT. Stayback almost everyday. Not suitable for family person.,Positive,0.5762685537338257,Manual Review,Positive
602,273,RHB Bank Berhad,review_body_text,3,KPI hard to achieve but once achieved the feeling cannot be described.,Best to work with colleagues. The environment is depends on your team leader and colleagues. KPI hard to achieve but once achieved the feeling cannot be described. No OT given but they ask you to do OT. Stayback almost everyday. Not suitable for family person.,Positive,0.5784400105476379,Manual Review,Positive
602,273,RHB Bank Berhad,review_body_text,4,No OT given but they ask you to do OT.,Best to work with colleagues. The environment is depends on your team leader and colleagues. KPI hard to achieve but once achieved the feeling cannot be described. No OT given but they ask you to do OT. Stayback almost everyday. Not suitable for family person.,Negative,0.7337186932563782,Manual Review,Negative
602,273,RHB Bank Berhad,review_body_text,5,Stayback almost everyday.,Best to work with colleagues. The environment is depends on your team leader and colleagues. KPI hard to achieve but once achieved the feeling cannot be described. No OT given but they ask you to do OT. Stayback almost everyday. Not suitable for family person.,Negative,0.5478819608688354,Manual Review,Negative
602,273,RHB Bank Berhad,review_body_text,6,Not suitable for family person.,Best to work with colleagues. The environment is depends on your team leader and colleagues. KPI hard to achieve but once achieved the feeling cannot be described. No OT given but they ask you to do OT. Stayback almost everyday. Not suitable for family person.,Negative,0.8928237557411194,Accepted,Negative
603,274,Public-Bank-Berhad,review_title,1,Old structure of company,Old structure of company,Negative,0.5772929191589355,Manual Review,Negative
604,274,Public-Bank-Berhad,review_body_text,1,Stress working environment High work load Need to work over time to finish the work but no pay OT Colleagues is helpful and friendly Low opportunity for career growth,Stress working environment High work load Need to work over time to finish the work but no pay OT Colleagues is helpful and friendly Low opportunity for career growth,Negative,0.9812349677085876,Accepted,Negative
606,275,RHB Bank Berhad,review_body_text,1,"Ok ok , not so good for sales target, always pressure about target from upper management ,for trying is ok but for long term is not suitable because based on target","Ok ok , not so good for sales target, always pressure about target from upper management ,for trying is ok but for long term is not suitable because based on target",Negative,0.8412742018699646,Accepted,Negative
607,276,Cimb-Group,review_title,1,Fun work environment but challenging,Fun work environment but challenging,Positive,0.44922563433647156,Manual Review,Positive
608,276,Cimb-Group,review_body_text,1,Opportunity to learn a lot however i was hired as a outsourcing staff.,"Opportunity to learn a lot however i was hired as a outsourcing staff. My teammate are amazing, but the manager I am under eventually started micromanaging.",Positive,0.6594574451446533,Manual Review,Positive
608,276,Cimb-Group,review_body_text,2,"My teammate are amazing, but the manager I am under eventually started micromanaging.","Opportunity to learn a lot however i was hired as a outsourcing staff. My teammate are amazing, but the manager I am under eventually started micromanaging.",Negative,0.6936180591583252,Manual Review,Negative
609,277,Public-Bank-Berhad,review_title,1,Good for beginner,Good for beginner,Positive,0.749334454536438,Manual Review,Positive
610,277,Public-Bank-Berhad,review_body_text,1,Colleague are nice.,Colleague are nice. But too much paperwork and need to work until 8pm everyday due to culture. Culture depend on managers. They have too much power and no one can question them.,Positive,0.8899983763694763,Accepted,Positive
610,277,Public-Bank-Berhad,review_body_text,2,But too much paperwork and need to work until 8pm everyday due to culture.,Colleague are nice. But too much paperwork and need to work until 8pm everyday due to culture. Culture depend on managers. They have too much power and no one can question them.,Negative,0.9577471017837524,Accepted,Negative
610,277,Public-Bank-Berhad,review_body_text,3,Culture depend on managers.,Colleague are nice. But too much paperwork and need to work until 8pm everyday due to culture. Culture depend on managers. They have too much power and no one can question them.,Positive,0.47090792655944824,Manual Review,Positive
610,277,Public-Bank-Berhad,review_body_text,4,They have too much power and no one can question them.,Colleague are nice. But too much paperwork and need to work until 8pm everyday due to culture. Culture depend on managers. They have too much power and no one can question them.,Negative,0.8517611026763916,Accepted,Negative
611,278,Public-Bank-Berhad,review_title,1,High pay with great benefits but expect to work a lot,High pay with great benefits but expect to work a lot,Positive,0.9150104522705078,Accepted,Positive
612,278,Public-Bank-Berhad,review_body_text,1,No work-life balance.,No work-life balance. Year-end bonus is very generous. 24 days of annual leave. Good place to start for fresh graduates but long working hours. Office is old.,Negative,0.9707745909690857,Accepted,Negative
612,278,Public-Bank-Berhad,review_body_text,2,Year-end bonus is very generous.,No work-life balance. Year-end bonus is very generous. 24 days of annual leave. Good place to start for fresh graduates but long working hours. Office is old.,Positive,0.9288424849510193,Accepted,Positive
612,278,Public-Bank-Berhad,review_body_text,3,24 days of annual leave.,No work-life balance. Year-end bonus is very generous. 24 days of annual leave. Good place to start for fresh graduates but long working hours. Office is old.,Positive,0.5425041913986206,Manual Review,Positive
612,278,Public-Bank-Berhad,review_body_text,4,Good place to start for fresh graduates but long working hours.,No work-life balance. Year-end bonus is very generous. 24 days of annual leave. Good place to start for fresh graduates but long working hours. Office is old.,Positive,0.8994736075401306,Accepted,Positive
612,278,Public-Bank-Berhad,review_body_text,5,Office is old.,No work-life balance. Year-end bonus is very generous. 24 days of annual leave. Good place to start for fresh graduates but long working hours. Office is old.,Negative,0.7756485342979431,Accepted,Negative
613,279,United Overseas Bank,review_title,1,Unclear commission,Unclear commission,Negative,0.6301646828651428,Manual Review,Negative
614,279,United Overseas Bank,review_body_text,1,"Low salary good colleagues manager is not professional and experienced, need to find the solution and solve the problem by yourself.","Low salary good colleagues manager is not professional and experienced, need to find the solution and solve the problem by yourself. Unclear commission calculate",Negative,0.9576098918914795,Accepted,Negative
614,279,United Overseas Bank,review_body_text,2,Unclear commission calculate,"Low salary good colleagues manager is not professional and experienced, need to find the solution and solve the problem by yourself. Unclear commission calculate",Negative,0.6417704820632935,Manual Review,Negative
615,280,Ocbc,review_title,1,Poor leadership,Poor leadership,Negative,0.9337814450263977,Accepted,Negative
616,280,Ocbc,review_body_text,1,Poor leadership where the leader work too long and has all the power.,Poor leadership where the leader work too long and has all the power. Creating a bad environment to work. Manual process a lot redundant work causing a lot work,Negative,0.9675875306129456,Accepted,Negative
616,280,Ocbc,review_body_text,2,Creating a bad environment to work.,Poor leadership where the leader work too long and has all the power. Creating a bad environment to work. Manual process a lot redundant work causing a lot work,Negative,0.969673216342926,Accepted,Negative
616,280,Ocbc,review_body_text,3,Manual process a lot redundant work causing a lot work,Poor leadership where the leader work too long and has all the power. Creating a bad environment to work. Manual process a lot redundant work causing a lot work,Negative,0.9349671602249146,Accepted,Negative
617,281,Public-Bank-Berhad,review_title,1,No OT Overall not bad,No OT Overall not bad,Positive,0.6167547106742859,Manual Review,Positive
618,281,Public-Bank-Berhad,review_body_text,1,"Maybe it's just this branch do not have much OT, normally we back at 6pm.","Maybe it's just this branch do not have much OT, normally we back at 6pm. Annual leave 24 days. Colleagues are friendly, have to service with a lot of walk in customers, normally you can only start your works after 4pm",Negative,0.7673593759536743,Accepted,Negative
618,281,Public-Bank-Berhad,review_body_text,2,Annual leave 24 days.,"Maybe it's just this branch do not have much OT, normally we back at 6pm. Annual leave 24 days. Colleagues are friendly, have to service with a lot of walk in customers, normally you can only start your works after 4pm",Positive,0.47309333086013794,Manual Review,Positive
618,281,Public-Bank-Berhad,review_body_text,3,"Colleagues are friendly, have to service with a lot of walk in customers, normally you can only start your works after 4pm","Maybe it's just this branch do not have much OT, normally we back at 6pm. Annual leave 24 days. Colleagues are friendly, have to service with a lot of walk in customers, normally you can only start your works after 4pm",Positive,0.9239571690559387,Accepted,Positive
619,282,Bank-Rakyat,review_title,1,Productive and very friendly colleagues,Productive and very friendly colleagues,Positive,0.980259895324707,Accepted,Positive
620,282,Bank-Rakyat,review_body_text,1,Working at Bank Rakyat as a contract executive for two years was a valuable and enriching experience.,"Working at Bank Rakyat as a contract executive for two years was a valuable and enriching experience. Despite the occasional stress, the knowledge gained in the field of financing was immense. The supportive and friendly nature of my colleagues significantly contributed to making the overall work environment positive. One notable aspect of the job was the yearly bonuses, which were exceptionally good. This not only served as a motivating factor but also reflected the organization's commitment to recognizing and rewarding the hard work of its employees. The acceptable overtime policy allowed for a healthy work-life balance, and the collaborative atmosphere within the bank made the workload more manageable. One of the highlights of my time at Bank Rakyat was the willingness of my colleagues to share their knowledge and expertise. The culture encouraged learning from one another, fostering a sense of teamwork and camaraderie. This collaborative approach helped me to navigate the complexities of the job more effectively and ensured a smoother integration into the organizational dynamics. Overall, my experience at Bank Rakyat was not only professionally rewarding but also personally fulfilling. The combination of a supportive work environment, generous bonuses, and the opportunity to learn from experienced colleagues made it a positive chapter in my career.",Positive,0.9884078502655029,Accepted,Positive
620,282,Bank-Rakyat,review_body_text,2,"Despite the occasional stress, the knowledge gained in the field of financing was immense.","Working at Bank Rakyat as a contract executive for two years was a valuable and enriching experience. Despite the occasional stress, the knowledge gained in the field of financing was immense. The supportive and friendly nature of my colleagues significantly contributed to making the overall work environment positive. One notable aspect of the job was the yearly bonuses, which were exceptionally good. This not only served as a motivating factor but also reflected the organization's commitment to recognizing and rewarding the hard work of its employees. The acceptable overtime policy allowed for a healthy work-life balance, and the collaborative atmosphere within the bank made the workload more manageable. One of the highlights of my time at Bank Rakyat was the willingness of my colleagues to share their knowledge and expertise. The culture encouraged learning from one another, fostering a sense of teamwork and camaraderie. This collaborative approach helped me to navigate the complexities of the job more effectively and ensured a smoother integration into the organizational dynamics. Overall, my experience at Bank Rakyat was not only professionally rewarding but also personally fulfilling. The combination of a supportive work environment, generous bonuses, and the opportunity to learn from experienced colleagues made it a positive chapter in my career.",Positive,0.8429641723632812,Accepted,Positive
620,282,Bank-Rakyat,review_body_text,3,The supportive and friendly nature of my colleagues significantly contributed to making the overall work environment positive.,"Working at Bank Rakyat as a contract executive for two years was a valuable and enriching experience. Despite the occasional stress, the knowledge gained in the field of financing was immense. The supportive and friendly nature of my colleagues significantly contributed to making the overall work environment positive. One notable aspect of the job was the yearly bonuses, which were exceptionally good. This not only served as a motivating factor but also reflected the organization's commitment to recognizing and rewarding the hard work of its employees. The acceptable overtime policy allowed for a healthy work-life balance, and the collaborative atmosphere within the bank made the workload more manageable. One of the highlights of my time at Bank Rakyat was the willingness of my colleagues to share their knowledge and expertise. The culture encouraged learning from one another, fostering a sense of teamwork and camaraderie. This collaborative approach helped me to navigate the complexities of the job more effectively and ensured a smoother integration into the organizational dynamics. Overall, my experience at Bank Rakyat was not only professionally rewarding but also personally fulfilling. The combination of a supportive work environment, generous bonuses, and the opportunity to learn from experienced colleagues made it a positive chapter in my career.",Positive,0.9876035451889038,Accepted,Positive
620,282,Bank-Rakyat,review_body_text,4,"One notable aspect of the job was the yearly bonuses, which were exceptionally good.","Working at Bank Rakyat as a contract executive for two years was a valuable and enriching experience. Despite the occasional stress, the knowledge gained in the field of financing was immense. The supportive and friendly nature of my colleagues significantly contributed to making the overall work environment positive. One notable aspect of the job was the yearly bonuses, which were exceptionally good. This not only served as a motivating factor but also reflected the organization's commitment to recognizing and rewarding the hard work of its employees. The acceptable overtime policy allowed for a healthy work-life balance, and the collaborative atmosphere within the bank made the workload more manageable. One of the highlights of my time at Bank Rakyat was the willingness of my colleagues to share their knowledge and expertise. The culture encouraged learning from one another, fostering a sense of teamwork and camaraderie. This collaborative approach helped me to navigate the complexities of the job more effectively and ensured a smoother integration into the organizational dynamics. Overall, my experience at Bank Rakyat was not only professionally rewarding but also personally fulfilling. The combination of a supportive work environment, generous bonuses, and the opportunity to learn from experienced colleagues made it a positive chapter in my career.",Positive,0.981529712677002,Accepted,Positive
620,282,Bank-Rakyat,review_body_text,5,This not only served as a motivating factor but also reflected the organization's commitment to recognizing and rewarding the hard work of its employees.,"Working at Bank Rakyat as a contract executive for two years was a valuable and enriching experience. Despite the occasional stress, the knowledge gained in the field of financing was immense. The supportive and friendly nature of my colleagues significantly contributed to making the overall work environment positive. One notable aspect of the job was the yearly bonuses, which were exceptionally good. This not only served as a motivating factor but also reflected the organization's commitment to recognizing and rewarding the hard work of its employees. The acceptable overtime policy allowed for a healthy work-life balance, and the collaborative atmosphere within the bank made the workload more manageable. One of the highlights of my time at Bank Rakyat was the willingness of my colleagues to share their knowledge and expertise. The culture encouraged learning from one another, fostering a sense of teamwork and camaraderie. This collaborative approach helped me to navigate the complexities of the job more effectively and ensured a smoother integration into the organizational dynamics. Overall, my experience at Bank Rakyat was not only professionally rewarding but also personally fulfilling. The combination of a supportive work environment, generous bonuses, and the opportunity to learn from experienced colleagues made it a positive chapter in my career.",Positive,0.987377405166626,Accepted,Positive
620,282,Bank-Rakyat,review_body_text,6,"The acceptable overtime policy allowed for a healthy work-life balance, and the collaborative atmosphere within the bank made the workload more manageable.","Working at Bank Rakyat as a contract executive for two years was a valuable and enriching experience. Despite the occasional stress, the knowledge gained in the field of financing was immense. The supportive and friendly nature of my colleagues significantly contributed to making the overall work environment positive. One notable aspect of the job was the yearly bonuses, which were exceptionally good. This not only served as a motivating factor but also reflected the organization's commitment to recognizing and rewarding the hard work of its employees. The acceptable overtime policy allowed for a healthy work-life balance, and the collaborative atmosphere within the bank made the workload more manageable. One of the highlights of my time at Bank Rakyat was the willingness of my colleagues to share their knowledge and expertise. The culture encouraged learning from one another, fostering a sense of teamwork and camaraderie. This collaborative approach helped me to navigate the complexities of the job more effectively and ensured a smoother integration into the organizational dynamics. Overall, my experience at Bank Rakyat was not only professionally rewarding but also personally fulfilling. The combination of a supportive work environment, generous bonuses, and the opportunity to learn from experienced colleagues made it a positive chapter in my career.",Positive,0.961225688457489,Accepted,Positive
620,282,Bank-Rakyat,review_body_text,7,One of the highlights of my time at Bank Rakyat was the willingness of my colleagues to share their knowledge and expertise.,"Working at Bank Rakyat as a contract executive for two years was a valuable and enriching experience. Despite the occasional stress, the knowledge gained in the field of financing was immense. The supportive and friendly nature of my colleagues significantly contributed to making the overall work environment positive. One notable aspect of the job was the yearly bonuses, which were exceptionally good. This not only served as a motivating factor but also reflected the organization's commitment to recognizing and rewarding the hard work of its employees. The acceptable overtime policy allowed for a healthy work-life balance, and the collaborative atmosphere within the bank made the workload more manageable. One of the highlights of my time at Bank Rakyat was the willingness of my colleagues to share their knowledge and expertise. The culture encouraged learning from one another, fostering a sense of teamwork and camaraderie. This collaborative approach helped me to navigate the complexities of the job more effectively and ensured a smoother integration into the organizational dynamics. Overall, my experience at Bank Rakyat was not only professionally rewarding but also personally fulfilling. The combination of a supportive work environment, generous bonuses, and the opportunity to learn from experienced colleagues made it a positive chapter in my career.",Positive,0.9818388819694519,Accepted,Positive
620,282,Bank-Rakyat,review_body_text,8,"The culture encouraged learning from one another, fostering a sense of teamwork and camaraderie.","Working at Bank Rakyat as a contract executive for two years was a valuable and enriching experience. Despite the occasional stress, the knowledge gained in the field of financing was immense. The supportive and friendly nature of my colleagues significantly contributed to making the overall work environment positive. One notable aspect of the job was the yearly bonuses, which were exceptionally good. This not only served as a motivating factor but also reflected the organization's commitment to recognizing and rewarding the hard work of its employees. The acceptable overtime policy allowed for a healthy work-life balance, and the collaborative atmosphere within the bank made the workload more manageable. One of the highlights of my time at Bank Rakyat was the willingness of my colleagues to share their knowledge and expertise. The culture encouraged learning from one another, fostering a sense of teamwork and camaraderie. This collaborative approach helped me to navigate the complexities of the job more effectively and ensured a smoother integration into the organizational dynamics. Overall, my experience at Bank Rakyat was not only professionally rewarding but also personally fulfilling. The combination of a supportive work environment, generous bonuses, and the opportunity to learn from experienced colleagues made it a positive chapter in my career.",Positive,0.9810961484909058,Accepted,Positive
620,282,Bank-Rakyat,review_body_text,9,This collaborative approach helped me to navigate the complexities of the job more effectively and ensured a smoother integration into the organizational dynamics.,"Working at Bank Rakyat as a contract executive for two years was a valuable and enriching experience. Despite the occasional stress, the knowledge gained in the field of financing was immense. The supportive and friendly nature of my colleagues significantly contributed to making the overall work environment positive. One notable aspect of the job was the yearly bonuses, which were exceptionally good. This not only served as a motivating factor but also reflected the organization's commitment to recognizing and rewarding the hard work of its employees. The acceptable overtime policy allowed for a healthy work-life balance, and the collaborative atmosphere within the bank made the workload more manageable. One of the highlights of my time at Bank Rakyat was the willingness of my colleagues to share their knowledge and expertise. The culture encouraged learning from one another, fostering a sense of teamwork and camaraderie. This collaborative approach helped me to navigate the complexities of the job more effectively and ensured a smoother integration into the organizational dynamics. Overall, my experience at Bank Rakyat was not only professionally rewarding but also personally fulfilling. The combination of a supportive work environment, generous bonuses, and the opportunity to learn from experienced colleagues made it a positive chapter in my career.",Positive,0.976073145866394,Accepted,Positive
620,282,Bank-Rakyat,review_body_text,10,"Overall, my experience at Bank Rakyat was not only professionally rewarding but also personally fulfilling.","Working at Bank Rakyat as a contract executive for two years was a valuable and enriching experience. Despite the occasional stress, the knowledge gained in the field of financing was immense. The supportive and friendly nature of my colleagues significantly contributed to making the overall work environment positive. One notable aspect of the job was the yearly bonuses, which were exceptionally good. This not only served as a motivating factor but also reflected the organization's commitment to recognizing and rewarding the hard work of its employees. The acceptable overtime policy allowed for a healthy work-life balance, and the collaborative atmosphere within the bank made the workload more manageable. One of the highlights of my time at Bank Rakyat was the willingness of my colleagues to share their knowledge and expertise. The culture encouraged learning from one another, fostering a sense of teamwork and camaraderie. This collaborative approach helped me to navigate the complexities of the job more effectively and ensured a smoother integration into the organizational dynamics. Overall, my experience at Bank Rakyat was not only professionally rewarding but also personally fulfilling. The combination of a supportive work environment, generous bonuses, and the opportunity to learn from experienced colleagues made it a positive chapter in my career.",Positive,0.9821874499320984,Accepted,Positive
620,282,Bank-Rakyat,review_body_text,11,"The combination of a supportive work environment, generous bonuses, and the opportunity to learn from experienced colleagues made it a positive chapter in my career.","Working at Bank Rakyat as a contract executive for two years was a valuable and enriching experience. Despite the occasional stress, the knowledge gained in the field of financing was immense. The supportive and friendly nature of my colleagues significantly contributed to making the overall work environment positive. One notable aspect of the job was the yearly bonuses, which were exceptionally good. This not only served as a motivating factor but also reflected the organization's commitment to recognizing and rewarding the hard work of its employees. The acceptable overtime policy allowed for a healthy work-life balance, and the collaborative atmosphere within the bank made the workload more manageable. One of the highlights of my time at Bank Rakyat was the willingness of my colleagues to share their knowledge and expertise. The culture encouraged learning from one another, fostering a sense of teamwork and camaraderie. This collaborative approach helped me to navigate the complexities of the job more effectively and ensured a smoother integration into the organizational dynamics. Overall, my experience at Bank Rakyat was not only professionally rewarding but also personally fulfilling. The combination of a supportive work environment, generous bonuses, and the opportunity to learn from experienced colleagues made it a positive chapter in my career.",Positive,0.9831701517105103,Accepted,Positive
621,282,Bank-Rakyat,pros_text,1,Highly paid bonus and overtime,Highly paid bonus and overtime,Positive,0.9325964450836182,Accepted,Positive
622,282,Bank-Rakyat,cons_text,1,The system used by everyone is new and nowhere near perfect.,The system used by everyone is new and nowhere near perfect.,Negative,0.6697215437889099,Manual Review,Negative
623,283,RHB Bank Berhad,review_title,1,Productive and task was manageable,Productive and task was manageable,Positive,0.87519770860672,Accepted,Positive
624,283,RHB Bank Berhad,review_body_text,1,Busy but manageable.,Busy but manageable. The environment is good. All the team was very helpful. Good place to work. However they just simply terminated all the contract staff without notice,Positive,0.5432088971138,Manual Review,Positive
624,283,RHB Bank Berhad,review_body_text,2,The environment is good.,Busy but manageable. The environment is good. All the team was very helpful. Good place to work. However they just simply terminated all the contract staff without notice,Positive,0.8439570665359497,Accepted,Positive
624,283,RHB Bank Berhad,review_body_text,3,All the team was very helpful.,Busy but manageable. The environment is good. All the team was very helpful. Good place to work. However they just simply terminated all the contract staff without notice,Positive,0.9539217948913574,Accepted,Positive
624,283,RHB Bank Berhad,review_body_text,4,Good place to work.,Busy but manageable. The environment is good. All the team was very helpful. Good place to work. However they just simply terminated all the contract staff without notice,Positive,0.9028304219245911,Accepted,Positive
624,283,RHB Bank Berhad,review_body_text,5,However they just simply terminated all the contract staff without notice,Busy but manageable. The environment is good. All the team was very helpful. Good place to work. However they just simply terminated all the contract staff without notice,Negative,0.8504812121391296,Accepted,Negative
625,284,United Overseas Bank,review_title,1,"Good compensation, bad operating system","Good compensation, bad operating system",Negative,0.6347861289978027,Manual Review,Negative
626,284,United Overseas Bank,review_body_text,1,"Good compensation in term of flexi care which you can claim for flight, sport items, hobby class ++.","Good compensation in term of flexi care which you can claim for flight, sport items, hobby class ++. Fun to mix around with other departments as everyone is in an open office. But, - paperwork overload - learned nothing - less guidance - No standard guidelines can follow (not sure whether is the manager itself problem). - Slow operating system. - When come to salary/OT/claim/commission, leader always try to deceive(always need to further find out with HR).",Positive,0.9920104742050171,Accepted,Positive
626,284,United Overseas Bank,review_body_text,2,Fun to mix around with other departments as everyone is in an open office.,"Good compensation in term of flexi care which you can claim for flight, sport items, hobby class ++. Fun to mix around with other departments as everyone is in an open office. But, - paperwork overload - learned nothing - less guidance - No standard guidelines can follow (not sure whether is the manager itself problem). - Slow operating system. - When come to salary/OT/claim/commission, leader always try to deceive(always need to further find out with HR).",Positive,0.9663704037666321,Accepted,Positive
626,284,United Overseas Bank,review_body_text,3,"But, - paperwork overload","Good compensation in term of flexi care which you can claim for flight, sport items, hobby class ++. Fun to mix around with other departments as everyone is in an open office. But, - paperwork overload - learned nothing - less guidance - No standard guidelines can follow (not sure whether is the manager itself problem). - Slow operating system. - When come to salary/OT/claim/commission, leader always try to deceive(always need to further find out with HR).",Negative,0.9189121127128601,Accepted,Negative
626,284,United Overseas Bank,review_body_text,4,learned nothing,"Good compensation in term of flexi care which you can claim for flight, sport items, hobby class ++. Fun to mix around with other departments as everyone is in an open office. But, - paperwork overload - learned nothing - less guidance - No standard guidelines can follow (not sure whether is the manager itself problem). - Slow operating system. - When come to salary/OT/claim/commission, leader always try to deceive(always need to further find out with HR).",Negative,0.644783616065979,Manual Review,Negative
626,284,United Overseas Bank,review_body_text,5,less guidance,"Good compensation in term of flexi care which you can claim for flight, sport items, hobby class ++. Fun to mix around with other departments as everyone is in an open office. But, - paperwork overload - learned nothing - less guidance - No standard guidelines can follow (not sure whether is the manager itself problem). - Slow operating system. - When come to salary/OT/claim/commission, leader always try to deceive(always need to further find out with HR).",Negative,0.7960262894630432,Accepted,Negative
626,284,United Overseas Bank,review_body_text,6,No standard guidelines can follow (not sure whether is the manager itself problem).,"Good compensation in term of flexi care which you can claim for flight, sport items, hobby class ++. Fun to mix around with other departments as everyone is in an open office. But, - paperwork overload - learned nothing - less guidance - No standard guidelines can follow (not sure whether is the manager itself problem). - Slow operating system. - When come to salary/OT/claim/commission, leader always try to deceive(always need to further find out with HR).",Negative,0.9433627128601074,Accepted,Negative
626,284,United Overseas Bank,review_body_text,7,Slow operating system.,"Good compensation in term of flexi care which you can claim for flight, sport items, hobby class ++. Fun to mix around with other departments as everyone is in an open office. But, - paperwork overload - learned nothing - less guidance - No standard guidelines can follow (not sure whether is the manager itself problem). - Slow operating system. - When come to salary/OT/claim/commission, leader always try to deceive(always need to further find out with HR).",Negative,0.7243403792381287,Manual Review,Negative
626,284,United Overseas Bank,review_body_text,8,"When come to salary/OT/claim/commission, leader always try to deceive(always need to further find out with HR).","Good compensation in term of flexi care which you can claim for flight, sport items, hobby class ++. Fun to mix around with other departments as everyone is in an open office. But, - paperwork overload - learned nothing - less guidance - No standard guidelines can follow (not sure whether is the manager itself problem). - Slow operating system. - When come to salary/OT/claim/commission, leader always try to deceive(always need to further find out with HR).",Negative,0.9851115942001343,Accepted,Negative
627,285,United Overseas Bank,review_title,1,good experience,good experience,Positive,0.846008837223053,Accepted,Positive
628,285,United Overseas Bank,review_body_text,1,good experience and trained to become good customer services.,good experience and trained to become good customer services. They trained you to become professional in handling customer Good experience in banking system Friends are very friendly Making new friends and helpful friends,Positive,0.9713358879089355,Accepted,Positive
628,285,United Overseas Bank,review_body_text,2,They trained you to become professional in handling customer Good experience in banking system Friends are very friendly Making new friends and helpful friends,good experience and trained to become good customer services. They trained you to become professional in handling customer Good experience in banking system Friends are very friendly Making new friends and helpful friends,Positive,0.9792162179946899,Accepted,Positive
629,286,United Overseas Bank,review_title,1,Productive and good for self advancement,Productive and good for self advancement,Positive,0.9810440540313721,Accepted,Positive
630,286,United Overseas Bank,review_body_text,1,"UOB Customer Service Representative is a career that will help you prepare yourself with skills such as time management skills, multitasking, productivity management and you grow and stretch to go above and beyond to put a smile on customer’s face.","UOB Customer Service Representative is a career that will help you prepare yourself with skills such as time management skills, multitasking, productivity management and you grow and stretch to go above and beyond to put a smile on customer’s face.",Positive,0.983822226524353,Accepted,Positive
631,287,HSBC,review_title,1,Work life balance,Work life balance,Positive,0.8629269599914551,Accepted,Positive
632,287,HSBC,review_body_text,1,Good place to work.,"Good place to work. Teamwork , work life balance especially gor ladies. Always ways for improvement. Good set of elearning to keep employees embraced with the current economy.",Positive,0.9028304219245911,Accepted,Positive
632,287,HSBC,review_body_text,2,"Teamwork , work life balance especially gor ladies.","Good place to work. Teamwork , work life balance especially gor ladies. Always ways for improvement. Good set of elearning to keep employees embraced with the current economy.",Positive,0.9599936604499817,Accepted,Positive
632,287,HSBC,review_body_text,3,Always ways for improvement.,"Good place to work. Teamwork , work life balance especially gor ladies. Always ways for improvement. Good set of elearning to keep employees embraced with the current economy.",Positive,0.40140557289123535,Manual Review,Positive
632,287,HSBC,review_body_text,4,Good set of elearning to keep employees embraced with the current economy.,"Good place to work. Teamwork , work life balance especially gor ladies. Always ways for improvement. Good set of elearning to keep employees embraced with the current economy.",Positive,0.9650886058807373,Accepted,Positive
633,288,bank islam,review_title,1,good environment,good environment,Positive,0.9118517637252808,Accepted,Positive
634,288,bank islam,review_body_text,1,good environment.,good environment. Has been 1 year there. The environment is good but the basic is too low. The commission given is quite higher than another bank. Overall is okay,Positive,0.8941527009010315,Accepted,Positive
634,288,bank islam,review_body_text,2,Has been 1 year there.,good environment. Has been 1 year there. The environment is good but the basic is too low. The commission given is quite higher than another bank. Overall is okay,Positive,0.4818940758705139,Manual Review,Positive
634,288,bank islam,review_body_text,3,The environment is good but the basic is too low.,good environment. Has been 1 year there. The environment is good but the basic is too low. The commission given is quite higher than another bank. Overall is okay,Negative,0.5420668721199036,Manual Review,Negative
634,288,bank islam,review_body_text,4,The commission given is quite higher than another bank.,good environment. Has been 1 year there. The environment is good but the basic is too low. The commission given is quite higher than another bank. Overall is okay,Positive,0.5928382277488708,Manual Review,Positive
634,288,bank islam,review_body_text,5,Overall is okay,good environment. Has been 1 year there. The environment is good but the basic is too low. The commission given is quite higher than another bank. Overall is okay,Positive,0.6248049736022949,Manual Review,Positive
635,289,RHB Bank Berhad,review_title,1,valued experience,valued experience,Positive,0.9484401345252991,Accepted,Positive
636,289,RHB Bank Berhad,review_body_text,1,place to gain experience and improving skills competitive career enhancement strict on compliance and penalty on the lapses job done good platform for your better career opportunities with other employer,place to gain experience and improving skills competitive career enhancement strict on compliance and penalty on the lapses job done good platform for your better career opportunities with other employer,Positive,0.9813269376754761,Accepted,Positive
637,290,Public-Bank-Berhad,review_title,1,High Salary,High Salary,Positive,0.9055196642875671,Accepted,Positive
638,290,Public-Bank-Berhad,review_body_text,1,"Good place to start for fresh graduates, offers a high starting salary but very long working hours.","Good place to start for fresh graduates, offers a high starting salary but very long working hours. Going back at 10 pm is normal, 7 pm is the earliest time to go home, weekend sometimes need to work also, work-life balance? Don't even think about it. but offer a high salary, 24 AL, medical coverage, and a bonus.",Positive,0.969195544719696,Accepted,Positive
638,290,Public-Bank-Berhad,review_body_text,2,"Going back at 10 pm is normal, 7 pm is the earliest time to go home, weekend sometimes need to work also, work-life balance?","Good place to start for fresh graduates, offers a high starting salary but very long working hours. Going back at 10 pm is normal, 7 pm is the earliest time to go home, weekend sometimes need to work also, work-life balance? Don't even think about it. but offer a high salary, 24 AL, medical coverage, and a bonus.",Negative,0.6340320110321045,Manual Review,Negative
638,290,Public-Bank-Berhad,review_body_text,3,Don't even think about it.,"Good place to start for fresh graduates, offers a high starting salary but very long working hours. Going back at 10 pm is normal, 7 pm is the earliest time to go home, weekend sometimes need to work also, work-life balance? Don't even think about it. but offer a high salary, 24 AL, medical coverage, and a bonus.",Negative,0.7278488874435425,Manual Review,Negative
638,290,Public-Bank-Berhad,review_body_text,4,"but offer a high salary, 24 AL, medical coverage, and a bonus.","Good place to start for fresh graduates, offers a high starting salary but very long working hours. Going back at 10 pm is normal, 7 pm is the earliest time to go home, weekend sometimes need to work also, work-life balance? Don't even think about it. but offer a high salary, 24 AL, medical coverage, and a bonus.",Positive,0.9282302260398865,Accepted,Positive
639,291,United Overseas Bank,review_title,1,Amazing experience,Amazing experience,Positive,0.9853989481925964,Accepted,Positive
640,291,United Overseas Bank,review_body_text,1,Learned a lot of skills.,Learned a lot of skills. Very helpful managers that guides me in any way possible. Made many amazing friends . Pretty straightforward .,Positive,0.9331271052360535,Accepted,Positive
640,291,United Overseas Bank,review_body_text,2,Very helpful managers that guides me in any way possible.,Learned a lot of skills. Very helpful managers that guides me in any way possible. Made many amazing friends . Pretty straightforward .,Positive,0.9709815979003906,Accepted,Positive
640,291,United Overseas Bank,review_body_text,3,Made many amazing friends .,Learned a lot of skills. Very helpful managers that guides me in any way possible. Made many amazing friends . Pretty straightforward .,Positive,0.9638643860816956,Accepted,Positive
640,291,United Overseas Bank,review_body_text,4,Pretty straightforward .,Learned a lot of skills. Very helpful managers that guides me in any way possible. Made many amazing friends . Pretty straightforward .,Positive,0.5156831741333008,Manual Review,Positive
