AI_Label,Final_Label,AI_Confidence,Review_Status,sentence_text
Positive,3,0.354210168,Manual Review,Traditional type of work experience.
Negative,3,0.354304284,Manual Review,"Place to look for experience only (1 - 2 years cap), "
Neutral,2,0.357208014,Manual Review,The environment is good but the basic is too low.
Positive,3,0.35788849,Manual Review,very traditional and corporate work culture
Negative,3,0.368872017,Manual Review,Depends on department
Negative,Negative,0.370873749,Manual Review,Still a lot of manual work and very volume based KPI.
Negative,Negative,0.371591985,Manual Review,Only give short break
Positive,2,0.372188747,Manual Review,but Depends on Your Tolerance with the Culture
Positive,2,0.37622416,Manual Review,Everything is manual and use a lot of paper.
Negative,Negative,0.376857489,Manual Review,the company only side customer
Positive,3,0.378016621,Manual Review,Traditional thinking and working ethics
Positive,Positive,0.37975964,Manual Review,but usually management would keep
Neutral,Neutral,0.385690302,Manual Review,"Despite this being normal, they needed to check first."
Neutral,2,0.387150645,Manual Review,Overall in Ipoh if working in banking can lived a good life but work life balance not sure because too packed with task.
Positive,2,0.387764871,Manual Review,"However, the role requires a significant amount of self-directed learning."
Negative,Negative,0.389125764,Manual Review,Stayback almost everyday.
Negative,Negative,0.389684826,Manual Review,Different business units work in silos.
Positive,Positive,0.391227663,Manual Review,Could be working from home most of the time.
Neutral,2,0.393584609,Manual Review,Great Start but no wlb
Positive,3,0.393742919,Manual Review,"So for those who are not familiar with banking terms/products, if your background is not related to banking/financials, you have to learn yourself."
Negative,1,0.394458055,Manual Review,"Don't push yourself to hard, but learn and try to slowly to improve your future."
Positive,3,0.395196885,Manual Review,but the supervisors
Positive,2,0.395659208,Manual Review,even if it wasnât recognised by management.
Positive,2,0.395891279,Manual Review,Best colleagues but bad upper management
Positive,2,0.401115566,Manual Review,"but compared to other commercial bank, rhb is like medium."
Positive,Positive,0.402735025,Manual Review,salary at average & quite many campaigns for staff to earn commision
Negative,1,0.403642982,Manual Review,"3day office, 2 days wfh."
Negative,Negative,0.404296488,Manual Review,Basically speaking no one goes back on time sharp 05:45pm.
Positive,3,0.404306829,Manual Review,Management would be depends on your dept.
Positive,3,0.404729038,Manual Review,"However, this is considered the norm in the banking industry, where efficiency and accuracy are crucial."
Positive,3,0.406516105,Manual Review,Work there for 1 year.
Negative,Negative,0.408238173,Manual Review, but in terms of workloads there werenât much that interns are allowed to do as it is customerâs privacy matters.
Negative,Negative,0.40846315,Manual Review,Too many to list down.
Negative,Negative,0.409000427,Manual Review,Multiple reporting layers.
Positive,2,0.41147247,Manual Review,usually will stay until 7pm ++ to do cold calling
Positive,Positive,0.412173241,Manual Review,"No toxic and eventho you were overwhelmed with heavy workloads, but its okay."
Positive,2,0.414582342,Manual Review,"many approval structure , compliances and hierarch to meet."
Positive,2,0.416238546,Manual Review,Last time staff needed to perform for annual dinners if selected.
Positive,3,0.41680339,Manual Review,Perhaps the same questions also come from your colleagues.
Negative,1,0.417570353,Manual Review,if ur fresh graduate just try to gain experience .
Negative,3,0.417824894,Manual Review,Typical corporate company with a lot of procedures and ethics that you need to follow.
Positive,3,0.417940468,Manual Review,"For me, I am under the Group Internal Audit function."
Negative,Negative,0.419914365,Manual Review,Not to say that all departments are like this but majority of leaders who has been with the bank >10years will have mentality like this.
Negative,Negative,0.420949131,Manual Review,Old structure of company
Positive,3,0.421370089,Manual Review,I realized that OICs might have different understandings.
Positive,2,0.428752631,Manual Review,stressful but flexible schedule
Negative,Negative,0.429154575,Manual Review,Minimal training and development programmes.
Positive,2,0.42971316,Manual Review,Incentives are small compared to other banks.
Negative,Negative,0.430812955,Manual Review,Would be nice to have help from top management for new staff
Positive,2,0.430970371,Manual Review,a lot of meetings.
Positive,2,0.433409959,Manual Review,sometimes back to back meetings.
Positive,Positive,0.433763623,Manual Review,Annual leave 24 days.
Negative,Negative,0.434362411,Manual Review,Low commission compare to other banks Slow system for loan submission
Positive,3,0.436331838,Manual Review,Has been 1 year there.
Positive,3,0.437405586,Manual Review,Environment health depends on your manager and other staffs.
Positive,3,0.437986642,Manual Review,"The allowance was given based on the number of days you worked, which might not work for everyone expecting a fixed monthly pay."
Negative,Negative,0.43804419,Manual Review,The system used by everyone is new and nowhere near perfect.
Negative,Negative,0.438073128,Manual Review,"Good pay and bonus, yet there's no work life balance."
Negative,Negative,0.43872273,Manual Review,There is stress in banking task but we as workers smart to handle it.
Positive,3,0.439125896,Manual Review,Except for clericals every other officers has to do cross selling like saving accounts and so on.
Negative,3,0.440076977,Manual Review,And as banker we must manage our time with team to finish the task.
Positive,2,0.440541536,Manual Review,CIMB is actually quite a manual-based company (attendance have to sign on paper).
Positive,3,0.441975921,Manual Review,working following retail operation time
Negative,Negative,0.443719566,Manual Review,Daily task have to be completed on time 
Positive,3,0.444342822,Manual Review,However the working culture is highly dependent on your team leads and preferences from the top management.
Positive,2,0.445540696,Manual Review,When the volume work becomes high.
Negative,Negative,0.44804135,Manual Review,Each department only knows their own product instead of knowing all.
Positive,2,0.448230803,Manual Review,You will notice to get different answers.
Negative,Negative,0.448727518,Manual Review,Must to find customer salary basic above 3k to get better achievement but in kedah and penang most workers basic 1.5k 
Positive,2,0.448739111,Manual Review,Promotion will be mostly based on the service years rather than job performance.
Negative,Negative,0.450239807,Manual Review,Need to cover the task for the colleague that take leave.
Positive,2,0.451016456,Manual Review,need to attend branch morning briefing every day
Negative,Negative,0.451487273,Manual Review,You donât get commission for during cross selling.
Negative,Negative,0.452845573,Manual Review,Unclear commission
Neutral,2,0.453148663,Manual Review,Attractive benefits but limited growth
Positive,3,0.453818977,Manual Review,"the workers are mostly boomers, which is normal since that is how local bank is, lots of boomers"
Positive,Positive,0.455111206,Manual Review,Pretty straightforward .
Negative,Negative,0.456094563,Manual Review,"I used to work at CIMB as financial analyst, working environment is fine but somehow I saw that everyone is trying really hard to appeal bosses which"
Negative,Negative,0.456304103,Manual Review,No OT payment but expected to OT every single day
Positive,2,0.456970841,Manual Review,"The workload is quite heavy, but by time ull get used to it."
Negative,Negative,0.459260315,Manual Review,Need to work on Sunday 2 times per month so overall you just have 2 days of offday per month.
Positive,Positive,0.460274816,Manual Review,"While the job offered some valuable learning experiences, "
Neutral,Neutral,0.461054921,Manual Review,People from banking industry may find it normal.
Negative,3,0.463620126,Manual Review,"Shift, management leader"
Negative,Negative,0.464019746,Manual Review,Its a way for them to hold their staff to not resign.
Negative,Negative,0.465012431,Manual Review,All higher ups care is sales.
Negative,Negative,0.465026766,Manual Review,Unclear commission calculate
Positive,2,0.467419088,Manual Review,"Overall, while the job can be challenging,"
Negative,Negative,0.468145847,Manual Review,The name is not top.
Negative,Negative,0.468159318,Manual Review,"But working in sales department , you must achieved target to get commission"
Negative,Negative,0.469783276,Manual Review,Management Style: - Old-school management required multiple layers to apply work access.
Positive,2,0.469819278,Manual Review,Concall in the morning will pulled your mood
Positive,3,0.470571876,Manual Review,On the Friday..
Positive,3,0.471224099,Manual Review,"shift hour working, the schedule was tiring coz keep changing, but the salary quite high, so its quite balance."
Positive,2,0.472619146,Manual Review,"If you preffered working like a robot, can try this"
Negative,Negative,0.475374013,Manual Review,Old working system.
Positive,3,0.475948066,Manual Review,Position that I'm holding is very multitasking and need to carry to target as well .
Neutral,1,0.476463586,Manual Review,but still free of mind
Negative,Negative,0.476678669,Manual Review,Need also to involve with events and might need to stay very late.
Positive,3,0.477829427,Manual Review,Because the exchange is done to prior to customers and company interest.
Negative,Negative,0.478765488,Manual Review,No commission or very minimal rewards
Positive,2,0.479024231,Manual Review,OT can be claimed but depends on line manager.
Positive,Positive,0.479672819,Manual Review,Have 7 days block leave every year to get away from work.
Negative,Negative,0.480039835,Manual Review,This comes with old system and SOPs as they prefer to reduce cost.
Negative,Negative,0.482518792,Manual Review, but need to push for sales.
Positive,2,0.48339653,Manual Review,the work is stress and if u can handle then you can work here
Negative,Negative,0.483522981,Manual Review,Try other company
Negative,3,0.484137982,Manual Review,"Because trust me, you can't remember 100% from class to call floor later on."
Positive,3,0.48434782,Manual Review,"So for those who want to revise, please jot down clearly inside your notebook."
Negative,Negative,0.484781206,Manual Review,A lot of paperwork to be done.
Negative,Negative,0.484916568,Manual Review,Chnage the commisioning structure without prior notice.
Positive,3,0.485793471,Manual Review,One in a million.
Positive,Positive,0.485827088,Manual Review,"Good colleagues at the branches , bad management."
Negative,Negative,0.486017227,Manual Review,No wfh.
Negative,Negative,0.487124234,Manual Review,slow increment and promotion.
Positive,Positive,0.488522649,Manual Review,having shift rotation
Positive,Positive,0.488631546,Manual Review,Fix increment yearly
Neutral,Neutral,0.488660574,Manual Review,Salary is at least average.
Positive,3,0.489385247,Manual Review,"have experience deal with customer, quality management and time handling."
Negative,Negative,0.489556015,Manual Review,"Fast paced, great opportunity but no career growth"
Positive,Positive,0.489805222,Manual Review,Nothing stressful for me.
Positive,3,0.490026563,Manual Review,When MCO take is the typical time for me
Positive,Positive,0.490790874,Manual Review,Always ways for improvement.
Negative,Negative,0.491453171,Manual Review,They would claw back 20% of the comm and only give it to u after 1 year.
Negative,Negative,0.491639435,Manual Review,Everything is about selling
Positive,Positive,0.491920948,Manual Review,Maternity leave six months.
Positive,3,0.493145764,Manual Review,"I was involved in various aspects of banking operations, such as customer service, handling financial products, and administrative support."
Positive,2,0.493517995,Manual Review,Management will be depends on your manager
Neutral,1,0.495688379,Manual Review,"Among colleagues ok, "
Negative,Negative,0.495973885,Manual Review,however I will say otherwise for my current supervisor
Positive,Positive,0.49756977,Manual Review,Working environment can be improved.
Positive,2,0.497833908,Manual Review,but high volume
Negative,Negative,0.498675615,Manual Review,"Maybe it's just this branch do not have much OT, normally we back at 6pm."
Positive,2,0.498893797,Manual Review,Wednesday because every Wednesday is a briefing day
Positive,2,0.499523431,Manual Review,Experience Raw Adulting
Positive,2,0.499759793,Manual Review,banking industry but in retail culture
Negative,Negative,0.500315428,Manual Review,those fresh graduate who want to work here need to have strong physical and mental to sustain in a long run.
Positive,2,0.500346303,Manual Review,"Going back at 10 pm is normal, 7 pm is the earliest time to go home, weekend sometimes need to work also"
Positive,Positive,0.500550389,Manual Review,Salary was on par on the position applied.
Positive,Positive,0.50107193,Manual Review,prepare monthly reporting tasks and mostly does market research.
Positive,3,0.501571834,Manual Review,Fast paced but try to connect with competent seniors/colleagues
Positive,2,0.501855254,Manual Review,"Corporate style with multiple hierarchy, you get to survive if you have a strong mentality to cope stress."
Positive,Positive,0.502080858,Manual Review,No complaint.
Positive,3,0.502282262,Manual Review,depends on your luck if you team is positive or toxic.
Positive,3,0.502800882,Manual Review,Culture depend on managers.
Negative,Negative,0.502821982,Manual Review,"The 1-month training class might not be enough, the notes you can't gather from outside of class."
Positive,2,0.503491342,Manual Review,You have to be âpandai bodekâ bos for better career enhancement.
Negative,Negative,0.504822433,Manual Review,Doesnt mean next quarter are the same even u achieved 100% kpi.
Positive,2,0.505292535,Manual Review,You need to achieved all the monthly target so you can stay respected.
Positive,Positive,0.507427037,Manual Review,Flexi working hours.
Positive,Positive,0.507826269,Manual Review,24 days of annual leave.
Positive,2,0.508134663,Manual Review,"During bonus and increment cycles, staff handling only BAU tasks often receive higher total compensation than those who take on additional responsibilities."
Negative,1,0.508267939,Manual Review,"Although, some of the reviewer said that the employee's benefits are below the industry benchmarking, but I can see that the Management has been working to improve it accordingly."
Negative,Negative,0.508312583,Manual Review,"Learning environment , need cope with the stress of hitting sales target, multi-tasking is needed."
Negative,Negative,0.50851053,Manual Review,But the salary is a bit low for the fresh grade in order to compare with others banking company
Negative,Negative,0.509227514,Manual Review,they can be crazy to meet up their kpi.
Positive,Positive,0.50926882,Manual Review,So much to learn here.
Positive,3,0.509693325,Manual Review,The environment is depends on your team leader and colleagues.
Negative,Negative,0.509943306,Manual Review, but slow pace.
Negative,Negative,0.510838687,Manual Review,Multitasking and workload
Positive,2,0.511385858,Manual Review,"But be ready to work long hours, as it is the norm here."
Positive,2,0.511572957,Manual Review,"management is not helping,"
,1,,, but colleague all okay and supportive.
Positive,3,0.511968195,Manual Review,"as we all grew older, the first impression of ourselves is important when dealing with our client."
Negative,Negative,0.513669133,Manual Review,Even top performer is hard to secure a permanent position.
Positive,Positive,0.513786077,Manual Review,Annual leave a lot
Neutral,2,0.515184641,Manual Review,"This one is supposed to be okay, but if you need them and they don't entertain willingly, definitely that will let you down."
Negative,Negative,0.515201092,Manual Review,Sometimes they just recycle the leads to call the same customer.
Positive,Positive,0.517719626,Manual Review,"Cross-Functional Collaboration: While encouraged, it may face occasional resistance due to siloed structures."
Negative,Negative,0.517879605,Manual Review,"However, incentives are not transparent."
Positive,3,0.518240273,Manual Review,You try to focus on the necessary topic first.
Positive,3,0.518384874,Manual Review,"On my average day of work, I start the day off by checking my emails."
Positive,Positive,0.520560324,Manual Review,Just that work will be stressful but manageable with good working colleagues.
Positive,Positive,0.521432459,Manual Review,"Workload is manageable, although at times it can be quite heavy."
Positive,3,0.521602631,Manual Review,Surrounded by senior managers.
Positive,3,0.52274096,Manual Review,the working enviroment depends on the department.
Neutral,Neutral,0.522876024,Manual Review,So far No
Positive,2,0.523312569,Manual Review,"I learnt a lot during my time in CIMB, however the KPI target just keep getting higher and you need to work harder to achieve the KPI."
Negative,1,0.523995459,Manual Review,Management don't come to you and shouting for target.
Negative,Negative,0.524570286,Manual Review,But for the target that we need to carry tgter with incentive scheme need to revise
Negative,3,0.525199056,Manual Review,Need to adopt quickly in working
Positive,Positive,0.525598586,Manual Review,Overall is okay
Negative,Negative,0.529164851,Manual Review,No OT given but they ask you to do OT.
Positive,3,0.529213488,Manual Review,Learn how to negotiate different type of customer.
Positive,2,0.529435039,Manual Review,"As a fresh grad I thought would capable to learn something , "
Positive,3,0.529975533,Manual Review,"The compliance review team was responsible for numerous annual, bi-annual, thematic and ad-hoc reviews."
Negative,3,0.532565773,Manual Review,Learn how to manage stress if working in banking industry.
Positive,2,0.532614708,Manual Review,Will be more compliance compare to other banks Management keeps chasing the target
Positive,Positive,0.532992959,Manual Review,Bonus can be down to 2 months But usually is 3 months.
Positive,3,0.53350538,Manual Review,They offered a contract position.
Positive,3,0.533852696,Manual Review,You just need to refer.
Negative,Negative,0.534473777,Manual Review,no one hlp when things happened
Positive,3,0.534569085,Manual Review,Fast pace environment.
Negative,3,0.535164297,Manual Review,"If you are looking for career progression, youâll need to serve the time and slowly work your way up."
Positive,3,0.535402656,Manual Review,"You need to have communication skills including negotiation, patience, and listening skills to assist the customers with their inquiries outstandingly."
Negative,Negative,0.535985947,Manual Review,No clear goal setup by my immediate manager.
Negative,3,0.536227047,Manual Review,The working culture is very structured and hierarchy.
Negative,Negative,0.537983358,Manual Review,"Please digitalize the processes in credit as the bank is outdated in this expect, please look at other competitors."
Positive,3,0.53812772,Manual Review,"It depends on the manager, some require the staffs to work from office."
Positive,2,0.538987875,Manual Review,"A typical day was fast-paced, handling high volumes of customer issues with tight performance targets."
Positive,3,0.539354146,Manual Review,informative yet surface level exposure towards nature of business
Positive,Positive,0.540398777,Manual Review,Free hospitalisation.
Positive,Positive,0.540849388,Manual Review,The environment was okay.
Positive,1,0.540951669,Manual Review,"I then focus on my core responsibilities handling assigned tasks, resolving issues, and supporting ongoing projects."
Positive,Positive,0.541717887,Manual Review,"They'll teach you the basics, provided training and little knowledge."
Positive,3,0.541998386,Manual Review,"I am currently working there as a Management Trainee, "
Positive,2,0.542824686,Manual Review,Turn based style promotions.
Negative,Negative,0.543879271,Manual Review,'- Daily job may be repetitive (depends on the team you are on)
Positive,3,0.544339657,Manual Review,WLB depends on your department
Neutral,Neutral,0.545763135,Manual Review,Work environment is okay but still you had to blend in well.
Positive,3,0.545845509,Manual Review,Everyone will fell the same as you.
Negative,Negative,0.546176732,Manual Review,Challenging in the sense of multitasking and sales targets to meet.
Negative,3,0.547265828,Manual Review,As a first job for fresh graduates with no solid ideas & knowledge on the procedure.
Positive,2,0.548170626,Manual Review,Very Chinese man and traditional way of approaching work.
Positive,Positive,0.548916638,Manual Review,Because they are paying commission if you hit the monthly target.
Negative,Negative,0.551097453,Manual Review,Had to self-learn everything.
Positive,3,0.551522255,Manual Review,"Once you hit the floor, you only can refer to their Infohub system or your simplified notes."
Positive,Positive,0.551867545,Manual Review,alot things can discover.
Negative,Negative,0.552654922,Manual Review,"have to do multitasking task , work long hours sometimes to work over the weekend."
Positive,Positive,0.552877665,Manual Review,Have AL every month.
Negative,Negative,0.552903593,Manual Review,Remuneration not as expectation
Negative,Negative,0.553114951,Manual Review,No much time to have a talk with colleague due to call que most of the time.
Positive,Positive,0.553139567,Manual Review,But if you want to go for a reasonable and just normal job free of mind can go to here
Positive,Positive,0.554309011,Manual Review,Overall ok
Positive,3,0.554855227,Manual Review,Systems are numerous.
Positive,3,0.554941773,Manual Review,Getting used to its interface.
Positive,Positive,0.554997385,Manual Review,Can choose wfh which day in a week.
Negative,Negative,0.556956291,Manual Review,"While there are some positives, such as a supportive team and a convenient location, the overall experience has been marred by significant shortcomings."
Neutral,Neutral,0.556986272,Manual Review,Salary is quite ok but not too fancy.
Positive,Positive,0.557014465,Manual Review,Salary is reasonable
Positive,3,0.557904601,Manual Review,"But, as recommended by OICs/seniors, try to multitask by submitting the SR while talking with customers."
Positive,3,0.558045566,Manual Review,The every single day work is basically the have same routine.
Positive,3,0.558182597,Manual Review,Depending on which team you are in.
Negative,Negative,0.558684528,Manual Review,but now they dont even care
Neutral,2,0.558756053,Manual Review,"OK, but not much career growth."
Positive,Positive,0.559149742,Manual Review,Overall not bad.
Positive,3,0.559161663,Manual Review,Banking industries and product details.
Positive,3,0.559773326,Manual Review,For career growth depends on department and bosses.
Positive,3,0.560907185,Manual Review,Im involved in HP.
Positive,Positive,0.560953856,Manual Review,Not bad environment
Positive,Positive,0.561742961,Manual Review,BUT an opportunity to also learn about banking systems and its SOPs?
Negative,Negative,0.562008023,Manual Review,"My mentor even asked me to cancel my annual leaves to complete my workloads, and my mentor asked me to complete my workloads during my annual leaves, weekends and public holiday despite unrealistic goals set by the boss and the team."
Positive,3,0.562587619,Manual Review,2k salary for protege.
Negative,Negative,0.563919127,Manual Review,The quiet ones but really great working attitude tends to be left out n teased upon.
Positive,Positive,0.563936174,Manual Review,Not bad
Positive,3,0.56428808,Manual Review,Moderate workload (depends on the team you are on)
Negative,Negative,0.5643574,Manual Review,Normal working hours but beed to work weekends with no overtime pay at all.
Negative,Negative,0.564721465,Manual Review,", all depend on your luck."
Negative,Negative,0.564802349,Manual Review,But old system
Negative,Negative,0.56531018,Manual Review,"Moderate work load, not So much benefit , "
Positive,Positive,0.565728068,Manual Review,Provide a lot of training to new joiner.
Negative,Negative,0.56706804,Manual Review,Don't expect ot claim.
Positive,3,0.569617152,Manual Review,The work environment in the department varies from all function.
Positive,3,0.569648325,Manual Review,"Just assist, advise, and resolve."
Positive,Positive,0.569992423,Manual Review,"Pay commission quarterly, if u got certain amount on this quarter."
Positive,3,0.570433557,Manual Review,"Once you get the hang of it, things might be easier but always watch out for your target (KPI)"
Negative,Negative,0.574153125,Manual Review,"Old working system, old office."
Positive,2,0.576310575,Manual Review,Superiors claim credit for your work
Positive,Positive,0.577024281,Manual Review,I worked here before and the work load is quite ok and bearable.
Negative,Negative,0.57707876,Manual Review,"First of all, the position is quite hardcore."
Neutral,Neutral,0.577436626,Manual Review,Salary is low compare to other banking industry but still okay
Negative,Negative,0.577678978,Manual Review,Uncertain commission
Negative,Negative,0.577893198,Manual Review,"My teammate are amazing, but the manager I am under eventually started micromanaging."
Positive,Positive,0.578142107,Manual Review,Hybrid working.
Positive,Positive,0.578597426,Manual Review,Benefit overall ok.
Negative,Negative,0.579135418,Manual Review,Prospective employees should carefully weigh these factors before considering employment here..
Neutral,Neutral,0.579884231,Manual Review,Moderate level of work and life balance.
Positive,Positive,0.580387175,Manual Review,Fun work environment but challenging
Positive,2,0.580391407,Manual Review,No option for you to reject.
Positive,Positive,0.581000805,Manual Review,Learn a lot from the seniors & no politics in the office as well.
Positive,2,0.581395805,Manual Review,You can choose to claim OT as well at the end of the shift to submit the SR but extra works that you have to get validation from your OICs or TM.
Positive,3,0.581962049,Manual Review,"People mindset, processes, legacy systems, pay and promotion"
Negative,Negative,0.582111239,Manual Review,Progression Limited
Positive,Positive,0.583108485,Manual Review,The environment is not bad.
Positive,3,0.584034145,Manual Review,Focus on offline events and activities to drive business.
Negative,1,0.584190071,Manual Review,Salary is high for fresh graduate but with high salary comes with high risk as well
Positive,Positive,0.584918559,Manual Review,Clear object
Negative,Negative,0.585254371,Manual Review,"Whenever I had a problem in my works, they asked me to solve it myself."
Positive,3,0.585807025,Manual Review,Fast paced and have to be independent
Positive,Positive,0.589496255,Manual Review,harmony workplace
Positive,3,0.589794278,Manual Review,The week before any celebrations can be busy .
Negative,Negative,0.589861214,Manual Review,Learn to work independently.
Positive,2,0.590056956,Manual Review,No OT and working in every public holiday since working as sales consultant
Negative,Negative,0.590886652,Manual Review,"Workplace culture, lots of overseas worker than local and overtime almost everyday."
Positive,Positive,0.590916753,Manual Review,They call u right after seeing ur resume
Neutral,2,0.592203736,Manual Review,Commisions are ok but lower than other banks.
Positive,2,0.593003213,Manual Review,The working pace in a banking sector is vibrant and demanding hence there are rigorous regulatory reportings have to be made.
Positive,3,0.593753099,Manual Review,From HR to all other department.
Positive,Positive,0.593887389,Manual Review,"Does offer hybrid working style, imcludes activities like townhall, learning week, team building, and upskilling depending on the department."
Positive,Positive,0.594095707,Manual Review,"Ok lah, so far so good lol Canât say too hard also canât say easily All overall is medium only,"
Negative,Negative,0.5947873,Manual Review,Office is old.
Negative,Negative,0.59484601,Manual Review,"No benefits, 8 months contract with total of 16 annual leave."
Negative,Negative,0.595548153,Manual Review,"The management is on another whole different level, they tend to stick with the paper based era whereas people are going towards technologies."
,2,,,donât put too high expectations on banking line industry
Positive,3,0.596429825,Manual Review,Just follow the flow setup by your manager.
Negative,Negative,0.596602857,Manual Review,Slow operating system.
Positive,3,0.598009646,Manual Review,Busy but manageable.
Positive,Positive,0.598877192,Manual Review,Workload OK depending on the team and bosses.
Positive,2,0.599376202,Manual Review,dont mind if u being diaturb at weekend especially hire purchase dept.
Neutral,Neutral,0.600849509,Manual Review,Overall ok but need to be patients handling customer.
Positive,Positive,0.60105139,Manual Review,"There were a lot of event being held at Menara Maybank for the seasonal events, such as Chinese New Year and Christmas."
Positive,2,0.601873994,Manual Review,"Favoritism from both leadership and HRBP influences career growth, resulting in the same individuals receiving promotions every 2â3 years, while others are overlooked."
Positive,3,0.605230451,Manual Review, A typical day for me usually starts with reviewing priorities and any urgent items from emails or system alerts.
Negative,Negative,0.606429935,Manual Review,Need to relief ppl a lot if u are from branch.
Positive,Positive,0.607170701,Manual Review,There are fixed two months annual bonus and at least one month performance bonus.
Positive,3,0.608043492,Manual Review,Need to be pro in multi tasking as need to handle multi systems. Need to be highly motivated and prepare multiple report in advance by guessing the report may request by management.
Negative,Negative,0.609041631,Manual Review,"Sales could be challenging here, as the products are not really competitive."
Negative,Negative,0.609714448,Manual Review,but do not become protege or join programme
Positive,2,0.611110151,Manual Review,"Also, please give ample time to catch up and get used to the systems even though OIC might not assist you many times."
Positive,Positive,0.612047672,Manual Review,I miss my teamates so much.
Negative,Negative,0.612315297,Manual Review,"OICs might be helping you but they will expect you to work independently, and catch up so fast."
Positive,Positive,0.612418234,Manual Review,Everyday supply of snacks in the pantry.
Positive,Positive,0.612580657,Manual Review,Enjoyable
Positive,3,0.612930655,Manual Review,It depands on the team you in.
Positive,2,0.614740908,Manual Review,It was a busy 
Negative,Negative,0.614836991,Manual Review,Expect long working hours.
Positive,Positive,0.614855051,Manual Review,Stability is there just that need to work hard and sometimes luck.
Positive,Positive,0.61494559,Manual Review,My internship experience was okay overall.
Positive,2,0.615115821,Manual Review,You are expected to go beyond ur KPI.
Positive,2,0.615749419,Manual Review,Management practice favouritism
Positive,Positive,0.61596483,Manual Review,EPF benefits.
Negative,Negative,0.616236806,Manual Review,"Sometimes, they might get irritated when you ask twice because they think they already explained thousands of times."
Negative,3,0.618428886,Manual Review,You need to stand on your two feet and learn as you go.
Negative,Negative,0.619269073,Manual Review,but low pay basic salary
Negative,Negative,0.620172858,Manual Review,Always overtime
Negative,Negative,0.621061862,Manual Review,Need to do a lot of OT but intern/trainee did not get paid OT.
Positive,2,0.621734083,Manual Review,tracker in place to track everyoneâs task.
Positive,2,0.621988714,Manual Review,They take their time to answer my question.
Negative,Negative,0.622930169,Manual Review,Need to achieve a high kpi with changing directions from upper management.
Positive,Positive,0.623714626,Manual Review,It's the largest bank in malaysia.
Positive,2,0.624162316,Manual Review,Expect one hour talk to persuade you work hard.
Positive,3,0.624291301,Manual Review,Classic management style
Negative,Negative,0.62565881,Manual Review,Pushes us to the limit but suddenly change the comissioning structure
Positive,Positive,0.627319396,Manual Review,Can learn something
Positive,Positive,0.630115271,Manual Review,Benefits: - Basic salary meets the market range.
Negative,Negative,0.631433547,Manual Review,"Company got a lot of profit every year, must increase salary & also the cost living there very high."
Positive,Positive,0.63148737,Manual Review,Freestyle working environment.
Negative,Negative,0.632092893,Manual Review,"in term of management, they want feedback but doesnt improve ."
Positive,3,0.632319272,Manual Review,Ask your trainer the most common inquiries about EACH topic.
Negative,Negative,0.632765114,Manual Review,None pros factor
Positive,Positive,0.633208811,Manual Review,"While it is a stable organization, "
Positive,3,0.634144008,Manual Review,"For personal growth, it would help if staff are encouraged to practice discipline and self-development."
Positive,Positive,0.634627759,Manual Review,You will learn how to manage your time management skills.
Positive,Positive,0.635380626,Manual Review,No OT Overall not bad
Positive,Positive,0.636773944,Manual Review,Overall good.
Positive,3,0.638905704,Manual Review,"However, increment, year-end bonus and performance bonus are based on your job performance and supervisor."
Positive,Positive,0.639270067,Manual Review,Summary Overall quite good
Negative,Negative,0.639611721,Manual Review,sales target is too high and management will push you to hit every month.
Negative,Negative,0.639924407,Manual Review,Require staffs to stay back but wont pay for overtime
Negative,Negative,0.640912414,Manual Review,Traditional & change-averse company
Positive,2,0.641064227,Manual Review,You have to give full commitment to this organisation even in weekend especially when you are involve in marketing scope.
Negative,Negative,0.641187847,Manual Review, although there will be some bad apples (which can be found in any company tbh)
Positive,3,0.643424571,Manual Review,Customers are generally normal and sane.
Negative,Negative,0.644677758,Manual Review,Comprehensive benefits with concerns over operational balance and promotion fairness
Negative,Negative,0.64528656,Manual Review,stress if there is any accidental mistake that we didn't notice and need to re do whole thing.
Negative,Negative,0.646713495,Manual Review,"In the spend of 6 months, the company had change its guidelines 4 times which effect the sales department heavily."
Positive,3,0.64738214,Manual Review,Structured and Hierarchy
Negative,Negative,0.64764601,Manual Review,High expectation and workload
Positive,Positive,0.647687256,Manual Review,You will think a lot of time if you want to resign because of the benefits
Positive,Positive,0.64772433,Manual Review,"Fun and good, environment is OK."
Negative,Negative,0.647819102,Manual Review,Not many clients will prefer rhb.
Positive,Positive,0.648965955,Manual Review,It was good.
Negative,Negative,0.649407983,Manual Review,low increament
Negative,Negative,0.649652004,Manual Review,"Systems are fine except I only encounter difficulties with R*W**, it needs to be redesigned to a friendlier interface at least for those agents."
Positive,3,0.649695814,Manual Review,A typical day for me usually starts with reviewing priorities and any urgent items from emails or system alerts.
Positive,3,0.650476396,Manual Review,Banking Culture
Positive,Positive,0.653012097,Manual Review,Monetary benefits is fine 
Negative,Negative,0.653739452,Manual Review,Need to stay back without paying OT.
Positive,Positive,0.655092776,Manual Review, flexible and relax environment 
Positive,Positive,0.655297339,Manual Review,Opportunity to learn a lot however i was hired as a outsourcing staff.
Positive,Positive,0.655835688,Manual Review,The commission given is quite higher than another bank.
Positive,3,0.657161176,Manual Review,The people
Positive,Positive,0.657580674,Manual Review,Have graduate and certification if pass the exam and roleplay
Positive,3,0.658383727,Manual Review,Learn to find ways in achievement.
Negative,Negative,0.659782529,Manual Review,Facing challenges to deal with current systems and process.
Positive,Positive,0.661714792,Manual Review,but can learn a lot of knowledge
Positive,3,0.662212133,Manual Review,I then look over my to-do list and get started on the day that have my top priority.
Negative,Negative,0.663161933,Manual Review,Some employees in the IT department work in a semi-basement that doesn't see a lot of sunlight during the day.
Positive,2,0.665259898,Manual Review,Good to try as probation only hahaha.
Negative,Negative,0.665868938,Manual Review,"Need to review the benefits structure, transparency of promotion"
Positive,Positive,0.66629529,Manual Review,typical day at work is ok .
Positive,Positive,0.667053163,Manual Review,"KPI is very agile, adjustable."
Neutral,Neutral,0.668065608,Manual Review,Team lead quality is average.
Positive,Positive,0.669005156,Manual Review,some department are more flexible.
Negative,Negative,0.670843542,Manual Review,learned nothing
Negative,Negative,0.67140764,Manual Review,"However, team is very lean, therefore it can be stressful at times and things are fast paced."
Positive,Positive,0.672516882,Manual Review,flexible lunch time
Positive,Positive,0.673743784,Manual Review,Good for beginner
Negative,3,0.67479527,Manual Review,"As with any banking role, there were moments of pressure during peak periods or when meeting targets,"
Positive,3,0.676519454,Manual Review,"If finish work early, can go shopping at Jalan Tar."
Positive,Positive,0.676703453,Manual Review,Benefits/Salary for fresh graduates/ OT claims
Negative,Negative,0.677088797,Manual Review,Long hours
Negative,Negative,0.677592456,Manual Review,but the workload will be more than expected due to manpower shortages.
Positive,Positive,0.679396629,Manual Review,Fun mix stress
Negative,Negative,0.679612041,Manual Review,less guidance
Negative,Negative,0.679817796,Manual Review,Not many incentive for protege.
Positive,Positive,0.680452228,Manual Review,Top 5 largest Bank in Malaysia
Negative,3,0.681150675,Manual Review,Need to have time management skills in order to complete each tasks.
Positive,2,0.681656301,Manual Review,I hope for a better insurance benefit for dependents & salary base.
Positive,Positive,0.682633758,Manual Review,"Outpatient, dental, optical, health check-up coverage, travelling claim"
Positive,Positive,0.683063626,Manual Review,So far so good.
Positive,Positive,0.683427453,Manual Review,Mon - Fri Friendly environment 
Positive,3,0.684162378,Manual Review,My advise is to ask a lot of questions during your interview so you can judge whether it is a good fit for you.
Positive,Positive,0.684185326,Manual Review,Bonus could be up to 3-4 months in general.
Negative,Negative,0.684810102,Manual Review,but the basic salary that this company offer was to low.
Negative,Negative,0.686037779,Manual Review,"Like most banks, the workload can be overwhelming, with employees often expected to handle multiple responsibilities, tight deadlines, and high-performance targets."
Negative,Negative,0.686167836,Manual Review,Had to leave after 1 year contract.
Positive,Positive,0.686177969,Manual Review,Profesional Environment
Negative,Negative,0.688869655,Manual Review,Frequent re-org/rorg restructuring due to change to the top management
Negative,Negative,0.689148605,Manual Review,No flexible working hours and no remote.
Positive,Positive,0.690585375,Manual Review,Easy to apply.
Positive,Positive,0.690821588,Manual Review,Overall I think my pay are decent while workload and working culture depends on your department.
Positive,3,0.691197038,Manual Review,A day in the Bank can be busy depending on the the day or the weekend.
Positive,Positive,0.693559408,Manual Review,Can learn something from pb and make it as you stepping stone
Negative,Negative,0.694619954,Manual Review,Not much diversity as well.
Positive,Positive,0.696265221,Manual Review,"Department-dependent, decent experience"
Positive,Positive,0.697162271,Manual Review,"Working environment ok, "
Negative,Negative,0.698470533,Manual Review,Benefits were below average.
Positive,3,0.698802173,Manual Review,Just need to make it readable so that easier to answer the enquiries instead of arranging a callback because you usually need more time to extract the info.
Negative,Negative,0.70030576,Manual Review,but overload with work
Negative,Negative,0.701077819,Manual Review,work-life balance Don't even think about it.
Positive,Positive,0.701475263,Manual Review,Can learn alot of financial knowledge and pitching skill.
Positive,2,0.701614678,Manual Review,"Overall the management and the way they handle the process of everything is super old school, they still have typewriters to write on vouchers."
Positive,Positive,0.701642811,Manual Review,"While the salary structure varies based on the position and level of experience, public bank employees typically enjoy competitive pay scales that are often revised based on recommendations from government pay commissions."
Positive,Positive,0.702716947,Manual Review,"Additionally, public bank employees often have more structured career paths, including promotional avenues that lead to higher pay grades and responsibilities."
Positive,2,0.702953637,Manual Review,"If you need to a higher career development and lots benefits, can option with other company."
Positive,Positive,0.703240871,Manual Review,"This allows staff and trainees to understand the full hire purchase financing cycle, particularly for vehicle loans."
Positive,Positive,0.703444779,Manual Review,Location is strategic.
Positive,Positive,0.704592347,Manual Review,Try banking if you love doing sales.
Negative,Negative,0.706209362,Manual Review,Wished I check glassdoor reviews before joining.
Negative,Negative,0.706470311,Manual Review, despite the lack of support.
Negative,Negative,0.707510471,Manual Review,'- I always saw my colleagues were always working during their annual leaves and weekends in the office for the whole day due to strict deadlines set by ISO regulations
Negative,Negative,0.707767844,Manual Review,"However, there are significant challenges regarding work-life balance, particularly in operations where the workload is often overwhelming."
Negative,Negative,0.707908869,Manual Review,As usual stress to get year enda target met.
Negative,Negative,0.709038854,Manual Review,Need to always on standby mode.
Negative,Negative,0.710503995,Manual Review,'-No guidance given to newbies
Negative,Negative,0.710697293,Manual Review,A good place to start but in term of job culture is slight disappointing
Positive,Positive,0.711183608,Manual Review,"However, staff benefits are generally better than other banks."
Negative,Negative,0.711706221,Manual Review,System part a bit outdated as time consuming is a concern.
Negative,Negative,0.712278247,Manual Review,Working hour not flexible.
Positive,Positive,0.71230191,Manual Review,"That being said, you get to learn a great deal about mortgages, banking and lending."
Positive,Positive,0.712391734,Manual Review,"Day to day work very easy, but need to be careful due to working with money after all."
Positive,Positive,0.712862492,Manual Review,Everything is good.
Positive,3,0.713568926,Manual Review,Would love to see how would they expand and attract youngster into their company
Positive,2,0.714228511,Manual Review,Initiatives for better working environment should be implimented.
Neutral,Neutral,0.714651704,Manual Review,Okay averagely
Negative,Negative,0.714888334,Manual Review,Very restricted working environment.
Negative,Negative,0.716080964,Manual Review,"Highly sales oriented culture, performance measurement more focus on individual contributor, event for non sales staff"
Positive,Positive,0.716326058,Manual Review,"Discounted rate for company cafeteria, tentative work from home policy, learning programme"
Positive,Positive,0.716571808,Manual Review,"overall not bad, training provided, attractive remuneration package"
Positive,Positive,0.716626048,Manual Review,ok to work
Negative,Negative,0.71746397,Manual Review,Office politics
Positive,2,0.717877686,Manual Review,KPI hard to achieve but once achieved the feeling cannot be described.
Negative,Negative,0.718318403,Manual Review,"Have a good company but not a good superior, learned a lot from senior and also from other tribe ."
Neutral,Neutral,0.718860805,Manual Review,Incentive for sale staff is average.
Positive,3,0.719004214,Manual Review,"This way, I can reply to clients and get everything organized at the start of the day."
Negative,Negative,0.719145238,Manual Review,"But in sale, have to deal with a lot of pressure."
Negative,Negative,0.719673038,Manual Review,Ended up working 12 hours most days and weekends too.
Positive,Positive,0.719795406,Manual Review,but got good colleagues that can help from time to time.
Negative,3,0.721698225,Manual Review,Managing 17 staff and Data center facility 
Positive,2,0.722049177,Manual Review,They tends to talk to you politely and keep nagging to work hard.
Positive,Positive,0.722317159,Manual Review,computer provided allowance high and also have training to build intern knowledge to enter work enviroment
Positive,Positive,0.722691119,Manual Review,"Other than that, it train your multitasking skill as well"
Negative,Negative,0.72270149,Manual Review,"Long working hours are common, particularly in departments such as sales, credit analysis, and customer service."
Positive,Positive,0.722858131,Manual Review,Overall fine to work in bank under sales department.
Positive,Positive,0.723680079,Manual Review,The culture can be improved with good leader and cooperation.
Positive,Positive,0.723695636,Manual Review,Fair salary for fresh
Positive,Positive,0.726208627,Manual Review,Good for beginners
Positive,Positive,0.726424396,Manual Review,Good for stable life.
Negative,Negative,0.726588964,Manual Review,However they just simply terminated all the contract staff without notice
Positive,Positive,0.729302406,Manual Review,Staff got a lot of AL
Negative,Negative,0.729789436,Manual Review,the only things is difficult to get reffaller for small branches
Negative,Negative,0.730014503,Manual Review, but not appreciating protege or graduate lvl.
Positive,Positive,0.730045795,Manual Review,If you fresh graduate and want to learn a new skill.
Positive,Positive,0.730157018,Manual Review,Enjoyable in term of benefit and good friends.
Positive,Positive,0.730368495,Manual Review,"The enviroment is chill, collegues are kind and are willing to assist if faced with issues."
Positive,Positive,0.731022716,Manual Review,"Good team, but salary to low at airport"
Positive,Positive,0.731146812,Manual Review,Overall it was a nice company to working with.
Positive,Positive,0.731189191,Manual Review,"However, remuneration package is good."
Negative,Negative,0.731239617,Manual Review,Not support newcommer.
Positive,2,0.731802285,Manual Review,Always pass the job back to you
Negative,Negative,0.733474672,Manual Review,Luckily teamwork is awesome but can't say the same about the manager and salary.
Positive,Positive,0.733649552,Manual Review,"While there were challenges along the way, the positives outweighed the negatives."
Positive,2,0.734054148,Manual Review,"It is not wrong to use the offer contract thru agency but if the employee already work more than 1 year with a good results, offer them permanent position."
Negative,Negative,0.734372199,Manual Review,Hard to streamline processes to avoid manual work.
Negative,Negative,0.734714329,Manual Review,"Ok ok , not so good for sales target, always pressure about target from upper management ,for trying is ok but for long term is not suitable because based on target"
Positive,Positive,0.736167967,Manual Review,"As entry level, this is a good starter."
Positive,Positive,0.737338126,Manual Review,Good for stable life
Negative,Negative,0.738619685,Manual Review,Turnover rate is high.
Positive,Positive,0.738719881,Manual Review,They easily hire fresh grad.
Negative,Negative,0.739085257,Manual Review,Not supportive manager.
Negative,Negative,0.739621162,Manual Review,"High targets, but performance not fairly recognised."
Negative,Negative,0.739777625,Manual Review,There's this lecturing session which top management will come down and have a meeting with all sales employees at one of the branch.
Positive,Positive,0.740713894,Manual Review,Good experience
Positive,3,0.741746724,Manual Review,Work life balance
Positive,3,0.742105067,Manual Review,Work Culture
Positive,Positive,0.744670093,Manual Review,Overall is a good oppertunity for an internship placement.
Negative,Negative,0.74656266,Manual Review,They have too much power and no one can question them.
Positive,Positive,0.747780323,Manual Review,Good Workplace but Overload Task
Positive,Positive,0.747918963,Manual Review,"Open to feedback, work life balance culture, slow increment and promotion."
Positive,Positive,0.749525845,Manual Review,Top 4 Local Bank in Malaysia
Negative,Negative,0.750225067,Accepted,long working hours n no wfh
Positive,Positive,0.751665354,Accepted,Overall its a great place to learn.
Negative,Negative,0.753871262,Accepted,Long working hours
Negative,Negative,0.753871262,Accepted,Long working hours
Positive,Positive,0.755532086,Accepted,Good workplace overall
Negative,Negative,0.756045938,Accepted,however lack of guidance and training provided.
Negative,Negative,0.756620109,Accepted,Expected to OT everday and even on weekends without getting paid OT.
Negative,Negative,0.757998645,Accepted,Turnover rate is quite high
Positive,Positive,0.758243561,Accepted,Environment was good.
Positive,Positive,0.761014402,Accepted,A lot people that you can meet.
Negative,Negative,0.761196256,Accepted,No standard guidelines can follow (not sure whether is the manager itself problem).
Negative,Negative,0.763119757,Accepted,It was hectic working.
Positive,Positive,0.763654351,Accepted,"Clearer, fairer systems would build more trust and motivation among the team."
Positive,Positive,0.765005469,Accepted,Structured training is provided as well.
Negative,Negative,0.765569389,Accepted,Work pace is slow at my team
Negative,Negative,0.765900314,Accepted,Need to stay back without pay OT.
Positive,Positive,0.766134858,Accepted,Benefit is good.
Positive,Positive,0.766247511,Accepted,training by professional team
Positive,Positive,0.766453385,Accepted,Learn a lot
Positive,Positive,0.766729116,Accepted,"Overall, everyone feel welcome."
Positive,Positive,0.76790005,Accepted,Flexible hybrid
Positive,Positive,0.768758655,Accepted,Have allowance and good medical insurance
Negative,Negative,0.769042075,Accepted,"Agile title but with old mindset, spent too much customization on legacy system instead of determine to revamp it"
Positive,Positive,0.769281209,Accepted,Can learn lot of new things and how to solve it.
Positive,Positive,0.769319296,Accepted,Colleague helpful.
Negative,Negative,0.769582629,Accepted,Salary below market average
Positive,Positive,0.769872546,Accepted,"Honestly the people in my team are nice,"
Positive,Positive,0.770621717,Accepted,management is competent.
Positive,3,0.770908177,Accepted,"For future interns: be proactive, network actively, and stay organized to maximize the experience."
Negative,Negative,0.770909131,Accepted,"The recent acquisition of Citiâs business appears to have been poorly managed, leading to a hiring freeze post-merger."
Positive,Positive,0.770970762,Accepted,"Other than that, good benefits and bonus"
Positive,Positive,0.773726761,Accepted,Staff benefits
Positive,Positive,0.774004936,Accepted,Able to learn about market
Positive,2,0.774054229,Accepted,Good working enviroment but no promotion.
Positive,Positive,0.774769366,Accepted,Unlimited medical coverage
Positive,Positive,0.775294065,Accepted,Fast paced environment
Negative,Negative,0.775468767,Accepted,Management level is rigid and has no one to one communication.
Positive,Positive,0.776071846,Accepted,Training is provided which is help in jobscope.
Negative,Negative,0.776416302,Accepted,"If want to explore, have to be mentally prepared with unnecessary approvals, overprocess of workflow for the sake of governance and fairly decaded legacy system that is counterproductive and isn't align with the latest development of technology(Datalake, Big Data, OCR, Robotic, AI, Chatgpt) ."
Positive,2,0.777226388,Accepted,You will learn how to âtai-chiâ in this company.
Negative,Negative,0.777258933,Accepted,I heard it is different now but despised the cult-like annual dinners.
Positive,Positive,0.777444601,Accepted,"It really depends on which department youâre placed inâif you end up in the right one, itâs easier to fit in and thereâs a better chance of getting absorbed into the company."
Positive,Positive,0.77748543,Accepted,Flexible working hours.
Positive,Positive,0.777555048,Accepted, but the management and team support made it manageable.
Positive,2,0.777626455,Accepted,Eg is your ot.
Positive,Positive,0.777652979,Accepted,good experience
Negative,Negative,0.777844727,Accepted,High turnover rate and role was not as described.
Negative,Negative,0.777967274,Accepted,Environment limits you from learning new stuff
Positive,2,0.778116167,Accepted,If you lucky then u can get a nice TL to work with.
Positive,Positive,0.778149903,Accepted,"As a protege, the workload is quite ok as it can definitely give you a work-life balance."
Positive,Positive,0.779471755,Accepted,Good Company 
Positive,2,0.780607998,Accepted,"While it is understandable that the bank must demonstrate profitability to shareholders, it is crucial to acknowledge the efforts of employees who drive this success."
Positive,Positive,0.780757785,Accepted,Everyone helps each other.
Positive,Positive,0.780847669,Accepted,"The interview process was nice tho, the hr seems professional."
Positive,Positive,0.781803846,Accepted,Branch manager and regional manager always push you to achieve the monthly target.
Positive,Positive,0.78287667,Accepted,Salary and the benefits.
Positive,Positive,0.783707261,Accepted,Humanity and harmony environment
Positive,Positive,0.784540772,Accepted,Many other benefits for claim as well and
Positive,Positive,0.784614325,Accepted,Unlimited health benefits.
Positive,Positive,0.784812689,Accepted,Friendly colleagues
Positive,Positive,0.785577238,Accepted,Personal growth through self-initiative.
Positive,Positive,0.785886824,Accepted,"Networking: Connect with professionals in the banking industry, which can be beneficial for future career opportunities."
Positive,Positive,0.786898792,Accepted,The environment is good.
Positive,2,0.786922514,Accepted,"Colleagues are nice, some team leaders aren't helpful at all and will look down on you if you don't know certain things."
Positive,Positive,0.787020028,Accepted,"Salary, benefits"
Negative,Negative,0.787244737,Accepted,"But for working environment, quiet tough."
Positive,Positive,0.788017035,Accepted,Good company
Negative,Negative,0.788276792,Accepted,"Despite implementing 360-degree feedback and the Employee Engagement Survey (EES), employee concerns remain unaddressed."
Negative,Negative,0.78829664,Accepted,Some team leaders might not be helpful to the team.
Positive,Positive,0.789675653,Accepted,The salary pay on time.
Positive,Positive,0.790237963,Accepted,"Working here you will have a flexible working hours, hybrid working (3 days office, 2 days WFH) depends on the department mostly Digital IT."
Positive,Positive,0.792032838,Accepted,"In addition to the fixed salary, public bank employees also receive additional perks like medical benefits, pension schemes, and paid leave."
Negative,Negative,0.792734563,Accepted,"Most of my time was spent on repetitive, low-impact assignments that didnât contribute much to my growth or understanding of the banking sector."
Positive,3,0.792772353,Accepted,The place and also the customers 
Positive,Positive,0.79288739,Accepted,company willing to provide training to staffs to help us to development softskills
Positive,Positive,0.79324472,Accepted,Overall good sales
Positive,Positive,0.794394433,Accepted,"Environment is okay, surrounded by coworker that help in so many thing."
Positive,Positive,0.795066416,Accepted,The colleagues are friendly.
Negative,Negative,0.795220017,Accepted,There is a noticeable absence of structured programs or support for advancing one's skills and career within the company.
Positive,Positive,0.795737088,Accepted,Good environment
Positive,3,0.796270669,Accepted,Huge market.
Negative,Negative,0.797237635,Accepted,the company only side customer as they sacred in trouble
Positive,Positive,0.797499657,Accepted,Freedom to be creative and develop solutions as long as itâs aligned with the bankâs values
Positive,Positive,0.799000263,Accepted,Your daily tasks may help you to improve how to utilize them.
Positive,Positive,0.799122155,Accepted,"During my internship at Bank Rakyat, I had the opportunity to gain practical experience in one of Malaysia's leading cooperative banks."
Positive,Positive,0.801049232,Accepted,Benefit: - Medical for self & family.
Negative,Negative,0.801577508,Accepted,Should focus on tech such as fill up form online instead of using paper
Positive,Positive,0.801868737,Accepted,"Overall ok, management ok, benefits ok, paid on time , supportive team, good bank, good allowance, good salary, good benefits, good system, treat us fairly ,"
Negative,Negative,0.802075148,Accepted,"Additionally, top management often feels disconnected from ground-level operational reality."
Negative,Negative,0.802261949,Accepted,but not a Good Division
Positive,Positive,0.805537105,Accepted,"Besides the steep learning curve, I had the opportunity to learn from very capable colleagues."
Positive,Positive,0.805700779,Accepted,Flexible working hour
Negative,Negative,0.806324542,Accepted,Your colleagues will punish you with extra workloads if you didn't complete their KPI (number of cases to be completed per day)
Negative,Negative,0.806383133,Accepted,the compensation-to-effort ratio and career progression transparency need improvement.
Positive,Positive,0.806602359,Accepted,Learning Experience: Gain a deep understanding of Islamic finance principles and practices.
Positive,3,0.806670368,Accepted,For sales for sure is sales target.
Negative,Negative,0.806939483,Accepted,Intense pressure & high expectations.
Positive,Positive,0.807164013,Accepted,"The management team is generally understanding and open to feedback, creating a comfortable space to discuss challenges and improvements."
Positive,Positive,0.807442605,Accepted,Salary was higher than average.
Negative,Negative,0.80750221,Accepted,Lack increment and bonus.
Positive,Positive,0.80767405,Accepted,Overall internship experience was good.
Negative,Negative,0.807785213,Accepted,Too many task appointed with very low salary.
Positive,Positive,0.809191585,Accepted,But bonus is pretty good around 6 months
Negative,Negative,0.809522331,Accepted,but poor management
Positive,Positive,0.809765637,Accepted,"Public Bank is known for its structured work culture, and employees who can adapt to its disciplined and customer-focused approach tend to succeed."
Positive,Positive,0.810693502,Accepted,Plenty of trainings for sales staff 
Positive,Positive,0.811061442,Accepted,but luckily managers are good.
Negative,Negative,0.812465549,Accepted,"Spent a lot of time for manual activities due to reluctant to invest a new system, continue waste money for customization on incompetent system which only safeguard vendor evergreen businesses."
Positive,Positive,0.813703954,Accepted,Okay place to work at
Positive,Positive,0.813755631,Accepted,Flexible working mode
Negative,Negative,0.813802898,Accepted,Management doesn't care about you.
Positive,Positive,0.813931704,Accepted,"Good experience, steep learning curve."
Negative,Negative,0.814140022,Accepted,"If you have experiences, try somewhere else"
Positive,Positive,0.814334869,Accepted,Good friendship
Negative,Negative,0.814546406,Accepted,"But, - paperwork overload"
Positive,Positive,0.81456697,Accepted,Fast Pace
Positive,Positive,0.814583778,Accepted,but don't worry because your colleagues will help you anyway when you need it.
Negative,Negative,0.814706326,Accepted,Workload is heavy 
Positive,Positive,0.815034628,Accepted,Sufficient AL provided.
Positive,Positive,0.815080285,Accepted,Good benefit
Positive,Positive,0.815108538,Accepted,Flex care provided with more than 10 categories claimable
Positive,Positive,0.816972256,Accepted,"Got gym, game room, hot desking must book desk so can choose desk wherever u want to sit"
Positive,Positive,0.817666709,Accepted,but good colleagues
Negative,Negative,0.817865312,Accepted,The company doesn't care for the sales people period.
Negative,Negative,0.817951858,Accepted,Leads not approachable.
Positive,Positive,0.817979336,Accepted,good mood always
Negative,Negative,0.818051875,Accepted,workload is always alot unless during low season
Positive,Positive,0.818157494,Accepted,"Many facilities provided, gym, game room etc workloads r manageable"
Positive,Positive,0.818330646,Accepted,Benefit wise and working like servant.
Negative,Negative,0.818841875,Accepted,Management will keep pushing for sales even though the product is not great and detrimental to buyers.
Negative,Negative,0.819177806,Accepted,"I interned at CIMB Bank hoping for a dynamic learning experience, but overall, it fell short of expectations."
Negative,Negative,0.819452643,Accepted,"No increment, not offered as permanent position even though work more than 3years, low benefit."
Negative,Negative,0.819691598,Accepted,"However, for my department, it is actually quite boring as all you do is data entry for the whole day, the learning curve is quite limited, you wont learn much if you fulfill the contract."
Negative,Negative,0.81995672,Accepted,To much target to be achieved and ridiculous sales KPI.
Positive,Positive,0.820303738,Accepted,"Despite the occasional stress, the knowledge gained in the field of financing was immense."
Positive,Positive,0.820342064,Accepted,Annual leaves and Mc good
Negative,Negative,0.821209371,Accepted,"Can say very stressful heavy workload, "
Positive,Positive,0.821550846,Accepted,Pbb is good to learn various things.
Negative,Negative,0.82167989,Accepted,Not welcoming the newcomers.
Positive,Positive,0.821935236,Accepted,The trust is given by allowing you to empower the action to complete your work & you are able to work from home.
Negative,Negative,0.822027326,Accepted,Try to test your limit in this environment of long working hours and extensive work load.
Positive,Positive,0.822150111,Accepted,but is very good to learn a new things 
Positive,Positive,0.822423697,Accepted,Strategic location.
Negative,Negative,0.822476804,Accepted,I learn that my current manager only know how to talk .
Negative,Negative,0.822599769,Accepted,"Its a fast pace environment, we start to move in saleâs instead of solely giving service and it become challenging to reaching target every month."
Positive,Positive,0.822810233,Accepted,Manager will guide you A to Z.
Negative,Negative,0.823201597,Accepted,'- can be very stress if you can't hit the sales target
Positive,Positive,0.823360503,Accepted,Team members are good.
Negative,Negative,0.823437512,Accepted,Gap between newbie and managers
Negative,Negative,0.823737621,Accepted,Challenging enviroment
Positive,Positive,0.823750973,Accepted,An All-rounder benefits kind of company.
Negative,Negative,0.825416148,Accepted,bad operating system
Positive,Positive,0.825491965,Accepted," overall, it's a good place to work"
Positive,Positive,0.826105654,Accepted,"Things can get a bit hectic during system changes, but overall itâs a valuable and enjoyable learning experience."
Positive,Positive,0.826143146,Accepted,Will find a good friend.
Positive,Positive,0.826144576,Accepted,Colleague is all nice
Positive,Positive,0.827031136,Accepted,"However, boss was very kind and always help to guide me"
Positive,3,0.827219367,Accepted,Managing 17 staff and Data center facility 
Positive,Positive,0.827487111,Accepted,Learnt a lot of stuff during my period.
Negative,Negative,0.827957392,Accepted,culture not so good
Positive,Positive,0.828983784,Accepted,Strategic working location
Negative,Negative,0.829195321,Accepted,Subpar bonuses
Positive,Positive,0.829393208,Accepted,"A typical day is fast-paced, full of learning opportunities."
Positive,Positive,0.829724312,Accepted,Good Experience
Negative,Negative,0.82988137,Accepted,but management is poor.
Negative,Negative,0.83024323,Accepted,"However, the manangement keeps pushing figure which could make people feel stressful and also almost ot everyday."
Positive,Positive,0.830500782,Accepted,Got good
Negative,Negative,0.830993474,Accepted,They will pressuring you until you resigned on your own.
Negative,Negative,0.831202865,Accepted,Busy and stressful sometimes 
Positive,Positive,0.831392169,Accepted,Colleague are nice.
Negative,Negative,0.832284093,Accepted,HR and HQ is ok but current manager is toxic .
Positive,Positive,0.832490802,Accepted,"With a fast-moving performance-based work culture, I was trained to work smart, fast and deliver work accurately."
Positive,Positive,0.833372235,Accepted,"The salary in public banks may not be as high as in private sector banks initially, but the long-term financial security, work-life balance, and other benefits make public banks a desirable option for many."
Positive,Positive,0.833375573,Accepted,Great for beginners
Negative,Negative,0.834766805,Accepted,Sometimes hard to dealing with customers.
Positive,Positive,0.835077465,Accepted,Good place to start for fresh graduates but long working hours.
Positive,3,0.835511565,Accepted,just give ur best on your job
Positive,Positive,0.835966527,Accepted,overall good in term of medical benefits.
Positive,1,0.835977674,Accepted,"A typical day is dynamic and fast-moving, with everyone focused and efficient."
Negative,Negative,0.836813033,Accepted,"Furthermore, opportunities for career development are scarce."
Negative,3,0.836818397,Accepted,Soso only
Negative,Negative,0.837112427,Accepted,Regardless they might rant because they are having difficulties.
Positive,Positive,0.837198734,Accepted,hope to get a permanent job at maybank
Positive,Positive,0.837294996,Accepted,Productive and task was manageable
Positive,Positive,0.837572694,Accepted,"fun environment, less toxic, but not all workplace is perfect, so a little imperfections is acceptable."
Negative,Negative,0.837923765,Accepted,but the kpi is too high for even for staff thats in under probation.
Positive,Positive,0.838130116,Accepted,Benefits is quite good
Positive,Positive,0.838236034,Accepted,They provided staff engagement event and activities 
Negative,Negative,0.838364244,Accepted,"Either listen to rants and do your job, or just put them on hold to submit the SR, both have been practiced there."
Positive,Positive,0.838488698,Accepted,Good place and suitable for a starter or fresh graduate.
Positive,Positive,0.838913381,Accepted,"but offer a high salary, 24 AL, medical coverage, and a bonus."
Negative,Negative,0.839283049,Accepted,"KPI too high,"
Negative,Negative,0.839598656,Accepted,A bit challenging
Positive,Positive,0.839674771,Accepted,"Overall, it provides a valuable experience for fresh graduates to develop their skills and grow their careers"
Negative,Negative,0.8396945,Accepted,"but somehow i found some of workers loves to overdressed and indifference dress etiquette, also give a bad impression to the company."
Positive,Positive,0.839924335,Accepted,Best to work with colleagues.
Negative,Negative,0.840710044,Accepted,"When ask, always ends up with more question than answers"
Positive,Positive,0.840794981,Accepted,Perfect for learning
Negative,Negative,0.841391206,Accepted,HQ management and HQ support not enough 
Positive,Positive,0.842167795,Accepted,"Overall, it is a great place to build a strong career foundation."
Positive,Positive,0.843075037,Accepted,Good friend
Positive,Positive,0.843391538,Accepted,"But rest assured, if you have REALLY good support and fun colleagues, you actually can survive."
Negative,Negative,0.844195426,Accepted,but your should depend by yourself because nobody will no help your because everyone is busy
Negative,1,0.844274521,Accepted,"Was placed in a consumer banking team, which I find quite it quite chilling when I was looking for a more intense role."
Positive,Positive,0.844370365,Accepted,High Salary
Negative,Negative,0.844668686,Accepted,"However, there is no work life balance that may make you exhausted."
Negative,Negative,0.845014691,Accepted,The pressure unbelievable.
Negative,Negative,0.845312774,Accepted,but the downside is only that they make changes very often and immediate.. too many task to handle at one time..
Positive,Positive,0.845360458,Accepted,"you'll learn more about it here at pb, staff are friendly"
Positive,Positive,0.845438659,Accepted,Learn a lot from them.
Positive,Positive,0.845535338,Accepted,"OCBC is a stable, growth-oriented bank that values people and innovation."
Positive,Positive,0.845638275,Accepted,The increment is above average and bonuses are decent.
Positive,Positive,0.846435547,Accepted,"If you adapt to it, you can excel in many workplaces."
Positive,Positive,0.846665621,Accepted,You can learn a lot from the team.
Negative,Negative,0.846912146,Accepted,"Didnt work here, but got the chances to be interviewed but unfortunately, it didnt goes really well."
Positive,Positive,0.846925795,Accepted,One of the key factors that can make the experience more enjoyable is having supportive and competent teammates.
Negative,Negative,0.84727931,Accepted,"The lunch break is on 45 minutes, short break applicable only 15 minutes, the management self-absorbed"
Positive,2,0.847478628,Accepted,High kpi with fast pace
Positive,Positive,0.847522497,Accepted,The challenges helped me build resilience and improve my time management skills.
Positive,Positive,0.847954869,Accepted,Good team
Positive,Positive,0.848331749,Accepted,Fun place
Positive,Positive,0.84855777,Accepted,Able to learn a lot of valuable knowledges of how bank operations works on daily basis.
Positive,Positive,0.849896252,Accepted,"Having teatime among us, celebration birthday and also we will do decorations for all the festivals..."
Negative,Negative,0.850092411,Accepted,Need to stay too long in office.
Negative,Negative,0.850259244,Accepted,The hardest part will working hours after office hours and will always stayed late
Positive,Positive,0.851307273,Accepted,"Every day was focused on serving clients, achieving sales goals, and supporting the team."
Positive,Positive,0.851427257,Accepted,PB offer a lot of benefits compared to any other company.
Positive,Positive,0.851774991,Accepted,Bosses are good.
Positive,Positive,0.851920664,Accepted,Good place to learn
Positive,Positive,0.852019727,Accepted,Good opportunity to learn
Positive,Positive,0.85257566,Accepted,Professional Development: Opportunities for skill-building through workshops and mentorship.
Negative,Negative,0.852828264,Accepted,"Since 2021, the bonus payouts (averaging 2 months) have not felt commensurate with the level of effort required."
Positive,3,0.8541798,Accepted,easy to meet customer from walk-in
,Negative,,,very political culture
Negative,Negative,0.854236066,Accepted,some people do not want to work but want to get credit of other peoples' works.
Positive,Positive,0.854340255,Accepted,The allowance are great.
Positive,Positive,0.854525149,Accepted,I learned a lot from here as we need to work as a team to ensure to move forward and excel together
Negative,Negative,0.854716539,Accepted,Hardest part: tight deadlines.
Positive,3,0.855933189,Accepted,"If you got a good boss, then its your luck."
Positive,Positive,0.856970847,Accepted,He/she will guide you from zero to something
Positive,Positive,0.856974244,Accepted,"While expectations are high, it encourages resilience and strong work ethics."
Negative,Negative,0.85743767,Accepted,I think it's too chaotic and tedious.
Negative,Negative,0.857482612,Accepted,But too much paperwork and need to work until 8pm everyday due to culture.
Positive,2,0.857949793,Accepted,High pay with great benefits but expect to work a lot
Positive,Positive,0.859168053,Accepted,"The work processes are quite organized, which helps in managing tasks efficiently."
Positive,Positive,0.860098422,Accepted,However good environment and supportive team members
Positive,Positive,0.860127687,Accepted,"At branch, meet customer and give best service to customer"
Positive,Positive,0.860214412,Accepted,good environment
Positive,Positive,0.861282527,Accepted,Training is provided which is help a lot in job scope.
Negative,Negative,0.86143285,Accepted,Also micromanagement exist when manager only trust the leader not knowing the real problem from colleague.
Positive,Positive,0.861568034,Accepted,pb has a lot of benefits.
Positive,Positive,0.861815751,Accepted,Good for fresh graduate
Positive,Positive,0.861856639,Accepted,"The most enjoyable part was achieving targets through my own effort,"
Positive,Positive,0.861861825,Accepted,Have nice benefit compare to other company
Positive,Positive,0.861886621,Accepted,Good for fresh grad
Positive,Positive,0.861933112,Accepted,It can be hectic at one point but productive.
Positive,Positive,0.862258196,Accepted,High work load comes with great help from colleagues
Positive,Positive,0.862416744,Accepted,Gain a lot of benefits.
Negative,Negative,0.86324507,Accepted,"Can be limited progression, especially in a competitive environment."
Positive,Positive,0.863740146,Accepted,Good salary
Negative,Negative,0.863808095,Accepted,"Furthermore, the promotion structure appears to be heavily influenced by seniority and favoritism rather than clear meritocracy, which can be discouraging for high-performers."
Negative,Negative,0.863978744,Accepted,Please reconsider if you expecting to have stable career soon after graduation.
Positive,Positive,0.86405319,Accepted,Engaging and Challenging
Negative,Negative,0.864478827,Accepted,Bossy
Negative,Negative,0.864512444,Accepted,HR and HQ is OK but CURRENT Manager is TOXIC
Positive,Positive,0.865847826,Accepted,Can get more incentive of you work hard.
Positive,Positive,0.865849257,Accepted,with good benefits
Positive,Positive,0.865982711,Accepted,Good OT pay.
Negative,Negative,0.86605525,Accepted,"Everyone walking like super flash, too much work to be settle."
Positive,Positive,0.866178453,Accepted,"The department is well-organized, with clear procedures for loan processing, credit assessment, documentation, and compliance with banking regulations."
Negative,Negative,0.866433978,Accepted,The position is really stress.
Negative,Negative,0.866442859,Accepted,management dont want to help you or give you proper direction
Negative,Negative,0.866636813,Accepted,i find it even in a week it is too overwhelming.
Negative,Negative,0.867071807,Accepted,"Overall, not a supportive place to grow long-term."
Negative,Negative,0.867863834,Accepted,but bad management
Positive,Positive,0.868426323,Accepted,People are friendly and easy to approach.
Negative,Negative,0.869159102,Accepted,but not a good thing for introverts.
Positive,Positive,0.869426548,Accepted,Promotion can be very fast to some work function given the person is high performer in the team or department.
Positive,Positive,0.869485915,Accepted,Highly paid bonus and overtime
Positive,Positive,0.869636059,Accepted,"Work life balance is achievable if you're in the right division, right department and under the right team."
Positive,2,0.870021343,Accepted,Expect us to get the highest more KPI than in JD.
Negative,Negative,0.870528996,Accepted,Micro-management will happen if u dont hit ur target
Negative,Negative,0.870657325,Accepted,Unreasonable workload.
Positive,2,0.87121737,Accepted,Sales oriented working culture
Positive,Positive,0.871325791,Accepted,Good workplace
Negative,Negative,0.872366965,Accepted,Not enough of staff so ask to do extra work.
Positive,Positive,0.872479141,Accepted,Good place for learning.
Positive,Positive,0.873137891,Accepted,"Public sector banks are known for offering stable and attractive salary packages, making them a popular choice for individuals seeking long-term career opportunities."
Positive,Positive,0.873459756,Accepted,Fun and new experience.
Negative,Negative,0.873517215,Accepted,This has resulted in inefficiencies and missed opportunities for improvement.
Positive,Positive,0.87357372,Accepted,Career Development: Offers structured training programs and opportunities for internal mobility.
Negative,Negative,0.873869777,Accepted,Manual process a lot redundant work causing a lot work
Positive,Positive,0.873927176,Accepted,A good company to start with in banking line
Positive,Positive,0.873928428,Accepted,But the people is fun and willing to share the experiences.
Positive,Positive,0.874034464,Accepted,A good place to learn and improve in.
Negative,Negative,0.874182224,Accepted," but suffers from outdated systems, clunky app, heavy workload & limited workâlife balance."
Negative,Negative,0.874535024,Accepted,"Cons No more work from home, and fixed working hours."
Negative,Negative,0.874804378,Accepted,Dont really like the benefits they offer especially in terms of commision.
Negative,Negative,0.874907911,Accepted,but no work life balance
Negative,Negative,0.875009656,Accepted,"I wanted to stay but I felt disappointed for a couple of reasons, which made me resign."
Negative,Negative,0.875018299,Accepted,Working as Collector is hard as doing Sales for bank.
Positive,Positive,0.875086963,Accepted,Good bonus
Positive,Positive,0.875185192,Accepted,Most people here are around your age so youâll definitely be able to get along with everyone there.
Positive,Positive,0.875295222,Accepted,other colleagues she treated well.
Negative,Negative,0.875553071,Accepted,No life balance.
Positive,Positive,0.875619829,Accepted,Good working environment.
Positive,Positive,0.875811756,Accepted,The starting salary is quite good.
Positive,Positive,0.876213193,Accepted,Target given by company higher 
Negative,Negative,0.877123237,Accepted,Little to no staff engagement
Negative,Negative,0.877153695,Accepted,This imbalance has taken a toll on morale and productivity.
Negative,Negative,0.877156436,Accepted,"limited support and some bias in how situations are handled, especially concerning differences in religion."
Positive,Positive,0.877179265,Accepted,"Branch environment is good, got to know and work together with new people."
Positive,Positive,0.877480626,Accepted,Over all good experience and good remuneration.
Positive,Positive,0.877888501,Accepted,"They are offering better benefits in comparison to other companies, i.e. annual leave, medical, insurance etc."
Positive,Positive,0.87840724,Accepted,Benefit and bonus
Positive,Positive,0.878496051,Accepted,Pleasent people to work with.
Positive,Positive,0.878499985,Accepted,Learned a lot of skills.
Positive,Positive,0.878706038,Accepted,Good pay for OT
Positive,Positive,0.878929496,Accepted,Lots of benefits.
Positive,Positive,0.879085243,Accepted,Benefits were great for big company.
Negative,Negative,0.879395545,Accepted,"Software are outdated, payment system is slow and 90s era."
Positive,Positive,0.879614234,Accepted,The food at the cafe is so good.
Positive,Positive,0.879651129,Accepted,Good environment and management 
Positive,Positive,0.879841149,Accepted,Hsbc pay good salary.
Positive,Positive,0.879892528,Accepted,Good place and good job
Positive,Positive,0.880037665,Accepted,Good to work
Positive,Positive,0.880049169,Accepted,I learned how a leading financial institution operates and gained hands-on exposure to real banking tasks.
Negative,Negative,0.880152702,Accepted,the working there is quite tough for people who are passionate can work there.
Positive,Positive,0.880153835,Accepted,Good pay
Negative,Negative,0.880309105,Accepted,Your workload will be increased without letting you know in advance or without asking your permission to do so.
Negative,Negative,0.881103814,Accepted,"The workload can be overwhelming, often requiring employees to work long hours with little acknowledgment or compensation."
Positive,Positive,0.881235957,Accepted,"Fun people, company guidelines are ever changing"
Positive,Positive,0.88139236,Accepted,"Overall, my internship at Maybank gave me a strong foundation and clearer understanding of the banking industry."
Positive,Positive,0.881476045,Accepted,Good place to work but quite hierarchical due to the large size of the organisation.
Positive,Positive,0.881500959,Accepted,good salary
Positive,Positive,0.881960928,Accepted,it was fun at first 
Positive,Positive,0.882534325,Accepted,"The location is near the public access which is good, training and script is given and the colleague is helpful."
Negative,Negative,0.882685184,Accepted,Only 'some' supervisor are really getting on your nerve
Negative,Negative,0.883334398,Accepted,"schedule rotate every two weeks ,training sometime not enough time"
Positive,Positive,0.883916318,Accepted,"Everyone so kind, though workloads might be heavier for senior exec, but yeah."
Positive,Positive,0.883963823,Accepted,"Everything is great here, can learn so many things "
Positive,Positive,0.883982241,Accepted,Good place to learn for fresh.
Positive,Positive,0.884327948,Accepted,"Bonuses and annual increments are also part of the compensation structure, making it financially rewarding over time."
Positive,Positive,0.884336293,Accepted,"I was involved in data entry, customer service, and administrative work, which improved my attention to detail and time management."
Negative,Negative,0.884809077,Accepted,"Even if you have a little progress within 4 months, the boss and my mentor won't be happy or celebrate your progress, the only thing they do is by forcing you to do faster with increasing amount of workloads."
Negative,Negative,0.885260284,Accepted,"The job itself is stressful (the flow, the calls, the volume)."
Positive,Positive,0.885513604,Accepted,friendly and supportive team.
Negative,Negative,0.885749042,Accepted,They keep on asking why cant achieve the target.
Positive,Positive,0.885845721,Accepted,In terms of learning and experience you might gain a lot
Positive,Positive,0.88593328,Accepted,"but friendly people and good pay, will help me when i ask for help, "
Positive,Positive,0.88605088,Accepted,Good and productive place
Positive,Positive,0.886419654,Accepted,"Most colleagues are helpful and professional,"
Positive,Positive,0.886430562,Accepted,"I learned to manage pressure, improve my communication skills, and adapt quickly especially after the Citi Bank migration."
Negative,Negative,0.886681557,Accepted,Poor leadership
Negative,Negative,0.886883497,Accepted," but need to work overtime most of the time for my role, quite challenging for my role"
Positive,Positive,0.886904359,Accepted,"Rights by you, United-Work as one"
Positive,Positive,0.887011766,Accepted,Overall it's a good workplace and there are many roles in the Bank where you can apply for swaps.
Positive,Positive,0.887731731,Accepted,Team members also nice .
Positive,Positive,0.887769878,Accepted,"Good compensation, "
Positive,Positive,0.88788867,Accepted,Fun and supportive culture but too many task
Positive,Positive,0.888345301,Accepted,but benefit all great
Positive,Positive,0.888441503,Accepted,"Good benefits such as maternity, healthcare, dental, optical, etc."
Negative,Negative,0.888679206,Accepted,Chances of you getting a job permanently is almost impossible.
Positive,Positive,0.888771534,Accepted,Teamwork is always there in the bank industry.
Positive,Positive,0.888975859,Accepted,"Performance bonus , commission scheme for sales staff , retirement benefits for all officer level ."
Positive,Positive,0.889270782,Accepted,"Everyone worked together towards common goals, and the management valued hard work and integrity."
Negative,Negative,0.889921188,Accepted,"Additionally, there appears to be a lack of transparency in commission structures, with practices that may unintentionally favor certain individuals."
Positive,Positive,0.890079021,Accepted,"The acceptable overtime policy allowed for a healthy work-life balance, and the collaborative atmosphere within the bank made the workload more manageable."
Positive,Positive,0.890341222,Accepted,Please try this position as you will improve you thinking skill and communication skill.
Negative,Negative,0.890918553,Accepted,The workload that you must do was not worth it by the salary offer
Positive,Positive,0.89097172,Accepted,"Overall, the internship was rewarding, offering significant learning and development opportunities."
Positive,Positive,0.891450882,Accepted,good colleagues
Positive,Positive,0.8915236,Accepted,The staff benefits were good.
Positive,Positive,0.891763866,Accepted,Itâs a place where dedication and hard work are key to success.
Positive,Positive,0.891783059,Accepted,benefits are great
Positive,Positive,0.891907632,Accepted,Anyways I find many good friends.
Positive,Positive,0.89256829,Accepted," it offers stability, career growth opportunities, and valuable banking experience."
Negative,Negative,0.892802298,Accepted,The Hardest Part: - KPI & Do sales since slow walk in at the branch
Positive,Positive,0.892802477,Accepted,Good benefits
Positive,Positive,0.892907858,Accepted,"The leadership team was approachable, and there were many opportunities to grow and learn within the organization."
Negative,Negative,0.892980278,Accepted,"if you like to work late at night without ot, getting scold with your senior, getting push by your colleges, unproper training given by your company, then this is the job your looking for."
Positive,Positive,0.893037021,Accepted,"team work is going well with team members, management is goodï¸ Together progress"
Positive,Positive,0.893368721,Accepted,Busy but supportive work environment
Negative,Negative,0.893545926,Accepted,Poor management and lack of guidance
Positive,Positive,0.893688917,Accepted,Productive & Good Place to learn
Positive,Positive,0.893795311,Accepted,I enjoyed the most during work-collaboration with other departments
Negative,Negative,0.894221485,Accepted,"There seems to be a disconnect between upper management's vision and the day-to-day operations, leading to confusion and a sense of aimlessness among employees."
Positive,Positive,0.89456147,Accepted,valued experience
Negative,Negative,0.894803464,Accepted,Too much politics
Negative,Negative,0.894819796,Accepted,Unproper training.
Negative,Negative,0.895205081,Accepted,Workload didnât worth the salary.
Negative,Negative,0.895325899,Accepted,Challenging environment
Negative,Negative,0.895548761,Accepted,Creating a bad environment to work.
Positive,Positive,0.895590603,Accepted,Meet good colleagues and friends.
Positive,Positive,0.895717323,Accepted,Stable job and good remuneration.
Positive,Positive,0.896074831,Accepted,Good for fresh graduate to take experience
Negative,Negative,0.896446824,Accepted,Hardly have employee empowerment.
Positive,Positive,0.896535516,Accepted,"While there is still room for improvement in terms of workload balance and clearer communication at times, the overall atmosphere remains motivating."
Positive,Positive,0.896610677,Accepted,"The working environment was professional yet friendly, making it easy to adapt and learn."
Positive,Positive,0.896628499,Accepted,"fun, nice, chill workplace, sometimes stressful, Good for Union Staff (Low Rank Position Fixed annual increment and salary adjustment every year, however amount is small"
Negative,Negative,0.89690572,Accepted,No proper workspace for meeting clients
Positive,Positive,0.897182941,Accepted,Team mates are knowledgeable and helpful.
Positive,Positive,0.89721024,Accepted,I take has a challenge and enhance my work skill.
Negative,Negative,0.897773325,Accepted,"Moreover, there is a lack of transparency in the compensation distribution process."
Positive,Positive,0.898341954,Accepted,Colleagues were very helpful.
Positive,Positive,0.898460448,Accepted,Year-end bonus is very generous.
Positive,Positive,0.898825943,Accepted,Good commission and fun place to work Nice and understanding management Stressful when comes to sales.
Positive,Positive,0.898883462,Accepted,Great for experience
Positive,Positive,0.89902997,Accepted,Good environment and helpful colleagues.
Negative,Negative,0.899779856,Accepted,Not suitable for family person.
Positive,Positive,0.899906397,Accepted,Nice workplace.
Positive,Positive,0.899979413,Accepted,good environment and supportive
Positive,Positive,0.900356114,Accepted,Good thing are the benefits like AL and bonus.
Negative,Negative,0.900851309,Accepted,Buli staff all the way eventho they made mistakes n didnt admit it.
Positive,Positive,0.901137114,Accepted,Good benefits like flexcare.
Positive,Positive,0.901451707,Accepted,Flexible Workplace
Positive,Positive,0.901461899,Accepted,Good place to work.
Positive,Positive,0.901741862,Accepted,Good colleagues and the task can be conducted efficiently.
Positive,Positive,0.902005255,Accepted,The most enjoyable part of the job is people to guide you and some genuine people around.
Positive,Positive,0.902214587,Accepted,Customer base are quite wide and can be tricky to handle but the customer are very warm to hear any proposal from maybank
Positive,Positive,0.902402997,Accepted,Benefits wise are quite good in banking industry.
Negative,Negative,0.902670205,Accepted,Career growth no unless you are chinese
Positive,Positive,0.903281987,Accepted,Good company and exposure for junior level.
Positive,Positive,0.90340656,Accepted,"Colleagues are friendly, have to service with a lot of walk in customers, normally you can only start your works after 4pm"
Positive,Positive,0.903432488,Accepted,Good Benefits 
Positive,Positive,0.903987288,Accepted,"High salary, especially for fresh graduates who intend to work here"
Negative,Negative,0.904084206,Accepted,bad management.
Positive,Positive,0.904089093,Accepted,Best learning experience.
Positive,Positive,0.904345691,Accepted,Great medical benefits
Negative,Negative,0.904394746,Accepted,"At times, certain staff members have spoken harshly or disrespectfully toward others, yet no action was taken to address it."
Positive,Positive,0.90442574,Accepted,"selling sme loan by looking for your own cases are hectic having a good leader to guide you along the way as a freshie would help out a lot nonetheless, good benefits and flexible work schedule"
Positive,Positive,0.905164003,Accepted,"The work environment is fast-paced, with supportive senior colleagues and ample opportunities to learn."
Positive,Positive,0.905311048,Accepted,RHB take care of staffs and give good benefit 
Negative,Negative,0.9053635,Accepted,Not recommended
Positive,Positive,0.905578494,Accepted,"as this would be the great platform to sharpen my communication skills, knowledge enhancement, grow in self-contidence & maturity and develop good teamwork"
Positive,Positive,0.90617305,Accepted,Learnt a lot of new stuff and get a lot of help from higher ups regarding the work scope.
Positive,Positive,0.906430721,Accepted,the good place to enhance skill in ur career in financial institutions .
Positive,Positive,0.906471908,Accepted,"work life balance, good elearning"
Positive,Positive,0.906476021,Accepted,"Overall, this experience has been enriching, and Iâm grateful for the opportunity to have been part of such a dynamic environment."
Positive,Positive,0.906548738,Accepted,"My time at PBB was a valuable learning experience, and I'm grateful for the opportunities I had during my tenure."
Positive,Positive,0.906602979,Accepted,"A lot of parties or events, good for extrovert "
Positive,Positive,0.906626582,Accepted,"The workplace also provides good opportunities to develop new skills, whether through hands-on tasks or guidance from more experienced colleagues."
Positive,3,0.90665108,Accepted,"So well equipped yourself with knowledge, and practiced to rely on many OICs/TMs for the same inquiries."
Positive,Positive,0.906716883,Accepted,"work life balance, good elearning, internaltional exposure, the pay might not as high as other local bank but they pay is quite fair."
Positive,Positive,0.90674603,Accepted,Good career progression opportunities
Positive,Positive,0.907346189,Accepted,good for learning something new
Positive,Positive,0.907804906,Accepted,Colleagues nice and helpful Got shift allowance Be independent and quick learn in order to settle customer inquiries
Positive,Positive,0.907810569,Accepted,Fast paced environment and can learn a lot of new things.
Positive,Positive,0.907899976,Accepted,friendly staff and good environment.
Negative,Negative,0.908088624,Accepted,"Superiors are just not very welcoming, there is this heavy aura around them."
Positive,Positive,0.9081406,Accepted,Good Hybrid working + flexible hours
Negative,Negative,0.908378363,Accepted,"The management doesn't help, but adds more stress "
Negative,Negative,0.908378541,Accepted,Poor leadership where the leader work too long and has all the power.
Positive,Positive,0.908402264,Accepted,Healthy communication and good experiences.
Positive,Positive,0.908728242,Accepted,Helpful colleagues as well and are willing to teach new joiners.
Positive,Positive,0.908821762,Accepted,"Learn various things during my period, got the supportive supervisor and good working environment."
Positive,Positive,0.908973038,Accepted,"I had the chance to work on real-world projects, apply my skills, and learn from talented professionals."
Negative,Negative,0.909231246,Accepted,"As a result, employees are now handling workloads far beyond their capacity, yet compensation remains minimal, with low increments and bonuses."
Positive,Positive,0.909522295,Accepted,Helpful senior but seniority culture quite strong
Positive,Positive,0.909975708,Accepted,The remuneration is also quite good.
Negative,Negative,0.91037029,Accepted,Not productive and efficient environment
Positive,Positive,0.910427928,Accepted,Great for newbie.
Positive,Positive,0.910519063,Accepted,"The team is friendly, approachable, and always willing to help when needed."
Negative,Negative,0.910684645,Accepted,Cons workload is alot
Negative,Negative,0.91072917,Accepted,"Work Load, old systems, difficult to get permanent."
Positive,Positive,0.910960913,Accepted,"This experience allowed me to enhance my communication, teamwork, and problem-solving skills while learning from experienced professionals."
Positive,Positive,0.910960913,Accepted,"This experience allowed me to enhance my communication, teamwork, and problem-solving skills while learning from experienced professionals."
Positive,Positive,0.911382198,Accepted,Value employees and provide training and development as well as experiences
Positive,Positive,0.911426842,Accepted,my supervisor has been very helpful in teaching me the basics of the job to start of in the industry.
Positive,Positive,0.911621213,Accepted,Fun and encouraging
Positive,Positive,0.911821306,Accepted,"Learn a lot, good managers"
Positive,Positive,0.911961913,Accepted,Good environment for fresh geas.
Negative,Negative,0.912442029,Accepted,"However, the workflow very messy & u gotta do everything & not specialised in something, which not align with my career goals."
Positive,Positive,0.91254425,Accepted,so far ive had good time with good manager.
Positive,Positive,0.912545204,Accepted,Nice place to work
Negative,Negative,0.912608624,Accepted,Too much politics issue between bosses which is affected the staff.
Positive,Positive,0.912748873,Accepted,"Overall, it has been a valuable and rewarding experience that has strengthened my skills and understanding of the role."
Positive,Positive,0.912858903,Accepted,good place to work
Negative,Negative,0.913467824,Accepted,Banking will be stressful
Positive,Positive,0.913721979,Accepted,"Working at CIMB Bank offers a range of experiences, Learning Opportunities: can develop new skills and advance the career"
Positive,Positive,0.914381564,Accepted,"They always include me in every meeting, give advices and guide when I need it."
Positive,Positive,0.914406598,Accepted,Great benefits.
Positive,Positive,0.91441679,Accepted,Good bonus and benefit.
Positive,Positive,0.914484859,Accepted,stressful job but great benefit
Positive,Positive,0.914706051,Accepted,Made many amazing friends .
Positive,Positive,0.91507566,Accepted,Everyone is welcoming and even the ceo are greeting interns in a friendlt manner.
Positive,Positive,0.915086389,Accepted,Good vibe working here
Positive,Positive,0.915146768,Accepted,fun to work with
Positive,Positive,0.915267646,Accepted,A typical work place with great colleagues and manager in guiding the work flow.
Positive,Positive,0.915271521,Accepted,The Hire Purchase Department at Public Bank provides a structured and professional working environment that offers valuable exposure to consumer financing and credit operations.
Negative,Negative,0.915651202,Accepted,"I felt stress and harmful to continue my job, lastly I suggested to leave the organization."
Positive,Positive,0.915726185,Accepted,"Thereâs a good work-life balance, especially with the weekly work-from-home option."
Negative,Negative,0.915756881,Accepted,"When come to salary/OT/claim/commission, leader always try to deceive(always need to further find out with HR)."
Positive,Positive,0.916191459,Accepted,What you learned: - Good Communication
Negative,Negative,0.916265368,Accepted,very tedious job .
Positive,Positive,0.916570544,Accepted,The good thing about the management
Positive,Positive,0.91688925,Accepted,RHB created happy and enjoy environment 
Positive,Positive,0.917257667,Accepted,Good pay and bonus.
Positive,Positive,0.918162167,Accepted,These benefits reflect the companyâs commitment to supporting and enriching the lives of its employees.
Positive,Positive,0.918190241,Accepted,It provided me with valuable insights into the cooperative banking sector and contributed significantly to my personal and professional development.
Positive,Positive,0.918397188,Accepted,"Teamwork , work life balance especially gor ladies."
Positive,Positive,0.918502867,Accepted,goodplace for newbies.
Positive,Positive,0.918718219,Accepted,Pay is high
Negative,Negative,0.91896832,Accepted,Stressful if cannot hit sales target
Positive,Positive,0.91912967,Accepted,Very helpful managers that guides me in any way possible.
Positive,Positive,0.919213891,Accepted,A lot of opportunities to learn and develop skills
Positive,Positive,0.919376433,Accepted,"A key advantage is the inclusion of various allowances such as housing rent allowance (HRA), dearness allowance (DA), and special allowances."
Positive,Positive,0.919401348,Accepted,Good place to start as a first time official job.
Negative,Negative,0.919457495,Accepted,"the overall experience has been subpar due to ineffective management, poor work-life balance, and limited career development opportunities."
Positive,Positive,0.919720531,Accepted,Good bonus and benefit
Negative,Negative,0.919759035,Accepted,"Cannot go back on time, a lot of manual work and unnecessary things."
Positive,Positive,0.920152426,Accepted,"Great benefits such as annual leave, medical benefit."
Positive,Positive,0.920211256,Accepted,good experience and trained to become good customer services.
Positive,Positive,0.920233369,Accepted,Its a good place to learn and good career progression.
Positive,Positive,0.920279026,Accepted,Good start to learn to be a banker.
Positive,Positive,0.920959294,Accepted,Career Growth Opportunities: Maybank is known for offering career advancement opportunities.
Positive,Positive,0.921184659,Accepted,This is the best thing in PB.
Positive,Positive,0.921253204,Accepted,Some OICs did good things when they willingly shared notes about raising the service request.
Positive,Positive,0.921292663,Accepted,Good bosses.
Positive,Positive,0.921389818,Accepted,Every piece of advice and every small lesson has helped me improve and become more efficient in handling my responsibilities.
Positive,Positive,0.921415448,Accepted,Supportive boss and good colleagues
Negative,Negative,0.9216308,Accepted,Some staffs act bossy and like to scold colleagues.
Positive,Positive,0.921734452,Accepted,good working environment
Negative,Negative,0.921877027,Accepted,no work life balance
Positive,Positive,0.921893954,Accepted,Supportive colleagues around to show and guide how the job is done .
Negative,Negative,0.9225986,Accepted,"Impose very strict and lousy rules and most of the time, very pushy and keep forcing staffs to perform OTs."
Positive,Positive,0.922668934,Accepted,"Have a good benefit, continuous learning, great teamwork with the team."
Positive,Positive,0.923055887,Accepted,Fun work place
Negative,Negative,0.9234429,Accepted,Stressful job with little support or recognition.
Positive,Positive,0.924269617,Accepted,"The work culture was friendly, supportive, and team driven."
Positive,Positive,0.924281061,Accepted,Good employee benefit.
Positive,Positive,0.924288392,Accepted,Fun working environment
Positive,Positive,0.924511254,Accepted,"I appreciate the collaborative culture, where ideas are welcomed and everyoneâs input is valued."
Positive,Positive,0.924641967,Accepted,"good colleagues, good environment and good management."
Positive,Positive,0.924707115,Accepted,but you might meet some great management
Positive,Positive,0.924760938,Accepted,Fun workplace
Positive,Positive,0.925102651,Accepted,Good salary and bonuses Alot of annual leaves Average for benefits Stress depends on department Good environment and can learn alot Overall good for starting career here
Positive,Positive,0.92517823,Accepted,Fun to mix around with other departments as everyone is in an open office.
Positive,Positive,0.925743759,Accepted,Great environment 
Positive,Positive,0.925848305,Accepted,Work-Life Balance: Reasonable workload and flexible arrangements support personal well-being.
Positive,Positive,0.925930977,Accepted,The office is great and has a nice team to work together.
Negative,Negative,0.926142812,Accepted,some management are suck 
Positive,Positive,0.926251888,Accepted,Colleagues are helpful and supportive.
Positive,Positive,0.926387072,Accepted,"With thorough guidance and resilient, every job made possible."
Negative,Negative,0.927128673,Accepted,"substandard human element when management deals with employees, poor EQ and low empathy."
Positive,Positive,0.927910984,Accepted,"Good environment, good salary, will give u experience, "
Negative,Negative,0.928059876,Accepted,"Additionally, the work-life balance at CIMB leaves much to be desired."
Negative,Negative,0.928345978,Accepted,"High pressure, long hours, limited growth opportunities."
Positive,Positive,0.928678751,Accepted,good place for newbies
Positive,Positive,0.928777218,Accepted,"One notable aspect of the job was the yearly bonuses, which were exceptionally good."
Positive,Positive,0.928816736,Accepted,"In conclusion, while there are some positive aspects to working at CIMB, such as a supportive team environment and convenient location, "
Positive,Positive,0.928862929,Accepted,Colleagues are supportive and helpful 
Positive,Positive,0.928889334,Accepted,Flexible working hours and supportive colleagues.
Negative,Negative,0.929205894,Accepted,One of the most glaring issues is the lack of effective management.
Positive,Positive,0.92940861,Accepted,Employee recognition and culture.
Positive,Positive,0.929434955,Accepted,All the team was very helpful.
Positive,Positive,0.929492533,Accepted,Good company to work for.
Positive,Positive,0.929751456,Accepted,I spent more than 10 years at Bank Islam and found the benefits to be quite comprehensive.
Positive,Positive,0.929957092,Accepted,Good place to start your career
Positive,Positive,0.929972589,Accepted,The workplace is nice and people are also willing to help.
Positive,Positive,0.929975748,Accepted,Rights by you both to the staff and customer
Positive,Positive,0.930495501,Accepted,"HR is so helpful, usually remain in the company after internship."
Positive,Positive,0.930530965,Accepted,"On a personal level, they are approachable and supportive, creating a friendly and collaborative environment."
Positive,Positive,0.930672407,Accepted,Work-Life Balance: Many reviews highlight the company's efforts to maintain a good work-life balance.
Positive,Positive,0.931130588,Accepted,Great networking
Negative,Negative,0.931346536,Accepted,Cons: Pace of Change: Decision-making can sometimes be slower due to the size of the organization.
Positive,Positive,0.931386173,Accepted,In some teams you generally get good colleagues who are supportive.
Negative,Negative,0.931557059,Accepted,Forcefully have to OT on weekdays without paid!
Positive,Positive,0.931569278,Accepted,"All colleagues, team leaders and seniors are all great."
Negative,Negative,0.931643069,Accepted,My time at CIMB has unfortunately been less than satisfactory.
Positive,Positive,0.931761622,Accepted,"The team was supportive and always willing to guide me, which helped me develop both technical and communication skills."
Positive,Positive,0.931981444,Accepted,"The company fosters a culture of feedback, which helps employees feel heard and valued."
Negative,Negative,0.932606041,Accepted,"Long working hours without pay, old school, very traditional company, a lot of paperworks, system always hang especially in the eveningâ¦ nothing good except the benefits like increment and bonus and low interest on HL and HP.."
Positive,Positive,0.932807386,Accepted,Good set of elearning to keep employees embraced with the current economy.
Positive,Positive,0.932936132,Accepted,Decent Place to Start Your Internship
Positive,Positive,0.932987869,Accepted,Supportive colleagues as they always show the guidance towards the new employees.
Positive,Positive,0.933023095,Accepted,Really enjoyed
Positive,Positive,0.933287144,Accepted,"There is always a good teamwork, hopefully this been continued."
Positive,Positive,0.933321118,Accepted,Productive and hectic
Positive,Positive,0.933671713,Accepted,Good employee benefits.
Positive,Positive,0.933874369,Accepted,They trained you to become professional in handling customer Good experience in banking system Friends are very friendly Making new friends and helpful friends
Positive,Positive,0.934236169,Accepted,Competitive Progression: Career advancement can be competitive in certain departments.
Positive,Positive,0.934690237,Accepted,"A good team can help ease the workload, provide guidance, and create a positive work environment, making it easier to manage stress."
Positive,Positive,0.934844732,Accepted,Colleagues is helpful and friendly
Positive,Positive,0.934874654,Accepted,Good paying company and work life balance.
Positive,Positive,0.935072243,Accepted,Nice colleagues and good place to learn.
Positive,Positive,0.935169995,Accepted,"There is a strong sense of teamwork, and people enjoy working in a diverse, respectful, and supportive environment."
Positive,Positive,0.935400009,Accepted,"Public Bank offers strong pay, bonuses & stability,"
Negative,Negative,0.935479999,Accepted,"There was no work-life balance, and internal politics were overwhelming."
Negative,Negative,0.935550153,Accepted,Bad management
Positive,Positive,0.935829401,Accepted,Productive and good place to learn
Negative,Negative,0.93595928,Accepted,"therefore, explore other firm or field this place is not recommended for the sake of sanity."
Negative,Negative,0.936334252,Accepted,System very outdated & bad.
Positive,Positive,0.936410069,Accepted,but enjoyable routine that kept me motivated and constantly learning.
Positive,Positive,0.936640501,Accepted,"Nice place to start your career, "
Positive,Positive,0.936790884,Accepted,fun workplace
Positive,Positive,0.937095404,Accepted,Nice working environment and space.
Positive,Positive,0.937455595,Accepted,Fast and Easy interview and hiring process Flexible working hour as sales person Friendly Colleague
Positive,Positive,0.937725127,Accepted,fun workplace if got some friends shift good team leader good salary and benefit OT they paid salary on time
Negative,Negative,0.937893212,Accepted,Cons: 1 person would do jobs of 3 people at other banks Expected to learn on the go old tech and equipment
Positive,Positive,0.937962353,Accepted,Pro: Pleasant environment.
Positive,Positive,0.938167691,Accepted,"Our company offers exceptional benefits, including comprehensive health coverage, generous retirement plans, flexible work arrangements, professional development opportunities, wellness programs, and recognition for our hard work."
Positive,Positive,0.938313186,Accepted,"But workers are very nice and friendly, sometimes got trips such as hiking to Mount Kinabalu"
Negative,Negative,0.938391685,Accepted,Could be toxic and unbearable.
Positive,Positive,0.938583493,Accepted,Productive and fun
Positive,Positive,0.93859607,Accepted,"There's always something happening, which keeps the work engaging and helps sharpen multitasking and time management skills"
Negative,Negative,0.938818336,Accepted,My mentor also talked bad about male colleague behind his back when male colleague took MC due to his illness.
Positive,Positive,0.938853681,Accepted,Good environment good workplace excellent customer care service able to deliver customer satisfaction with care.
Positive,Positive,0.93912077,Accepted,A good start for fresh graduate
Positive,Positive,0.939131439,Accepted,Comprehensive rewards and employee wellness.
Positive,Positive,0.939210534,Accepted,"Benefit and salary also good, "
Positive,Positive,0.939384997,Accepted,Great teamwork
Negative,Negative,0.93952316,Accepted,"No positive reviews, no work life balance."
Positive,Positive,0.939603329,Accepted,Good working in maybank.
Positive,Positive,0.939742029,Accepted,Over Productive.
Positive,Positive,0.940036654,Accepted,Benefit: Intern can learn a lot of knowledge and skills here.
Negative,Negative,0.940173864,Accepted,Very poor management
Negative,Negative,0.94039768,Accepted,not recommended for those who didnt know handle their stress.
Negative,Negative,0.940469146,Accepted,High work load with no work life balance
Negative,Negative,0.940496564,Accepted,Not a good choice
Positive,Positive,0.940608561,Accepted,what I enjoy while working in this company is being able to learn something new such as being able to communicate with a large number of customers because I am an introvert in talking to strangers and gaining experience in managing tasks or customers with a large number and making decisions quickly and accurately.
Positive,Positive,0.940712452,Accepted,Productive and fundwork place.
Positive,Positive,0.940964878,Accepted,This collaborative approach helped me to navigate the complexities of the job more effectively and ensured a smoother integration into the organizational dynamics.
Positive,Positive,0.941036284,Accepted,This company provides a supportive and collaborative working environment where employees are encouraged to learn and grow professionally.
Positive,Positive,0.941280305,Accepted,Very good team work to work with.
Positive,Positive,0.941287339,Accepted,"The environment is supportive, with great leaders and amazing teammates who are always willing to help."
Negative,Negative,0.941480756,Accepted,"Management is toxic, they do not care about your concerns."
Negative,Negative,0.941597521,Accepted,Cons Promoted next grade slow Too many expatriates
Positive,Positive,0.941627443,Accepted,Great place with great people.
Negative,Negative,0.941644788,Accepted,"Citi staff were treated poorly after the transition, which made things even harder."
Positive,Positive,0.942092717,Accepted,The best part was helping customers and resolving their issuesâit gave a real sense of accomplishment.
Positive,Positive,0.942147851,Accepted,Employees who thrive under pressure and enjoy teamwork may find Public Bank a good place to build a long-term career.
Positive,Positive,0.942191839,Accepted,I gained valuable insights into marketing and developed a stronger foundation for my career.
Positive,Positive,0.942314267,Accepted,Good working place and provides a best working experience.
Positive,Positive,0.942314625,Accepted,Fun workplace and good colleagues
Positive,Positive,0.94242686,Accepted,Best place to learn new things 
Positive,Positive,0.942444563,Accepted,"those who looking for experience, this is the place for you"
Positive,Positive,0.942758024,Accepted,Good for new graduates to start their career in banking as you tend to do a lot of things.
Positive,Positive,0.942768335,Accepted,"I love the environment and the people pay is good, bonus is just like 1/2 from 1 month salary"
Positive,Positive,0.942988455,Accepted,Fun place to work
Positive,Positive,0.943313479,Accepted,Managers are quite supportive despite i was in sales line.
Negative,Negative,0.943545341,Accepted,"Low salary manager is not professional and experienced, need to find the solution and solve the problem by yourself."
Negative,Negative,0.943792999,Accepted,Doing sales is the most stressful part 
Positive,Positive,0.943847537,Accepted,Very productive
Positive,Positive,0.944280088,Accepted,Bonus and increment are definitely the best in the market.
Positive,Positive,0.944437087,Accepted,"My CIA and Head of Department is great, "
Positive,Positive,0.944441736,Accepted,the most enjoyable part of the job is big bonus and medical expenses fully cover
Positive,Positive,0.944463789,Accepted,Valuable Learning Experince
Positive,Positive,0.944679976,Accepted,My department and team was very supportive.
Negative,Negative,0.944917798,Accepted,"Unfortunately, management was unresponsive and showed little concern for employee well-being."
Positive,Positive,0.94503504,Accepted,"Customer-Centric Values: Strong emphasis on delivering quality service, which builds purpose in daily work."
Negative,Negative,0.945218265,Accepted,"Unclear expectations, poor communication, low morale."
Positive,Positive,0.945312321,Accepted,Really good
Positive,Positive,0.945324421,Accepted,Fun and supportive workplace
Positive,Positive,0.945372641,Accepted,A good starting point for fresh graduate to start their career.
Negative,Negative,0.945570469,Accepted,so tired even during the weekends have to work long hours.
Positive,Positive,0.945590079,Accepted,Good work life balance great compensation.
Positive,Positive,0.945665598,Accepted,Theyâre not just coworkers â theyâve become mentors who are always ready to help without hesitation.
Negative,Negative,0.945849538,Accepted,No worklife balance
Positive,Positive,0.94585079,Accepted,good for fresh grad that wants to pursue career in financial sector.
Positive,Positive,0.945873559,Accepted,very good experience because can learn about work environment
Negative,Negative,0.946017802,Accepted,"no good when things happened eg, customer complaint there is no one to help u & support u."
Positive,Positive,0.946154535,Accepted,"Learning, growth and inclusive culture "
Positive,Positive,0.946161747,Accepted,"The culture encouraged learning from one another, fostering a sense of teamwork and camaraderie."
Positive,Positive,0.946390033,Accepted,"HR from HQ is friendly, helpful & response very fast on inquiries regarding the recruitment process."
Negative,Negative,0.94660902,Accepted,Nothing good there
Negative,Negative,0.94660902,Accepted,Nothing good there
Positive,Positive,0.946748912,Accepted,Good work culture Good boss Good working environment Good colleagues Got engagement between team members 
Positive,Positive,0.947103858,Accepted,Good company for your resume
Positive,Positive,0.947220325,Accepted,Good place to start your finance entry level career
Negative,Negative,0.947280467,Accepted,Cons: Management.
Positive,Positive,0.947345376,Accepted,Productive and good food as always
Negative,Negative,0.947517514,Accepted,Bosses not supportive at all and keep pressure us without listen to our opinions.
Positive,Positive,0.947610557,Accepted,If you love to give service the job will be fun and enjoyable.
Positive,Positive,0.947657347,Accepted,Having access to quality benefits and fair compensation not only enhances job satisfaction but also contributes to the salary.
Negative,Negative,0.947675586,Accepted,the overall environment at UOB Bankâparticularly post-Citi Bank migrationâwas demoralizing.
Positive,Positive,0.947870374,Accepted,"Good place to start for fresh graduates, offers a high starting salary but very long working hours."
Positive,Positive,0.947980881,Accepted,"Working at Public Bank Berhad can be a rewarding yet demanding experience, especially in the fast-paced environment of a commercial bank."
Positive,Positive,0.948264182,Accepted,I love the office environment where it has provided some entertainment space for fun & release stress.
Positive,Positive,0.948315978,Accepted,"a positive workplace culture is one that is built on meaningful work, open communication, and core values."
Positive,Positive,0.948350847,Accepted,good benefits and increment with bonus.
Negative,Negative,0.948408961,Accepted,"No work-life balance, kindly expect this as you need to perform follow-ups."
Negative,Negative,0.948425949,Accepted,"Kpi very strict, no work life balance"
Positive,Positive,0.948470354,Accepted,work under minimal supervision as long as you are able to hit the KPI set by the management good manager and supervisor makes my work easier as they are willing to help me seek for approval with cases that require higher up to issue
Positive,Positive,0.948496222,Accepted,"The great thing about the position, is the pay, bonuses and increment."
Positive,Positive,0.94856143,Accepted,productive and fun
Positive,Positive,0.948716462,Accepted,Recommended to join!
Positive,Positive,0.948893428,Accepted,Fun place to work at.
Positive,Positive,0.948940814,Accepted,One of the highlights of my time at Bank Rakyat was the willingness of my colleagues to share their knowledge and expertise.
Positive,Positive,0.949094415,Accepted,My internship at Maybank was an incredibly valuable experience.
Positive,Positive,0.949165463,Accepted,office is great and also get to wear casual wear to the office
Positive,Positive,0.949184299,Accepted,Performance-driven Culture
Negative,Negative,0.949261844,Accepted,No work-life balance.
Negative,Negative,0.949261844,Accepted,No work-life balance.
Positive,Positive,0.949442089,Accepted,My supervisor was very supportive in terms of my work and even career.
Negative,Negative,0.949558377,Accepted,The work environment were stressful and pressure.
Negative,Negative,0.949580014,Accepted,management not good 
Negative,Negative,0.949607253,Accepted,"The culture was heavily politicized, with favoritism and internal politics often overshadowing merit and hard work."
Positive,Positive,0.949733198,Accepted,"Maybank is a good place for fresh graduate, a lot you can learn and develop here."
Positive,Positive,0.94974333,Accepted,Good staff benefit and learning place
Positive,Positive,0.949923635,Accepted,"Iâm truly grateful, and I hope our bond continues to grow stronger as we move forward together."
Positive,Positive,0.949971378,Accepted,Great benefit 
Positive,Positive,0.949991405,Accepted,Productive and very friendly colleagues
Negative,Negative,0.950254083,Accepted,The hardest part was staying motivated in a toxic environment.
Positive,Positive,0.950446308,Accepted,Working at sales centre in shopping mall is quite fun.
Negative,Negative,0.950857997,Accepted,No work life balance
Negative,Negative,0.950857997,Accepted,No work life balance
Negative,Negative,0.950857997,Accepted,No work life balance
Negative,Negative,0.950857997,Accepted,No work life balance
Positive,Positive,0.951061547,Accepted,"The environment was collaborative and supportive, with a strong focus on both employee development and customer satisfaction."
Positive,Positive,0.951096773,Accepted,"Well Work Life Balance, Friendly Colleague"
Negative,Negative,0.951114297,Accepted,High inbound rate and very stressful
Negative,Negative,0.951625407,Accepted,"My mentor has very biased treatment, my mentor is always friendly towards the other colleagues (who are close to my mentor), but when comes to my male colleague (in same department) and me as a new worker, my mentor always give very bad compliment or judge us in a biased way."
Negative,Negative,0.951693475,Accepted,Cons: favoritism
Positive,Positive,0.951712728,Accepted,Great benefits and perks.
Positive,Positive,0.951728463,Accepted,they really took a good care of their intern.
Negative,Negative,0.951751411,Accepted,"My mentor also reacted excessively on trivial things about me and controlled me on every movement (""Don't show that you are not happy, because I saw you that you banged the table with documents"", while the actual event: The documents are too heavy that I can't carry properly, hence I have to arrange the documents with accidental bang)."
Positive,Positive,0.951876938,Accepted,"Positive environment, flexible hours, great benefits."
Negative,Negative,0.952076316,Accepted,Cons: no benefits for staff working for so long
Negative,Negative,0.952103913,Accepted,I regret joining them.
Positive,Positive,0.952839434,Accepted,Good experience Various benefits and care on employee.
Positive,Positive,0.952909231,Accepted,A great place to learn and grow as an intern.
Negative,Negative,0.953280091,Accepted,"Bosses with mood swings, low salary, terrible growth opportunities "
Positive,Positive,0.954023719,Accepted,"Work culture is good, learning a lots, getting lots of knowledge of product."
Positive,Positive,0.954034925,Accepted,place to gain experience and improving skills competitive career enhancement strict on compliance and penalty on the lapses job done good platform for your better career opportunities with other employer
Negative,Negative,0.954040885,Accepted,Stress and rigid working environment without system and computers upgrade.
Positive,Positive,0.95431757,Accepted,Good Environment for fresh grads.
Positive,Positive,0.954662979,Accepted,Productive workplace
Positive,Positive,0.95467633,Accepted,Fun workplace and nice working environment
Positive,Positive,0.954678535,Accepted,Great benefits and team.
Positive,Positive,0.955004811,Accepted,"UOB Customer Service Representative is a career that will help you prepare yourself with skills such as time management skills, multitasking, productivity management and you grow and stretch to go above and beyond to put a smile on customerâs face."
Positive,Positive,0.955147743,Accepted,Career enhancing and good vibes.
Positive,Positive,0.955575824,Accepted,Great collaborative culture
Positive,Positive,0.955596209,Accepted,big bonus
Positive,Positive,0.955632389,Accepted,The best working place for intern.
Positive,Positive,0.955979645,Accepted,This not only served as a motivating factor but also reflected the organization's commitment to recognizing and rewarding the hard work of its employees.
Negative,Negative,0.956008494,Accepted,Messy SOP No career advancement Old equipment Hard to apply for AL even got alot of it
Positive,Positive,0.956262648,Accepted,"Happy, productive and fun workplace"
Positive,Positive,0.95635736,Accepted,"Overall, my experience at Bank Rakyat was not only professionally rewarding but also personally fulfilling."
Negative,Negative,0.956819832,Accepted,Bad corporate culture 
Positive,Positive,0.957027256,Accepted,The best part of working at RHB was the supportive work environment and strong teamwork among colleagues.
Negative,Negative,0.957419395,Accepted,Challenge: The working is quite stressful.
Positive,Positive,0.957547009,Accepted,The remunerations given are very beneficial especially for holiday leave and medical benefit.
Negative,Negative,0.957974374,Accepted,"Toxic, bad, negative."
Negative,Negative,0.958062053,Accepted,Not good environment
,Positive,,,"Employees value these perks, which contribute to their overall job satisfaction."
Positive,Positive,0.958094478,Accepted,"Maybank offers competitive compensation, health insurance, retirement benefits, and wellness programs. "
Positive,Positive,0.95824337,Accepted,The team really supportive and helpful especially when youre having trouble/problem in your work.
Positive,Positive,0.958271623,Accepted,Working at Bank Rakyat as a contract executive for two years was a valuable and enriching experience.
Negative,Negative,0.958311439,Accepted,"Working here means forgetting of going back on time, the very first day itself the manager told me "" here i don't want people to go back on time"" usual working time is from 08:45 am to 5:45pm but you are required to work more but none is claimable."
Negative,Negative,0.958341658,Accepted,Bad experience
Positive,Positive,0.958429813,Accepted,Staff benefits is very very good in this company.
Positive,Positive,0.958562732,Accepted,"Employees often note that the company invests in their professional development, with various training programs and mentorship opportunities available to support career progression."
Negative,Negative,0.95858711,Accepted,"Poor management and leadership, with a lack of recognition for employees who go above and beyond their regular duties."
Positive,Positive,0.958673656,Accepted,"Good benefit, good exposure, best enviroment, good bonus and everything."
Positive,Positive,0.95885694,Accepted,Productive and work fun place
Negative,Negative,0.958966613,Accepted,"Operation Team negative: Lack of staff lead to task overloaded, will be under pressure a lot."
Positive,Positive,0.959162593,Accepted,"The benefit are superb , you can claim everything for personal things ie hotel , flight ticket , sport & etc."
Positive,Positive,0.959549844,Accepted,"The management is approachable, teamwork is highly valued, and there are good opportunities to gain hands-on experience and develop both technical and soft skills."
Positive,Positive,0.959696352,Accepted,"The work culture is generally positive with supportive and fun colleagues, and the bank offers good flexibility through work-from-home arrangements for specific departments."
Positive,Positive,0.9601596,Accepted,Great bonus and increment.
Positive,Positive,0.960401475,Accepted,Very recommended to work.
Positive,Positive,0.96055764,Accepted,"My experience working here has been largely positive, with a supportive environment that encourages learning and growth."
Positive,Positive,0.96056354,Accepted,positive: The allowance was good.
Positive,Positive,0.960588932,Accepted,I had a great experience working at Bank Islam.
Positive,Positive,0.960659683,Accepted,"Good and friendly staff , senior staff more helpful "
Positive,Positive,0.961197317,Accepted,a good start for fresh grad who are willing to work under stress
Positive,Positive,0.96122098,Accepted,"A typical day at work and i believe i've learned a lot of skills such as communicating, more time managing and stuff like that and the work place is rwally good"
Positive,Positive,0.961430073,Accepted,"It gave me a sense of personal accomplishment, "
Positive,Positive,0.961462855,Accepted,The company has a fast-paced and high-performance work culture that challenges you to grow.
Positive,Positive,0.961752236,Accepted,The best experience ever.
Negative,Negative,0.96214813,Accepted,Stressful for sales staff 
Positive,Positive,0.962217212,Accepted,The workplace and work-culture appreciate people who are working overtime.
Positive,Positive,0.962491572,Accepted,great
Positive,Positive,0.962736607,Accepted,Productive and fun environment
Negative,Negative,0.963023782,Accepted,'- Boss treats workers like highschoolers
Positive,Positive,0.963203847,Accepted,"Good compensation in term of flexi care which you can claim for flight, sport items, hobby class ++."
Positive,Positive,0.963345945,Accepted,Kudos for that.
Negative,Negative,0.963372111,Accepted,"One step wrong, crazy amount of OT and gaslighting."
Positive,Positive,0.963535786,Accepted,"Great management, supportive culture."
Positive,Positive,0.963540256,Accepted,"The job is fun, especially for those who like to talk to people and assist them."
Positive,Positive,0.96361208,Accepted,Maybank offers a fun and healthy work environment where employees were able to work and strive to be better everyday.
Positive,Positive,0.963914931,Accepted,The staff and taller very helpful and good place to enhance skill and also good for your career
Positive,Positive,0.964049518,Accepted,Productive and supportive team
Positive,Positive,0.964255273,Accepted,"The team was supportive and always willing to offer guidance, helping me grow both personally and professionally."
Positive,Positive,0.964277983,Accepted,"I truly value the positive and professional work environment they create, filled with teamwork, respect, and mutual support."
Positive,Positive,0.964486301,Accepted,Great Place for work
Negative,Negative,0.964562356,Accepted,Not a productive environment to work with
Positive,Positive,0.964729667,Accepted,It's a great place to work... 
Positive,Positive,0.964906394,Accepted,"The working environment is very positive, it is very inclusive and the colleagues are very supportive."
Negative,Negative,0.964949071,Accepted,But overall very bad Team Leader manager.
Positive,Positive,0.965569675,Accepted,Productive and fun workplace
Positive,Positive,0.965602517,Accepted,The supportive and friendly nature of my colleagues significantly contributed to making the overall work environment positive.
Positive,Positive,0.966508329,Accepted,"Very Good Salary, Training"
Positive,Positive,0.966671646,Accepted,Superiors r very helpful and knowledgeable.
Positive,Positive,0.966775298,Accepted,Great company to work for
Positive,Positive,0.966882169,Accepted,Pro: Good for fresh graduate as a learning centre
Positive,Positive,0.967256427,Accepted,My internship experience has been incredibly rewarding.
Negative,Negative,0.9672665,Accepted,Cons: salary not balance
Positive,Positive,0.96747005,Accepted,"The combination of a supportive work environment, generous bonuses, and the opportunity to learn from experienced colleagues made it a positive chapter in my career."
Positive,Positive,0.967725217,Accepted,It is a very good company to start your career with great salary package for fresh graduates.
Positive,Positive,0.968158782,Accepted,"Great team, supportive culture, challenging work."
Positive,Positive,0.968219101,Accepted,"The management encouraged growth, provided continuous training, and valued employeesâ contributions, making it a great place to build a long term career."
Positive,Positive,0.968245268,Accepted,"Supportive bosses, ceo , staff ."
Negative,Negative,0.968463063,Accepted,"I would say run while you can, there is no good employee welfare, pantry is provided but not with food, works are expected to be learnt in one go despite learning phase."
Positive,Positive,0.968892395,Accepted,"Employees appreciate the flexibility in working hours, the option for remote work (in some roles), and generous leave policies."
Positive,Positive,0.968929112,Accepted,Productive and good for self advancement
Negative,Negative,0.96905899,Accepted,Cons - The senior management will keep chasing you when something urgent requires your help and don't even bother you at other times.
Negative,Negative,0.969060421,Accepted,Simply appalling
Negative,Negative,0.969127834,Accepted,the hardest part of the job is current manager is toxic .
Negative,Negative,0.969142199,Accepted,"but they failed my expectations, too stressful and unable to handle it, very very lousy management"
Positive,Positive,0.970193744,Accepted,Best place to have an internship
Negative,Negative,0.970210969,Accepted,workplace culture not ok because senior behave like intern .
Negative,Negative,0.9702425,Accepted,Very toxic management style.
Negative,Negative,0.970247447,Accepted,"Constant stress, unclear roles, and no team support"
Positive,Positive,0.970283806,Accepted,They genuinely care about the teamâs well-being and motivate us with positivity and encouragement.
Positive,Positive,0.970664024,Accepted,"I especially appreciated the structured training programs and the emphasis on teamwork, which helped me develop valuable skills in financial services and customer relations."
Negative,Negative,0.970785856,Accepted,No work life balance and they will pressure you all the time
Positive,Positive,0.970797181,Accepted,"Great benefits, encouraging bonus and competitive salary if you work in HQ."
Negative,Negative,0.971020579,Accepted,"Stressful, Unfair"
Positive,Positive,0.971187651,Accepted,The work-life balance here is to die for.
Positive,Positive,0.971200824,Accepted,"brilliant training initiatives, cool projects & lots of learning opportunities"
Negative,Negative,0.971430659,Accepted,"The work environment is highly political and toxic, with poor work-life balance."
Negative,Negative,0.971502841,Accepted,but current manager is toxic .
Positive,Positive,0.971567631,Accepted,Superior guidance all the time.
Positive,Positive,0.971701145,Accepted,Productive and fun work place
Positive,Positive,0.971785963,Accepted,Very productive and fun workplace
Negative,Negative,0.971846819,Accepted,"They took advantage to bully me and asked me to leave the company, "
Positive,Positive,0.971863329,Accepted,Recognition & Ownership: Employees are empowered to lead initiatives and recognized for their contributions.
Negative,Negative,0.972157478,Accepted,Stressful and Rigid
Positive,Positive,0.972260296,Accepted,Amazing experience
Positive,Positive,0.972323239,Accepted,great place to start out my career.
Positive,Positive,0.972327232,Accepted,Workplace and culture are very good
Positive,Positive,0.972358704,Accepted,For the benefits it's tip top .
Positive,Positive,0.972448468,Accepted,"nice colleague, best working environment, got training and seniors are willingly to teach you if you are lost or dumbfounded."
Negative,Negative,0.97290498,Accepted,Cons - Micromanage on daily basis
Positive,Positive,0.973043382,Accepted,"Great salary, bonus and increment"
Negative,Negative,0.973294675,Accepted,"Short break, management suck"
Positive,Positive,0.973440468,Accepted,"Fun and enjoy working here as all the seniors all really helpful... As i had experienced in sale department form previous employment, it actually help me a lot"
Positive,Positive,0.973481953,Accepted,Best part: teamwork!
Negative,Negative,0.973567545,Accepted,Not a good place unless you're willing to do anything for money
Negative,Negative,0.973610818,Accepted,Bad working culture at Finance and Risk division
Positive,Positive,0.973611236,Accepted,"Their willingness to share knowledge, their patience in teaching, and their constant encouragement have made a huge difference in my growth and confidence at work."
Positive,Positive,0.973836958,Accepted,Employee Benefits: Benefits packages are another strong point.
Negative,Negative,0.974150896,Accepted,Not good to stay for a long time.
Positive,Positive,0.974206746,Accepted,"Best workplace, good salary"
Positive,Positive,0.974321723,Accepted,"Good salary , Good Environment, Opportunity to learn, good training , Good team work, good Benefits and compensation"
Negative,Negative,0.974476695,Accepted,current manager is toxic
Positive,Positive,0.974648297,Accepted,Thank you for being such wonderful teammates and for making my experience here so meaningful.
Negative,Negative,0.974685967,Accepted,"This review is for most positions under the Deposit Department: Poor management, no proper space to meet clients, and zero guidance."
Positive,Positive,0.974951029,Accepted,The employees were very supportive.
Negative,Negative,0.975188553,Accepted,"No Guidance, No Space, and No Credit"
Negative,Negative,0.975196123,Accepted,It was a very bad experience.
Positive,Positive,0.975465178,Accepted,best place to work
Positive,Positive,0.975600123,Accepted,Positive working environment
Positive,Positive,0.97573936,Accepted,"Overall, Bank Islam is an excellent place to work if youâre looking for a dynamic, professional, and rewarding workplace"
Negative,Negative,0.975953281,Accepted,Forget about life if u work in this company
Negative,Negative,0.975966454,Accepted,Worst management
Positive,Positive,0.975981355,Accepted,This balance of professionalism and human touch makes working under them both inspiring and enjoyable
Positive,Positive,0.976135194,Accepted,I would like to take this opportunity to express my heartfelt appreciation to my colleagues at Maybank Alor Setar who have been incredibly supportive and generous with their guidance since my very first day.
Positive,Positive,0.976270258,Accepted,Pros - The renumeration packages and bonuses are great.
Positive,Positive,0.976323247,Accepted,Pros - Able to develop relevant experience
Negative,Negative,0.976416171,Accepted,"Shame, unfair, hurting, unhumanity"
Positive,Positive,0.976596415,Accepted,productive and fun work place
Positive,Positive,0.976685822,Accepted,Excellence staff benefits
Negative,Negative,0.977198899,Accepted,"No work life balance, "
Negative,Negative,0.977445185,Accepted,Toxic
Negative,Negative,0.977997839,Accepted,"No work life balance, expected to work 13 hours everyday, high workload and marketing officer will keep pressuring you to meet their figure, supposed to work as a team but end up each of team member only work for their own target and goal, not recommend"
Positive,Positive,0.978051066,Accepted,Innovation-Driven: Focus on digital transformation makes it an exciting place for tech-savvy professionals.
Negative,Negative,0.978220105,Accepted,Very unprofessional from team manager up to higher management lvl.
Positive,Positive,0.978655994,Accepted,strong staff engagement
Positive,Positive,0.979781926,Accepted,Employer of choice for everyone
Positive,Positive,0.98038286,Accepted,Best Benefits and Great Working Environment 
Positive,Positive,0.980661333,Accepted,Great place to kickstart your career
Positive,Positive,0.980975986,Accepted,Very good first job... blessed to have the opportunity to work at Maybank!
Negative,Negative,0.981158257,Accepted,"Very heavy workloads, no work life balance & toxic management"
Negative,Negative,0.981246352,Accepted,"Work like dog, work until you die, no one gonna appreciate you."
Negative,Negative,0.9813236,Accepted," No work life Balance, No career growth"
Positive,Positive,0.981585145,Accepted,great co workers never stressful you can go home on time work life balance bosses are kind and they always check up on you they are also responsive of your inquiries
Negative,Negative,0.981720686,Accepted,toxic environment
Positive,Positive,0.982159078,Accepted,Working environment and collaborative colleagues are positive that push you forward to the limit.
Positive,Positive,0.982687294,Accepted,"Fix increment yearly, perks for staff, hospitalisation, dental, permanent position, work from home, positive working environment, need to achieve target."
Negative,Negative,0.982887387,Accepted,Please donât work here this company is really give a mental health issue and they will demand you to pay 2500 for this job who have slow system and everything look old.
Negative,Negative,0.982922792,Accepted,"Toxic cultureâcolleagues fought over customers, and superiors claimed credit for our hard work and performance."
Negative,Negative,0.983098626,Accepted,Stress working environment High work load Need to work over time to finish the work but no pay OT  Low opportunity for career growth
Positive,Positive,0.983123243,Accepted,great place to work and grow.
Positive,Positive,0.983214438,Accepted,Pros: staff mostly friendly.
Positive,Positive,0.98396945,Accepted,People who works there are energized and driven.
Positive,Positive,0.984250486,Accepted,I would recommend PBB to prospective employees who are eager to work in a dynamic environment and are passionate about banking.
Negative,Negative,0.98433727,Accepted,"No work life balance, stressful and so much pressure"
Negative,Negative,0.984566867,Accepted,Bad management and worst banking system i had ever work for.
Positive,Positive,0.984696448,Accepted,Amazing Place To Work
Positive,Positive,0.984996915,Accepted,"best work environment, encourage speak-up culture, management and colleagues are friendly and helpful."
Positive,Positive,0.985147059,Accepted,Super Productive workplace
Positive,Positive,0.985558271,Accepted,"Great place to work, persomal & career growth, & good perks"
Negative,Negative,0.985750318,Accepted,"Toxic work environment, you just sit down for 9 hours and stay glued at your screen, and everybody hates it if you take a quick break to the toilet, or suggest any new approaches"
Positive,Positive,0.986056149,Accepted,"Leadership and Management: Many employees appreciate the approachable leadership at Maybank, noting that management is supportive and values open communication."
Positive,Positive,0.986273408,Accepted,Pros Workload not very heavy Senior Micro-Frontend Developer friendly and willing to teach us.
Negative,Negative,0.986365438,Accepted,"No work life balance, toxic & poor management"
Positive,Positive,0.986496866,Accepted,Great Work Environment: Employees often mention the inclusive and collaborative culture at Maybank.
Negative,Negative,0.986533344,Accepted,"No worklife balance, prepare to work overtime without extra pay."
Positive,Positive,0.986972392,Accepted,"Fosters learning & growth, highly recommend!"
Positive,Positive,0.987013936,Accepted,Work-life balance on top!
Positive,Positive,0.98736006,Accepted,Pro: Great staff benefit.
Negative,Negative,0.987425268,Accepted,"Toxic, competitive environment"
Negative,Negative,0.987689793,Accepted,The O & T dept employees made me too shame to work together.
Positive,Positive,0.987851322,Accepted,Healthy working environment Recommended for freshers
Positive,Positive,0.989491343,Accepted,"Pros: Bonus and increment consistently high every year medical benefits great teammates, almost no politics"
Negative,Negative,0.98978442,Accepted,The worst place and management I've ever experienced
Positive,Positive,0.99105984,Accepted,Pros: Supportive Work Environment: Encouraging leadership and helpful colleagues foster a positive workplace culture.
Positive,Positive,0.991515458,Accepted,good company and culture the colleagues are helpful help each others to solve problems the environment is nice competitive salary package good benefit recommend
Positive,Positive,0.992329299,Accepted,"Pro Good benefits to employee-insurance,bonus,allowances,increment,epf, staff loan, building facilities "
Negative,Negative,0.993163407,Accepted,"No work life balance , Stressful working place Politic environment , Manager stress Long working hour"
Negative,Negative,0.994202495,Accepted,Worst place I've ever worked at 
