id,company_name,review_date,review_title,review_body_text,overall_review_rating,job_title,location,employee_flag,rating_work_life_balance,rating_compensation_benefits,rating_job_security_advancement,rating_management,rating_culture_values,pros_text,cons_text,page_number,start_offset,source_url
1,Cimb-Group,8/4/2026,Clear object,Good company and exposure for junior level. Promotion can be very fast to some work function given the person is high performer in the team or department.,4,Manager,,former,0,0,0,0,0,,,1,0,https://malaysia.indeed.com/cmp/Cimb-Group/reviews
2,HSBC,26/3/2026,best place to work,"work life balance, good elearning, internaltional exposure, the pay might not as high as other local bank but they pay is quite fair. some management are suck but you might meet some great management, all depend on your luck.",4,manager,Malaysia,former,0,0,0,0,0,"work life balance, good elearning",low increament,1,0,https://malaysia.indeed.com/cmp/HSBC/reviews
3,Cimb-Group,20/3/2026,Productive workplace,"brilliant training initiatives, cool projects & lots of learning opportunities substandard human element when management deals with employees, poor EQ and low empathy.",4,Fusion programme,,former,0,0,0,0,0,,,1,0,https://malaysia.indeed.com/cmp/Cimb-Group/reviews
4,bank islam,8/3/2026,Comprehensive benefits with concerns over operational balance and promotion fairness,"I spent more than 10 years at Bank Islam and found the benefits to be quite comprehensive. The work culture is generally positive with supportive and fun colleagues, and the bank offers good flexibility through work-from-home arrangements for specific departments. However, there are significant challenges regarding work-life balance, particularly in operations where the workload is often overwhelming. Since 2021, the bonus payouts (averaging 2 months) have not felt commensurate with the level of effort required. Furthermore, the promotion structure appears to be heavily influenced by seniority and favoritism rather than clear meritocracy, which can be discouraging for high-performers. Additionally, top management often feels disconnected from ground-level operational reality. While it is a stable organization, the compensation-to-effort ratio and career progression transparency need improvement.",3,,,former,0,0,0,0,0,,,1,0,https://malaysia.indeed.com/cmp/Bank-Islam/reviews
5,Cimb-Group,7/3/2026,Productive and fun workplace,Flexible working hours and supportive colleagues. Overall I think my pay are decent while workload and working culture depends on your department. Benefits wise are quite good in banking industry.,4,Credit Officer,Kuala Lumpur,current,0,0,0,0,0,,,1,0,https://malaysia.indeed.com/cmp/Cimb-Group/reviews
6,RHB Bank Berhad,1/3/2026,Really good,"A typical day at work and i believe i've learned a lot of skills such as communicating, more time managing and stuff like that and the work place is rwally good",5,,,former,5,5,5,5,5,,,1,0,https://malaysia.indeed.com/cmp/Rhb-Bank-Berhad/reviews
7,maybank,28/2/2026,Good workplace,Everything is good. The workplace is nice and people are also willing to help. The workplace and work-culture appreciate people who are working overtime.,5,software developer,Kuala Lumpur,current,0,0,0,0,0,,,1,0,https://malaysia.indeed.com/cmp/Malayan-Banking-Berhad-(maybank)/reviews
8,Public-Bank-Berhad,28/2/2026,Work Culture,'- Daily job may be repetitive (depends on the team you are on) - Moderate workload (depends on the team you are on) - Classic management style - Healthy working environment Recommended for freshers,5,Analyst Programmer,Bangi,current,0,0,0,0,0,,,1,0,https://malaysia.indeed.com/cmp/Public-Bank-Berhad/reviews
9,Public-Bank-Berhad,19/2/2026,Great bonus and increment. But old system,Good for new graduates to start their career in banking as you tend to do a lot of things. The increment is above average and bonuses are decent. This comes with old system and SOPs as they prefer to reduce cost. A lot of paperwork to be done. WLB depends on your department,3,,,former,0,0,0,0,0,,,1,0,https://malaysia.indeed.com/cmp/Public-Bank-Berhad/reviews
10,maybank,13/2/2026,Super Productive workplace,So much to learn here. Colleague is all nice but need to push for sales. All higher ups care is sales. Try banking if you love doing sales. Benefit is good. Have AL every month.,4,Intern,Sitiawan,former,0,0,0,0,0,,,1,0,https://malaysia.indeed.com/cmp/Malayan-Banking-Berhad-(maybank)/reviews
11,bank islam,11/2/2026,Good Hybrid working + flexible hours,"Working here you will have a flexible working hours, hybrid working (3 days office, 2 days WFH) depends on the department mostly Digital IT. Good place for learning.",4,IT analyst,Kuala Lumpur,former,0,0,0,0,0,,,1,0,https://malaysia.indeed.com/cmp/Bank-Islam/reviews
12,RHB Bank Berhad,9/2/2026,"Work culture is good, learning a lots, getting lots of knowledge of product.","Having teatime among us, celebration birthday and also we will do decorations for all the festivals...team work is going well with team members, management is good❤️ Together progress 🙂",5,Written Off collections Personal Loan,Kuala Lumpur,former,5,5,5,5,5,Fo far No,So far No,1,0,https://malaysia.indeed.com/cmp/Rhb-Bank-Berhad/reviews
13,RHB Bank Berhad,6/2/2026,Stressful if cannot hit sales target,Management will keep pushing for sales even though the product is not great and detrimental to buyers. Micro-management will happen if u dont hit ur target,3,Personal Banker,,former,0,0,0,0,0,,,1,0,https://malaysia.indeed.com/cmp/Rhb-Bank-Berhad/reviews
14,bank islam,3/2/2026,"Overall, it has been a valuable and rewarding experience that has strengthened my skills and understanding of the role.","What is the best part of working at the company? Managing 17 staff and Data center facility What is the most stressful part about working at the company? Managing Staff and arrangement of shift work What is the work environment and culture like at the company? flexible and relax environment What is a typical day like for you at the company? A typical day for me usually starts with reviewing priorities and any urgent items from emails or system alerts. I then focus on my core responsibilities handling assigned tasks, resolving issues, and supporting ongoing projects.",3,IT Manager,Cyberjaya,former,0,0,0,0,0,,,1,0,https://malaysia.indeed.com/cmp/Bank-Islam/reviews
15,RHB Bank Berhad,3/2/2026,Not bad environment,"The work environment in the department varies from all function. For me, I am under the Group Internal Audit function. The environment is not bad. My CIA and Head of Department is great, however I will say otherwise for my current supervisor",4,Senior Manager,,current,0,0,0,0,0,,,1,0,https://malaysia.indeed.com/cmp/Rhb-Bank-Berhad/reviews
16,United Overseas Bank,30/1/2026,Sales oriented working culture,"Focus on offline events and activities to drive business. Highly sales oriented culture, performance measurement more focus on individual contributor, event for non sales staff",3,Vice President,Malaysia,current,0,0,0,0,0,,,1,0,https://malaysia.indeed.com/cmp/United-Overseas-Bank/reviews
17,Public-Bank-Berhad,28/1/2026,Stressful but good colleagues,"Can say very stressful heavy workload, but friendly people and good pay, will help me when i ask for help, very traditional and corporate work culture",4,Analyst Programmer,Bangi,current,0,0,0,0,0,,,1,0,https://malaysia.indeed.com/cmp/Public-Bank-Berhad/reviews
18,United Overseas Bank,28/1/2026,Good place to start your career,"Nice place to start your career, however lack of guidance and training provided. No clear goal setup by my immediate manager. Salary below market average",2,Manager,Kuala Lumpur,current,0,0,0,0,0,,,1,0,https://malaysia.indeed.com/cmp/United-Overseas-Bank/reviews
19,maybank,25/1/2026,Valuable Learning Experince,"A good place to learn and improve in. The enviroment is chill, collegues are kind and are willing to assist if faced with issues. Overall is a good oppertunity for an internship placement.",4,Intern,Kuala Lumpur,former,0,0,0,0,0,,,1,0,https://malaysia.indeed.com/cmp/Malayan-Banking-Berhad-(maybank)/reviews
20,Ocbc,19/1/2026,Ok,"overall not bad, training provided, attractive remuneration package but need to work overtime most of the time for my role, quite challenging for my role",5,Banker,,former,0,0,0,0,0,,,1,0,https://malaysia.indeed.com/cmp/Ocbc-3/reviews
21,RHB Bank Berhad,12/1/2026,Flexible Workplace,"Could be working from home most of the time. It depends on the manager, some require the staffs to work from office. some department are more flexible.",3,,,current,0,0,0,0,0,,,1,0,https://malaysia.indeed.com/cmp/Rhb-Bank-Berhad/reviews
22,RHB Bank Berhad,11/1/2026,Very poor management,Very poor management. Not welcoming the newcomers. Unproper training. Expect us to get the highest more KPI than in JD. Leads not approachable. Sometimes they just recycle the leads to call the same customer. They will pressuring you until you resigned on your own.,1,Sales Consultant,Tun Razak Exchange,former,0,0,0,0,0,,,1,0,https://malaysia.indeed.com/cmp/Rhb-Bank-Berhad/reviews
23,Cimb-Group,9/1/2026,Supportive boss and good colleagues,Depending on which team you are in. In some teams you generally get good colleagues who are supportive. The remuneration is also quite good. Bonus could be up to 3-4 months in general.,4,Project manager,,former,0,0,0,0,0,,,1,0,https://malaysia.indeed.com/cmp/Cimb-Group/reviews
24,Cimb-Group,8/1/2026,The good thing about the management,Management don't come to you and shouting for target. They tends to talk to you politely and keep nagging to work hard. There's this lecturing session which top management will come down and have a meeting with all sales employees at one of the branch. Expect one hour talk to persuade you work hard.,4,Personal financial consultant,Selangor,former,0,0,0,0,0,,,1,0,https://malaysia.indeed.com/cmp/Cimb-Group/reviews
25,Public-Bank-Berhad,29/12/2025,Productive,"The Hire Purchase Department at Public Bank provides a structured and professional working environment that offers valuable exposure to consumer financing and credit operations. The department is well-organized, with clear procedures for loan processing, credit assessment, documentation, and compliance with banking regulations. This allows staff and trainees to understand the full hire purchase financing cycle, particularly for vehicle loans.",5,Hire Purchase Financing,KL,former,0,0,0,0,0,,,1,0,https://malaysia.indeed.com/cmp/Public-Bank-Berhad/reviews
26,Cimb-Group,16/12/2025,friendly and supportive team.,"This company provides a supportive and collaborative working environment where employees are encouraged to learn and grow professionally. The management is approachable, teamwork is highly valued, and there are good opportunities to gain hands-on experience and develop both technical and soft skills. Overall, it is a great place to build a strong career foundation.",5,protege,KL Sentral,former,0,0,0,0,0,,,1,0,https://malaysia.indeed.com/cmp/Cimb-Group/reviews
27,RHB Bank Berhad,14/12/2025,Bossy,"Not support newcommer.On a personal level, they are approachable and supportive, creating a friendly and collaborative environment. They genuinely care about the team’s well-being and motivate us with positivity and encouragement. This balance of professionalism and human touch makes working under them both inspiring and enjoyable",3,Sale,Ipoh,former,0,0,0,0,0,,,1,0,https://malaysia.indeed.com/cmp/Rhb-Bank-Berhad/reviews
28,Public-Bank-Berhad,9/12/2025,Structured and Hierarchy,The working culture is very structured and hierarchy. Multiple reporting layers. Hardly have employee empowerment. Minimal training and development programmes.,3,Executive,Kuala Lumpur,current,0,0,0,0,0,,,1,0,https://malaysia.indeed.com/cmp/Public-Bank-Berhad/reviews
29,RHB Bank Berhad,8/12/2025,"Moderate work load, not So much benefit , but still free of mind","If you need to a higher career development and lots benefits, can option with other company. But if you want to go for a reasonable and just normal job free of mind can go to here",3,Executive,Kuala Lumpur,current,0,0,0,0,0,,,1,0,https://malaysia.indeed.com/cmp/Rhb-Bank-Berhad/reviews
30,Bank-Rakyat,7/12/2025,Employer of choice for everyone,"I enjoyed the most during work-collaboration with other departments; as this would be the great platform to sharpen my communication skills, knowledge enhancement, grow in self-contidence & maturity and develop good teamwork",5,"Assistant Manager, Recruitment & Sourcing",Kuala Lumpur,former,5,5,5,4,4,"Great place to work, persomal & career growth, & good perks",Frequent re-org/rorg restructuring due to change to the top management,1,0,https://malaysia.indeed.com/cmp/Bank-Rakyat/reviews
31,maybank,5/12/2025,Fast paced environment,Fast paced environment and can learn a lot of new things. Pleasent people to work with. Great benefits and perks. Moderate level of work and life balance.,5,Exec,Kuala Lumpur,former,0,0,0,0,0,,,1,0,https://malaysia.indeed.com/cmp/Malayan-Banking-Berhad-(maybank)/reviews
32,maybank,2/12/2025,Traditional & change-averse company,"Not to say that all departments are like this but majority of leaders who has been with the bank >10years will have mentality like this. My advise is to ask a lot of questions during your interview so you can judge whether it is a good fit for you. Other than that, good benefits and bonus 😬",2,Project Manager,Kuala Lumpur,former,0,0,0,0,0,,,1,0,https://malaysia.indeed.com/cmp/Malayan-Banking-Berhad-(maybank)/reviews
33,HSBC,25/11/2025,Good benefit,"Good benefit, good exposure, best enviroment, good bonus and everything. Supportive bosses, ceo , staff . Work there for 1 year. Cons workload is alot",5,Banker,Trx,former,0,0,0,0,0,,,1,0,https://malaysia.indeed.com/cmp/HSBC/reviews
34,Public-Bank-Berhad,17/11/2025,Fun workplace,"My experience working here has been largely positive, with a supportive environment that encourages learning and growth. The team is friendly, approachable, and always willing to help when needed. I appreciate the collaborative culture, where ideas are welcomed and everyone’s input is valued. The management team is generally understanding and open to feedback, creating a comfortable space to discuss challenges and improvements. The workplace also provides good opportunities to develop new skills, whether through hands-on tasks or guidance from more experienced colleagues. The work processes are quite organized, which helps in managing tasks efficiently. While there is still room for improvement in terms of workload balance and clearer communication at times, the overall atmosphere remains motivating.",5,Senior Executive,Kuala Lumpur,former,0,0,0,0,0,,,1,0,https://malaysia.indeed.com/cmp/Public-Bank-Berhad/reviews
35,maybank,11/11/2025,Fun,"My internship at Maybank was an incredibly valuable experience. I learned how a leading financial institution operates and gained hands-on exposure to real banking tasks. The team was supportive and always willing to guide me, which helped me develop both technical and communication skills. I was involved in data entry, customer service, and administrative work, which improved my attention to detail and time management. The working environment was professional yet friendly, making it easy to adapt and learn. Overall, my internship at Maybank gave me a strong foundation and clearer understanding of the banking industry.",5,Intern,Pahang,former,0,0,0,0,0,,,1,0,https://malaysia.indeed.com/cmp/Malayan-Banking-Berhad-(maybank)/reviews
36,HSBC,3/11/2025,Uncertain commission,"Pay commission quarterly, if u got certain amount on this quarter. Doesnt mean next quarter are the same even u achieved 100% kpi. When ask, always ends up with more question than answers",3,Mobile banker,Klang valley,former,0,0,0,0,0,,,1,0,https://malaysia.indeed.com/cmp/HSBC/reviews
37,HSBC,31/10/2025,Depends on department,"Environment was good. Colleague helpful. Lots of benefits. Management would be depends on your dept. If you got a good boss, then its your luck. Hsbc pay good salary.",5,Contact centre representative,Kuala Lumpur,former,3,5,5,4,4,"Salary, benefits","Shift, management leader",1,0,https://malaysia.indeed.com/cmp/HSBC/reviews
38,Cimb-Group,30/10/2025,Productive and fun workplace,"Good environment for fresh geas. Learn a lot from the seniors & no politics in the office as well. Everyone so kind, though workloads might be heavier for senior exec, but yeah. As entry level, this is a good starter.",5,,,former,0,0,0,0,0,,,1,0,https://malaysia.indeed.com/cmp/Cimb-Group/reviews
39,Public-Bank-Berhad,29/10/2025,Good for beginners,Good salary and bonuses Alot of annual leaves Average for benefits Stress depends on department Good environment and can learn alot Overall good for starting career here,4,Trade Finance,Kuala Lumpur,current,0,0,0,0,0,,,1,0,https://malaysia.indeed.com/cmp/Public-Bank-Berhad/reviews
40,RHB Bank Berhad,28/10/2025,fun to work with,"good working environment but slow pace. many approval structure , compliances and hierarch to meet. very tedious job . But the people is fun and willing to share the experiences.",2,sales,Kuala Lumpur,former,0,0,0,0,0,,,1,0,https://malaysia.indeed.com/cmp/Rhb-Bank-Berhad/reviews
41,HSBC,25/10/2025,Teamwork,Daily task have to be completed on time but don't worry because your colleagues will help you anyway when you need it. Teamwork is always there in the bank industry.,5,Time scale clerk,Kuala Lumpur,former,5,5,5,5,5,,,1,0,https://malaysia.indeed.com/cmp/HSBC/reviews
42,RHB Bank Berhad,23/10/2025,Enjoyable,"What is the best part of working at the company? The best part of working at RHB was the supportive work environment and strong teamwork among colleagues. The management encouraged growth, provided continuous training, and valued employees’ contributions, making it a great place to build a long term career. What is the most stressful part about working at the company? As with any banking role, there were moments of pressure during peak periods or when meeting targets, but the management and team support made it manageable. The challenges helped me build resilience and improve my time management skills. What is the work environment and culture like at the company? The work culture was friendly, supportive, and team driven. Everyone worked together towards common goals, and the management valued hard work and integrity. What is a typical day like for you at the company? Every day was focused on serving clients, achieving sales goals, and supporting the team. It was a busy but enjoyable routine that kept me motivated and constantly learning.",5,PERSONAL BANKER,Johor Bahru,former,0,0,0,0,0,,,1,0,https://malaysia.indeed.com/cmp/Rhb-Bank-Berhad/reviews
43,Public-Bank-Berhad,20/10/2025,"Very heavy workloads, no work life balance & toxic management","'- I always saw my colleagues were always working during their annual leaves and weekends in the office for the whole day due to strict deadlines set by ISO regulations - My mentor even asked me to cancel my annual leaves to complete my workloads, and my mentor asked me to complete my workloads during my annual leaves, weekends and public holiday despite unrealistic goals set by the boss and the team. - Your workload will be increased without letting you know in advance or without asking your permission to do so. - Your colleagues will punish you with extra workloads if you didn't complete their KPI (number of cases to be completed per day) - Even if you have a little progress within 4 months, the boss and my mentor won't be happy or celebrate your progress, the only thing they do is by forcing you to do faster with increasing amount of workloads. - My mentor has very biased treatment, my mentor is always friendly towards the other colleagues (who are close to my mentor), but when comes to my male colleague (in same department) and me as a new worker, my mentor always give very bad compliment or judge us in a biased way. My mentor also reacted excessively on trivial things about me and controlled me on every movement (""Don't show that you are not happy, because I saw you that you banged the table with documents"", while the actual event: The documents are too heavy that I can't carry properly, hence I have to arrange the documents with accidental bang). My mentor also talked bad about male colleague behind his back when male colleague took MC due to his illness.",1,Management trainee,Malaysia,former,1,3,1,1,1,"Very Good Salary, Training","No work life balance, toxic & poor management",1,0,https://malaysia.indeed.com/cmp/Public-Bank-Berhad/reviews
44,Ocbc,18/10/2025,"Stressful, Unfair","The O & T dept employees made me too shame to work together. They took advantage to bully me and asked me to leave the company, other colleagues she treated well. Whenever I had a problem in my works, they asked me to solve it myself. I felt stress and harmful to continue my job, lastly I suggested to leave the organization.",1,Teller,Alor Setar,former,1,3,3,1,1,None,"Shame, unfair, hurting, unhumanity",1,0,https://malaysia.indeed.com/cmp/Ocbc-3/reviews
45,maybank,15/10/2025,Perfect for learning,"A great place to learn and grow as an intern. The environment is supportive, with great leaders and amazing teammates who are always willing to help. There’s a good work-life balance, especially with the weekly work-from-home option. Things can get a bit hectic during system changes, but overall it’s a valuable and enjoyable learning experience.",4,Intern,,former,0,0,0,0,0,,,1,0,https://malaysia.indeed.com/cmp/Malayan-Banking-Berhad-(maybank)/reviews
46,Cimb-Group,11/10/2025,Good workplace,"1) Outpatient, dental, optical, health check-up coverage, travelling claim 2) Maternity leave six months. 3) Bosses are good. 4) KPI is very agile, adjustable.",5,,,current,0,0,0,0,0,,,1,0,https://malaysia.indeed.com/cmp/Cimb-Group/reviews
47,maybank,4/10/2025,very good experience because can learn about work environment,What is the best part of working at the company? friendly staff and good environment. What is the most stressful part about working at the company? stress if there is any accidental mistake that we didn't notice and need to re do whole thing.,5,Credit Card Department (Internship) | Mac,Rengit,former,0,0,0,0,0,,,1,0,https://malaysia.indeed.com/cmp/Malayan-Banking-Berhad-(maybank)/reviews
48,bank islam,26/9/2025,An All-rounder benefits kind of company. Work-life balance on top!,"The best working place for intern. The allowance are great. All colleagues, team leaders and seniors are all great. The work-life balance here is to die for. One in a million.",5,Intern,"Menara Bank Islam, KL",former,0,0,0,0,0,,,1,0,https://malaysia.indeed.com/cmp/Bank-Islam/reviews
49,United Overseas Bank,15/9/2025,Good benefit but high volume,"A lot of parties or events, good for extrovert but not a good thing for introverts. Still a lot of manual work and very volume based KPI. Team lead quality is average. Good benefits like flexcare.",3,Credit Analyst,Kuala Lumpur,former,0,0,0,0,0,,,1,0,https://malaysia.indeed.com/cmp/United-Overseas-Bank/reviews
50,HSBC,12/9/2025,Toxic,"limited support and some bias in how situations are handled, especially concerning differences in religion. At times, certain staff members have spoken harshly or disrespectfully toward others, yet no action was taken to address it. For personal growth, it would help if staff are encouraged to practice discipline and self-development. Additionally, there appears to be a lack of transparency in commission structures, with practices that may unintentionally favor certain individuals. Clearer, fairer systems would build more trust and motivation among the team. Career growth no unless you are chinese",1,Sales staff,Malaysia,current,0,0,0,0,0,,,1,0,https://malaysia.indeed.com/cmp/HSBC/reviews
51,bank islam,9/9/2025,Good pay for OT,Pros: staff mostly friendly. Good OT pay. Staff got a lot of AL Cons: Management. Messy SOP No career advancement Old equipment Hard to apply for AL even got alot of it,3,Junior sales representative,KLIA,former,0,0,0,0,0,,,1,0,https://malaysia.indeed.com/cmp/Bank-Islam/reviews
52,Cimb-Group,7/9/2025,"Kpi very strict, no work life balance","Kpi very strict, no work life balance, but is very good to learn a new things but your should depend by yourself because nobody will no help your because everyone is busy",3,Customer Service Agent,,former,0,0,0,0,0,,,1,0,https://malaysia.indeed.com/cmp/Cimb-Group/reviews
53,Public-Bank-Berhad,6/9/2025,Forget about life if u work in this company,"Place to look for experience only (1 - 2 years cap), dont mind if u being diaturb at weekend especially hire purchase dept. long working hours n no wfh",1,Processing Executive (Credit Analyst),Kuala Lumpur,current,1,3,1,1,1,,Everything,1,0,https://malaysia.indeed.com/cmp/Public-Bank-Berhad/reviews
54,United Overseas Bank,29/8/2025,Rights by you both to the staff and customer,"What is the best part of working at the company? Comprehensive rewards and employee wellness. Employee recognition and culture. Learning, growth and inclusive culture What is the most stressful part about working at the company? As usual stress to get year enda target met. What is the work environment and culture like at the company? Rights by you, United-Work as one",5,OPERATIONS OFFICER,Kuala Terengganu,former,0,0,0,0,0,,,1,0,https://malaysia.indeed.com/cmp/United-Overseas-Bank/reviews
55,HSBC,28/8/2025,Great collaborative culture,"Good work life balance great compensation. However, team is very lean, therefore it can be stressful at times and things are fast paced. Team mates are knowledgeable and helpful.",5,,,current,0,0,0,0,0,,,1,0,https://malaysia.indeed.com/cmp/HSBC/reviews
56,bank islam,19/8/2025,Fun,they really took a good care of their intern. computer provided allowance high and also have training to build intern knowledge to enter work enviroment,5,intern,,former,0,0,0,0,0,,,1,0,https://malaysia.indeed.com/cmp/Bank-Islam/reviews
57,United Overseas Bank,19/8/2025,It's a great place to work... but the supervisors...,"I worked here before and the work load is quite ok and bearable. Only 'some' supervisor are really getting on your nerve... overall, it's a good place to work",5,Bank Clerk,Sandakan,former,0,0,0,0,0,,,1,0,https://malaysia.indeed.com/cmp/United-Overseas-Bank/reviews
58,maybank,18/8/2025,High kpi with fast pace,Need to achieve a high kpi with changing directions from upper management. Fast pace environment. Not supportive manager. However good environment and supportive team members,3,,,current,0,0,0,0,0,,,1,0,https://malaysia.indeed.com/cmp/Malayan-Banking-Berhad-(maybank)/reviews
59,maybank,8/8/2025,"Everything is great here, can learn so many things but do not become protege or join programme",Chances of you getting a job permanently is almost impossible. Please reconsider if you expecting to have stable career soon after graduation. In terms of learning and experience you might gain a lot but not appreciating protege or graduate lvl.,4,,,current,0,0,0,0,0,,,1,0,https://malaysia.indeed.com/cmp/Malayan-Banking-Berhad-(maybank)/reviews
60,United Overseas Bank,5/8/2025,Benefit & environment,"The benefit are superb , you can claim everything for personal things ie hotel , flight ticket , sport & etc. But for working environment, quiet tough. The pressure unbelievable.",3,Manager,Kuala Lumpur,current,0,0,0,0,0,,,1,0,https://malaysia.indeed.com/cmp/United-Overseas-Bank/reviews
61,maybank,18/7/2025,great,great co workers never stressful you can go home on time work life balance bosses are kind and they always check up on you they are also responsive of your inquiries,4,Protege,Kuantan,former,0,0,0,0,0,,,1,0,https://malaysia.indeed.com/cmp/Malayan-Banking-Berhad-(maybank)/reviews
62,Cimb-Group,17/7/2025,Good Benefits but Depends on Your Tolerance with the Culture,"They are offering better benefits in comparison to other companies, i.e. annual leave, medical, insurance etc. However the working culture is highly dependent on your team leads and preferences from the top management. People from banking industry may find it normal.",3,Digital Role,Menara CIMB,current,0,0,0,0,0,,,1,0,https://malaysia.indeed.com/cmp/Cimb-Group/reviews
63,Public-Bank-Berhad,15/7/2025,Salary is reasonable,"Benefits:- Basic salary meets the market range. However, increment, year-end bonus and performance bonus are based on your job performance and supervisor. Management Style:- Old-school management required multiple layers to apply work access. No flexible working hours and no remote. Promotion will be mostly based on the service years rather than job performance.",3,Senior Executive,Kuala Lumpur,former,0,0,0,0,0,,,1,0,https://malaysia.indeed.com/cmp/Public-Bank-Berhad/reviews
64,maybank,7/7/2025,Good friend,"I would like to take this opportunity to express my heartfelt appreciation to my colleagues at Maybank Alor Setar who have been incredibly supportive and generous with their guidance since my very first day. Their willingness to share knowledge, their patience in teaching, and their constant encouragement have made a huge difference in my growth and confidence at work. They’re not just coworkers — they’ve become mentors who are always ready to help without hesitation. Every piece of advice and every small lesson has helped me improve and become more efficient in handling my responsibilities. I truly value the positive and professional work environment they create, filled with teamwork, respect, and mutual support. Thank you for being such wonderful teammates and for making my experience here so meaningful. I’m truly grateful, and I hope our bond continues to grow stronger as we move forward together.",5,Protege,Alor Setar,former,0,0,0,0,0,,,1,0,https://malaysia.indeed.com/cmp/Malayan-Banking-Berhad-(maybank)/reviews
65,Cimb-Group,6/7/2025,Long hours,so tired even during the weekends have to work long hours. management dont want to help you or give you proper direction - it was fun at first but now they dont even care,3,,,former,0,0,0,0,0,,,1,0,https://malaysia.indeed.com/cmp/Cimb-Group/reviews
66,Public-Bank-Berhad,5/7/2025,Good Company but not a Good Division,"Great benefits, encouraging bonus and competitive salary if you work in HQ. Work life balance is achievable if you're in the right division, right department and under the right team. One step wrong, crazy amount of OT and gaslighting. Could be toxic and unbearable.",3,Compliance Officer,,current,0,0,0,0,0,,,1,0,https://malaysia.indeed.com/cmp/Public-Bank-Berhad/reviews
67,Cimb-Group,2/7/2025,Productive and supportive team,"It was good. My department and team was very supportive. My supervisor was very supportive in terms of my work and even career. They always include me in every meeting, give advices and guide when I need it.",4,Protege,KL Sentral,former,0,0,0,0,0,,,1,0,https://malaysia.indeed.com/cmp/Cimb-Group/reviews
68,bank islam,30/6/2025,"No Guidance, No Space, and No Credit","This review is for most positions under the Deposit Department: Poor management, no proper space to meet clients, and zero guidance. Had to self-learn everything. Toxic culture—colleagues fought over customers, and superiors claimed credit for our hard work and performance. Stressful job with little support or recognition. High targets, but performance not fairly recognised. The most enjoyable part was achieving targets through my own effort, despite the lack of support. It gave me a sense of personal accomplishment, even if it wasn’t recognised by management.",1,Deposit Marketing Executive,,former,1,1,2,1,1,Learn to work independently. Personal growth through self-initiative.,"Poor management and lack of guidance; No proper workspace for meeting clients; Toxic, competitive environment; Superiors claim credit for your work ; High targets, but performance not fairly recognised; No commission or very minimal rewards; Constant stress, unclear roles, and no team support",1,0,https://malaysia.indeed.com/cmp/Bank-Islam/reviews
69,RHB Bank Berhad,21/6/2025,informative yet surface level exposure towards nature of business,"prepare monthly reporting tasks and mostly does market research. Does offer hybrid working style, imcludes activities like townhall, learning week, team building, and upskilling depending on the department.",4,Asset Management Strategy and Business Analysis,Kuala Lumpur,former,0,0,0,0,0,,,1,0,https://malaysia.indeed.com/cmp/Rhb-Bank-Berhad/reviews
70,Public-Bank-Berhad,17/6/2025,Monetary benefits is fine but overload with work,"Public Bank offers strong pay, bonuses & stability, but suffers from outdated systems, clunky app, heavy workload & limited work‑life balance. Turnover rate is quite high",3,management trainee,Kuala Lumpur,former,0,0,0,0,0,,,1,0,https://malaysia.indeed.com/cmp/Public-Bank-Berhad/reviews
71,HSBC,13/6/2025,Na,Good work culture Good boss Good working environment Good colleagues Got engagement between team members Workload is heavy but can learn a lot of knowledge,5,,,former,0,0,0,0,0,,,1,0,https://malaysia.indeed.com/cmp/HSBC/reviews
72,Public-Bank-Berhad,8/6/2025,Traditional thinking and working ethics,'- Boss treats workers like highschoolers - Little to no staff engagement - Require staffs to stay back but wont pay for overtime - Environment limits you from learning new stuff,3,Management trainee,Kuala Lumpur,current,0,0,0,0,0,,,1,0,https://malaysia.indeed.com/cmp/Public-Bank-Berhad/reviews
73,Ocbc,27/5/2025,"OCBC is a stable, growth-oriented bank that values people and innovation.","Pros: Supportive Work Environment: Encouraging leadership and helpful colleagues foster a positive workplace culture. Career Development: Offers structured training programs and opportunities for internal mobility. Innovation-Driven: Focus on digital transformation makes it an exciting place for tech-savvy professionals. Customer-Centric Values: Strong emphasis on delivering quality service, which builds purpose in daily work. Work-Life Balance: Reasonable workload and flexible arrangements support personal well-being. Recognition & Ownership: Employees are empowered to lead initiatives and recognized for their contributions. Cons: Pace of Change: Decision-making can sometimes be slower due to the size of the organization. Cross-Functional Collaboration: While encouraged, it may face occasional resistance due to siloed structures. Competitive Progression: Career advancement can be competitive in certain departments.",3,,,current,0,0,0,0,0,,,1,0,https://malaysia.indeed.com/cmp/Ocbc-3/reviews
74,United Overseas Bank,23/5/2025,"While the job offered some valuable learning experiences, the overall environment at UOB Bank—particularly post-Citi Bank migration—was demoralizing.","A typical day was fast-paced, handling high volumes of customer issues with tight performance targets. I learned to manage pressure, improve my communication skills, and adapt quickly especially after the Citi Bank migration. Unfortunately, management was unresponsive and showed little concern for employee well-being. The culture was heavily politicized, with favoritism and internal politics often overshadowing merit and hard work. There was no work-life balance, and internal politics were overwhelming. Citi staff were treated poorly after the transition, which made things even harder. The hardest part was staying motivated in a toxic environment. The best part was helping customers and resolving their issues—it gave a real sense of accomplishment. Overall, not a supportive place to grow long-term.",2,Senior Executive Officer,Kuala Lumpur,former,2,3,2,1,1,,,1,0,https://malaysia.indeed.com/cmp/United-Overseas-Bank/reviews
75,Public-Bank-Berhad,22/5/2025,Good bonus and benefit,Good bonus and benefit. For career growth depends on department and bosses. They easily hire fresh grad. No work life balance and they will pressure you all the time,3,Assistant manager,Kuala Lumpur,current,1,5,3,3,3,Benefit and bonus,Office politics,1,0,https://malaysia.indeed.com/cmp/Public-Bank-Berhad/reviews
76,Public-Bank-Berhad,16/5/2025,Best,Traditional type of work experience. Good place to learn for fresh. Typical corporate company with a lot of procedures and ethics that you need to follow.,5,,,current,0,0,0,0,0,,,1,0,https://malaysia.indeed.com/cmp/Public-Bank-Berhad/reviews
77,Public-Bank-Berhad,14/5/2025,Best,"What is the work environment and culture like at the company? The company has a fast-paced and high-performance work culture that challenges you to grow. While expectations are high, it encourages resilience and strong work ethics. It’s a place where dedication and hard work are key to success. What is a typical day like for you at the company? A typical day is dynamic and fast-moving, with everyone focused and efficient. There's always something happening, which keeps the work engaging and helps sharpen multitasking and time management skills",5,Sales,Johor Bahru,former,0,0,0,0,0,,,1,0,https://malaysia.indeed.com/cmp/Public-Bank-Berhad/reviews
78,HSBC,13/5/2025,Fun place to work,"best work environment, encourage speak-up culture, management and colleagues are friendly and helpful. Learn a lot from them. The staff benefits were good.",5,CCSS Senior Team Manager,Kuala Lumpur,former,4,5,5,5,5,strong staff engagement,Remuneration not as expectation,1,0,https://malaysia.indeed.com/cmp/HSBC/reviews
79,RHB Bank Berhad,7/5/2025,Good for fresh grad,"Good environment, good salary, will give u experience, but compared to other commercial bank, rhb is like medium. Not many clients will prefer rhb. The name is not top.",4,Business development manager,Penang,former,0,0,0,0,0,,,1,0,https://malaysia.indeed.com/cmp/Rhb-Bank-Berhad/reviews
80,RHB Bank Berhad,7/5/2025,Not bad,Overall not bad. Lack increment and bonus. Working hour not flexible. Not good to stay for a long time. Working environment can be improved. Team members are good.,3,clerk,Selangor,former,0,0,0,0,0,,,1,0,https://malaysia.indeed.com/cmp/Rhb-Bank-Berhad/reviews
81,maybank,6/5/2025,"Department-dependent, decent experience","My internship experience was okay overall. It really depends on which department you’re placed in—if you end up in the right one, it’s easier to fit in and there’s a better chance of getting absorbed into the company. The allowance was given based on the number of days you worked, which might not work for everyone expecting a fixed monthly pay. Honestly the people in my team are nice, but in terms of workloads there weren’t much that interns are allowed to do as it is customer’s privacy matters.",3,Internship Trainee,Menara Maybank,former,0,0,0,0,0,,,1,0,https://malaysia.indeed.com/cmp/Malayan-Banking-Berhad-(maybank)/reviews
82,Cimb-Group,5/5/2025,"Learn a lot, good managers","The work environment is fast-paced, with supportive senior colleagues and ample opportunities to learn. However, the role requires a significant amount of self-directed learning. Overall, it provides a valuable experience for fresh graduates to develop their skills and grow their careers",5,Intern,,former,0,0,0,0,0,,,1,0,https://malaysia.indeed.com/cmp/Cimb-Group/reviews
83,Ocbc,5/5/2025,High inbound rate and very stressful,"As a fresh grad I thought would capable to learn something , but they failed my expectations, too stressful and unable to handle it, very very lousy management",2,Contact Center Representative,Malaysia,former,0,0,0,0,0,,,1,0,https://malaysia.indeed.com/cmp/Ocbc-3/reviews
84,Ocbc,1/5/2025,Good experience,Good experience Various benefits and care on employee. Have 7 days block leave every year to get away from work. Many other benefits for claim as well and,5,,,former,0,0,0,0,0,,,1,0,https://malaysia.indeed.com/cmp/Ocbc-3/reviews
85,Cimb-Group,23/4/2025,Mid,"I interned at CIMB Bank hoping for a dynamic learning experience, but overall, it fell short of expectations. Most of my time was spent on repetitive, low-impact assignments that didn’t contribute much to my growth or understanding of the banking sector.",2,Intern,KL Sentral,former,0,0,0,0,0,,,1,0,https://malaysia.indeed.com/cmp/Cimb-Group/reviews
86,HSBC,18/4/2025,Productive and fun workplace,"My internship experience has been incredibly rewarding. I had the chance to work on real-world projects, apply my skills, and learn from talented professionals. The team was supportive and always willing to offer guidance, helping me grow both personally and professionally. I gained valuable insights into marketing and developed a stronger foundation for my career. Overall, this experience has been enriching, and I’m grateful for the opportunity to have been part of such a dynamic environment.",4,Intern,,former,0,0,0,0,0,,,1,0,https://malaysia.indeed.com/cmp/HSBC/reviews
87,United Overseas Bank,16/4/2025,No work life balance,No work life balance Pay is high Stressful working place Good benefit Politic environment Annual leave a lot Manager stress Long working hour Good place to learn,2,,,former,0,0,0,0,0,,,1,0,https://malaysia.indeed.com/cmp/United-Overseas-Bank/reviews
88,Public-Bank-Berhad,12/4/2025,Intense pressure & high expectations,Intense pressure & high expectations. Very Chinese man and traditional way of approaching work. Expected to OT everday and even on weekends without getting paid OT.,2,Credit Analyst,Sarawak,current,0,0,0,0,0,,,1,0,https://malaysia.indeed.com/cmp/Public-Bank-Berhad/reviews
89,Public-Bank-Berhad,11/4/2025,Not a good choice,"I am currently working there as a Management Trainee, i find it even in a week it is too overwhelming. The management is on another whole different level, they tend to stick with the paper based era whereas people are going towards technologies. I would say run while you can, there is no good employee welfare, pantry is provided but not with food, works are expected to be learnt in one go despite learning phase. Superiors are just not very welcoming, there is this heavy aura around them. Working here means forgetting of going back on time, the very first day itself the manager told me "" here i don't want people to go back on time"" usual working time is from 08:45 am to 5:45pm but you are required to work more but none is claimable. Basically speaking no one goes back on time sharp 05:45pm. Overall the management and the way they handle the process of everything is super old school, they still have typewriters to write on vouchers. therefore, explore other firm or field this place is not recommended for the sake of sanity.",2,Management Trainee,Pahang,current,0,0,0,0,0,,,1,0,https://malaysia.indeed.com/cmp/Public-Bank-Berhad/reviews
90,Cimb-Group,10/4/2025,Fun,great place to work and grow. Superior guidance all the time. Great benefits. Nice working environment and space. Flexible working hours. Cons - distance,5,Manager,,former,0,0,0,0,0,,,1,0,https://malaysia.indeed.com/cmp/Cimb-Group/reviews
91,RHB Bank Berhad,6/4/2025,good environment and supportive,"No increment, not offered as permanent position even though work more than 3years, low benefit. It is not wrong to use the offer contract thru agency but if the employee already work more than 1 year with a good results, offer them permanent position.",3,collection officer,,current,0,0,0,0,0,,,1,0,https://malaysia.indeed.com/cmp/Rhb-Bank-Berhad/reviews
92,HSBC,29/3/2025,Experience Raw Adulting,"Bosses with mood swings, low salary, terrible growth opportunities BUT an opportunity to also learn about banking systems and its SOPs? Look no further! HSBC is here :)",2,Customer Service Representative,Cyberjaya,former,0,0,0,0,0,,,1,0,https://malaysia.indeed.com/cmp/HSBC/reviews
93,Public-Bank-Berhad,28/3/2025,Profesional Environment,"Didnt work here, but got the chances to be interviewed but unfortunately, it didnt goes really well. The interview process was nice tho, the hr seems professional. They call u right after seeing ur resume",4,,,former,0,0,0,0,0,,,1,0,https://malaysia.indeed.com/cmp/Public-Bank-Berhad/reviews
94,RHB Bank Berhad,23/3/2025,Flexible working mode,The trust is given by allowing you to empower the action to complete your work & you are able to work from home. I hope for a better insurance benefit for dependents & salary base.,4,,,current,0,0,0,0,0,,,1,0,https://malaysia.indeed.com/cmp/Rhb-Bank-Berhad/reviews
95,Public-Bank-Berhad,20/3/2025,High expectation and workload,"Pros: Bonus and increment consistently high every year medical benefits great teammates, almost no politics Cons: 1 person would do jobs of 3 people at other banks Expected to learn on the go old tech and equipment",4,Assistant Manager,Kuala Lumpur,current,0,0,0,0,0,,,1,0,https://malaysia.indeed.com/cmp/Public-Bank-Berhad/reviews
96,Cimb-Group,15/3/2025,Gap between newbie and managers,"I used to work at CIMB as financial analyst, working environment is fine but somehow I saw that everyone is trying really hard to appeal bosses which",3,,,former,0,0,0,0,0,,,1,0,https://malaysia.indeed.com/cmp/Cimb-Group/reviews
97,maybank,13/3/2025,Good benefits,"Pro Good benefits to employee-insurance,bonus,allowances,increment,epf, staff loan, building facilities Cons Promoted next grade slow Too many expatriates",5,IT,Menara Maybank,former,0,0,0,0,0,,,1,0,https://malaysia.indeed.com/cmp/Malayan-Banking-Berhad-(maybank)/reviews
98,Public-Bank-Berhad,7/3/2025,A good company to start with in banking line,"Working at Public Bank Berhad can be a rewarding yet demanding experience, especially in the fast-paced environment of a commercial bank. Like most banks, the workload can be overwhelming, with employees often expected to handle multiple responsibilities, tight deadlines, and high-performance targets. Long working hours are common, particularly in departments such as sales, credit analysis, and customer service. However, this is considered the norm in the banking industry, where efficiency and accuracy are crucial. One of the key factors that can make the experience more enjoyable is having supportive and competent teammates. A good team can help ease the workload, provide guidance, and create a positive work environment, making it easier to manage stress. Public Bank is known for its structured work culture, and employees who can adapt to its disciplined and customer-focused approach tend to succeed. Overall, while the job can be challenging, it offers stability, career growth opportunities, and valuable banking experience. Employees who thrive under pressure and enjoy teamwork may find Public Bank a good place to build a long-term career.",4,Credit Analyst,Kuala Lumpur,former,0,0,0,0,0,,,2,20,https://malaysia.indeed.com/cmp/Public-Bank-Berhad/reviews?start=20
99,maybank,3/3/2025,Great for experience,"Maybank is a good place for fresh graduate, a lot you can learn and develop here. However, there is no work life balance that may make you exhausted. Need to always on standby mode.",4,Protege,Kuala Lumpur,former,0,0,0,0,0,,,1,0,https://malaysia.indeed.com/cmp/Malayan-Banking-Berhad-(maybank)/reviews
100,United Overseas Bank,25/2/2025,Staff Experience,"Poor management and leadership, with a lack of recognition for employees who go above and beyond their regular duties. During bonus and increment cycles, staff handling only BAU tasks often receive higher total compensation than those who take on additional responsibilities. Moreover, there is a lack of transparency in the compensation distribution process. Favoritism from both leadership and HRBP influences career growth, resulting in the same individuals receiving promotions every 2–3 years, while others are overlooked. Despite implementing 360-degree feedback and the Employee Engagement Survey (EES), employee concerns remain unaddressed. The work environment is highly political and toxic, with poor work-life balance. The recent acquisition of Citi’s business appears to have been poorly managed, leading to a hiring freeze post-merger. As a result, employees are now handling workloads far beyond their capacity, yet compensation remains minimal, with low increments and bonuses. While it is understandable that the bank must demonstrate profitability to shareholders, it is crucial to acknowledge the efforts of employees who drive this success.",1,Senior Executive,Kuala Lumpur,former,0,0,0,0,0,,,1,0,https://malaysia.indeed.com/cmp/United-Overseas-Bank/reviews
101,Cimb-Group,24/2/2025,Good place to start your finance entry level career,"Good benefits such as maternity, healthcare, dental, optical, etc. Environment health depends on your manager and other staffs. Good start to learn to be a banker. Incentives are small compared to other banks.",3,PFC,Sarawak,current,0,0,0,0,0,,,1,0,https://malaysia.indeed.com/cmp/Cimb-Group/reviews
102,Ocbc,23/2/2025,Best place to have an internship,"HR is so helpful, usually remain in the company after internship. Everyone is welcoming and even the ceo are greeting interns in a friendlt manner. Best learning experience.",5,Intern,Kuala Lumpur,former,0,0,0,0,0,,,1,0,https://malaysia.indeed.com/cmp/Ocbc-3/reviews
103,Cimb-Group,17/2/2025,fun workplace,"fun, nice, chill workplace, sometimes stressful, Good for Union Staff (Low Rank Position Fixed annual increment and salary adjustment every year, however amount is small",3,Admin,Kuala Lumpur,former,0,0,0,0,0,,,1,0,https://malaysia.indeed.com/cmp/Cimb-Group/reviews
104,Public-Bank-Berhad,14/2/2025,no work life balance,not recommended for those who didnt know handle their stress. they can be crazy to meet up their kpi. those fresh graduate who want to work here need to have strong physical and mental to sustain in a long run.,3,Senior Exec,Maluri,former,0,0,0,0,0,,,2,20,https://malaysia.indeed.com/cmp/Public-Bank-Berhad/reviews?start=20
105,Bank-Rakyat,13/2/2025,Good,"During my internship at Bank Rakyat, I had the opportunity to gain practical experience in one of Malaysia's leading cooperative banks. I was involved in various aspects of banking operations, such as customer service, handling financial products, and administrative support. This experience allowed me to enhance my communication, teamwork, and problem-solving skills while learning from experienced professionals. It provided me with valuable insights into the cooperative banking sector and contributed significantly to my personal and professional development.",5,Executive,Kuala lumpur,current,0,0,0,0,0,,,1,0,https://malaysia.indeed.com/cmp/Bank-Rakyat/reviews
106,United Overseas Bank,11/2/2025,Great company to work for,Good company to work for. Great benefits and team. Sufficient AL provided. Unlimited health benefits. Flex care provided with more than 10 categories claimable,4,Senior Officer,Kuala Lumpur,current,0,0,0,0,0,,,1,0,https://malaysia.indeed.com/cmp/United-Overseas-Bank/reviews
107,Public-Bank-Berhad,9/2/2025,Good pay,"Good pay and bonus. Team members also nice . But in sale, have to deal with a lot of pressure. Everything is manual and use a lot of paper. Good for fresh graduate to take experience",3,Sale Executive,Perak,former,0,0,0,0,0,,,2,20,https://malaysia.indeed.com/cmp/Public-Bank-Berhad/reviews?start=20
108,maybank,6/2/2025,Ok,Good environment good workplace excellent customer care service able to deliver customer satisfaction with care. Career enhancing and good vibes. Really enjoyed,5,Executive,Shah Alam,current,5,5,5,5,5,No,No,1,0,https://malaysia.indeed.com/cmp/Malayan-Banking-Berhad-(maybank)/reviews
109,United Overseas Bank,6/2/2025,Great environment but poor management,"Colleagues are supportive and helpful but management is poor. Impose very strict and lousy rules and most of the time, very pushy and keep forcing staffs to perform OTs.",3,Banking Officer,Kuala Lumpur,former,0,0,0,0,0,,,1,0,https://malaysia.indeed.com/cmp/United-Overseas-Bank/reviews
110,United Overseas Bank,4/2/2025,A bit challenging,fun workplace if got some friends shift schedule rotate every two weeks good team leader training sometime not enough time good salary and benefit OT they paid salary on time,4,customer service officer,Kuala Lumpur,former,0,0,0,0,0,,,1,0,https://malaysia.indeed.com/cmp/United-Overseas-Bank/reviews
111,United Overseas Bank,20/1/2025,Best place to learn new things but low pay basic salary,'-Good vibe working here but the basic salary that this company offer was to low. -The workload that you must do was not worth it by the salary offer - Have nice benefit compare to other company,3,Sales executive,Kuala Lumpur,current,0,0,0,0,0,,,1,0,https://malaysia.indeed.com/cmp/United-Overseas-Bank/reviews
112,United Overseas Bank,18/1/2025,Productive and fun workplace,So far so good. No complaint. Good colleagues and the task can be conducted efficiently. Everyday supply of snacks in the pantry. I love the office environment where it has provided some entertainment space for fun & release stress.,4,Compliance,Kuala Lumpur,former,0,0,0,0,0,,,1,0,https://malaysia.indeed.com/cmp/United-Overseas-Bank/reviews
113,Cimb-Group,15/1/2025,Fun,"Fun and good, environment is OK. Working at CIMB Bank offers a range of experiences, Learning Opportunities: can develop new skills and advance the career",3,Executive,Malaysia,former,0,0,0,0,0,,,1,0,https://malaysia.indeed.com/cmp/Cimb-Group/reviews
114,HSBC,1/1/2025,Fun workplace,"Fun place to work at. Superiors r very helpful and knowledgeable. The food at the cafe is so good. Many facilities provided, gym, game room etc workloads r manageable",4,Customer Service Representative,Cyberjaya,former,0,0,0,0,0,,,1,0,https://malaysia.indeed.com/cmp/HSBC/reviews
115,maybank,24/12/2024,good place to work,"Great Work Environment: Employees often mention the inclusive and collaborative culture at Maybank. There is a strong sense of teamwork, and people enjoy working in a diverse, respectful, and supportive environment. Work-Life Balance: Many reviews highlight the company's efforts to maintain a good work-life balance. Employees appreciate the flexibility in working hours, the option for remote work (in some roles), and generous leave policies. Career Growth Opportunities: Maybank is known for offering career advancement opportunities. Employees often note that the company invests in their professional development, with various training programs and mentorship opportunities available to support career progression. Employee Benefits: Benefits packages are another strong point. Maybank offers competitive compensation, health insurance, retirement benefits, and wellness programs. Employees value these perks, which contribute to their overall job satisfaction. Leadership and Management: Many employees appreciate the approachable leadership at Maybank, noting that management is supportive and values open communication. The company fosters a culture of feedback, which helps employees feel heard and valued.",4,security engineer,kuala lumpur,current,0,0,0,0,0,,,1,0,https://malaysia.indeed.com/cmp/Malayan-Banking-Berhad-(maybank)/reviews
116,Cimb-Group,23/12/2024,Multitasking and workload,"have to do multitasking task , work long hours sometimes to work over the weekend. tracker in place to track everyone’s task. a lot of meetings. sometimes back to back meetings.",3,ORM,Kuala Lumpur,current,0,0,0,0,0,,,1,0,https://malaysia.indeed.com/cmp/Cimb-Group/reviews
117,RHB Bank Berhad,19/12/2024,Okay averagely,Normal working hours but beed to work weekends with no overtime pay at all. Commisions are ok but lower than other banks. Would be nice to have help from top management for new staff,3,Executive,Kuala Lumpur,former,0,0,0,0,0,,,1,0,https://malaysia.indeed.com/cmp/Rhb-Bank-Berhad/reviews
118,RHB Bank Berhad,18/12/2024,Got good,Dont really like the benefits they offer especially in terms of commision. They would claw back 20% of the comm and only give it to u after 1 year. Its a way for them to hold their staff to not resign.,2,Sales consultant,Sabah,former,0,0,0,0,0,,,1,0,https://malaysia.indeed.com/cmp/Rhb-Bank-Berhad/reviews
119,Cimb-Group,16/12/2024,Productive & Good Place to learn,"It is a very good company to start your career with great salary package for fresh graduates. I learnt a lot during my time in CIMB, however the KPI target just keep getting higher and you need to work harder to achieve the KPI.",5,Junior Relationship Manager,Johor Bahru,former,0,0,0,0,0,,,2,20,https://malaysia.indeed.com/cmp/Cimb-Group/reviews?start=20
120,RHB Bank Berhad,16/12/2024,Fun workplace,"The location is near the public access which is good, training and script is given and the colleague is helpful. The every single day work is basically the have same routine.",4,Collector,Asajaya,former,0,0,0,0,0,,,1,0,https://malaysia.indeed.com/cmp/Rhb-Bank-Berhad/reviews
121,United Overseas Bank,8/12/2024,Will find a good friend. Everyone will fell the same as you. But overall very bad Team Leader manager. Always pass the job back to you,"If you fresh graduate and want to learn a new skill. Please try this position as you will improve you thinking skill and communication skill. Don't push yourself to hard, but learn and try to slowly to improve your future. Good to try as probation only hahaha. Anyways I find many good friends.",2,CONTACT CENTER,Kuala Lumpur,former,3,4,2,1,1,Have graduate and certification if pass the exam and roleplay,Only give short break,1,0,https://malaysia.indeed.com/cmp/United-Overseas-Bank/reviews
122,maybank,28/11/2024,Very productive,Maybank offers a fun and healthy work environment where employees were able to work and strive to be better everyday. The employees were very supportive.,5,CSR - Customer Service Representative,Perak,former,0,0,0,0,0,,,1,0,https://malaysia.indeed.com/cmp/Malayan-Banking-Berhad-(maybank)/reviews
123,United Overseas Bank,25/11/2024,"Fast paced, great opportunity but no career growth",Good working enviroment but no promotion. Had to leave after 1 year contract. Also micromanagement exist when manager only trust the leader not knowing the real problem from colleague.,3,Contract Officer,Kuala Lumpur,former,0,0,0,0,0,,,1,0,https://malaysia.indeed.com/cmp/United-Overseas-Bank/reviews
124,Cimb-Group,18/11/2024,Performance-driven Culture,"With a fast-moving performance-based work culture, I was trained to work smart, fast and deliver work accurately. Try to test your limit in this environment of long working hours and extensive work load. If you adapt to it, you can excel in many workplaces.",5,Investment Banking Analyst,Kuala Lumpur,former,0,0,0,0,0,,,2,20,https://malaysia.indeed.com/cmp/Cimb-Group/reviews?start=20
125,bank islam,14/11/2024,Good experience,"I had a great experience working at Bank Islam. The environment was collaborative and supportive, with a strong focus on both employee development and customer satisfaction. The leadership team was approachable, and there were many opportunities to grow and learn within the organization. I especially appreciated the structured training programs and the emphasis on teamwork, which helped me develop valuable skills in financial services and customer relations. Overall, Bank Islam is an excellent place to work if you’re looking for a dynamic, professional, and rewarding workplace",4,Staff,Kuala Lumpur,former,0,0,0,0,0,,,1,0,https://malaysia.indeed.com/cmp/Bank-Islam/reviews
126,RHB Bank Berhad,9/11/2024,Banking Culture,Working as Collector is hard as doing Sales for bank. They offered a contract position. Even top performer is hard to secure a permanent position. You need to achieved all the monthly target so you can stay respected. Need to stay back without paying OT. Because they are paying commission if you hit the monthly target.,3,Recovery Officer (WOWD),Kuala Lumpur,former,1,3,2,3,4,Good Environment for fresh grads.,Need to stay back without pay OT.,1,0,https://malaysia.indeed.com/cmp/Rhb-Bank-Berhad/reviews
127,Public-Bank-Berhad,28/10/2024,Good benefits,Bonus and increment are definitely the best in the market. Workload OK depending on the team and bosses. Turn based style promotions. Annual leaves and Mc good,4,Assistant Manager,Malaysia,current,0,0,0,0,0,,,2,20,https://malaysia.indeed.com/cmp/Public-Bank-Berhad/reviews?start=20
128,RHB Bank Berhad,28/10/2024,"have experience deal with customer, quality management and time handling.","What is the best part of working at the company? They provided staff engagement event and activities What is the most stressful part about working at the company? Must to find customer salary basic above 3k to get better achievement but in kedah and penang most workers basic 1.5k What is the work environment and culture like at the company? a positive workplace culture is one that is built on meaningful work, open communication, and core values. What is a typical day like for you at the company? On my average day of work, I start the day off by checking my emails. This way, I can reply to clients and get everything organized at the start of the day. I then look over my to-do list and get started on the day that have my top priority.",3,Assistant Sales Manager,Perai,former,0,0,0,0,0,,,1,0,https://malaysia.indeed.com/cmp/Rhb-Bank-Berhad/reviews
129,Cimb-Group,23/10/2024,harmony workplace,the good place to enhance skill in ur career in financial institutions . if ur fresh graduate just try to gain experience . just give ur base on your job,5,FSC,Sarikei,current,0,0,0,0,0,,,2,20,https://malaysia.indeed.com/cmp/Cimb-Group/reviews?start=20
130,HSBC,23/10/2024,Flexible hybrid,"Hybrid working. 3day office, 2 days wfh. Can choose which day in a week. Got gym, game room, hot desking must book desk so can choose desk wherever u want to sit",4,Assiatant Manager,Kl,current,0,0,0,0,0,,,1,0,https://malaysia.indeed.com/cmp/HSBC/reviews
131,RHB Bank Berhad,20/10/2024,Workplace and culture are very good,What is the best part of working at the company? Good environment and management What is the most stressful part about working at the company? Nothing stressful for me. I take has a challenge and enhance my work skill. What is the work environment and culture like at the company? The staff and taller very helpful and good place to enhance skill and also good for your career What is a typical day like for you at the company? Wednesday because every Wednesday is a briefing day,5,Personal Financial Consultant,Kuala Lumpur,current,0,0,0,0,0,,,2,20,https://malaysia.indeed.com/cmp/Rhb-Bank-Berhad/reviews?start=20
132,Public-Bank-Berhad,16/10/2024,Benefit wise and working like servant.,"What is the best part of working at the company? The remunerations given are very beneficial especially for holiday leave and medical benefit. What is the most stressful part about working at the company? Unreasonable workload. No work-life balance. You have to give full commitment to this organisation even in weekend especially when you are involve in marketing scope. What is the work environment and culture like at the company? Work like dog, work until you die, no one gonna appreciate you. What is a typical day like for you at the company? It was hectic working. Everyone walking like super flash, too much work to be settle.",3,Senior Sales & Marketing Executive,Johor Bahru,former,0,0,0,0,0,,,2,20,https://malaysia.indeed.com/cmp/Public-Bank-Berhad/reviews?start=20
133,RHB Bank Berhad,15/10/2024,Flexible working hour,Fast and Easy interview and hiring process Flexible working hour as sales person Friendly Colleague Low commission compare to other banks Slow system for loan submission,1,Mortgage Consultant,Selangor,former,0,0,0,0,0,,,2,20,https://malaysia.indeed.com/cmp/Rhb-Bank-Berhad/reviews?start=20
134,RHB Bank Berhad,13/10/2024,Challenging environment,Pros:- - Able to develop relevant experience - Friendly colleagues - Plenty of trainings for sales staff Cons:- - Micromanage on daily basis - Management practice favouritism - Subpar bonuses,3,Account Relationship Manager,Malaysia,current,0,0,0,0,0,,,2,20,https://malaysia.indeed.com/cmp/Rhb-Bank-Berhad/reviews?start=20
135,Public-Bank-Berhad,11/10/2024,Good place to learn,Benefit: Intern can learn a lot of knowledge and skills here. The salary pay on time. Challenge: The working is quite stressful. Need to adopt quickly in working,4,HR,Johor,former,0,0,0,0,0,,,2,20,https://malaysia.indeed.com/cmp/Public-Bank-Berhad/reviews?start=20
136,Public-Bank-Berhad,11/10/2024,Good salary,"Public sector banks are known for offering stable and attractive salary packages, making them a popular choice for individuals seeking long-term career opportunities. While the salary structure varies based on the position and level of experience, public bank employees typically enjoy competitive pay scales that are often revised based on recommendations from government pay commissions. A key advantage is the inclusion of various allowances such as housing rent allowance (HRA), dearness allowance (DA), and special allowances. In addition to the fixed salary, public bank employees also receive additional perks like medical benefits, pension schemes, and paid leave. Bonuses and annual increments are also part of the compensation structure, making it financially rewarding over time. The salary in public banks may not be as high as in private sector banks initially, but the long-term financial security, work-life balance, and other benefits make public banks a desirable option for many. Additionally, public bank employees often have more structured career paths, including promotional avenues that lead to higher pay grades and responsibilities.",4,Business analyst,Kuala Lumpur,former,0,0,0,0,0,,,2,20,https://malaysia.indeed.com/cmp/Public-Bank-Berhad/reviews?start=20
137,maybank,6/10/2024,Great place to kickstart your career,"A typical day is fast-paced, full of learning opportunities. Great management, supportive culture. Hardest part: tight deadlines. Best part: teamwork!",5,Executivee,Kuala Lumpur,current,3,4,5,4,5,The people,,1,0,https://malaysia.indeed.com/cmp/Malayan-Banking-Berhad-(maybank)/reviews
138,United Overseas Bank,6/10/2024,Workplace,Please don’t work here this company is really give a mental health issue and they will demand you to pay 2500 for this job who have slow system and everything look old. I regret joining them. Try other company,1,Customer service officer,Kuala Lumpur,former,1,1,1,1,1,,,1,0,https://malaysia.indeed.com/cmp/United-Overseas-Bank/reviews
139,maybank,5/10/2024,Fun place,A lot people that you can meet. Salary is quite ok but not too fancy. Bonus can be down to 2 months. But usually is 3 months. Management will be depends on your manager,4,Senior developer,Kuala Lumpur,current,0,0,0,0,0,,,1,0,https://malaysia.indeed.com/cmp/Malayan-Banking-Berhad-(maybank)/reviews
140,United Overseas Bank,4/10/2024,Worst management,"Bad management and worst banking system i had ever work for. The lunch break is on 45 minutes, short break applicable only 15 minutes, the management syok sendiri!",1,Customer Service Officer,Kuala Lumpur,former,1,5,5,1,1,Unlimited medical coverage,"Short break, management suck",1,0,https://malaysia.indeed.com/cmp/United-Overseas-Bank/reviews
141,Public-Bank-Berhad,3/10/2024,Bad corporate culture with good benefits,Last time staff needed to perform for annual dinners if selected. No option for you to reject. I heard it is different now but despised the cult-like annual dinners. Good thing are the benefits like AL and bonus.,2,Senior Credit Officer,Kuala lumpur,former,0,0,0,0,0,,,2,20,https://malaysia.indeed.com/cmp/Public-Bank-Berhad/reviews?start=20
142,Cimb-Group,2/10/2024,Challenging enviroment,High turnover rate and role was not as described. Ended up working 12 hours most days and weekends too. Benefits were below average. But bonus is pretty good. around 6 months,2,Economist,Kuala Lumpur,current,0,0,0,0,0,,,2,20,https://malaysia.indeed.com/cmp/Cimb-Group/reviews?start=20
143,Public-Bank-Berhad,2/10/2024,"KPI too high, but benefit all great","Branch environment is good, got to know and work together with new people. Benefit and salary also good, but the kpi is too high for even for staff thats in under probation.",4,Senior Financial Executive,Perak,current,0,0,0,0,0,,,2,20,https://malaysia.indeed.com/cmp/Public-Bank-Berhad/reviews?start=20
144,RHB Bank Berhad,1/10/2024,Amazing Place To Work,A typical work place with great colleagues and manager in guiding the work flow. Salary was on par on the position applied. Benefits were great for big company.,5,PERSONAL BANKER BANCASSURANCE,Kuching,former,0,0,0,0,0,,,2,20,https://malaysia.indeed.com/cmp/Rhb-Bank-Berhad/reviews?start=20
145,maybank,29/9/2024,ok to work,the working enviroment depends on the department. Good paying company and work life balance. the work is stress and if u can handle then you can work here,3,protege,menara maybank,current,0,0,0,0,0,,,2,20,https://malaysia.indeed.com/cmp/Malayan-Banking-Berhad-(maybank)/reviews?start=20
146,Public-Bank-Berhad,29/9/2024,No worklife balance,"No worklife balance, prepare to work overtime without extra pay. Management is toxic, they do not care about your concerns. It was a very bad experience.",1,Senior Executive,Selangor,former,0,0,0,0,0,,,2,20,https://malaysia.indeed.com/cmp/Public-Bank-Berhad/reviews?start=20
147,maybank,26/9/2024,Fun and new experience. Fresh,The best experience ever. Learnt a lot of new stuff and get a lot of help from higher ups regarding the work scope. Easy to apply. Able to learn about market,5,Assistant remisier,Bangsar,former,0,0,0,0,0,,,2,20,https://malaysia.indeed.com/cmp/Malayan-Banking-Berhad-(maybank)/reviews?start=20
148,bank islam,25/9/2024,Best colleagues but bad upper management,"Day to day work very easy, but need to be careful due to working with money after all. Bosses not supportive at all and keep pressure us without listen to our opinions.",3,Junior Sales,KLIA,former,0,0,0,0,0,,,1,0,https://malaysia.indeed.com/cmp/Bank-Islam/reviews
149,HSBC,25/9/2024,Fast Pace,"Its a fast pace environment, we start to move in sale’s instead of solely giving service and it become challenging to reaching target every month. It depands on the team you in. If you love to give service the job will be fun and enjoyable. No much time to have a talk with colleague due to call que most of the time.",4,Contact Center Representative,Kuala Lumpur HQ,current,0,0,0,0,0,,,1,0,https://malaysia.indeed.com/cmp/HSBC/reviews
150,RHB Bank Berhad,25/9/2024,Engaging and Challenging,"With thorough guidance and resilient, every job made possible. The culture can be improved with good leader and cooperation. Initiatives for better working environment should be implimented.",4,Intern/Trainee,Kuala Lumpur,former,0,0,0,0,0,,,2,20,https://malaysia.indeed.com/cmp/Rhb-Bank-Berhad/reviews?start=20
151,United Overseas Bank,25/9/2024,Overall ok,'- can be very stress if you can't hit the sales target - usually will stay until 7pm ++ to do cold calling - need to attend branch morning briefing every day - company willing to provide training to staffs to help us to development softskills - salary at average & quite many campaigns for staff to earn commision,4,Personal Banker,Malaysia,former,0,0,0,0,0,,,1,0,https://malaysia.indeed.com/cmp/United-Overseas-Bank/reviews
152,Public-Bank-Berhad,20/9/2024,good salary,"pb has a lot of benefits. good for fresh grad that wants to pursue career in financial sector. you'll learn more about it here at pb, staff are friendly",3,management trainee,Kuala Lumpur,former,0,0,0,0,0,,,2,20,https://malaysia.indeed.com/cmp/Public-Bank-Berhad/reviews?start=20
153,bank islam,18/9/2024,Fun workplace,"Learning Experience: Gain a deep understanding of Islamic finance principles and practices. Professional Development: Opportunities for skill-building through workshops and mentorship. Networking: Connect with professionals in the banking industry, which can be beneficial for future career opportunities.",5,Internship,Kuala Lumpur,former,0,0,0,0,0,,,1,0,https://malaysia.indeed.com/cmp/Bank-Islam/reviews
154,HSBC,18/9/2024,Great networking but bad management,Great networking but bad management. Chnage the commisioning structure without prior notice. Pushes us to the limit but suddenly change the comissioning structure,2,Advance Relationship Manager,Kulai,former,1,2,2,1,2,,,1,0,https://malaysia.indeed.com/cmp/HSBC/reviews
155,United Overseas Bank,17/9/2024,Productive,"Corporate style with multiple hierarchy, you get to survive if you have a strong mentality to cope stress. Stability is there just that need to work hard and sometimes luck.",4,Sales Executive,Kuala lumpur,former,0,0,0,0,0,,,1,0,https://malaysia.indeed.com/cmp/United-Overseas-Bank/reviews
156,United Overseas Bank,12/9/2024,Good environment,"Most people here are around your age so you’ll definitely be able to get along with everyone there. High salary, especially for fresh graduates who intend to work here",3,Customer Service Operator,Ampang,current,0,0,0,0,0,,,2,20,https://malaysia.indeed.com/cmp/United-Overseas-Bank/reviews?start=20
157,Bank-Rakyat,9/9/2024,Fun and supportive workplace,"During my internship at Bank Rakyat, I had the opportunity to gain practical experience in one of Malaysia's leading cooperative banks. I was involved in various aspects of banking operations, such as customer service, handling financial products, and administrative support. This experience allowed me to enhance my communication, teamwork, and problem-solving skills while learning from experienced professionals. It provided me with valuable insights into the cooperative banking sector and contributed significantly to my personal and professional development.",5,Internship,Kuala Lumpur,former,0,0,0,0,0,,,1,0,https://malaysia.indeed.com/cmp/Bank-Rakyat/reviews
158,HSBC,6/9/2024,Fun workplace and good colleagues,Busy and stressful sometimes but got good colleagues that can help from time to time. I learned a lot from here as we need to work as a team to ensure to move forward and excel together,5,MANAGER,Kuala Lumpur,former,0,0,0,0,0,,,1,0,https://malaysia.indeed.com/cmp/HSBC/reviews
159,RHB Bank Berhad,28/8/2024,a good start for fresh grad who are willing to work under stress,work under minimal supervision as long as you are able to hit the KPI set by the management good manager and supervisor makes my work easier as they are willing to help me seek for approval with cases that require higher up to issue,4,Business development executive,Sarawak,current,0,0,0,0,0,,,2,20,https://malaysia.indeed.com/cmp/Rhb-Bank-Berhad/reviews?start=20
160,bank islam,27/8/2024,workplace culture,"as we all grew older, the first impression of ourselves is important when dealing with our client. but somehow i found some of workers loves to overdressed and indifference dress etiquette, also give a bad impression to the company.",3,credit,Sungai Dua,former,0,0,0,0,0,,,1,0,https://malaysia.indeed.com/cmp/Bank-Islam/reviews
161,Public-Bank-Berhad,26/8/2024,Great benefit but no work life balance,"Cannot go back on time, a lot of manual work and unnecessary things. Great benefits such as annual leave, medical benefit. Should focus on tech such as fill up form online instead of using paper",3,senior executive,Kuala Lumpur,current,0,0,0,0,0,,,2,20,https://malaysia.indeed.com/cmp/Public-Bank-Berhad/reviews?start=20
162,RHB Bank Berhad,26/8/2024,Soso only,"What is the best part of working at the company? Among colleagues ok, management not good What is the most stressful part about working at the company? HQ management and HQ support not enough What is the work environment and culture like at the company? Working environment ok, culture not so good",1,Relationship Manager,Sarawak,current,0,0,0,0,0,,,2,20,https://malaysia.indeed.com/cmp/Rhb-Bank-Berhad/reviews?start=20
163,Cimb-Group,23/8/2024,Fun mix stress,Mon - Fri Friendly environment but the workload will be more than expected due to manpower shortages. The hardest part will working hours after office hours and will always stayed late,4,Teller,Penang,former,0,0,0,0,0,,,2,20,https://malaysia.indeed.com/cmp/Cimb-Group/reviews?start=20
164,Public-Bank-Berhad,23/8/2024,Great Start but no wlb,"A good starting point for fresh graduate to start their career. The starting salary is quite good. However, the manangement keeps pushing figure which could make people feel stressful and also almost ot everyday.",4,Management Trainee,Kuala Lumpur,former,0,0,0,0,0,,,2,20,https://malaysia.indeed.com/cmp/Public-Bank-Berhad/reviews?start=20
165,Cimb-Group,21/8/2024,Management,Benefit: - Medical for self & family. Free hospitalisation. - Good friendship What you learned: - Good Communication The Hardest Part: - KPI & Do sales since slow walk in at the branch,3,Financial Services Consultant,Senai,current,0,0,0,0,0,,,2,20,https://malaysia.indeed.com/cmp/Cimb-Group/reviews?start=20
166,HSBC,20/8/2024,good place for newbies,goodplace for newbies. alot things can discover. depends on your luck if you team is positive or toxic. so far ive had good time with good manager. workload is always alot unless during low season,4,Assistant Manager,kuala lumpur,former,0,0,0,0,0,,,1,0,https://malaysia.indeed.com/cmp/HSBC/reviews
167,Public-Bank-Berhad,17/8/2024,toxic environment,"if you like to work late at night without ot, getting scold with your senior, getting push by your colleges, unproper training given by your company, then this is the job your looking for.",1,management trainee,Petaling Jaya,current,0,0,0,0,0,,,2,20,https://malaysia.indeed.com/cmp/Public-Bank-Berhad/reviews?start=20
168,RHB Bank Berhad,17/8/2024,"Happy, productive and fun workplace","What is the best part of working at the company? RHB take care of staffs and give good benefit What is the most stressful part about working at the company? Doing sales is the most stressful part What is the work environment and culture like at the company? RHB created happy and enjoy environment What is a typical day like for you at the company? At branch, meet customer and give best service to customer",5,CUSTOMER SERVICE OFFICER,Bagan Serai and Parit Buntar,former,0,0,0,0,0,,,2,20,https://malaysia.indeed.com/cmp/Rhb-Bank-Berhad/reviews?start=20
169,Public-Bank-Berhad,16/8/2024,Fast paced and have to be independent,"They'll teach you the basics, provided training and little knowledge. You need to stand on your two feet and learn as you go. Once you get the hang of it, things might be easier but always watch out for your target (KPI)",4,Financial Executive,ipoh,former,0,0,0,0,0,,,2,20,https://malaysia.indeed.com/cmp/Public-Bank-Berhad/reviews?start=20
170,HSBC,14/8/2024,Good place and good job,Good commission and fun place to work Nice and understanding management Stressful when comes to sales. Stable job and good remuneration. Overall good sales,1,Sales Executive,Kuala lumpur,former,0,0,0,0,0,,,1,0,https://malaysia.indeed.com/cmp/HSBC/reviews
171,Public-Bank-Berhad,6/8/2024,Busy but supportive work environment,A day in the Bank can be busy depending on the the day or the weekend. The week before any celebrations can be busy . Supportive colleagues around to show and guide how the job is done .,4,Management Trainee Frontline Operations,Kuala Lumpur,former,0,0,0,0,0,,,2,20,https://malaysia.indeed.com/cmp/Public-Bank-Berhad/reviews?start=20
172,maybank,2/8/2024,"no good when things happened eg, customer complaint there is no 1 to help u & support u. the company only side customer","no good when things happened eg, customer complaint there is no one to help u & support u. the company only side customer as they sacred in trouble",4,senior officer,Malaysia,former,1,5,5,1,1,benefit,no one hlp when things happened,2,20,https://malaysia.indeed.com/cmp/Malayan-Banking-Berhad-(maybank)/reviews?start=20
173,Public-Bank-Berhad,2/8/2024,Humanity and harmony environment,"What is the best part of working at the company? Good employee benefit. Performance bonus , commission scheme for sales staff , retirement benefits for all officer level .EPF benefits. What is the most stressful part about working at the company? For sales for sure is sales target.the only things is difficult to get reffaller for small branches What is the work environment and culture like at the company? Good and friendly staff , senior staff more helpful What is a typical day like for you at the company? When MCO take is the typical time for me",5,Senior Sales Executive,Pontian,former,0,0,0,0,0,,,2,20,https://malaysia.indeed.com/cmp/Public-Bank-Berhad/reviews?start=20
174,RHB Bank Berhad,2/8/2024,Good bonus,"Good bonus. Workload is manageable, although at times it can be quite heavy. Flexi working hours. Most colleagues are helpful and professional, although there will be some bad apples (which can be found in any company tbh)",5,AVP,Kuala Lumpur,former,0,0,0,0,0,,,2,20,https://malaysia.indeed.com/cmp/Rhb-Bank-Berhad/reviews?start=20
175,Ocbc,30/7/2024,A good start for fresh graduate,Colleagues were very helpful. Provide a lot of training to new joiner. Will be more compliance compare to other banks Management keeps chasing the target,3,PFC,Johor,former,0,0,0,0,0,,,1,0,https://malaysia.indeed.com/cmp/Ocbc-3/reviews
176,United Overseas Bank,29/7/2024,Productive and good place to learn,Good place and suitable for a starter or fresh graduate. Supportive colleagues as they always show the guidance towards the new employees. Able to learn a lot of valuable knowledges of how bank operations works on daily basis.,4,Account maintenance service,Kuala Lumpur,former,0,0,0,0,0,,,2,20,https://malaysia.indeed.com/cmp/United-Overseas-Bank/reviews?start=20
177,RHB Bank Berhad,28/7/2024,"No work life balance, stressful and so much pressure",The work environment were stressful and pressure. Forcefully have to OT on weekdays without paid! Need to work on Sunday 2 times per month so overall you just have 2 days of offday per month.,2,Telecollector officer,Kuala Lumpur,former,1,4,4,3,2,Potluck,No work life balance,2,20,https://malaysia.indeed.com/cmp/Rhb-Bank-Berhad/reviews?start=20
178,Cimb-Group,26/7/2024,Productive and hectic,It can be hectic at one point but productive. Not many incentive for protege. Would love to see how would they expand and attract youngster into their company,3,Human Resource,Kuala Lumpur,current,0,0,0,0,0,,,2,20,https://malaysia.indeed.com/cmp/Cimb-Group/reviews?start=20
179,Public-Bank-Berhad,23/7/2024,Nothing good there,"No work life balance, expected to work 13 hours everyday, high workload and marketing officer will keep pressuring you to meet their figure, supposed to work as a team but end up each of team member only work for their own target and goal, not recommend",1,Management Trainee (Credit Analyst),Taman Maluri,former,1,3,3,1,1,Nothing good there,No work life balance,2,20,https://malaysia.indeed.com/cmp/Public-Bank-Berhad/reviews?start=20
180,Bank-Rakyat,21/7/2024,HR and HQ is OK but CURRENT Manager is TOXIC,. typical day at work is ok . but current manager is toxic . I learn that my current manager only know how to talk . HR and HQ is ok but current manager is toxic . workplace culture not ok because senior behave like intern . the hardest part of the job is current manager is toxic . the most enjoyable part of the job is big bonus and medical expenses fully cover,3,BANK CLERK,Bintulu,current,5,5,5,1,1,big bonus,current manager is toxic,1,0,https://malaysia.indeed.com/cmp/Bank-Rakyat/reviews
181,bank islam,21/7/2024,Nice place to work,Pro: -Great staff benefit. -Pleasant environment. -Good for fresh graduate as a learning centre Cons: -salary not balance -no benefits for staff working for so long -favoritism,4,Senior Associate,Kuala lumpur,current,0,0,0,0,0,,,1,0,https://malaysia.indeed.com/cmp/Bank-Islam/reviews
182,United Overseas Bank,20/7/2024,Stressful and Rigid,"Stress and rigid working environment without system and computers upgrade. Software are outdated, payment system is slow and 90s era. Management level is rigid and has no one to one communication. This",3,Treasury Specialist,Kuala Lumpur,former,4,2,2,3,2,Friendly colleagues,Long hours,2,20,https://malaysia.indeed.com/cmp/United-Overseas-Bank/reviews?start=20
183,Public-Bank-Berhad,16/7/2024,Helpful senior but seniority culture quite strong,"Pbb is good to learn various things. However, the workflow very messy & u gotta do everything & not specialised in something, which not align with my career goals. System very outdated & bad. Need to relief ppl a lot if u are from branch.",3,Senior exec,Jalan sungai besi,current,0,0,0,0,0,,,2,20,https://malaysia.indeed.com/cmp/Public-Bank-Berhad/reviews?start=20
184,maybank,12/7/2024,Fun work place,Good environment and helpful colleagues. Gain a lot of benefits. Sometimes hard to dealing with customers. Overall it was a nice company to working with.,4,Protege,Selangor,former,0,0,0,0,0,,,2,20,https://malaysia.indeed.com/cmp/Malayan-Banking-Berhad-(maybank)/reviews?start=20
185,RHB Bank Berhad,12/7/2024,"Agile title but with old mindset, spent too much customization on legacy system instead of determine to revamp it","If want to explore, have to be mentally prepared with unnecessary approvals, overprocess of workflow for the sake of governance and fairly decaded legacy system that is counterproductive and isn't align with the latest development of technology(Datalake, Big Data, OCR, Robotic, AI, Chatgpt) . Spent a lot of time for manual activities due to reluctant to invest a new system, continue waste money for customization on incompetent system which only safeguard vendor evergreen businesses.",2,Anonymous,Kuala Lumpur,current,4,3,3,2,2,"Discounted rate for company cafeteria, tentative work from home policy, learning programme","People mindset, processes, legacy systems, pay and promotion",2,20,https://malaysia.indeed.com/cmp/Rhb-Bank-Berhad/reviews?start=20
186,Cimb-Group,11/7/2024,Multitasking,Position that I'm holding is very multitasking and need to carry to target as well . For the benefits it's tip top . But for the target that we need to carry tgter with incentive scheme need to revise,5,Pfc,Cheras,former,0,0,0,0,0,,,2,20,https://malaysia.indeed.com/cmp/Cimb-Group/reviews?start=20
187,Cimb-Group,11/7/2024,Bad working culture at Finance and Risk division,"very political culture.. some people do not want to work but want to get credit of other peoples' works. However, staff benefits are generally better than other banks.",3,AVP,KL Sentral,former,0,0,0,0,0,,,2,20,https://malaysia.indeed.com/cmp/Cimb-Group/reviews?start=20
188,HSBC,9/7/2024,Good,the working there is quite tough for people who are passionate can work there. overall good in term of medical benefits. but usually management would keep,3,Everyday Banking Agent,Kuala Lumpur,current,0,0,0,0,0,,,1,0,https://malaysia.indeed.com/cmp/HSBC/reviews
189,Cimb-Group,6/7/2024,Subpar,"My time at CIMB has unfortunately been less than satisfactory. While there are some positives, such as a supportive team and a convenient location, the overall experience has been marred by significant shortcomings. One of the most glaring issues is the lack of effective management. There seems to be a disconnect between upper management's vision and the day-to-day operations, leading to confusion and a sense of aimlessness among employees. This has resulted in inefficiencies and missed opportunities for improvement. Additionally, the work-life balance at CIMB leaves much to be desired. The workload can be overwhelming, often requiring employees to work long hours with little acknowledgment or compensation. This imbalance has taken a toll on morale and productivity. Furthermore, opportunities for career development are scarce. There is a noticeable absence of structured programs or support for advancing one's skills and career within the company. In conclusion, while there are some positive aspects to working at CIMB, such as a supportive team environment and convenient location, the overall experience has been subpar due to ineffective management, poor work-life balance, and limited career development opportunities. Prospective employees should carefully weigh these factors before considering employment here..",3,officer,Kuala Lumpur,former,0,0,0,0,0,,,2,20,https://malaysia.indeed.com/cmp/Cimb-Group/reviews?start=20
190,maybank,3/7/2024,Good workplace overall,"Overall it's a good workplace and there are many roles in the Bank where you can apply for swaps. Good pay and bonus, yet there's no work life balance.",5,Analyst,Kuala Lumpur,former,0,0,0,0,0,,,2,20,https://malaysia.indeed.com/cmp/Malayan-Banking-Berhad-(maybank)/reviews?start=20
191,Ocbc,2/7/2024,Good and productive place,"Open to feedback, work life balance culture, slow increment and promotion. management is competent. Need to review the benefits structure, transparency of promotion",4,AVP,Kuala Lumpur,former,0,0,0,0,0,,,1,0,https://malaysia.indeed.com/cmp/Ocbc-3/reviews
192,Public-Bank-Berhad,2/7/2024,Attractive benefits but limited growth,Pros - The renumeration packages and bonuses are great. There are fixed two months annual bonus and at least one month performance bonus. - Colleagues are helpful and supportive. Cons - The senior management will keep chasing you when something urgent requires your help and don't even bother you at other times. - No wfh.,4,Senior Executive,Jalan Ampang,current,0,0,0,0,0,,,2,20,https://malaysia.indeed.com/cmp/Public-Bank-Berhad/reviews?start=20
193,RHB Bank Berhad,29/6/2024,Not productive and efficient environment,You will learn how to “tai-chi” in this company. From HR to all other department. Each department only knows their own product instead of knowing all.,2,Executive,Kuching,current,0,0,0,0,0,,,2,20,https://malaysia.indeed.com/cmp/Rhb-Bank-Berhad/reviews?start=20
194,RHB Bank Berhad,28/6/2024,Top 4 Local Bank in Malaysia,"Working environment and collaborative colleagues are positive that push you forward to the limit. Although, some of the reviewer said that the employee's benefits are below the industry benchmarking, but I can see that the Management has been working to improve it accordingly. The working pace in a banking sector is vibrant and demanding hence there are rigorous regulatory reportings have to be made.",5,Manager,Kuala Lumpur,current,0,0,0,0,0,,,2,20,https://malaysia.indeed.com/cmp/Rhb-Bank-Berhad/reviews?start=20
195,Cimb-Group,25/6/2024,Over Productive.,Very restricted working environment. Need to be pro in multi tasking as need to handle multi systems. Need to be highly motivated and prepare multiple report in advance by guessing the report may request by management.,3,Project Manager,Kuala Lumpur,former,2,3,2,3,2,Banking industries and product details. Surrounded by senior managers.,"Work Load, old systems, difficult to get permanent.",2,20,https://malaysia.indeed.com/cmp/Cimb-Group/reviews?start=20
196,Public-Bank-Berhad,18/6/2024,Not good environment,Some staffs act bossy and like to scold colleagues. Need to stay too long in office. Need also to involve with events and might need to stay very late.,3,Executive,Penang,former,0,0,0,0,0,,,3,40,https://malaysia.indeed.com/cmp/Public-Bank-Berhad/reviews?start=40
197,RHB Bank Berhad,18/6/2024,Fix increment yearly,"Fix increment yearly, perks for staff, hospitalisation, dental, permanent position, work from home, positive working environment, need to achieve target.",5,Senior Executive,Kuala Lumpur,current,0,0,0,0,0,,,2,20,https://malaysia.indeed.com/cmp/Rhb-Bank-Berhad/reviews?start=20
198,maybank,17/6/2024,Progression Limited,"Can be limited progression, especially in a competitive environment. The quiet ones but really great working attitude tends to be left out n teased upon.",3,Manager,Malaysia,current,0,0,0,0,0,,,2,20,https://malaysia.indeed.com/cmp/Malayan-Banking-Berhad-(maybank)/reviews?start=20
199,Public-Bank-Berhad,15/6/2024,Recruitment Process,"HR from HQ is friendly, helpful & response very fast on inquiries regarding the recruitment process. As a first job for fresh graduates with no solid ideas & knowledge on the procedure. They take their time to answer my question. Kudos for that.",4,Senior Sales & Marketing Executive ( Trainee),Bintulu,current,0,0,0,0,0,,,3,40,https://malaysia.indeed.com/cmp/Public-Bank-Berhad/reviews?start=40
200,RHB Bank Berhad,9/6/2024,Productive and fundwork place.,Nice. Learn how to negotiate different type of customer. Manager will guide you A to Z. Just follow the flow setup by your manager. You will learn how to manage your time management skills.,4,Tele-Collector,Petaling Jaya,former,0,0,0,0,0,,,2,20,https://malaysia.indeed.com/cmp/Rhb-Bank-Berhad/reviews?start=20
201,Cimb-Group,3/6/2024,Good company for your resume,"As a protege, the workload is quite ok as it can definitely give you a work-life balance. However, for my department, it is actually quite boring as all you do is data entry for the whole day, the learning curve is quite limited, you wont learn much if you fulfill the contract. CIMB is actually quite a manual-based company (attendance have to sign on paper). the workers are mostly boomers, which is normal since that is how local bank is, lots of boomers",3,protege,Kuala Lumpur,former,0,0,0,0,0,,,2,20,https://malaysia.indeed.com/cmp/Cimb-Group/reviews?start=20
202,HSBC,29/5/2024,Career progression,"Its a good place to learn and good career progression. Stressful for sales staff but luckily managers are good. Meet good colleagues and friends. However, incentives are not transparent.",4,RM,Malaysia,current,0,0,0,0,0,,,2,20,https://malaysia.indeed.com/cmp/HSBC/reviews?start=20
203,HSBC,27/5/2024,productive and fun,good company and culture the colleagues are helpful help each others to solve problems the environment is nice competitive salary package good benefit recommend,5,banket,Johor Bahru,former,0,0,0,0,0,,,2,20,https://malaysia.indeed.com/cmp/HSBC/reviews?start=20
204,bank islam,24/5/2024,"Good team, but salary to low at airport","Too many task appointed with very low salary. Company got a lot of profit every year, must increase salary & also the cost living there very high. .",2,Junior sales representative,KLIA,former,0,0,0,0,0,,,1,0,https://malaysia.indeed.com/cmp/Bank-Islam/reviews
205,Ocbc,23/5/2024,Good staff benefit and learning place,"Good staff benefit and learning place. Can learn alot of financial knowledge and pitching skill. Other than that, it train your multitasking skill as well",5,personal financial consultant,Puchong,former,0,0,0,0,0,,,1,0,https://malaysia.indeed.com/cmp/Ocbc-3/reviews
206,RHB Bank Berhad,23/5/2024,"If you have experiences, try somewhere else",Very unprofessional from team manager up to higher management lvl. Buli staff all the way eventho they made mistakes n didnt admit it. Not recommended,1,Executive,Kuala Lumpur,former,1,1,1,1,1,None pros factor,"Too many to list down. If you preffered working like a robot, can try this",2,20,https://malaysia.indeed.com/cmp/Rhb-Bank-Berhad/reviews?start=20
207,maybank,22/5/2024,Decent Place to Start Your Internship,"Overall internship experience was good. There were a lot of event being held at Menara Maybank for the seasonal events, such as Chinese New Year and Christmas.",4,Intern,Menara Maybank,former,0,0,0,0,0,,,2,20,https://malaysia.indeed.com/cmp/Malayan-Banking-Berhad-(maybank)/reviews?start=20
208,RHB Bank Berhad,22/5/2024,Good experience,"Learn various things during my period, got the supportive supervisor and good working environment. But the salary is a bit low for the fresh grade in order to compare with others banking company",5,Internal Audit,Kuala Lumpur,former,0,0,0,0,0,,,2,20,https://malaysia.indeed.com/cmp/Rhb-Bank-Berhad/reviews?start=20
209,maybank,18/5/2024,Good career progression opportunities,1. Good benefits 2. Good career progression opportunities 3. Freedom to be creative and develop solutions as long as it’s aligned with the bank’s values 4. Great environment 5. A lot of opportunities to learn and develop skills,5,Manager,Selangor,current,0,0,0,0,0,,,2,20,https://malaysia.indeed.com/cmp/Malayan-Banking-Berhad-(maybank)/reviews?start=20
210,RHB Bank Berhad,15/5/2024,Bad management,"Good colleagues at the branches , bad management. Sales could be challenging here, as the products are not really competitive. Turnover rate is high.",2,Personal Banker/Loan Officer,Kuala lumpur,former,0,0,0,0,0,,,2,20,https://malaysia.indeed.com/cmp/Rhb-Bank-Berhad/reviews?start=20
211,Cimb-Group,14/5/2024,Learn a lot,"Overall, the internship was rewarding, offering significant learning and development opportunities. For future interns: be proactive, network actively, and stay organized to maximize the experience.",4,Intern,Kuala Lumpur,former,0,0,0,0,0,,,2,20,https://malaysia.indeed.com/cmp/Cimb-Group/reviews?start=20
212,Cimb-Group,12/5/2024,Good for fresh graduate,Overall ok but need to be patients handling customer. Colleagues nice and helpful Got shift allowance Be independent and quick learn in order to settle customer inquiries,3,Customer service,Kuala Lumpur,former,0,0,0,0,0,,,2,20,https://malaysia.indeed.com/cmp/Cimb-Group/reviews?start=20
213,HSBC,10/5/2024,Productive and fun,Good working place and provides a best working experience. Just that work will be stressful but manageable with good working colleagues. Banking will be stressful,3,Analyst,Kuala Lumpur,former,0,0,0,0,0,,,2,20,https://malaysia.indeed.com/cmp/HSBC/reviews?start=20
214,Cimb-Group,9/5/2024,intern,what I enjoy while working in this company is being able to learn something new such as being able to communicate with a large number of customers because I am an introvert in talking to strangers and gaining experience in managing tasks or customers with a large number and making decisions quickly and accurately.,5,intern,bukit damansara,current,0,0,0,0,0,,,2,20,https://malaysia.indeed.com/cmp/Cimb-Group/reviews?start=20
215,Public-Bank-Berhad,8/5/2024,Fun,Great place with great people. Learnt a lot of stuff during my period. Good bosses. Challenging. High work load comes with great help from colleagues,5,Management Trainee,Kuala lumpur,former,0,0,0,0,0,,,3,40,https://malaysia.indeed.com/cmp/Public-Bank-Berhad/reviews?start=40
216,maybank,6/5/2024,Good opportunity to learn,"Very good first job... blessed to have the opportunity to work at Maybank! Besides the steep learning curve, I had the opportunity to learn from very capable colleagues.",5,Investment Analyst,Kuala Lumpur,current,5,5,5,5,5,Learning curve,Learning curve,2,20,https://malaysia.indeed.com/cmp/Malayan-Banking-Berhad-(maybank)/reviews?start=20
217,Public-Bank-Berhad,29/4/2024,High work load with no work life balance,"My time at PBB was a valuable learning experience, and I'm grateful for the opportunities I had during my tenure. While there were challenges along the way, the positives outweighed the negatives. I would recommend PBB to prospective employees who are eager to work in a dynamic environment and are passionate about banking.",3,MT,Kuala Lumpur,former,0,0,0,0,0,,,3,40,https://malaysia.indeed.com/cmp/Public-Bank-Berhad/reviews?start=40
218,HSBC,26/4/2024,Fun and supportive culture but too many task,"I love the environment and the people but the downside is only that they make changes very often and immediate.. too many task to handle at one time.. pay is good, bonus is just like 1/2 from 1 month salary",4,Customer Service Representative,malaysia,current,0,0,0,0,0,,,2,20,https://malaysia.indeed.com/cmp/HSBC/reviews?start=20
219,RHB Bank Berhad,24/4/2024,Working at sales centre in shopping mall is quite fun.,> easy to meet customer from walk-in > flexible lunch time > working following retail operation time > having shift rotation > banking industry but in retail culture,4,Sales Consultant,Johor,former,3,3,4,3,4,Have allowance and good medical insurance,No OT and working in every public holiday since working as sales consultant,2,20,https://malaysia.indeed.com/cmp/Rhb-Bank-Berhad/reviews?start=20
220,United Overseas Bank,23/4/2024,Good Workplace but Overload Task,"Operation Team negative: Lack of staff lead to task overloaded, will be under pressure a lot. Need to cover the task for the colleague that take leave. Need to do a lot of OT but intern/trainee did not get paid OT. positive: The allowance was good. The colleagues are friendly. The environment was okay. Strategic location. If finish work early, can go shopping at Jalan Tar.",4,Intern/Trainee,Kuala Lumpur,former,0,0,0,0,0,,,2,20,https://malaysia.indeed.com/cmp/United-Overseas-Bank/reviews?start=20
221,Ocbc,22/4/2024,stressful but flexible schedule,"selling sme loan by looking for your own cases are hectic having a good leader to guide you along the way as a freshie would help out a lot nonetheless, good benefits and flexible work schedule",3,bdm,pj,former,0,0,0,0,0,,,1,0,https://malaysia.indeed.com/cmp/Ocbc-3/reviews
222,maybank,21/4/2024,A good place to start but in term of job culture is slight disappointing,"Have a good company but not a good superior, learned a lot from senior and also from other tribe . in term of management, they want feedback but doesnt improve . Workplace culture, lots of overseas worker than local and overtime almost everyday. Not enough of staff so ask to do extra work. Enjoyable in term of benefit and good friends. Thats all",4,Test Analyst,Kuala Lumpur,former,3,5,3,2,3,Benefit,Always overtime,2,20,https://malaysia.indeed.com/cmp/Malayan-Banking-Berhad-(maybank)/reviews?start=20
223,HSBC,18/4/2024,Fun working environment,What is the best part of working at the company? Best Benefits and Great Working Environment What is the most stressful part about working at the company? Learn how to manage stress if working in banking industry. There is stress in banking task but we as workers smart to handle it. What is the work environment and culture like at the company? Freestyle working environment. What is a typical day like for you at the company? When the volume work becomes high.And as banker we must manage our time with team to finish the task.,5,Bank Special Grade Clerk,Kuala Lumpur,former,0,0,0,0,0,,,2,20,https://malaysia.indeed.com/cmp/HSBC/reviews?start=20
224,Bank-Rakyat,17/4/2024,Too much politics,Too much politics issue between bosses which is affected the staff. Benefit overall ok. You have to be “pandai bodek” bos for better career enhancement.,3,Relationship Manager,Shah Alam,current,0,0,0,0,0,,,1,0,https://malaysia.indeed.com/cmp/Bank-Rakyat/reviews
225,Cimb-Group,17/4/2024,Fun,"Ok lah, so far so good lol Can’t say too hard also can’t say easily All overall is medium only, don’t put too high expectations on banking line industry",3,Advisor,Petaling Jaya,current,0,0,0,0,0,,,2,20,https://malaysia.indeed.com/cmp/Cimb-Group/reviews?start=20
226,Public-Bank-Berhad,17/4/2024,Excellence staff benefits,Can learn lot of new things and how to solve it. System part a bit outdated as time consuming is a concern. Need to have time management skills in order to complete each tasks.,5,Assistant Manager,Melaka,former,3,5,5,4,5,Staff benefits,No work life balance,3,40,https://malaysia.indeed.com/cmp/Public-Bank-Berhad/reviews?start=40
227,RHB Bank Berhad,16/4/2024,Good team,The most enjoyable part of the job is people to guide you and some genuine people around. Overall in Ipoh if working in banking can lived a good life but work life balance not sure because too packed with task. Overall fine to work in bank under sales department.,4,Sales Consultant,Ipoh,former,1,4,3,3,3,training by professional team,Concall in the morning will pulled your mood,2,20,https://malaysia.indeed.com/cmp/Rhb-Bank-Berhad/reviews?start=20
228,United Overseas Bank,16/4/2024,The worst place and management I've ever experienced,"What is the best part of working at the company? Very toxic management style. Worst place I've ever worked at What is the most stressful part about working at the company? The job itself is stressful (the flow, the calls, the volume). The management doesn't help, but adds more stress What is the work environment and culture like at the company? Toxic, bad, negative. Simply appalling",1,Senior Customer Service Officer,Kuala Lumpur,former,0,0,0,0,0,,,2,20,https://malaysia.indeed.com/cmp/United-Overseas-Bank/reviews?start=20
229,maybank,15/4/2024,Good to work,Overall good. Nice colleagues and good place to learn. It's the largest bank in malaysia. Value employees and provide training and development as well as experiences,5,Intern,Kuala Lumpur,former,0,0,0,0,0,,,2,20,https://malaysia.indeed.com/cmp/Malayan-Banking-Berhad-(maybank)/reviews?start=20
230,Cimb-Group,13/4/2024,Productive and fun work place,"Fun and enjoy working here as all the seniors all really helpful... As i had experienced in sale department form previous employment, it actually help me a lot",5,Personal financial consultant,Bentong,current,0,0,0,0,0,,,2,20,https://malaysia.indeed.com/cmp/Cimb-Group/reviews?start=20
231,RHB Bank Berhad,13/4/2024,Great teamwork,"The compliance review team was responsible for numerous annual, bi-annual, thematic and ad-hoc reviews. Luckily teamwork is awesome but can't say the same about the manager and salary.",4,Compliance Analyst,Kuala Lumpur,former,0,0,0,0,0,,,3,40,https://malaysia.indeed.com/cmp/Rhb-Bank-Berhad/reviews?start=40
232,United Overseas Bank,9/4/2024,Bad experience,"Wished I check glassdoor reviews before joining. Colleagues are nice, some team leaders aren't helpful at all and will look down on you if you don't know certain things. Management doesn't care about you.",1,Customer Service Officer,Kuala Lumpur,current,0,0,0,0,0,,,2,20,https://malaysia.indeed.com/cmp/United-Overseas-Bank/reviews?start=20
233,RHB Bank Berhad,8/4/2024,Top 5 largest Bank in Malaysia,"Good place to work but quite hierarchical due to the large size of the organisation. If you are looking for career progression, you’ll need to serve the time and slowly work your way up.",4,AVP,Kuala Lumpur,former,0,0,0,0,0,,,3,40,https://malaysia.indeed.com/cmp/Rhb-Bank-Berhad/reviews?start=40
234,Public-Bank-Berhad,5/4/2024,Fair salary for fresh,Having access to quality benefits and fair compensation not only enhances job satisfaction but also contributes to the salary. Salary was higher than average.,4,Hire purchase,Taman Maluri,former,0,0,0,0,0,,,3,40,https://malaysia.indeed.com/cmp/Public-Bank-Berhad/reviews?start=40
235,Cimb-Group,1/4/2024,Training is provided which is help in jobscope.,"Training is provided which is help a lot in job scope. Environment is okay, surrounded by coworker that help in so many thing. Salary is low compare to other banking industry but still okay",4,Financial Service Consultant,SARAWAK,former,0,0,0,0,0,,,2,20,https://malaysia.indeed.com/cmp/Cimb-Group/reviews?start=20
236,Ocbc,1/4/2024,Learning environment,"Learning environment , need cope with the stress of hitting sales target, multi-tasking is needed. Good employee benefits. Strategic working location",5,personal financial consultant,Puchong,former,0,0,0,0,0,,,1,0,https://malaysia.indeed.com/cmp/Ocbc-3/reviews
237,RHB Bank Berhad,1/4/2024,"Best workplace, good salary","Good salary , Good Environment, No work life Balance, Opportunity to learn, good training , No career growth, Good team work, good Benefits and compensation",4,CSA,Kuala Lumpur,former,0,0,0,0,0,,,3,40,https://malaysia.indeed.com/cmp/Rhb-Bank-Berhad/reviews?start=40
238,maybank,31/3/2024,fun workplace,"nice colleague, best working environment, got training and seniors are willingly to teach you if you are lost or dumbfounded. hope to get a permanent job at maybank",5,Protege Trainee,Kuala Lumpur,current,0,0,0,0,0,,,2,20,https://malaysia.indeed.com/cmp/Malayan-Banking-Berhad-(maybank)/reviews?start=20
239,bank islam,27/3/2024,Positive working environment,"The working environment is very positive, it is very inclusive and the colleagues are very supportive. People are friendly and easy to approach. Recommended to join!",4,Assistant Manager,Kuala Lumpur,current,0,0,0,0,0,,,1,0,https://malaysia.indeed.com/cmp/Bank-Islam/reviews
240,Cimb-Group,25/3/2024,"Fun people, company guidelines are ever changing","In the spend of 6 months, the company had change its guidelines 4 times which effect the sales department heavily. The company doesn't care for the sales people period.",3,Assistant sales manager,Puchong,current,0,0,0,0,0,,,2,20,https://malaysia.indeed.com/cmp/Cimb-Group/reviews?start=20
241,Public-Bank-Berhad,25/3/2024,Good for stable life,"Different business units work in silos. Hard to streamline processes to avoid manual work. However, remuneration package is good. Good for stable life.",4,Assistant manager,Kuala Lumpur,current,0,0,0,0,0,,,3,40,https://malaysia.indeed.com/cmp/Public-Bank-Berhad/reviews?start=40
242,Ocbc,21/3/2024,"Well Work Life Balance, Friendly Colleague","Pros Workload not very heavy Senior Micro-Frontend Developer friendly and willing to teach us. Cons No more work from home, and fixed working hours. Summary Overall quite good",4,"Developer, Assistant VP",Kuala Lumpur,current,0,0,0,0,0,,,1,0,https://malaysia.indeed.com/cmp/Ocbc-3/reviews
243,Public-Bank-Berhad,21/3/2024,Good Experience,"Over all good experience and good remuneration. Challenging in the sense of multitasking and sales targets to meet. Good experience, steep learning curve.",3,Credit Analyst,Malaysia,current,0,0,0,0,0,,,3,40,https://malaysia.indeed.com/cmp/Public-Bank-Berhad/reviews?start=40
244,Public-Bank-Berhad,19/3/2024,Productive and fun workplace,PB offer a lot of benefits compared to any other company. This is the best thing in PB. You will think a lot of time if you want to resign because of the benefits,5,Management Trainee,Kuala Lumpur,current,0,0,0,0,0,,,3,40,https://malaysia.indeed.com/cmp/Public-Bank-Berhad/reviews?start=40
245,United Overseas Bank,18/3/2024,good for learning something new,"good colleagues, good environment and good management. No toxic and eventho you were overwhelmed with heavy workloads, but its okay. The team really supportive and helpful especially when youre having trouble/problem in your work. You can learn a lot from the team. I miss my teamates so much.",1,fraud analyst,Kuala Lumpur,former,0,0,0,0,0,,,2,20,https://malaysia.indeed.com/cmp/United-Overseas-Bank/reviews?start=20
246,Public-Bank-Berhad,15/3/2024,Can learn something,"No work life balance, good benefits and increment with bonus. Don't expect ot claim. Eg is your ot. Great for newbie. Can learn something from pb and make it as you stepping stone",3,Management Trainee,Penang,former,0,0,0,0,0,,,3,40,https://malaysia.indeed.com/cmp/Public-Bank-Berhad/reviews?start=40
247,Public-Bank-Berhad,15/3/2024,Stress,The position is really stress. Branch manager and regional manager always push you to achieve the monthly target. They keep on asking why cant achieve the target.,2,Senior financial executive,Penang,former,0,0,0,0,0,,,3,40,https://malaysia.indeed.com/cmp/Public-Bank-Berhad/reviews?start=40
248,maybank,14/3/2024,stressful job but great benefit,"sales target is too high and management will push you to hit every month. management is not helping, but colleague all okay and supportive. benefits are great",3,Personal financial advisor,melaka,former,0,0,0,0,0,,,2,20,https://malaysia.indeed.com/cmp/Malayan-Banking-Berhad-(maybank)/reviews?start=20
249,maybank,10/3/2024,productive and fun work place,Managers are quite supportive despite i was in sales line. Customer base are quite wide and can be tricky to handle but the customer are very warm to hear any proposal from maybank,5,Business Development Executive,MY,former,5,4,5,5,5,Great medical benefits,,2,20,https://malaysia.indeed.com/cmp/Malayan-Banking-Berhad-(maybank)/reviews?start=20
250,Public-Bank-Berhad,9/3/2024,Benefits is quite good,"Our company offers exceptional benefits, including comprehensive health coverage, generous retirement plans, flexible work arrangements, professional development opportunities, wellness programs, and recognition for our hard work. These benefits reflect the company’s commitment to supporting and enriching the lives of its employees.",3,Management Trainee,Kuala Lumpur,current,0,0,0,0,0,,,3,40,https://malaysia.indeed.com/cmp/Public-Bank-Berhad/reviews?start=40
251,United Overseas Bank,7/3/2024,Good company,"Overall ok, management ok, benefits ok, paid on time , supportive team, good bank, good allowance, good salary, good benefits, good system, treat us fairly ,",5,Personal wealth executive,Kuala Lumpur,former,0,0,0,0,0,,,2,20,https://malaysia.indeed.com/cmp/United-Overseas-Bank/reviews?start=20
252,maybank,3/3/2024,Productive and fun environment,"Good working in maybank. Have a good benefit, continuous learning, great teamwork with the team. But working in sales department , you must achieved target to get commission",4,Sales Executive,Kota kinabalu,former,0,0,0,0,0,,,2,20,https://malaysia.indeed.com/cmp/Malayan-Banking-Berhad-(maybank)/reviews?start=20
253,Public-Bank-Berhad,3/3/2024,Okay place to work at,Salary is at least average. People who works there are energized and driven. Some employees in the IT department work in a semi-basement that doesn't see a lot of sunlight during the day.,2,IT Intern,"Selangor, Malaysia",former,0,0,0,0,0,,,3,40,https://malaysia.indeed.com/cmp/Public-Bank-Berhad/reviews?start=40
254,Bank-Rakyat,27/2/2024,Great Place for work,great place to start out my career. my supervisor has been very helpful in teaching me the basics of the job to start of in the industry. Helpful colleagues as well and are willing to teach new joiners. office is great and also get to wear casual wear to the office,5,Intern,Bangsar,former,0,0,0,0,0,,,1,0,https://malaysia.indeed.com/cmp/Bank-Rakyat/reviews
255,Public-Bank-Berhad,27/2/2024,"No positive reviews, no work life balance. Everything is about selling","No positive reviews, no work life balance. Everything is about selling here. You don’t get commission for during cross selling. Except for clericals every other officers has to do cross selling like saving accounts and so on.",2,Credit analyst,Setapak,current,0,0,0,0,0,,,3,40,https://malaysia.indeed.com/cmp/Public-Bank-Berhad/reviews?start=40
256,Bank-Rakyat,26/2/2024,Very productive and fun workplace,"fun environment, less toxic, but not all workplace is perfect, so a little imperfections is acceptable. Staff benefits is very very good in this company. Very recommended to work.",5,Retail Sales Advisor,Kuala Lumpur,current,0,0,0,0,0,,,1,0,https://malaysia.indeed.com/cmp/Bank-Rakyat/reviews
257,maybank,22/2/2024,Fun and encouraging,"Great team, supportive culture, challenging work. Fosters learning & growth, highly recommend! Positive environment, flexible hours, great benefits. High pressure, long hours, limited growth opportunities. Unclear expectations, poor communication, low morale.",5,Trainee,Kuala Lumpur,former,0,0,0,0,0,,,2,20,https://malaysia.indeed.com/cmp/Malayan-Banking-Berhad-(maybank)/reviews?start=20
258,Cimb-Group,21/2/2024,Good working environment.,Good place to start as a first time official job. Learn to find ways in achievement. Incentive for sale staff is average. Location is strategic. Huge market.,4,Pfc,Bintulu,current,0,0,0,0,0,,,2,20,https://malaysia.indeed.com/cmp/Cimb-Group/reviews?start=20
259,HSBC,20/2/2024,Fun workplace and nice working environment,"The office is great and has a nice team to work together. Everyone helps each other. Some team leaders might not be helpful to the team. Overall, everyone feel welcome.",4,Contact Centre Service & Sales Representative,Kuala Lumpur,former,0,0,0,0,0,,,2,20,https://malaysia.indeed.com/cmp/HSBC/reviews?start=20
260,Ocbc,20/2/2024,ok,"shift hour working, the schedule was tiring coz keep changing, but the salary quite high, so its quite balance. those who looking for experience, this is the place for you",4,customer service,Bangsar,former,0,0,0,0,0,,,1,0,https://malaysia.indeed.com/cmp/Ocbc-3/reviews
261,Public-Bank-Berhad,20/2/2024,Long working hours,"Long working hours without pay, old school, very traditional company, a lot of paperworks, system always hang especially in the evening… nothing good except the benefits like increment and bonus and low interest on HL and HP..",3,Credit Analyst,Kuala Lumpur,current,0,0,0,0,0,,,3,40,https://malaysia.indeed.com/cmp/Public-Bank-Berhad/reviews?start=40
262,maybank,16/2/2024,Not a productive environment to work with,To much target to be achieved and ridiculous sales KPI. Work environment is okay but still you had to blend in well. Salary is high for fresh graduate but with high salary comes with high risk as well,3,Personal financial advisor,Damansara,former,0,0,0,0,0,,,2,20,https://malaysia.indeed.com/cmp/Malayan-Banking-Berhad-(maybank)/reviews?start=20
263,Public-Bank-Berhad,14/2/2024,Long working hours,"Expect long working hours. That being said, you get to learn a great deal about mortgages, banking and lending. Structured training is provided as well.",4,Credit Analyst,Johor,former,0,0,0,0,0,,,3,40,https://malaysia.indeed.com/cmp/Public-Bank-Berhad/reviews?start=40
264,Cimb-Group,13/2/2024,Work pace is slow at my team,"Was placed in a consumer banking team, which I find quite it quite chilling when I was looking for a more intense role. However, boss was very kind and always help to guide me",3,Intern,Kuala lumpur,former,0,0,0,0,0,,,3,40,https://malaysia.indeed.com/cmp/Cimb-Group/reviews?start=40
265,maybank,13/2/2024,Productive and work fun place,What is the best part of working at the company? Salary and the benefits. Experience What is the most stressful part about working at the company? Target given by company higher What is the work environment and culture like at the company? The place and also the customers What is a typical day like for you at the company? On the Friday..good mood always,5,Consumer Sales Executive,Sitiawan,former,0,0,0,0,0,,,2,20,https://malaysia.indeed.com/cmp/Malayan-Banking-Berhad-(maybank)/reviews?start=20
266,bank islam,8/2/2024,Malay based,"OK, but not much career growth. Not much diversity as well. But workers are very nice and friendly, sometimes got trips such as hiking to Mount Kinabalu",4,Finance,Jalan Perak,current,0,0,0,0,0,,,1,0,https://malaysia.indeed.com/cmp/Bank-Islam/reviews
267,Public-Bank-Berhad,8/2/2024,"Great salary, bonus and increment","Im involved in HP. First of all, the position is quite hardcore. You are expected to go beyond ur KPI. The workload is quite heavy, but by time ull get used to it. The great thing about the position, is the pay, bonuses and increment. Overall its a great place to learn. But be ready to work long hours, as it is the norm here.",5,Credit analyst,Negeri Sembilan,current,0,0,0,0,0,,,3,40,https://malaysia.indeed.com/cmp/Public-Bank-Berhad/reviews?start=40
268,maybank,6/2/2024,Workload didn’t worth the salary. Old working system.,"2k salary for protege. OT can be claimed but depends on line manager. No benefits, 8 months contract with total of 16 annual leave. Old working system, old office.",3,Protege,Ipoh,former,0,0,0,0,0,,,2,20,https://malaysia.indeed.com/cmp/Malayan-Banking-Berhad-(maybank)/reviews?start=20
269,Public-Bank-Berhad,6/2/2024,Not a good place unless you're willing to do anything for money,"'-No guidance given to newbies -No OT payment but expected to OT every single day -Toxic work environment, you just sit down for 9 hours and stay glued at your screen, and everybody hates it if you take a quick break to the toilet, or suggest any new approaches -Please digitalize the processes in credit as the bank is outdated in this expect, please look at other competitors.",2,Management Trainee (credit),Selangor,former,0,0,0,0,0,,,3,40,https://malaysia.indeed.com/cmp/Public-Bank-Berhad/reviews?start=40
270,United Overseas Bank,3/2/2024,Fast paced but try to connect with competent seniors/colleagues,"1. You need to have communication skills including negotiation, patience, and listening skills to assist the customers with their inquiries outstandingly. Customers are generally normal and sane. Regardless they might rant because they are having difficulties. Just assist, advise, and resolve. 2. Systems are numerous. Getting used to its interface. Your daily tasks may help you to improve how to utilize them. Also, please give ample time to catch up and get used to the systems even though OIC might not assist you many times. Some OICs did good things when they willingly shared notes about raising the service request. You just need to refer. 3. The 1-month training class might not be enough, the notes you can't gather from outside of class. So for those who want to revise, please jot down clearly inside your notebook. Once you hit the floor, you only can refer to their Infohub system or your simplified notes. You try to focus on the necessary topic first. Ask your trainer the most common inquiries about EACH topic. Because trust me, you can't remember 100% from class to call floor later on. 3. OICs might be helping you but they will expect you to work independently, and catch up so fast. Sometimes, they might get irritated when you ask twice because they think they already explained thousands of times. Perhaps the same questions also come from your colleagues. So for those who are not familiar with banking terms/products, if your background is not related to banking/financials, you have to learn yourself. This one is supposed to be okay, but if you need them and they don't entertain willingly, definitely that will let you down. 4. Systems are fine except I only encounter difficulties with R*W**, it needs to be redesigned to a friendlier interface at least for those agents. I think it's too chaotic and tedious. Just need to make it readable so that easier to answer the enquiries instead of arranging a callback because you usually need more time to extract the info. 5. No work-life balance, kindly expect this as you need to perform follow-ups. But, as recommended by OICs/seniors, try to multitask by submitting the SR while talking with customers. Either listen to rants and do your job, or just put them on hold to submit the SR, both have been practiced there. You can choose to claim OT as well at the end of the shift to submit the SR but extra works that you have to get validation from your OICs or TM. Despite this being normal, they needed to check first. 6. I realized that OICs might have different understandings. So well equipped yourself with knowledge, and practiced to rely on many OICs/TMs for the same inquiries. You will notice to get different answers. 7. The job is fun, especially for those who like to talk to people and assist them. I wanted to stay but I felt disappointed for a couple of reasons, which made me resign. But rest assured, if you have REALLY good support and fun colleagues, you actually can survive.",3,Customer Service Officer,Kuala Lumpur,former,3,4,3,3,2,Benefits/Salary for fresh graduates/ OT claims,Support,2,20,https://malaysia.indeed.com/cmp/United-Overseas-Bank/reviews?start=20
271,RHB Bank Berhad,2/2/2024,Best,Nice workplace. No life balance. Can get more incentive of you work hard. If you lucky then u can get a nice TL to work with. He/she will guide you from zero to something,3,Telemarketing executive,Taman Tun Abdul Razak,former,0,0,0,0,0,,,3,40,https://malaysia.indeed.com/cmp/Rhb-Bank-Berhad/reviews?start=40
272,HSBC,30/1/2024,Productive and good food as always,"What is the best part of working at the company? Very good team work to work with. What is the most stressful part about working at the company? Facing challenges to deal with current systems and process. Because the exchange is done to prior to customers and company interest. What is the work environment and culture like at the company? There is always a good teamwork, hopefully this been continued. What is a typical day like for you at the company? Healthy communication and good experiences.",5,Customer service executive,Subang Jaya,former,0,0,0,0,0,,,2,20,https://malaysia.indeed.com/cmp/HSBC/reviews?start=20
273,RHB Bank Berhad,28/1/2024,Great for beginners,Best to work with colleagues. The environment is depends on your team leader and colleagues. KPI hard to achieve but once achieved the feeling cannot be described. No OT given but they ask you to do OT. Stayback almost everyday. Not suitable for family person.,3,Collection Executive,Petaling Jaya,former,0,0,0,0,0,,,3,40,https://malaysia.indeed.com/cmp/Rhb-Bank-Berhad/reviews?start=40
274,Public-Bank-Berhad,25/1/2024,Old structure of company,Stress working environment High work load Need to work over time to finish the work but no pay OT Colleagues is helpful and friendly Low opportunity for career growth,4,Credit Analyst,Malaysia,former,0,0,0,0,0,,,3,40,https://malaysia.indeed.com/cmp/Public-Bank-Berhad/reviews?start=40
275,RHB Bank Berhad,25/1/2024,Ok,"Ok ok , not so good for sales target, always pressure about target from upper management ,for trying is ok but for long term is not suitable because based on target",3,Asm,Penang,former,0,0,0,0,0,,,3,40,https://malaysia.indeed.com/cmp/Rhb-Bank-Berhad/reviews?start=40
276,Cimb-Group,23/1/2024,Fun work environment but challenging,"Opportunity to learn a lot however i was hired as a outsourcing staff. My teammate are amazing, but the manager I am under eventually started micromanaging.",4,Management Trainee,Malaysia,former,0,0,0,0,0,,,3,40,https://malaysia.indeed.com/cmp/Cimb-Group/reviews?start=40
277,Public-Bank-Berhad,23/1/2024,Good for beginner,Colleague are nice. But too much paperwork and need to work until 8pm everyday due to culture. Culture depend on managers. They have too much power and no one can question them.,3,senior executive,Perak,current,0,0,0,0,0,,,3,40,https://malaysia.indeed.com/cmp/Public-Bank-Berhad/reviews?start=40
278,Public-Bank-Berhad,22/1/2024,High pay with great benefits but expect to work a lot,No work-life balance. Year-end bonus is very generous. 24 days of annual leave. Good place to start for fresh graduates but long working hours. Office is old.,3,Management Trainee,Maluri,current,0,0,0,0,0,,,4,60,https://malaysia.indeed.com/cmp/Public-Bank-Berhad/reviews?start=60
279,United Overseas Bank,21/1/2024,Unclear commission,"Low salary good colleagues manager is not professional and experienced, need to find the solution and solve the problem by yourself. Unclear commission calculate",3,Mortgage specialists,Kuala Lumpur,current,0,0,0,0,0,,,2,20,https://malaysia.indeed.com/cmp/United-Overseas-Bank/reviews?start=20
280,Ocbc,17/1/2024,Poor leadership,Poor leadership where the leader work too long and has all the power. Creating a bad environment to work. Manual process a lot redundant work causing a lot work,3,Compliance,Kl,former,0,0,0,0,0,,,1,0,https://malaysia.indeed.com/cmp/Ocbc-3/reviews
281,Public-Bank-Berhad,17/1/2024,No OT Overall not bad,"Maybe it's just this branch do not have much OT, normally we back at 6pm. Annual leave 24 days. Colleagues are friendly, have to service with a lot of walk in customers, normally you can only start your works after 4pm",4,Management Trainee,Selangor,former,0,0,0,0,0,,,4,60,https://malaysia.indeed.com/cmp/Public-Bank-Berhad/reviews?start=60
282,Bank-Rakyat,16/1/2024,Productive and very friendly colleagues,"Working at Bank Rakyat as a contract executive for two years was a valuable and enriching experience. Despite the occasional stress, the knowledge gained in the field of financing was immense. The supportive and friendly nature of my colleagues significantly contributed to making the overall work environment positive. One notable aspect of the job was the yearly bonuses, which were exceptionally good. This not only served as a motivating factor but also reflected the organization's commitment to recognizing and rewarding the hard work of its employees. The acceptable overtime policy allowed for a healthy work-life balance, and the collaborative atmosphere within the bank made the workload more manageable. One of the highlights of my time at Bank Rakyat was the willingness of my colleagues to share their knowledge and expertise. The culture encouraged learning from one another, fostering a sense of teamwork and camaraderie. This collaborative approach helped me to navigate the complexities of the job more effectively and ensured a smoother integration into the organizational dynamics. Overall, my experience at Bank Rakyat was not only professionally rewarding but also personally fulfilling. The combination of a supportive work environment, generous bonuses, and the opportunity to learn from experienced colleagues made it a positive chapter in my career.",5,Executive Documentation,Shah Alam,former,4,5,4,4,4,Highly paid bonus and overtime,The system used by everyone is new and nowhere near perfect.,1,0,https://malaysia.indeed.com/cmp/Bank-Rakyat/reviews
283,RHB Bank Berhad,16/1/2024,Productive and task was manageable,Busy but manageable. The environment is good. All the team was very helpful. Good place to work. However they just simply terminated all the contract staff without notice,4,Senior Network Engineer,Bangi,former,0,0,0,0,0,,,3,40,https://malaysia.indeed.com/cmp/Rhb-Bank-Berhad/reviews?start=40
284,United Overseas Bank,16/1/2024,"Good compensation, bad operating system","Good compensation in term of flexi care which you can claim for flight, sport items, hobby class ++. Fun to mix around with other departments as everyone is in an open office. But, - paperwork overload - learned nothing - less guidance - No standard guidelines can follow (not sure whether is the manager itself problem). - Slow operating system. - When come to salary/OT/claim/commission, leader always try to deceive(always need to further find out with HR).",3,"Senior Officer, Mortgage Specialist",Kuala Lumpur,current,0,0,0,0,0,,,2,20,https://malaysia.indeed.com/cmp/United-Overseas-Bank/reviews?start=20
285,United Overseas Bank,14/1/2024,good experience,good experience and trained to become good customer services. They trained you to become professional in handling customer Good experience in banking system Friends are very friendly Making new friends and helpful friends,5,customer service,Kuala Lumpur,former,0,0,0,0,0,,,2,20,https://malaysia.indeed.com/cmp/United-Overseas-Bank/reviews?start=20
286,United Overseas Bank,14/1/2024,Productive and good for self advancement,"UOB Customer Service Representative is a career that will help you prepare yourself with skills such as time management skills, multitasking, productivity management and you grow and stretch to go above and beyond to put a smile on customer’s face.",5,Customer service officer,Intermark,current,0,0,0,0,0,,,2,20,https://malaysia.indeed.com/cmp/United-Overseas-Bank/reviews?start=20
287,HSBC,13/1/2024,Work life balance,"Good place to work. Teamwork , work life balance especially gor ladies. Always ways for improvement. Good set of elearning to keep employees embraced with the current economy.",5,Tsc,Kuala Lumpur,current,0,0,0,0,0,,,2,20,https://malaysia.indeed.com/cmp/HSBC/reviews?start=20
288,bank islam,10/1/2024,good environment,good environment. Has been 1 year there. The environment is good but the basic is too low. The commission given is quite higher than another bank. Overall is okay,5,sales executive,Klang,current,0,0,0,0,0,,,1,0,https://malaysia.indeed.com/cmp/Bank-Islam/reviews
289,RHB Bank Berhad,9/1/2024,valued experience,place to gain experience and improving skills competitive career enhancement strict on compliance and penalty on the lapses job done good platform for your better career opportunities with other employer,5,executive,kuala lumpur,current,0,0,0,0,0,,,3,40,https://malaysia.indeed.com/cmp/Rhb-Bank-Berhad/reviews?start=40
290,Public-Bank-Berhad,8/1/2024,High Salary,"Good place to start for fresh graduates, offers a high starting salary but very long working hours. Going back at 10 pm is normal, 7 pm is the earliest time to go home, weekend sometimes need to work also, work-life balance? Don't even think about it. but offer a high salary, 24 AL, medical coverage, and a bonus.",3,Senior Executive,Kuala Terengganu,former,0,0,0,0,0,,,4,60,https://malaysia.indeed.com/cmp/Public-Bank-Berhad/reviews?start=60
291,United Overseas Bank,7/1/2024,Amazing experience,Learned a lot of skills. Very helpful managers that guides me in any way possible. Made many amazing friends . Pretty straightforward .,4,Customer service,Kuala Lumpur,former,0,0,0,0,0,,,2,20,https://malaysia.indeed.com/cmp/United-Overseas-Bank/reviews?start=20
292,Public-Bank-Berhad,27/12/2023,Competitive enviromemt,Good for fresh grad but very stressful long working hours but good benefit and high salary if you are looking for a challange this is a good place to start,5,Marketing executive,Kota Damansara,current,0,0,0,0,0,,,4,60,https://malaysia.indeed.com/cmp/Public-Bank-Berhad/reviews?start=60
293,United Overseas Bank,27/12/2023,Good benefits,Entitled to COVID-19 test claim High internship allowance compared to other companies Superior & colleagues willing to teach & help intern Flexible working hour,5,Intern,kuala lumpur,former,0,0,0,0,0,,,2,20,https://malaysia.indeed.com/cmp/United-Overseas-Bank/reviews?start=20
294,Public-Bank-Berhad,26/12/2023,"Good Benefits, abysmal office","The benefits is one of the best in the industry. Staff Housing Loan, 24 days AL, Year end Bonus & Exgratia Bonus. The office is old. and not good. Have to chip in money for a Brand new water filter. :')",3,Analyst Programmer,Bangi,former,0,0,0,0,0,,,4,60,https://malaysia.indeed.com/cmp/Public-Bank-Berhad/reviews?start=60
295,maybank,19/12/2023,Fast paced but traditional,"Internal process are still in traditional methodology but ironically they require you to work in a fast pace manner. If you were to come from an MNC company to here, you would experience culture shock on how outdated/old-school it feels in Maybank Head Office.",4,Protege,Kuala Lumpur,former,0,0,0,0,0,,,2,20,https://malaysia.indeed.com/cmp/Malayan-Banking-Berhad-(maybank)/reviews?start=20
296,United Overseas Bank,16/12/2023,Multitask,"You need to be good in multitasking because everything is going to be fast, you should learn to look for the solution by yourself in order for you to learn it.",5,customer service officer,malaysia,current,0,0,0,0,0,,,2,20,https://malaysia.indeed.com/cmp/United-Overseas-Bank/reviews?start=20
297,Bank-Rakyat,14/12/2023,Fun workplace and colleagues,A lot of bonus even for low ranked staff. The bonus will be pro rated for the first year. Supportive colleagues. The system is a little bit old. Office politics are normal.,4,Executive,Kuala Lumpur,current,0,0,0,0,0,,,1,0,https://malaysia.indeed.com/cmp/Bank-Rakyat/reviews
298,Public-Bank-Berhad,12/12/2023,Boring workplace,Chinaman company with conservative mindset. But the annual increment and bonus is good. Just the management side need to improve. The longer u work the highest bonus will get,4,senior compliance executive,Kuala Lumpur,current,0,0,0,0,0,,,4,60,https://malaysia.indeed.com/cmp/Public-Bank-Berhad/reviews?start=60
299,Public-Bank-Berhad,10/12/2023,Challenge but good for fresh graduate,"Pros -Able to learn a lot of new things -Friendly staff -Lot of training provided -Good Management and culture Cons -Challenge for hit target, long working hrs.",4,Marketing,Kota Kinabalu,current,0,0,0,0,0,,,4,60,https://malaysia.indeed.com/cmp/Public-Bank-Berhad/reviews?start=60
300,maybank,4/12/2023,Good learning opportunity,"Maybank Investment Bank offers excellent learning, supportive seniors, and ample growth opportunities—an enriching environment to thrive in. Would recommend for graduates",5,Analyst,Kuala Lumpur,former,0,0,0,0,0,,,3,40,https://malaysia.indeed.com/cmp/Malayan-Banking-Berhad-(maybank)/reviews?start=40
301,RHB Bank Berhad,3/12/2023,Fun workplace but u need to achieve you target first.,"very politic working environment. good manager will get good working environment. but selfish manager u will get bad working environment. RHB Management is very good except the manager. be careful with the soft spoken people ya. Good commission when u hit the target. but if u're not achieve your minimum target and the minimum percentage, your commission will be burn.",2,SALES CONSULTANT AND ADMINISTRATION,Perai,former,2,3,2,2,2,flexible time management,"free medical, good commission.",3,40,https://malaysia.indeed.com/cmp/Rhb-Bank-Berhad/reviews?start=40
302,Cimb-Group,2/12/2023,Training and workshops,What is the best part of working at the company? The best experience work under cimb bank What is the most stressful part about working at the company? When system breakdown.. customer complaints What is the work environment and culture like at the company? Working hours Environment Facilities What is a typical day like for you at the company? On Weekends a lot of customer and want the day of salary,5,Personal Financial Advisor,Tampoi,former,0,0,0,0,0,,,3,40,https://malaysia.indeed.com/cmp/Cimb-Group/reviews?start=40
303,maybank,30/11/2023,Fun and interesting,Joined as a student ambassador and got to involve into the GenM Summit. Fun activity though. Maybank academy was quie a nice place and surprised they had buffet there.,5,Student Ambassador,Kuala Lumpur,current,0,0,0,0,0,,,3,40,https://malaysia.indeed.com/cmp/Malayan-Banking-Berhad-(maybank)/reviews?start=40
304,RHB Bank Berhad,30/11/2023,Underpaid,"Most underpaid staff in malaysia’s banking sector. If ure looking for a high salary, RHB is not the right place to work. People with spm got more salary than those who had degree because of the union. Even clerk got more salary than exec. Totally unfair.",3,Executive,Kuala Lumpur,current,0,0,0,0,0,,,3,40,https://malaysia.indeed.com/cmp/Rhb-Bank-Berhad/reviews?start=40
305,RHB Bank Berhad,28/11/2023,Average,Cons -Average benefit -Low salary -Micromanagement -High turnover -office politics Pros -hybrid working -supportive colleagues -near public transport -good place for newjoiners,3,Executive,Kuala Lumpur,former,0,0,0,0,0,,,3,40,https://malaysia.indeed.com/cmp/Rhb-Bank-Berhad/reviews?start=40
306,Public-Bank-Berhad,27/11/2023,Fun environment,"Fun and enjoy environment , great to explore more finance product , can increase knowledge …… Just increament for sales staff are base on personal performance",4,Sales,Selangor,former,0,0,0,0,0,,,4,60,https://malaysia.indeed.com/cmp/Public-Bank-Berhad/reviews?start=60
307,HSBC,24/11/2023,Flexible,Depends on TL how going to manage the workload. Most TL is very friendly and easy to work with Environment good But sometimes the work stress makes no work life balance,3,Customer service executive,Tun Razak Exchange,current,0,0,0,0,0,,,2,20,https://malaysia.indeed.com/cmp/HSBC/reviews?start=20
308,Ocbc,23/11/2023,Young and Fun workplace,"Supportive leadership but OT culture workplace. They have really great benefit. During the training, some trainer are not well train enough for the knowledge delivery that make the learner find it hard to understand.",3,Customer service executive,Kuala Lumpur,former,0,0,0,0,0,,,1,0,https://malaysia.indeed.com/cmp/Ocbc-3/reviews
309,RHB Bank Berhad,22/11/2023,Environment,Environment is okay but no work life balance. Have toxic people and have a good friends. OT claim on PH and weekend. Everyday must STAYBACK and must come to office last 2 weeks saturday,3,Collection,Petaling Jaya,current,0,0,0,0,0,,,3,40,https://malaysia.indeed.com/cmp/Rhb-Bank-Berhad/reviews?start=40
310,United Overseas Bank,22/11/2023,They don’t care about your skills,"They don’t really cater the roles to your skillset, and see you as contract staff despite calling the programme graduate trainee. Waste of time coming here. They don’t value talents at all.",2,FSTEP trainee,Kuala Lumpur,former,0,0,0,0,0,,,2,20,https://malaysia.indeed.com/cmp/United-Overseas-Bank/reviews?start=20
311,Cimb-Group,21/11/2023,Flexibile working environment,"Im an intern (3 months) i could give an overall of 3 stars. Enhance the communication skills where most of the colleagues in my team are much older in the range of 40-50. The working enviroment and working hours are much flexible where only need to onsite at least 2days and wfh the other day. Allowance rm1.5k exclude the epf deduction (i wondered is this necessary). Can go buy food or snacks anytime. I think that so much for the pros. Things that really make me feel boring and not enjoying my internship is because i have been assigned to the department/division that is not even 50% related to what i studied and what really sad is they lied on the jobscope (where i accept the offer due to the jobscope provided). Overall, i could say this internship with cimb somehow dont give me any experience that is tightly related to my area of study. I really losing hope. It just a waste of the skills i gain from i studied. Theres no proper training and new exposure in my field of study.",3,Internship,Malaysia,former,5,5,5,3,4,communication skill,not much to learn,3,40,https://malaysia.indeed.com/cmp/Cimb-Group/reviews?start=40
312,Ocbc,21/11/2023,Too much toxic,I was consider unlucky as I was put under TL who is not only bias but rather not easy to talk with or discuss with. The pay was okay and the workload is deemed manageable.,2,Customer service officer,Pantai Dalam,former,0,0,0,0,0,,,1,0,https://malaysia.indeed.com/cmp/Ocbc-3/reviews
313,Public-Bank-Berhad,21/11/2023,It was OK?,"working there was a good experience overall, but it is important to first make sure you research the branch that you are assign to so that you can get a general idea of what kind of demographic you will sell the product to.",4,Bancaassurance,Klang,former,0,0,0,0,0,,,4,60,https://malaysia.indeed.com/cmp/Public-Bank-Berhad/reviews?start=60
314,Ocbc,16/11/2023,Long working hours,"Good location in the city centre , plenty option of food, be prepare to working overtime, working environment (depends on who you working under), public transport accessible",5,Internship,Kuala Lumpur,former,0,0,0,0,0,,,1,0,https://malaysia.indeed.com/cmp/Ocbc-3/reviews
315,RHB Bank Berhad,16/11/2023,Good colleagues/ environment/ poor mgt,mostly working with young people in my department - fun. works are ok but no work life balance when chasing SLA. not enough head counts and workloads. mgt dont care enough abt you after you told them your concerns many times. workflow changes at times,3,team member,Kuala Lumpur,current,0,0,0,0,0,,,3,40,https://malaysia.indeed.com/cmp/Rhb-Bank-Berhad/reviews?start=40
316,maybank,15/11/2023,Protege sometimes neglected,"It was a decent experienced depending on your department and manager, unfortunately there was no proper training for protege and often being negleted. Theres also a power trip going on between older and younger fresh grad staff. Good for expanding connections and networking.",3,Protege,Kuala Lumpur,former,0,0,0,0,0,,,3,40,https://malaysia.indeed.com/cmp/Malayan-Banking-Berhad-(maybank)/reviews?start=40
317,Public-Bank-Berhad,13/11/2023,Fun workplace,Good to gain experience for new fresh graduate. Enjoy workplace with friendly colleague and good boss. Be able to increase skill in self independent too,5,Senior Sales & Marketing Executive,Kuala Lumpur,current,0,0,0,0,0,,,4,60,https://malaysia.indeed.com/cmp/Public-Bank-Berhad/reviews?start=60
318,Public-Bank-Berhad,11/11/2023,Productive and fun working space,"Colleagues are very friendly and willing to help. But is quite stressful to hit KPI every month, branch manager will give pressure when all meeting weekly",5,Senior Financial Executives,Desa Cemerlang,former,0,0,0,0,0,,,4,60,https://malaysia.indeed.com/cmp/Public-Bank-Berhad/reviews?start=60
319,Ocbc,9/11/2023,Stressful,"The management was extremely helpful, but it is just the jobscope was all over the place. We have to send emails, we have to answer calls, we have to check on enquiries, we have to solve problems, we have to handle fraud and scam. The benefits is pretty high as much as the responsibility that you have to bear.",4,Customer Service Executive,Bangsar,former,5,5,3,4,2,,,1,0,https://malaysia.indeed.com/cmp/Ocbc-3/reviews
320,maybank,8/11/2023,Good,"Maybank provides a supportive team environment and strong professional growth opportunities. Work-life balance can be challenging, but competitive benefits and a focus on employee well-being compensate.",3,Analyst,Kuala Lumpur,former,0,0,0,0,0,,,3,40,https://malaysia.indeed.com/cmp/Malayan-Banking-Berhad-(maybank)/reviews?start=40
321,United Overseas Bank,7/11/2023,Good Starting salary,One of the good place to start as a fresh grad. need to have good communication skills. good starting salary. Good company culture. Friendly team and nice colleague,3,Customer Service,Kuala Lumpur,former,3,3,3,3,3,,,2,20,https://malaysia.indeed.com/cmp/United-Overseas-Bank/reviews?start=20
322,maybank,4/11/2023,Productive and fun workplace,"Title: Maybank - A Superb Workplace My experience at Maybank has been truly outstanding, and here's why it stands out as an exceptional workplace: 1. **Inclusive Culture**: Maybank fosters diversity and inclusion, creating a strong sense of belonging among employees. 2. **Supportive Management**: Maybank's leadership is approachable and values employee feedback. 3. **Work-Life Balance**: The company promotes work-life balance, offering flexibility and wellness support. 4. **Growth Opportunities**: Maybank invests in professional development and career advancement. 5. **Competitive Benefits**: They offer competitive compensation and a comprehensive benefits package. 6. **Innovation**: Maybank embraces innovation and technology, keeping the work dynamic. 7. **Community Engagement**: Maybank encourages community involvement, giving employees a sense of purpose. 8. **Collaborative Environment**: Teamwork is a priority, creating a positive and productive atmosphere. 9. **Modern Facilities**: The workplace is comfortable, modern, and well-equipped. 10. **Job Security**: Maybank provides stability and financial security. In summary, Maybank is a community of passionate individuals working together to achieve common goals. If you seek a workplace that values employees, promotes growth, and makes a positive impact, Maybank is the place to be.",5,Executive,Kuala Lumpur,current,0,0,0,0,0,,,3,40,https://malaysia.indeed.com/cmp/Malayan-Banking-Berhad-(maybank)/reviews?start=40
323,Ocbc,2/11/2023,Productive and fun workplace,Good workplace to grow. The team is really good and boss is really helpful to others. Salary-wise and benefits can be improve. Perks of having a workplace besides lrt,5,Senior Executive,Kuala Lumpur,current,0,0,0,0,0,,,1,0,https://malaysia.indeed.com/cmp/Ocbc-3/reviews
324,Public-Bank-Berhad,2/11/2023,Graduates may try which is a place to train working in pressure environment,What is the best part of working at the company? heavy workload and without work life balance What is the most stressful part about working at the company? No solutions when facing problems,1,Hire Purchase Analyst,Johor,current,0,0,0,0,0,,,4,60,https://malaysia.indeed.com/cmp/Public-Bank-Berhad/reviews?start=60
325,Public-Bank-Berhad,2/11/2023,Credit analyst,Maybe is good to work for do not have any directions to run yourself，of course not suitable for all depends how many stressful you can handle it on you,3,Credit analyst,Ipoh,former,0,0,0,0,0,,,4,60,https://malaysia.indeed.com/cmp/Public-Bank-Berhad/reviews?start=60
326,RHB Bank Berhad,1/11/2023,Good,"Overall good. good salary, good teamwork. fresh graduate can join to get experience. selling personal loan, credit cards, asb and many more depend on your branch",5,seller,miri,former,0,0,0,0,0,,,3,40,https://malaysia.indeed.com/cmp/Rhb-Bank-Berhad/reviews?start=40
327,maybank,30/10/2023,Good place to start a career,"Cons - 24/7 standby - Take leave also need to be online - No work life balance Pros - A lot of benefits (claim, medical, bonus, salary) - Knowledgeable staff in their area - A lot if leave (hard to utilize)",3,IT Supports,Kuala Lumpur,current,0,0,0,0,0,,,3,40,https://malaysia.indeed.com/cmp/Malayan-Banking-Berhad-(maybank)/reviews?start=40
328,Public-Bank-Berhad,29/10/2023,Toxic People and Unfair Treatment,Good salary and increment but you need to face toxic people. Staff benefits seems is good but actually nope. I think clerical is benefits most in the company compare with the officer.,3,Assistant Manager,Kuala Lumpur,current,0,0,0,0,0,,,4,60,https://malaysia.indeed.com/cmp/Public-Bank-Berhad/reviews?start=60
329,maybank,28/10/2023,Productive,"Best workplace, supportive seniors, fun environment, lot of learning, good colleagues, high salary, best place to work, best place to retire, easy access",5,Service,Kuala Lumpur,former,0,0,0,0,0,,,3,40,https://malaysia.indeed.com/cmp/Malayan-Banking-Berhad-(maybank)/reviews?start=40
330,Cimb-Group,25/10/2023,Caring Organisation,"I work for almost 15 years before early retirement. Good Culture, good environment and supportive management. The con is being once scolded by Taxi Driver who send me to HQ -KL just because it links to previous PM who being charged for corruption.",5,Wealth Management,East Malaysia,former,0,0,0,0,0,,,3,40,https://malaysia.indeed.com/cmp/Cimb-Group/reviews?start=40
331,Public-Bank-Berhad,24/10/2023,Good benefits,"Overall great place to work. Good increment, good benefits, good bonus. Promotion after 3-4 years. Health benefit also ok. Sometimes boss have favouritism.",5,Analyst,Kuala Lumpur,current,0,0,0,0,0,,,4,60,https://malaysia.indeed.com/cmp/Public-Bank-Berhad/reviews?start=60
332,RHB Bank Berhad,24/10/2023,High volume of workload,Good colleague but very challenging for staff without experience. No proper on job training before start working. Need to take care of sales and disbursements. Can't full focus on sales hunting.,3,Business development manager,Johor Bahru,current,0,0,0,0,0,,,3,40,https://malaysia.indeed.com/cmp/Rhb-Bank-Berhad/reviews?start=40
333,maybank,20/10/2023,Benefits are great,"Maybank is a good company that provides good benefits . Friendly working environment. With the current development and system enhancement, we need to be agile.",5,Transaction Banking Sales,Kuala Lumpur,current,0,0,0,0,0,,,3,40,https://malaysia.indeed.com/cmp/Malayan-Banking-Berhad-(maybank)/reviews?start=40
334,Ocbc,18/10/2023,Friendly colleagues,Colleagues are friendly and willing to teach. Good working environment. Company always provide activities for employees to participate. Good location - near lrt station,5,Intern,Kuala Lumpur,former,4,4,4,4,4,Friendly colleagues & good working environment,need to work overtime sometimes,1,0,https://malaysia.indeed.com/cmp/Ocbc-3/reviews
335,United Overseas Bank,18/10/2023,Fun workplace and flexibility,the vibes and surrouding are goods for those who are not that kind of oldschool generation. very flex and fun workplace as u can work from anyplace in the office building. would recommend for those who seeking to starting a career in banking,5,CONTRACT OFFICER,Kuala Lumpur,current,0,0,0,0,0,,,2,20,https://malaysia.indeed.com/cmp/United-Overseas-Bank/reviews?start=20
336,Public-Bank-Berhad,17/10/2023,Job security but with hard work,Good job security but need to able to handle the big work load. Bonuses are good with decent increment if company is profitable at the end of the year.,5,Senior Operations Officer,Kota Kinabalu,former,0,0,0,0,0,,,4,60,https://malaysia.indeed.com/cmp/Public-Bank-Berhad/reviews?start=60
337,maybank,15/10/2023,good salary and working environment,"supervisor too busy, need to be self-independent, not much can learn since I was interning at the branch and all customer's information is confidential, staff all friendly, the lunch break is 1 hour super short",5,Internship Trainee,sarawak,former,0,0,0,0,0,,,3,40,https://malaysia.indeed.com/cmp/Malayan-Banking-Berhad-(maybank)/reviews?start=40
338,United Overseas Bank,15/10/2023,No work life balance,"No ot pay even you come earlier and need to stayback. Bad pay. They even dont care to tell you about new bank policy. TL also useless, dont how to help to solve the problem, always ask you refer to your own note during training. Overall they are useless and dont even care about you, and will kerah you selagi boleh",3,Contact centre,Kuala Lumpur,former,0,0,0,0,0,,,2,20,https://malaysia.indeed.com/cmp/United-Overseas-Bank/reviews?start=20
339,Cimb-Group,14/10/2023,Good place to gain experience but no work life balance,"This is a good place for startup, to gain experience. To me its a fast pace environment where u need to learn to multitask. Staff benefit very good. But no Work life balance.",3,Bureau De Change Sales Executive,Kuala Lumpur,current,2,5,2,3,3,Medical benefit,Short break,3,40,https://malaysia.indeed.com/cmp/Cimb-Group/reviews?start=40
340,Public-Bank-Berhad,11/10/2023,Good place to learn,Good salary increment and bonus Increase knowledge and peoples skills Manage time Heavy workloads and high targets OT almost every weekdays and work on weekends,4,Senior sales and marketing executives,Kedah,former,0,0,0,0,0,,,4,60,https://malaysia.indeed.com/cmp/Public-Bank-Berhad/reviews?start=60
341,United Overseas Bank,9/10/2023,"High Expectation, minimal training",High expectation to deliver but minimal training to support expectation. High call volume but under staffed. Daily calls of unhappy customers calling to comlpain,3,Customer Service,Kuala Lumpur,former,0,0,0,0,0,,,3,40,https://malaysia.indeed.com/cmp/United-Overseas-Bank/reviews?start=40
342,United Overseas Bank,8/10/2023,Workplace Culture,"Not for everyone. Learn as much as you can and get out. Two types of employees. The progressive and the insecure. The insecure are immature, unprofessional, real bullies.",3,Manager,Kuala Lumpur,current,0,0,0,0,0,,,3,40,https://malaysia.indeed.com/cmp/United-Overseas-Bank/reviews?start=40
343,HSBC,6/10/2023,Proud to be part of this company,Okay to work here. okay for everyone . Happy working here. Management wise need to improve their understanding toward staff management. I really enjoy working her,3,Manager,Kuala Lumpur,current,0,0,0,0,0,,,2,20,https://malaysia.indeed.com/cmp/HSBC/reviews?start=20
344,Cimb-Group,5/10/2023,Productive and fun Workplace,"Provide employees with flexible work arrangements, such as telecommuting and compressed workweeks. Offer employees paid time off for vacation, sick leave, and personal days. Provide employees with access to a gym, fitness classes, or other wellness programs. Create a break room or lounge area where employees can relax and socialize. Organize social events and team-building activities, such as happy hours, potlucks, and outings.",5,Computer Engineer,KL Sentral,current,0,0,0,0,0,,,3,40,https://malaysia.indeed.com/cmp/Cimb-Group/reviews?start=40
345,Public-Bank-Berhad,5/10/2023,nice working environment,friendly and nice working environment. colleagues are helpful enough to assist and guide. direct and clear career path yet systems are bad and outdated,5,sales,Kuala Lumpur,former,0,0,0,0,0,,,4,60,https://malaysia.indeed.com/cmp/Public-Bank-Berhad/reviews?start=60
346,RHB Bank Berhad,4/10/2023,Typical local company,"Typical local company culture. Want everything but cant deliver everthing. The manager not supportive, the support need to repay back. Aggressively push for target without considering the market condition and situation",4,Premier Relationship Manager,Malaysia,former,3,3,3,3,3,,,3,40,https://malaysia.indeed.com/cmp/Rhb-Bank-Berhad/reviews?start=40
347,maybank,3/10/2023,"Still the best bank for me ,& i would like to rejoin with the Maybank Group soon.TQ.",What is the best part of working at the company? serve with our HEART🐯 exmaybankers What is the most stressful part about working at the company? Toxic environment & crowd situation What is the work environment and culture like at the company? Humanising & positive environment What is a typical day like for you at the company? Friday its a casual smart attire,5,Customer service assistant,Sabah,former,0,0,0,0,0,,,3,40,https://malaysia.indeed.com/cmp/Malayan-Banking-Berhad-(maybank)/reviews?start=40
348,bank islam,2/10/2023,Productive & fun work colleague,"I've been work 12 years,and many benefits I got.Alhamdulillah..Nice working place and convenient.sporting colleague and friendly bosses. Really missed the calm and Islamic environment there",5,Clerk,Hq,former,0,0,0,0,0,,,1,0,https://malaysia.indeed.com/cmp/Bank-Islam/reviews
349,maybank,29/9/2023,sales target are high as your salary,too much gossip in each outlet. salary is very high and good stress level is 8 being a salesperson will definitely be super duper busy. staff benefits are very good. the HR system is so convenient.,4,Personal financial advisor,Johor Bahru,former,3,5,5,3,2,high salary and staff benefits are very good,stress level quite high,3,40,https://malaysia.indeed.com/cmp/Malayan-Banking-Berhad-(maybank)/reviews?start=40
350,Public-Bank-Berhad,29/9/2023,Fun and stress,"Need to achieve target every month. If not, then will be meeting of low performance. Always need to report what have we done in the branch and so on.",5,Senior financial executive,Melaka,current,0,0,0,0,0,,,4,60,https://malaysia.indeed.com/cmp/Public-Bank-Berhad/reviews?start=60
351,maybank,27/9/2023,Not worth it,Its not for everyone but the pay is good. If you can do sales and want to strive more this is the place for you. And if you can tahan kena maki also this place is for you. Hahaha,1,Personal Financial Advisor,Kuching,current,0,0,0,0,0,,,3,40,https://malaysia.indeed.com/cmp/Malayan-Banking-Berhad-(maybank)/reviews?start=40
352,maybank,27/9/2023,Positive productivity performance and always manages their time well.,"I am thankful to my previous organization which is Maybank Berhad, because I have learnt a lot of things there. I enjoyed the people I worked with may",5,Marketing Executive,Menara Maybank Kuala Lumpur,former,5,5,5,5,5,These advantages can include stronger employee relationships as wellle.,"Family and medical leave, gym",3,40,https://malaysia.indeed.com/cmp/Malayan-Banking-Berhad-(maybank)/reviews?start=40
353,RHB Bank Berhad,25/9/2023,Great to learn,"Staff are friendly and kind heart to help out, especially to newbies. Great place to learn, but for sales you have to be good in dealing with stress.",4,Personal Banker Wealth,Kuala Lumpur,former,0,0,0,0,0,,,3,40,https://malaysia.indeed.com/cmp/Rhb-Bank-Berhad/reviews?start=40
354,Cimb-Group,21/9/2023,Un-professional,'- Branch management by the manager is not fair and professional. Stressfull management. Good HR organization. Can work if manage to balance the lifestyle,3,Personal Financial Consultant,Teluk Intan,current,0,0,0,0,0,,,3,40,https://malaysia.indeed.com/cmp/Cimb-Group/reviews?start=40
355,RHB Bank Berhad,21/9/2023,Hybrid Working Arrangement,"Depends on your department/job scope, employer offer Hybrid Working Arrangements. There are schedule that you may take based on your preferences. Really helps on these days.",5,Executive,Bangi,current,0,0,0,0,0,,,3,40,https://malaysia.indeed.com/cmp/Rhb-Bank-Berhad/reviews?start=40
356,Cimb-Group,17/9/2023,Great culture,"People is kind and helpful, pace could be slow at times but you have to be proactive to maximize your learning experience. The allowance is acceptable, it could be higher.",5,Intern,Kuala Lumpur,former,0,0,0,0,0,,,3,40,https://malaysia.indeed.com/cmp/Cimb-Group/reviews?start=40
357,Public-Bank-Berhad,17/9/2023,Fun workplace,Lot to learn and good onsite training. Exposed to credit and operational at branch and HQ exposure. Lot pressure for sales but good boss (young lady) and nice teammate,5,Senior Executive,Kuala Lumpur,former,0,0,0,0,0,,,4,60,https://malaysia.indeed.com/cmp/Public-Bank-Berhad/reviews?start=60
358,RHB Bank Berhad,13/9/2023,Rewarding working environment,Fast paced Demanding at work Strong team bonding You are able to raise your ideas to boss for improvement. Adequate training provided to equip knowledge to carry out the task.,4,Senior Manager,Jalan Ampang,current,3,4,4,4,3,Friendly colleague,Poor staff welfare,3,40,https://malaysia.indeed.com/cmp/Rhb-Bank-Berhad/reviews?start=40
359,Public-Bank-Berhad,12/9/2023,Not bad,"Heavy workload, but good salary and benefits... Helpful and kind colleagues Stressful work environment Expected OT Iffy Career Development (Promotions) Not bad Overall",3,CREDIT RISK MODELLER,HQ,former,0,0,0,0,0,,,5,80,https://malaysia.indeed.com/cmp/Public-Bank-Berhad/reviews?start=80
360,Public-Bank-Berhad,10/9/2023,Old school company,Outdated technology with school-like management. Expect workers to overtime without paying. Not environmentally friendly as everything must be printed on paper including email?!!!,1,Management Trainee,Kuala Lumpur,former,0,0,0,0,0,,,5,80,https://malaysia.indeed.com/cmp/Public-Bank-Berhad/reviews?start=80
361,Ocbc,8/9/2023,super unproductive workplace with toxic team leads,"they will gaslight you, throw you under the bus & use you as scapegoat for their mistakes. I learn how to survive in this harsh environment. fresh joiners keep quitting cause of the treatment they get as the job scope on paper is not as what you are doing at work. alot of glorified admin work to do for your team leads",1,Digital Marketing Manager,Kuala Lumpur,current,0,0,0,0,0,,,2,20,https://malaysia.indeed.com/cmp/Ocbc-3/reviews?start=20
362,RHB Bank Berhad,7/9/2023,"Poor benefits,long working hours","Chinese dominant, poor benefits,long working hours, disparity..no work life balance..facilities not that great..not much scope for growth and not paid as per performance",3,Project manager,Kuala Lumpur,former,0,0,0,0,0,,,3,40,https://malaysia.indeed.com/cmp/Rhb-Bank-Berhad/reviews?start=40
363,HSBC,6/9/2023,Good place to learn,Flexible working hours. Nice supervisor and colleagues. Working environment was good. A little bit too manual in some areas. Working location is good and convenient.,4,Student Apprenticeship Program,Kuala Lumpur,former,0,0,0,0,0,,,2,20,https://malaysia.indeed.com/cmp/HSBC/reviews?start=20
364,maybank,6/9/2023,Great place to start a career,Excellent entry point into the ASEAN financial industry. Management is efficient and effective in most matters. Guidance and learning opportunities are in abundance.,5,Senior Analyst,Kuala Lumpur,former,0,0,0,0,0,,,3,40,https://malaysia.indeed.com/cmp/Malayan-Banking-Berhad-(maybank)/reviews?start=40
365,HSBC,5/9/2023,"High salary , full medical coverage, there's no such thing as work and fun at the same time.","Work isn't fun , staff isn't friendly and you will have to find that you're your own way to get the jobs done. you will found yourself secluded and isolated from other coworkers. Wats good, salaries and full medical coverage.",3,Banker,HSBC TRX Kuala Lumpur,former,0,0,0,0,0,,,2,20,https://malaysia.indeed.com/cmp/HSBC/reviews?start=20
366,maybank,5/9/2023,Fun workmate and lots of benefits,Good company to learn and i had great exposure of financial industry for my upcoming entry level career. Fun colleagues to work with. Good salary offered compared to another bank.,5,Protege Trainee,Malaysia,former,3,5,5,4,4,Salary,Workload and less work life balance,3,40,https://malaysia.indeed.com/cmp/Malayan-Banking-Berhad-(maybank)/reviews?start=40
367,maybank,4/9/2023,A bit stressful yet rewarding,"As an IT, the rewards were less than Business/Investment related teams, but still slightly high than average rewards(bonus,salary). Work culture varies in departments, but mine was bad. When reported , the answer was, ""this is banking"". Mobility in departments is ""faked"" and only on paper.",5,System Analyst,Menara Maybank,current,0,0,0,0,0,,,3,40,https://malaysia.indeed.com/cmp/Malayan-Banking-Berhad-(maybank)/reviews?start=40
368,Cimb-Group,25/8/2023,good place to grow your career,medical benefit is good enough incentive is not good enough self motivated is compulsory to survive dont ask or hope for support from the bosses good collegue,4,personal financial consultant,Kuala Lumpur,current,0,0,0,0,0,,,3,40,https://malaysia.indeed.com/cmp/Cimb-Group/reviews?start=40
369,Cimb-Group,25/8/2023,Fun workplace and good work environment,"Learn a lot here, best place to internship as fresh graduate, hybrid working, team members were nice and helpful, no pressure from supervisor and high allowance for internshio",5,Intern,MSB Bukit Damansara,former,0,0,0,0,0,,,3,40,https://malaysia.indeed.com/cmp/Cimb-Group/reviews?start=40
370,bank islam,20/8/2023,depends which department,"depending where u r being placed at, i happen to b at the worst place, the old timers basically have good work culture in bank islam, those who came from other banks can b a p**** in the a**",1,senior manager,selangor,current,1,2,2,1,1,staff benefits,career development and mismanagement,1,0,https://malaysia.indeed.com/cmp/Bank-Islam/reviews
371,maybank,19/8/2023,A great position to enter banking industry,"As a protege at branch, usually have to promote bank's products to customer (sales) and assist them for any inquiries. If can, do try to rotate and try other departments. You will learn a lot especially in the branch. They have limited offer of permanent absorption. With manager's recommendation, maybe you can join as Maybanker",4,Protege,Selangor,former,0,0,0,0,0,,,3,40,https://malaysia.indeed.com/cmp/Malayan-Banking-Berhad-(maybank)/reviews?start=40
372,HSBC,18/8/2023,Long working hours,"A great place to learn, fast-paced and challenging. Hence, do expect to work long hours. Annual increment is very low and sometimes can be zero. However, the overall benefits are not that bad (eg: annual leave, allowances)",3,Manager,Kuala Lumpur,current,0,0,0,0,0,,,2,20,https://malaysia.indeed.com/cmp/HSBC/reviews?start=20
373,United Overseas Bank,18/8/2023,Bad Management,"Good benefit, culture good and above average pay but bad for high management. Need to improve on performance evaluation through statistics else the performance will just be manipulated for their shoe polisher.",4,Fraud prevention officer,Kuala Lumpur,current,0,0,0,0,0,,,3,40,https://malaysia.indeed.com/cmp/United-Overseas-Bank/reviews?start=40
374,Cimb-Group,17/8/2023,Underpaid for non-union staffs,"Been working here after so long. Years after years, more heavy workload and become more stressful environment with higher target, but when it come to salary increment and bonus, it was not in line with your heavy workload.",2,Product Manager,Kuala Lumpur,current,0,0,0,0,0,,,3,40,https://malaysia.indeed.com/cmp/Cimb-Group/reviews?start=40
375,maybank,14/8/2023,Not easy but you can make it,"As you know, sales is never easy. However, rezq js everywhere. The early process would be stressful as majority of the seniors wouldn't be a much of help once you start your target. Kind of independent. Relax and pick up your pace. If your branch environment did not help you, please ask to transfer. Your first step is very important. Speaking from my little experience, I do have the product knowledge but that alone is not enough. Support from surrounding is needed too BUT YOU MUST SHOW THE EFFORT. Else, they won't help you. Make sense? Good luck",4,Personal Financial Advisor,Kuala Lumpur,former,0,0,0,0,0,,,3,40,https://malaysia.indeed.com/cmp/Malayan-Banking-Berhad-(maybank)/reviews?start=40
376,Ocbc,14/8/2023,Slow career progression,The colleauges are friendly and the culture is good. Team work is showing here. The downsides are slow career progression and limited training is provided.,4,Anonymous,Kuala Lumpur,former,0,0,0,0,0,,,2,20,https://malaysia.indeed.com/cmp/Ocbc-3/reviews?start=20
377,Cimb-Group,11/8/2023,Productive and friendly workplace,"The team I interned for were very friendly and I learned many things from them. Although the work was great, they do somewhat expect some level of expertise (at least in the department I was in) even if you were only an intern.",4,Intern,Malaysia,former,0,0,0,0,0,,,3,40,https://malaysia.indeed.com/cmp/Cimb-Group/reviews?start=40
378,Public-Bank-Berhad,11/8/2023,Attractive benefits. And good commission payout if your sales is good,"Unhealthy work environment, not helpful colleagues. Lack of teamwork. Good benefits have commission and bonus Both. And very flexible working environment because have an understanding Branch manager.",3,Senior financial executive,Seremban,current,0,0,0,0,0,,,5,80,https://malaysia.indeed.com/cmp/Public-Bank-Berhad/reviews?start=80
379,Cimb-Group,9/8/2023,As a trainee,"Learn something but it is not much. Typically like intern. More physical work to manage in operation and when time to check data, then keyin data in system. Basically depend which department you're assign to.",3,Trainee,Damansara,former,0,0,0,0,0,,,3,40,https://malaysia.indeed.com/cmp/Cimb-Group/reviews?start=40
380,Cimb-Group,9/8/2023,Good,Overall is good and free environment but need to achieve sales target. It’s is good if u enjoy flexible time and flexible working hours and commission based alert.,3,Assistance sales manager,Klang,former,0,0,0,0,0,,,3,40,https://malaysia.indeed.com/cmp/Cimb-Group/reviews?start=40
381,Public-Bank-Berhad,4/8/2023,Typical company you can think of.,"Worked at back office. The furniture was old and the bank rarely change the furniture. They will just fix as much as they can. The chair can be dusty and full of suspicious patches but as long as it serves the purpose, they won’t bother to improve. Working there was good in terms of learning, but at one point,if you’re not actively contributing ideas,you won’t stand out. But if you do,can be frustrated as well because the culture there(depends on department) was to promote based on seniority. The management might be the same as other company, could be frustrating dealing with them and okay at the same time. Depends on how you view the situation.",3,Assistant Manager,Kuala Lumpur,former,0,0,0,0,0,,,5,80,https://malaysia.indeed.com/cmp/Public-Bank-Berhad/reviews?start=80
382,HSBC,3/8/2023,Political environment,"Full of internal procedures and processes and always changed. Will find it hard to adapt. Lack of knowledge transfer to new staff, documentation is poor",3,It manager,Kuala Lumpur,current,0,0,0,0,0,,,2,20,https://malaysia.indeed.com/cmp/HSBC/reviews?start=20
383,Public-Bank-Berhad,3/8/2023,Good Pay and Benefits,"Good pay in bonus, unlimited medical benefit for staff and family, surrounded by klcc area which makes a lot of choices of eateries. Heavy workloads, no appreciation from management, unfair treatment from management team, no work life balance.",4,Assistant Manager,Kuala Lumpur,former,0,0,0,0,0,,,5,80,https://malaysia.indeed.com/cmp/Public-Bank-Berhad/reviews?start=80
384,Cimb-Group,2/8/2023,Fun workplace,"Learn a lot of things here, the place is fun and you can get a lot of experience here. If u did well they may ask you to handle some project. The hardesr part of the job is probably communication as you will need to attend a lot of meetings sometimes the meeting will clash with each other.",5,Intern,Plaza Damansara,former,0,0,0,0,0,,,3,40,https://malaysia.indeed.com/cmp/Cimb-Group/reviews?start=40
385,Ocbc,1/8/2023,Productive and fun,"Good staff benefit, good leadership. A place to grow and develop your skills. Friendly environment and colleagues work well with each other. Would recommend friends to join the bank",4,Vice President,Kuala Lumpur,current,0,0,0,0,0,,,2,20,https://malaysia.indeed.com/cmp/Ocbc-3/reviews?start=20
386,bank islam,31/7/2023,Fun workplace and colleague but no career development,Good environment but typical corporate politics. Hybrid work hours depending on department. Still imementing wfh. Hard to get promoted but good yearly bonus payout,4,Senior Associate,Kuala Lumpur,current,0,0,0,0,0,,,1,0,https://malaysia.indeed.com/cmp/Bank-Islam/reviews
387,maybank,31/7/2023,Great workplace,Great workplace. Meet a lot of people there. The team I work with were great. Benefits are great. Fast pace working environment. Help me to develop a great skill set.,5,Consumer sales executive,Seremban 2,current,3,4,4,3,4,Benefits,Stress,3,40,https://malaysia.indeed.com/cmp/Malayan-Banking-Berhad-(maybank)/reviews?start=40
388,Public-Bank-Berhad,25/7/2023,"Not a good place for fresh graduates, system is outdated and many manual works","Try to find for other alternative instead of joint the MT program, there is no rotation for work. If you are lucky, you will meet those good and kind seniors to guide you, if not, you will be scolded for asking.",3,Mt,malaysia,former,0,0,0,0,0,,,5,80,https://malaysia.indeed.com/cmp/Public-Bank-Berhad/reviews?start=80
389,Public-Bank-Berhad,25/7/2023,Competitive Benefits,"Working here is great, depends on your team. If your team is OK then your mental is OK, if not otherwise. Good salaries and benefits. Bonus is quite a lot depends on your performance and bank performance.",3,Security Analyst,Kuala Lumpur,former,0,0,0,0,0,,,5,80,https://malaysia.indeed.com/cmp/Public-Bank-Berhad/reviews?start=80
390,RHB Bank Berhad,23/7/2023,It's all about sales and money,"If you think you're fine without work life balance, then this is your place. If you think you can control your mental health, then this is your place.",3,SALES EXECUTIVE,Perak,current,0,0,0,0,0,,,4,60,https://malaysia.indeed.com/cmp/Rhb-Bank-Berhad/reviews?start=60
391,United Overseas Bank,20/7/2023,Good benefit with bad management,Good benefit with modern office design. Politics are prevalent and management is unsupportive and you will be gaslighted if you speak up. Can enjoy free coffee in pantry.,1,Specialist,Kuala Lumpur,former,2,3,1,1,1,Free coffee,politics,3,40,https://malaysia.indeed.com/cmp/United-Overseas-Bank/reviews?start=40
392,maybank,19/7/2023,Good,Very good and so much intertaining with mainly good condition and so much fun every day of the life work balance with the supportance of people and manager,4,Manager,Kuala Lumpur,former,0,0,0,0,0,,,3,40,https://malaysia.indeed.com/cmp/Malayan-Banking-Berhad-(maybank)/reviews?start=40
393,Ocbc,19/7/2023,Good working environment,People at there are friendly and the working environment is good. So is it friendly for fresh graduate student who want to try to step into banking industry,5,Credit Officer,Penang,former,0,0,0,0,0,,,2,20,https://malaysia.indeed.com/cmp/Ocbc-3/reviews?start=20
394,United Overseas Bank,19/7/2023,Good benefit but unreliable management,Good benefit with modern office design. Can be a good learning place. Management is not supportive and you will become the villain for speaking up (depending on department I guess).,3,Manager,Kuala Lumpur,former,0,0,0,0,0,,,3,40,https://malaysia.indeed.com/cmp/United-Overseas-Bank/reviews?start=40
395,Cimb-Group,13/7/2023,Best place to learn and grow,Best place to learn and grow especially if you are fresh graduates. Might not be suitable for those who strive for work-life balance and family-oriented person.,5,Assistant Manager,Kuala Lumpur,current,0,0,0,0,0,,,3,40,https://malaysia.indeed.com/cmp/Cimb-Group/reviews?start=40
396,Ocbc,11/7/2023,Good for career growth,"No worklife balance. No racism issues. However, slow progression. The job was fun, but it is quite boring as days goes by. If you're an active person, I do not recommend.",3,Intern,Kuala Lumpur,current,0,0,0,0,0,,,2,20,https://malaysia.indeed.com/cmp/Ocbc-3/reviews?start=20
397,HSBC,10/7/2023,Good place to work!,"Good place to work, helpful colleague Transparent culture, management sometimes can be pushy but as long as you’re not under performing you’re all good.",5,Relationship Manager,Kuala Lumpur,former,0,0,0,0,0,,,2,20,https://malaysia.indeed.com/cmp/HSBC/reviews?start=20
398,Public-Bank-Berhad,10/7/2023,Bancassurance Sales,Public Bank has a lot of good employee benefits. The working environment is highly dependent on which branch you are working at some are great while some are less great. If you do plan on working for public bank be prepared physically and mentally.,3,financial executive,Melaka,current,0,0,0,0,0,,,5,80,https://malaysia.indeed.com/cmp/Public-Bank-Berhad/reviews?start=80
399,bank islam,8/7/2023,Great workplace,"It is a great workplace where all the colleagues and bosses are nice and friendly, it is just that work is a lot. You have to be resilient and just focus completing your work",5,Assistant Manager,Kuala Lumpur,current,0,0,0,0,0,,,1,0,https://malaysia.indeed.com/cmp/Bank-Islam/reviews
400,HSBC,5/7/2023,Funplace with some downside,The working environment is good in general but people's mouths can be really toxic the reason why I left was because of some rumours that was spread out even though its not my fault it sounded my fault and people choose to believe the other party just because she is close to the management,3,Global Support Executive,Kuala Lumpur,former,0,0,0,0,0,,,2,20,https://malaysia.indeed.com/cmp/HSBC/reviews?start=20
401,Cimb-Group,3/7/2023,"high salary, good trainning and peovide non financial reward","i love cimb because they have good health insurance , they also provide as a good trainning as sustainability and 3D academic , they also reward with a trip and holiday",5,customer,cimb malaysia,former,0,0,0,0,0,,,3,40,https://malaysia.indeed.com/cmp/Cimb-Group/reviews?start=40
402,HSBC,3/7/2023,"High salary, Fun workplace","Good for building up your career progression. But there are certain market that need improvement for the system as well. It should take 4 weeks for training, because we need to be mentality ready to confront customers.",4,Customer Service Representative,Tun Razak Exchange,former,0,0,0,0,0,,,2,20,https://malaysia.indeed.com/cmp/HSBC/reviews?start=20
403,Cimb-Group,1/7/2023,Workplace,"> you have to prepare AC for ur bosses/seniors > long working hours ( BANKING INDUSTRY) > no WFH > cannot make even a single mistake even you're new if you do then, you will be famous of gossip about you > toxic workplace",4,Fraud,Wisma cimb,current,0,0,0,0,0,,,3,40,https://malaysia.indeed.com/cmp/Cimb-Group/reviews?start=40
404,maybank,28/6/2023,Friendly environment,"Fun place to work, always new thing to learn. Gòod staff benefityes, annual leave, medical benefityes, bonus, good place go gain good experience on the banking line.",5,OPERATION EXECUTIVE OFFICER,Puchong,former,5,5,5,4,5,30 day annual leave,Staff benefityes,4,60,https://malaysia.indeed.com/cmp/Malayan-Banking-Berhad-(maybank)/reviews?start=60
405,Public-Bank-Berhad,28/6/2023,Not the management trainee program you expect,"Normally, management trainee program is meant to train you to become a manager. but here at public bank, it does not seem like it. i would say the job scope is relatively easy, i dont understand why they need degree holder for this job",3,Management Trainee,Kuala Lumpur,former,0,0,0,0,0,,,5,80,https://malaysia.indeed.com/cmp/Public-Bank-Berhad/reviews?start=80
406,United Overseas Bank,28/6/2023,ok comany,"good place to work , with great benefit Tight dateline with office politic as expected. The higher your post is, the more politic will come to you, no matter how you want to avoid it.",3,VP2,Kuala Lumpur,current,0,0,0,0,0,,,3,40,https://malaysia.indeed.com/cmp/United-Overseas-Bank/reviews?start=40
407,Cimb-Group,26/6/2023,Flexible working,"Good company to learn management, sales skill, preparation memo, build relationship with branch manager and head, open for discussion. Develop new project.",4,Business development manager,Kuala Lumpur,former,4,4,4,4,4,,,3,40,https://malaysia.indeed.com/cmp/Cimb-Group/reviews?start=40
408,HSBC,26/6/2023,"Productive, good management, Fun working","A good place to build up your career. The training will be provide properly and manager will assist you if you need any help. Good working environment and suit for anyone that have strong team player and a competitive person. No ot provided, everything will depend on commission so, more you give, more you get",5,Contact Centre Sales Representative,Kuala Lumpur,former,0,0,0,0,0,,,2,20,https://malaysia.indeed.com/cmp/HSBC/reviews?start=20
409,Public-Bank-Berhad,22/6/2023,No Work Life Balance,"Very Boring, as the management has require you to work overtime. Collegue are good very helpful, but too traditional minded. The environment is depend on the branch",3,Credit Analyst,Kuala Lumpur,former,0,0,0,0,0,,,5,80,https://malaysia.indeed.com/cmp/Public-Bank-Berhad/reviews?start=80
410,HSBC,21/6/2023,Fun work place,"Very attractive salary, good working place. Work life balance. Housing allowance, OT allowance. Attractive bonus. Good company and good manager. Good place to stay.",5,Sales director,Kuala Lumpur,current,0,0,0,0,0,,,2,20,https://malaysia.indeed.com/cmp/HSBC/reviews?start=20
411,RHB Bank Berhad,21/6/2023,No Work Life Balance.,Work until 9pm. (Should be around 6pm) No pay ot Also work on weekend Early depo before enter job RM100+(Deduct from salary) No OT pay No OT pay Not follow Act of employee,1,Collecting,Kuala Lumpur,former,1,1,1,1,1,"Near Lrt, Easy apply job","Culture, Team Leader, Work Life Balance",4,60,https://malaysia.indeed.com/cmp/Rhb-Bank-Berhad/reviews?start=60
412,Cimb-Group,17/6/2023,Very fast paced and depends on your boss for WFH arrangement,"Some department have a very well established job segregation. However, the team I'm with currently with does not. I have a boss that cannot manage his own workload, not to mention his team. He has the principle as if he is paying everyone's salary. One member of the team gets lower workload than the other. One get heavier than the other. He urges that anyone with heavy workload to work even at night or weekends to finish the tasks and compares to the other if refuse / have any obligations rather than doing so. Also, the group as a whole encouraging hybrid working arrangement. But the dept. Just dream on hybrid arrangement. They loveee to micromanage the staff so no hybrid working exists.",3,Executive Officer,KL Sentral,current,0,0,0,0,0,,,4,60,https://malaysia.indeed.com/cmp/Cimb-Group/reviews?start=60
413,Public-Bank-Berhad,16/6/2023,stress workplace,"need to work long hours, high target, lack of guidance, pay is not high, customer is not bad but most of the time you are dealing with car dealer. need to work on weekends",3,senior sales and marketing,kuala lumpur,former,0,0,0,0,0,,,5,80,https://malaysia.indeed.com/cmp/Public-Bank-Berhad/reviews?start=80
414,Public-Bank-Berhad,15/6/2023,Good remuneration if you perform,"Generally a great place for you to jump in. Good bonuses, cheap staff loan and health benefits. Rewards loyalty. If you enjoy hectic working environment, this may be the place for you. Generally the process is still manual.",4,Assistant Manager,Kuala Lumpur,current,0,0,0,0,0,,,5,80,https://malaysia.indeed.com/cmp/Public-Bank-Berhad/reviews?start=80
415,Cimb-Group,14/6/2023,Senior and team leaders are very helpful,"I dont have any sort of problem when I worked there but for those who deals with anxiousness or someone who got cold feet easily, you may have harder time to adapt, but overall I think it is a nice place to work at.",4,Contact Centre Consultant,Kuala Lumpur,former,4,5,4,5,4,Good Salary,,4,60,https://malaysia.indeed.com/cmp/Cimb-Group/reviews?start=60
416,maybank,13/6/2023,Very challenging environment,"To fit in this company, you must prepare your mind and soul to expect the worst. And to get well paid yearly increment and bonus, you must do the norm which is exceeding your daily job and your boss expectation. If you got into Group Tech, you can get the most top technology experiences. But in order to gain this precious experiences and new skills, you must not expect work life balance.",2,Business Analyst,HQ,former,1,5,3,1,1,Become the most wanted candidate for other bank that competes with Maybank,No work life balance 9-5 job,4,60,https://malaysia.indeed.com/cmp/Malayan-Banking-Berhad-(maybank)/reviews?start=60
417,United Overseas Bank,13/6/2023,Work life balance but low salary increment,Pro : nice and friendly colleagues Con: Low salary increment and low bonuses. Terrible superiors with little knowledge and like to blame staffs when anything happens.,3,Manager credit analyst,Kuala Lumpur,current,0,0,0,0,0,,,3,40,https://malaysia.indeed.com/cmp/United-Overseas-Bank/reviews?start=40
418,Ocbc,9/6/2023,"Average pay, bad management, good staff benefits","Very stressful environment with boss yelling, fast paced environment. But the working hours are from 8.30am-5.30pm only and if got OT, it is until 7.30pm. Still consider early than other banks/dept that require longer working hours until 9-10pm. However, it’s advisable to stay back to cover up the kpi.",3,Collection Officer,Penang,former,0,0,0,0,0,,,2,20,https://malaysia.indeed.com/cmp/Ocbc-3/reviews?start=20
419,RHB Bank Berhad,8/6/2023,Flexible working hours,Pros: Flex office hours Cons: Salary too low for executive and manager level To improve salary scale for managers and executives level thnks .,5,Asisstant Manager,Kuala Lumpur,current,0,0,0,0,0,,,4,60,https://malaysia.indeed.com/cmp/Rhb-Bank-Berhad/reviews?start=60
420,Public-Bank-Berhad,7/6/2023,Intensive and great workplace,"Intense and demanding workplace, often stayback post working hours but your boss will remunerate you accordingly based on your efforts and initiatives",5,Risk,KL,former,0,0,0,0,0,,,5,80,https://malaysia.indeed.com/cmp/Public-Bank-Berhad/reviews?start=80
421,HSBC,5/6/2023,Nice work place,Nice boss and colleage good culture and working environment roadshow required worklife balance not so heavy job Training provided Benefits provided High Epf,3,Mobile banker,kuala lumpur,former,0,0,0,0,0,,,2,20,https://malaysia.indeed.com/cmp/HSBC/reviews?start=20
422,HSBC,3/6/2023,Low increment and underpaid,"Working like h**l but the salary not match with workload.. Force us how to improve system for minimize manual intervention. But once we throw idea, the top management reject the idea due budget limitations",3,Global support executives,Kuala Lumpur,former,0,0,0,0,0,,,3,40,https://malaysia.indeed.com/cmp/HSBC/reviews?start=40
423,Cimb-Group,29/5/2023,Good,"Overall is good and recommended Good transport Good place for professional learning Good management, training provided Friendly colleagues Work life balance",5,Credit analyst,Mid Valley City,current,0,0,0,0,0,,,4,60,https://malaysia.indeed.com/cmp/Cimb-Group/reviews?start=60
424,maybank,28/5/2023,"Fast-paced, good place to start career.","A good place for resh graduates to start a career. Salary offer is competitive wth current market. Fast-paces environment, which bring lot exposure to a working environment.",5,Protege Trainee,Kuala Lumpur,current,0,0,0,0,0,,,4,60,https://malaysia.indeed.com/cmp/Malayan-Banking-Berhad-(maybank)/reviews?start=60
425,RHB Bank Berhad,28/5/2023,It was great working at the company,"Mostly i enjoyed working in the company with great people. I love the position as a spend management executive. However, the salary for the job specification and skills was insufficient",3,Spend Management Executive,Kuala Lumpur,former,2,2,2,4,4,"remotely hybrid, supportive people",law salary,4,60,https://malaysia.indeed.com/cmp/Rhb-Bank-Berhad/reviews?start=60
426,maybank,26/5/2023,Not the department i hoped for,"Cant choose the department u got into. I dont want this to be my career path so i gotta find something else in the mean time. However, its a great exposure to how the real working life is. Lots of old people working.",5,Protege,Menara maybank,current,0,0,0,0,0,,,4,60,https://malaysia.indeed.com/cmp/Malayan-Banking-Berhad-(maybank)/reviews?start=60
427,Bank-Rakyat,23/5/2023,Toxic work environment,"Everything is okay. Allowance given to interns is satisfactory, however, the work culture is so toxic. People will talk behind your back and it feels like everyone hates eachother.",4,Internship Trainee,Kuala Lumpur,former,0,0,0,0,0,,,1,0,https://malaysia.indeed.com/cmp/Bank-Rakyat/reviews
428,maybank,23/5/2023,Best place to learn,"No work-life balance but best place to learn a new thing. You can unlock your multitask skill here. Management is good but culture is not so good. Always need to do extra work that not include on your jobscopes. The hardest part is, need to do sale but if your love to do sale, this is the best company for you. Don't forget to unlock your multitask skill here.",3,Personal financial advisor,Melaka,former,0,0,0,0,0,,,4,60,https://malaysia.indeed.com/cmp/Malayan-Banking-Berhad-(maybank)/reviews?start=60
429,Cimb-Group,19/5/2023,build future career and experience,"Nice place work future your experience , have support team superb and have to nice with hq people if you want get something and very difficult to transfer for others department if HOD dont want it",4,Assistant Manager,malaysia,former,3,4,4,3,3,accommodation tiptop,annual leave have to bagging,4,60,https://malaysia.indeed.com/cmp/Cimb-Group/reviews?start=60
430,Cimb-Group,18/5/2023,Political,"Start the day with lots of meeting. It is not how good you are but rather how smart you are. Management culture is very weak, not supportive and always manipulative. Hardest part is there is no clear direction and is ever changing. Only enjoyment is when we pack nags and go home.",3,Project management,KL Sentral,former,0,0,0,0,0,,,4,60,https://malaysia.indeed.com/cmp/Cimb-Group/reviews?start=60
431,United Overseas Bank,18/5/2023,Great salary for fresh grad,"Fast-paced working culture with overload work to attend cm enquiries within time. working in an environment where you feel trapped when every second counts and can be an issue even for prayer and toilet breaks were exceed the limit time. However, its great experience to be able working with this bank, learn in hardway but my mental not able to carry on.",4,Customer service office,Kuala Lumpur,former,3,5,5,4,4,Great colleagues,Split lunch break,3,40,https://malaysia.indeed.com/cmp/United-Overseas-Bank/reviews?start=40
432,HSBC,17/5/2023,Good working environment,Its a good place to start as fresh grad. You learn communication skills but on the same time need to deal non stop calls coming in especially during MCO time,4,Customer Service Executive,Cyberjaya,former,0,0,0,0,0,,,3,40,https://malaysia.indeed.com/cmp/HSBC/reviews?start=40
433,HSBC,16/5/2023,Benefit,The employee benefits is a lot ! From medical benefits .. child care allowance .. ot .. contact centre allowance .. skill allowance.. But i wish we have public holiday ..,5,Contact centre,Trx,current,0,0,0,0,0,,,3,40,https://malaysia.indeed.com/cmp/HSBC/reviews?start=40
434,Cimb-Group,14/5/2023,Good place to work in,Good perks and benefits. Also very friendly colleagues and superiors. Good salary package together with bonus and performance bonuses. Highly recommended.,4,Customer Service,Penang Island,current,0,0,0,0,0,,,4,60,https://malaysia.indeed.com/cmp/Cimb-Group/reviews?start=60
435,Public-Bank-Berhad,13/5/2023,Productive and efficient,"As a compliance, you have to go through a lot of standards procedure by following the rules and regulations of Public Bank. Have to ensure that the reports are written accurately. There is a lot of OT hours to be spent too.",5,Compliance Officer,Kuala Lumpur,former,0,0,0,0,0,,,5,80,https://malaysia.indeed.com/cmp/Public-Bank-Berhad/reviews?start=80
436,Public-Bank-Berhad,13/5/2023,Stressful environment and always need to deal with high workload,"Bad working culture, work for 12 hours per day and need to go back office on weekend&on leave. Manager will force you to go back to process case and no one is going to be your relief when you're on leave.",1,Hire Purchase Credit Analyst,Taman maluri,former,0,0,0,0,0,,,5,80,https://malaysia.indeed.com/cmp/Public-Bank-Berhad/reviews?start=80
437,Public-Bank-Berhad,11/5/2023,China man company,"Require to OT to prove u are efficient. Not sure if only subject to my department. Benefit not bad, contractual bonus and good colleague ( although not all)",3,Senior executive,Kuala Lumpur,former,0,0,0,0,0,,,5,80,https://malaysia.indeed.com/cmp/Public-Bank-Berhad/reviews?start=80
438,Public-Bank-Berhad,11/5/2023,Toxic environment,Hard to climb corporate ladder. Toxic environment. Normal increment. No toilet papers provided in washroom. Need to multitask and overtime. No OT provided.,1,Senior Executive,Kuala Lumpur,former,0,0,0,0,0,,,5,80,https://malaysia.indeed.com/cmp/Public-Bank-Berhad/reviews?start=80
439,Cimb-Group,10/5/2023,Fun environment,"Fun and friendly environments to work , hybrid available for some departments. Salary I think is lower than market and hospital benefits below average",3,Manager,Kuala Lumpur,current,0,0,0,0,0,,,4,60,https://malaysia.indeed.com/cmp/Cimb-Group/reviews?start=60
440,HSBC,8/5/2023,"Good medical benefit. However the work is too busy, you have no time to mingle with collegue",Good for fresh grad as it offer good salary package. Howeve please bear in mind the increment is slow. And bonus is streamlined according to your year end review.,3,Customer service rep,Cyberjaya,former,0,0,0,0,0,,,3,40,https://malaysia.indeed.com/cmp/HSBC/reviews?start=40
441,Public-Bank-Berhad,8/5/2023,Good workplace but slow progression,Good learning curve for fresh graduates but slow career advancement. System is very manual and slow compared to other companies using latest technology,3,Senior Executive,Kuala Lumpur,current,0,0,0,0,0,,,5,80,https://malaysia.indeed.com/cmp/Public-Bank-Berhad/reviews?start=80
442,RHB Bank Berhad,7/5/2023,Very bad culture,Very bad culture and lots of politic among team members and also management level. Refrain from joining risk division. Require to polish shoes in order to get promotion.,1,Specialist,Kuala Lumpur,current,0,0,0,0,0,,,4,60,https://malaysia.indeed.com/cmp/Rhb-Bank-Berhad/reviews?start=60
443,RHB Bank Berhad,7/5/2023,Fun workplace,Good working environtment. Friendly colleagues. Willing to help. Team work is excellent. Boss is willing to guide and help when necessary. Really enjoy working here.,4,Customer service,Kuching,former,0,0,0,0,0,,,4,60,https://malaysia.indeed.com/cmp/Rhb-Bank-Berhad/reviews?start=60
444,maybank,6/5/2023,Fast-paced,"A moderately fast-paced work setting. Some tasks may still require manual work as the company environment does not allow you to do much on their computer. Overall, it is a good place to start off your career. You will learn a lot throughout the journey.",3,Protege Trainee,Johor Bahru,former,0,0,0,0,0,,,4,60,https://malaysia.indeed.com/cmp/Malayan-Banking-Berhad-(maybank)/reviews?start=60
445,Public-Bank-Berhad,3/5/2023,Good staff benefit with poor management,Management doesn't care about you. You just need to do work. Their work process keep changing. But benefits is quite good. Annual leave higher than others company.,4,Analyst programmer,Selangor,former,3,3,3,2,2,"Unlimited(hospital warded), 6month maternity leave(3month full day, 3month half pay)","Standby call during midnight(2 to 5 times) per month, OT claim not worth it, going back late is almost everyday(before 9pm is still considered early)",5,80,https://malaysia.indeed.com/cmp/Public-Bank-Berhad/reviews?start=80
446,Cimb-Group,22/4/2023,"Efficiency, productive with happy working culture and healthy environment",Overall it is healthy management with happy working environment. Management is pushing monthly sales in a reasonable way. Management are helpful and they will provide leads of target for sales staffs,3,Assistant Sales Manager,Kuala Lumpur,current,1,3,5,4,5,The flexible of working hour,The Sales target is high,4,60,https://malaysia.indeed.com/cmp/Cimb-Group/reviews?start=60
447,Public-Bank-Berhad,20/4/2023,Great place to start your career especially fresh grads,"Colleagues are helpful, manager and branch manager is supportive, depends which branch you get. Benefits and annual leaves are good. Almost perfect. You just have to be strong and adaptive to work with older generations.",5,Senior Credit Analyst,Kuala Lumpur,current,0,0,0,0,0,,,5,80,https://malaysia.indeed.com/cmp/Public-Bank-Berhad/reviews?start=80
448,Public-Bank-Berhad,20/4/2023,Good benefit,"Public bank is one of the bank that provides good staff benefit, including all kind of allowances, and staff loan. Inventive payout is generous too. Alot of campaigns for staff to participate in.",5,Senior Financial Executive,Sarawak,former,4,5,3,4,4,,,6,100,https://malaysia.indeed.com/cmp/Public-Bank-Berhad/reviews?start=100
449,United Overseas Bank,20/4/2023,Good rate for loan,"Good rate for loan, is a strong point to attract loan application. The turnover rate of staff is high due to low sales volume. People always come and go.",2,Mortgage Specialist,Sarawak,former,4,4,4,4,2,,,3,40,https://malaysia.indeed.com/cmp/United-Overseas-Bank/reviews?start=40
450,Ocbc,19/4/2023,Place to grow,I got to improve my skill and learn how things run. I improve in communication and learn to be accountable to my department. Improve my coding abilities as well,4,Internship,Kuala Lumpur,current,0,0,0,0,0,,,2,20,https://malaysia.indeed.com/cmp/Ocbc-3/reviews?start=20
451,maybank,14/4/2023,Very supportive teammates,Had a wonderful opportunity to learn from all My helpful teammates that provided very helpful guidance and never hesitated to guide in any situations,4,Intern,Kuala lumpur,former,0,0,0,0,0,,,4,60,https://malaysia.indeed.com/cmp/Malayan-Banking-Berhad-(maybank)/reviews?start=60
452,HSBC,12/4/2023,Very complicated incentive structure,The incentive structure is very complicated and the management could get toxic. Especially if you are in the larger branch. Hopefully they will have more quality leaders.,3,Premier Relationship Banker,Kuala Lumpur,former,0,0,0,0,0,,,3,40,https://malaysia.indeed.com/cmp/HSBC/reviews?start=40
453,Ocbc,9/4/2023,Company culture might not suit for certain people,Pros: Benefit and competitive salary. Cons: Toxic environment and most employee are very lack of skills and experience with no motivation for improvement which make very hard to work as a team.,2,Manager 6,Kuala Lumpur,current,0,0,0,0,0,,,2,20,https://malaysia.indeed.com/cmp/Ocbc-3/reviews?start=20
454,Public-Bank-Berhad,8/4/2023,Productive and fun workplace,"The positive aspects A good wage increase on top of bonuses, in addition to the standard provision of staff loans for automobiles, housing, and other specialised purposes. The obstacles to overcome Since the current boss used to be a secretary and has no prior experience in management, working hours have increased since the previous boss departed the company.",5,Senior Executive,Kuala Lumpur,current,0,0,0,0,0,,,6,100,https://malaysia.indeed.com/cmp/Public-Bank-Berhad/reviews?start=100
455,HSBC,3/4/2023,good,good experience with you buddy w the first one I got was it was okay but i not sure what time I got back to work but I think need to go to the store now,5,clerk,Klang,former,0,0,0,0,0,,,3,40,https://malaysia.indeed.com/cmp/HSBC/reviews?start=40
456,United Overseas Bank,2/4/2023,Good money but environment is killing you,"Working 8 months here and resign. Work is a bit pressure, but bearable. If you working different shift with your batch, it so hard to have conversations with others. Everybody there JUST WORK. You are dead there. Dead soul working machine. If you emotionally strong, this is the best place. Pay is good always have double pay ot",3,Senior officer customer service,Intermark,former,0,0,0,0,0,,,3,40,https://malaysia.indeed.com/cmp/United-Overseas-Bank/reviews?start=40
457,Public-Bank-Berhad,1/4/2023,Salary wise okey,If you want higher salary than other bank for fresh grad okeyy if not don't join. Workload too much Environment quite toxic especially with the older colleagues The training is quite insufficient as u have to try to self learn a lot,3,Senior executive operation,Jinjang,current,0,0,0,0,0,,,6,100,https://malaysia.indeed.com/cmp/Public-Bank-Berhad/reviews?start=100
458,Public-Bank-Berhad,29/3/2023,"Rigid corporate structure, top to down management style","Outdated management style. Top management inflexible when it comes to opinion from junior. End result is younger talents will likely jump ship while those who just follow orders passively will be rewarded or promoted by the top management. Whilst corporate life do not usually favor the creative minded ppl, rigid management will result in unproductive and unecessary workload at the end of the day. Benefit wise is comparable to other bank. Bonus structure is standard at 2month years end plus up to 4 month performance bonus in a year for normal office job while those in sales can expect double, triple and even more.",5,Assistant manager,Ampang,current,0,0,0,0,0,,,6,100,https://malaysia.indeed.com/cmp/Public-Bank-Berhad/reviews?start=100
459,bank islam,20/3/2023,Produtive and fun place to work,"Only go to office once a week, can work at office or at home and very flexible working hours. Have friendly leaders and very supportive teammates that will help you throughout you working there.",5,Credit Risk Analyst Intern,malaysia,former,4,4,4,4,4,Everyone is so friendly,Workload,2,20,https://malaysia.indeed.com/cmp/Bank-Islam/reviews?start=20
460,Public-Bank-Berhad,20/3/2023,Bad experience,"bad working culture, large age gap if u were allocated in the branch. Besides your job scope, have to work as a customer service officer, and also have a large proportion of administration work.",1,Management Trainee,Kuala Lumpur,former,0,0,0,0,0,,,6,100,https://malaysia.indeed.com/cmp/Public-Bank-Berhad/reviews?start=100
461,Public-Bank-Berhad,20/3/2023,"Good colleagues, old school management",1. Good colleagues and all helpful. Can refer to them whenever in doubt 2. No proper knowledge transfer 3. Too much hierarchy 4. Too much SOP for everything,4,Analyst Programmer,Bangi,current,0,0,0,0,0,,,6,100,https://malaysia.indeed.com/cmp/Public-Bank-Berhad/reviews?start=100
462,RHB Bank Berhad,17/3/2023,Matured culture,"Matured culture where is it result based. Can take leave easily, no questions asked. Nobody disturb after working hours except scheduled deployment event. Healthy team who helped each others ' growth. Lots of makan2. Pretty pantry with facilities. Gyms. Clinics. Unlimited medical benefits.",5,Back end developer,Kuala Lumpur,current,0,0,0,0,0,,,4,60,https://malaysia.indeed.com/cmp/Rhb-Bank-Berhad/reviews?start=60
463,HSBC,15/3/2023,Workplace culture,HSBC is a wonderful place to work and the place grow as I am now. Speak up culture is the one of the culture that I impressed in HSBC that you easily communicate with top management.,4,Assitant Manager,"KUALA LUMPUR, MALAYSIA",former,3,3,4,3,3,,,3,40,https://malaysia.indeed.com/cmp/HSBC/reviews?start=40
464,Cimb-Group,13/3/2023,Fun workplace,Fun workplace. Everyone is veryyyy friendlyyyyyy and also greattt communicationnnm with team membersss. nice workplacee and environment is very very good,4,Admin,KL Sentral,current,0,0,0,0,0,,,4,60,https://malaysia.indeed.com/cmp/Cimb-Group/reviews?start=60
465,Ocbc,13/3/2023,Productive and fun workplace,"Got flexi hours, flex benefits, good relationship with staff, got celebrations such as hari raya, cny, deepavali, merry christmast and etc. Career Growth and Wise salary.",3,Associate,Kuala Lumpur,former,0,0,0,0,0,,,2,20,https://malaysia.indeed.com/cmp/Ocbc-3/reviews?start=20
466,HSBC,7/3/2023,No,Very bad for career growth and everyone is bias and plays favoritism. If you want to learn you can but you won’t grow and everyone is out to get everyone.,2,Global support executive,Trx,former,0,0,0,0,0,,,3,40,https://malaysia.indeed.com/cmp/HSBC/reviews?start=40
467,United Overseas Bank,7/3/2023,Friendly senior staff and comfortable working environment,"Friendly staff and senior guide me patiently during probation period, comfortable working environment and nice superior. Work life balance culture able to learn a lot of thing there.",5,"Mortgage Specialist, Senior Officer",Muar,former,3,4,4,4,4,Healthcare and free lunch during MCO,,3,40,https://malaysia.indeed.com/cmp/United-Overseas-Bank/reviews?start=40
468,HSBC,6/3/2023,"Productive and fun workplace, hybrid style","had fun working there, understanding and flexible team. A lot of benefits, and learning new things. Sporting team members and work from home is available.",5,GLOBAL SUPPORT EXECUTIVE,Kuala Lumpur,former,0,0,0,0,0,,,3,40,https://malaysia.indeed.com/cmp/HSBC/reviews?start=40
469,Cimb-Group,4/3/2023,Interesting workplace for interns in accounting.,We need to study the place where there is lack in sustainability as this is the factor important is todays world. I learned sustainability banking is a part of finance and more. I enjoyed making reports and presentations. Do reach me out if you need to see my research presentation.,5,Banking,Malaysia,former,0,0,0,0,5,,,4,60,https://malaysia.indeed.com/cmp/Cimb-Group/reviews?start=60
470,Cimb-Group,27/2/2023,Nice Company,"Good culture, The management is helpful and new innovation is happening everyday. The benefits are par with industry. Hybrid working environment and nice colleagues.",4,Director,Kuala Lumpur,current,0,0,0,0,0,,,4,60,https://malaysia.indeed.com/cmp/Cimb-Group/reviews?start=60
471,RHB Bank Berhad,27/2/2023,Stressful working environment,"The worst place to work, selfish surroundings, unfair evaluation, meeting during lunch time, reporting till late night, on call 7days per week. Communication breakdown between regional sales head and subordinate.",1,Manager,Klang Valley,former,1,1,1,1,1,Incentive,Force to pass Target and meeting morning at places more than >50km,4,60,https://malaysia.indeed.com/cmp/Rhb-Bank-Berhad/reviews?start=60
472,maybank,26/2/2023,Good bank if youre looking for experiences,"Good benefit if holding non-sales position, vice versa. For sales position, please find good location and big branch with sales manager and senior with same position available in branch",3,Personal financial advisor,Selangor,current,0,0,0,0,0,,,4,60,https://malaysia.indeed.com/cmp/Malayan-Banking-Berhad-(maybank)/reviews?start=60
473,Public-Bank-Berhad,22/2/2023,No career progress,"Sick management. Staff promotion depend on Manager. When you got the chance to promote, manager declined it by not lettting staff to transfer. Many lazy staff in the branch.",3,Credit analyst,Selangor,current,0,0,0,0,0,,,6,100,https://malaysia.indeed.com/cmp/Public-Bank-Berhad/reviews?start=100
474,Ocbc,16/2/2023,professional and caring organisation,you will find wonderful people here. It is people culture. Financial system is well established over the years and the management always emphasized on sustainability,5,Operatons Head Branch Banking,Seremban,former,5,5,5,5,5,birthday celebration for staff,voices from lower base may not be heard due to high activity of the management,2,20,https://malaysia.indeed.com/cmp/Ocbc-3/reviews?start=20
475,RHB Bank Berhad,15/2/2023,Productive and competitive surrounding,"I am so gladful that i have been able working in here as i received so much benefits and possesed so many useful skills, as well as maintaining patience during solving cases. Working here also taught me to be self-reliant and critical thinking while assisting customers on field. Plus, i had a good leader who has been patiently guide me step by step, which inspired me not to give up easily.",5,Customer Service Agent,Petaling Jaya,former,5,5,5,4,5,Annual leave,Not many option for food stalls,4,60,https://malaysia.indeed.com/cmp/Rhb-Bank-Berhad/reviews?start=60
476,HSBC,11/2/2023,Productive and fun,Good environment and colleague that always support each other. The incentive is bad on ranking and the relationship between you and th e direct reporting manager,3,Premier Relationship Manager,Kuala Lumpur,current,0,0,0,0,0,,,3,40,https://malaysia.indeed.com/cmp/HSBC/reviews?start=40
477,Bank-Rakyat,9/2/2023,fun experience,"definitely fun experience. my supervisor was really helpful and patient with me. but i do not quite favour the late allowance payment as commuting daily to work requires money too and for food, so we do really need the money as much as the employees",4,Intern,Bangsar,former,0,0,0,0,0,,,1,0,https://malaysia.indeed.com/cmp/Bank-Rakyat/reviews
478,Cimb-Group,8/2/2023,I love working at here,"This place is so good to start your career also the salary is high. i learn a lot at here. The manager is nice, the colleague is supportive. Love it!! But you need to handle stress because of the customer is really drive you crazy.",5,Bank Officer Recovery,Kuala Lumpur,former,4,5,5,5,5,Salary good,Work life balance,4,60,https://malaysia.indeed.com/cmp/Cimb-Group/reviews?start=60
479,Public-Bank-Berhad,7/2/2023,Close minded company,"Everything depends on your team, learning opportunities, working culture, etc. SOP is very strict, everything requires your superior to get approval from management, for example: internet access, tools, etc.",3,Analyst Programmer,Bangi,former,3,3,1,3,2,,Long working hour,6,100,https://malaysia.indeed.com/cmp/Public-Bank-Berhad/reviews?start=100
480,HSBC,6/2/2023,Stressful yet competitive benefits,Stressful yet competitive benefits monthly kahoot games monthly foodpanda voucher management not supportive stressful job nature have to learn a lot in a short training period but you will get used to it,3,CCSS REPRESENTATIVE,Cyberjaya,former,1,4,2,1,1,"benefits, 30 days annual leave",stressful job nature,3,40,https://malaysia.indeed.com/cmp/HSBC/reviews?start=40
481,HSBC,3/2/2023,Work culture,not typically traditional work culture. modern and advance interm of technology. good career advancement if perform well. Good place to start your career can learn many things. recomended,4,GSE,TRX,current,0,0,0,0,0,,,3,40,https://malaysia.indeed.com/cmp/HSBC/reviews?start=40
482,HSBC,3/2/2023,Fun at work place,"The boss are very friendly, less stress and the working environment are great. Learn more new things and skills. Work life balance and have group discussions every week",5,Housing Loan Officer,Kuala Lumpur,former,5,5,5,5,5,Work life balance,Nope,3,40,https://malaysia.indeed.com/cmp/HSBC/reviews?start=40
483,Ocbc,30/1/2023,Bad management and stressful environment,"Fast paced, training less than a month. But bad management and environment as well. -Culture not so bad, but they will expect you to be more productive. -Workplace not fun -short break time, not even give 30 minutes one day, sometimes they ask you why you take long break. -Many staff resign because with their management",3,Customer Service Executive,Bangsar,current,2,4,3,3,2,Can claim every using panel,"No worklife balance, stressful with management.",2,20,https://malaysia.indeed.com/cmp/Ocbc-3/reviews?start=20
484,United Overseas Bank,27/1/2023,High salary but stress environment,"I was hired with contract because this job is high turnover, no wonder lo. If you didn't not finish the contract time, you will be charge Rm2500 to pay to them as the training bond. The job was so stressing your mind. Everyday have to hear complaints which is the part of the job. If you priorities your mental health, I do not recommend this job. They have the kpi you need to meet, they always keep telling you to shorten the time call but you need to wrap in CRM. It so stressful. If the queries still pending and appeal, you still need to keep on updates where we have many calls that we tend to forget. I got anxiety because always intimidate with the calls. If you handle chat or email, I still consider, but if inbound or outbound calls, think on your mental health. Pros- if you achieve target on that day, they will treat the meal. They provide free beverage vending machine which provide you coffee, cordial and refreshing beverage. You have 1 hour break. Then 30 minutes extra. You have to sacrifice your time because some shift can end at 1am, and start at 6am. Salary is high for fresh graduate which is 2.7k. Your manager is so supportive and understanding, but the call environment too stressful. 4 minutes from lrt ampang Park, which in located at intermark mall.",3,Contact Center Agent,Ampang Park,former,0,0,0,0,0,,,3,40,https://malaysia.indeed.com/cmp/United-Overseas-Bank/reviews?start=40
485,United Overseas Bank,20/1/2023,The salary is good,The salary is good for fresh graduates. However the there are too much workload and follow up need to be done after end shift. Too often I need to stay back after end shift to complete work amd cannot claim OT as it only count if taking calls.,3,Customer Service Representative,Kuala Lumpur,current,0,0,0,0,0,,,3,40,https://malaysia.indeed.com/cmp/United-Overseas-Bank/reviews?start=40
486,HSBC,18/1/2023,Terrible management,"All chaos. Mass hiring but no proper process and management. Well, it's fine at least they tried but still for me terrible. From the day of my interview now, it's been 3 months that I'm with HSBC, the management still poor.",3,Global Support Executive,Kuala Lumpur,current,2,3,3,1,5,Casual dress code,Strict to work time,3,40,https://malaysia.indeed.com/cmp/HSBC/reviews?start=40
487,maybank,17/1/2023,Good salary,High responsibilities Learning new things Thinking out of box Experiencing handling foreign bankers Working hours is very sufficient Many benefits were offered to staff,5,TRADE FINANCE RELATIONSHIP EXECUTIVE,Johor Bahru,former,3,5,4,4,4,,,4,60,https://malaysia.indeed.com/cmp/Malayan-Banking-Berhad-(maybank)/reviews?start=60
488,maybank,14/1/2023,Admin work,"Nothing much to do because it was pandemic period and it was also towards end of the year when colleagues were starting to clear their leaves, and a few caught covid and everyone had to self-quarantine at home. In the end the work i was given to do were mostly boring admin work, even when you ask other colleagues for work they said they had nothing for me. Couldn’t learn much from anyone. But everyone was generally nice and friendly.",3,Intern,Kuala Lumpur,former,0,0,0,0,0,,,4,60,https://malaysia.indeed.com/cmp/Malayan-Banking-Berhad-(maybank)/reviews?start=60
489,Cimb-Group,13/1/2023,Cashlite,"Best place to work. The environment is very healthy and got so much support from colleagues and managers. Eventhough there's challenges in doing sales, but when there's team spirit, you will be able to achieve everything",5,Telemarketing Consultant,Kuala Lumpur,current,0,0,0,0,0,,,4,60,https://malaysia.indeed.com/cmp/Cimb-Group/reviews?start=60
490,Public-Bank-Berhad,12/1/2023,Bad working environment,High volumes Seniors are unwilling to teach & help. Managers - some old folks who is bad with computer (don't even know how to use excel...print out reports to check & use long ruler to check the alignment...) Gosh...,2,Management Trainee,Kuala Lumpur,former,0,0,0,0,0,,,6,100,https://malaysia.indeed.com/cmp/Public-Bank-Berhad/reviews?start=100
491,Public-Bank-Berhad,12/1/2023,They have a very bad work life balance for any job that is in the Hire Purchase Department unless you are applying for a clerk position,"They hope that you work more than the scheduled work hours and they do not compensate for OT, and the management (Hire Purchase Department) hate to see that their workers go back on time even if you have completed your work you still need to act busy and then go back at 8pm or 9 pm (schedule working hours are 8.45am - 5.45pm). If you think that bank benefits are good, you are wrong too, the benefits are all the same with any established companies just the extra thing is that if you work with them you will easily get loans from them, but then again they're pay is not high and the loan benefit is just basically paying back to the people who pays you to work there, and they receive your money with interest, is a win-win situation for them. You will get special housing loan rate with them but if you quit your job your housing interest will increase back to any normal people's interest rate. Bonuses and increment, bonus for HP department is minimum 2 months basic pay, but if you take those 2 months Bonuses and divided by 12 months and you calculate that you work an extra hour every single day, is not even enough to say that that bonuses paid your extra one hour (OT) you worked for that year. Is less then 1.5 times of the OT rate. But considering that they wish you to work until 8 pm, the bonus is not really a bonus anymore if you see it this way, you can be paid more if a company actually pays for OT. They have a performance bonuses is separately paid from the 2 months minimum bonus, this performance bonus can reach up to 6 months pay,only special cases will get 6 month bonuses and this employee actually hit close to 200% or more than 200% of his annual target, the mean average is people achieving their target is around 80% to 100% plus, you will only given this bonus if only you hit more than 100% of your target. Increment is based on KPI and there is no transparency on the calculations of your increments, they always says is up to management to calculate the increment.",1,Sales and Marketing Executive (Hire Purchase Officer),Seremban,current,1,1,1,1,1,"Any kind of loans, you as a staff will get a lower interest rate",Bad work life balance and overall a bad experience,6,100,https://malaysia.indeed.com/cmp/Public-Bank-Berhad/reviews?start=100
492,Public-Bank-Berhad,11/1/2023,"Facing different people everyday,solve a lot of problem","A lot of works,busy every day. many many guidelines to follow,attend customer needs ,make customer happy ....... Also a lots of benefits working there Medical claim n bonus",4,CSR,Selangor,current,0,0,0,0,0,,,6,100,https://malaysia.indeed.com/cmp/Public-Bank-Berhad/reviews?start=100
493,United Overseas Bank,11/1/2023,Fun workplace & Fast Pace,There was training provided. Fun working environment & benefits were great. The workplace culture is enjoyable and colleagous are friendly. Senior/team leaders are very helpful and supportive. Just needed to be mentally strong when communicate with customer.,5,Call Centre Executive (Call Centre),Kuala Lumpur,former,4,5,5,4,5,"Management is great, suppportive subornates, training provided, overtime paid","Short breaks, handling difficult customers",3,40,https://malaysia.indeed.com/cmp/United-Overseas-Bank/reviews?start=40
494,RHB Bank Berhad,9/1/2023,Hybrid working environment,Working with rhb is pretty exciting. Hybrid working environment. Have bonus even salary is a bit low compared to other banks in the market. Working in aml TM is a very fast paced. Need to meet daily target,3,AML tm,Petaling Jaya,former,4,3,3,2,3,Hybrid working environment.only 2 days in office the rest at home,A bit Stressful with the new management,4,60,https://malaysia.indeed.com/cmp/Rhb-Bank-Berhad/reviews?start=60
495,RHB Bank Berhad,9/1/2023,Fun workplace,Great experience working here. Great colleagues and environment. Lots of workload but everyone were happy working there. All were helpful and friendly.,4,credit operations executive,Bangi,former,3,3,4,3,4,,,4,60,https://malaysia.indeed.com/cmp/Rhb-Bank-Berhad/reviews?start=60
496,maybank,5/1/2023,Fun teammates but quite loaded work tasks,"I worked as a protégé trainee here, as for the salary I must say that it is quite not compatible for the workloads but overall the it is acceptable because of the nice surroundings and good colleagues. But it's a fun experience working here!",4,Protégé Trainee,Kuala Lumpur,former,3,4,4,3,3,Flexible working hours,Heavy workloads even for trainee,4,60,https://malaysia.indeed.com/cmp/Malayan-Banking-Berhad-(maybank)/reviews?start=60
497,Public-Bank-Berhad,3/1/2023,Depend on which branch and which division you are attached to,'-The working environment and culture depends on which branch you are attached to-The salary package and benefits is good -No work-life balance -Lots of paperworks and workloads -Good training base for fresh grads,3,Management trainee (credit),Sarawak,former,2,4,3,2,2,The salary package and benefits is good,'-No work-life balance -Lots of paperworks and workloads -Good training base for fresh grads,6,100,https://malaysia.indeed.com/cmp/Public-Bank-Berhad/reviews?start=100
498,Cimb-Group,1/1/2023,Great Benefits and income,CIMB is best place to work depending on the position u have and your job role and responsibility.. i was so happy to be part of the team. I was under BDC assign to work at airport. They give unlimited rewards and appreciation if you perform well.. unfortunately the bdc i worked had to close due to covid. I got transferred to brach under FSC PFC role..but im not good with this position so i resigned.,5,Financial Services Consultant,Langkawi,former,5,5,5,5,5,Staff welfare and Benefits,Sometimes we will be transferred,4,60,https://malaysia.indeed.com/cmp/Cimb-Group/reviews?start=60
499,United Overseas Bank,1/1/2023,A challenging workplace with many concurrent projects to manage and daily back to back projects meetings and software applications testing.,"A well managed organization with strict and extensive risk management in place. Colleagues are all busy with their duties and achieving results leaving very little time for interpersonal interactions. A typical day for Team Lead is packed with projects meeting, discussions leaving very little time to perform paperwork, administrative work, planning and analysis during working hours, as need to work until almost wee hour daily. The hardest part of the job is workload and the most enjoyable part is that you get to learn a lots.",3,Team Lead,Kuala Lumpur,former,2,3,2,2,2,Extreme workload,A place to develop and fully utilize your skills,3,40,https://malaysia.indeed.com/cmp/United-Overseas-Bank/reviews?start=40
500,Ocbc,25/12/2022,Telegraphic transfer,good learning experience....meet a lot of people.....improve in communication skill...have to work overtime and be carefully in processing the telegraphic transfer,5,INTERN,Kuala Lumpur,former,0,0,0,0,0,,,2,20,https://malaysia.indeed.com/cmp/Ocbc-3/reviews?start=20
501,maybank,21/12/2022,Rewarding but demotivating work culture,You will be well compensated if you excel at work however does not take away the fact that you will undergo terrible stress because of poor management and process flow set by the company.,3,Business analyst,Menara Maybank,current,0,0,0,0,0,,,4,60,https://malaysia.indeed.com/cmp/Malayan-Banking-Berhad-(maybank)/reviews?start=60
502,Public-Bank-Berhad,15/12/2022,Productive,"Can get a lot of experiences there, learn all the banking regulations and law, is the best service in the banking industry, salary and benefits is good.",4,Customer Service Representative,Perak,current,4,4,4,4,4,Benefits,,6,100,https://malaysia.indeed.com/cmp/Public-Bank-Berhad/reviews?start=100
503,Ocbc,14/12/2022,Depends on what location & role you are,"I can say I kind of enjoyed when working at ocbc. They provided full training for all the positions, and you are allowed to internally transfer to other roles if you wanted to. You can apply for scholarships if you wanted to further study (but must be related). It's a great start if you are from a small company/industry outside, ocbc benefits are much better than theirs & annual leave is at least 19 days if not mistaken.",3,Personal Financial Consultant,Malaysia,former,3,4,3,2,3,"Medical claims, allowance provided based on position, flex claim (can claim anything)","Stress for sales role, lack of management",2,20,https://malaysia.indeed.com/cmp/Ocbc-3/reviews?start=20
504,maybank,13/12/2022,Complacent,"From my own experience, most of the staff stays because of the benefits offered by the company i.e medical & hospitalisation, leaves, commissions & incentives",5,Relationship Manager,Selangor,current,3,4,2,3,1,Benefit in kind,Work culture,4,60,https://malaysia.indeed.com/cmp/Malayan-Banking-Berhad-(maybank)/reviews?start=60
505,maybank,9/12/2022,Productive and fun workspace,"Working as an intern, the managers are very busy with their own tasks but also willing to teach, with patient and humble. Overall a good place to learn as intern.",5,Intern,Kuala Lumpur,former,5,5,5,5,5,,,4,60,https://malaysia.indeed.com/cmp/Malayan-Banking-Berhad-(maybank)/reviews?start=60
506,maybank,25/11/2022,Rewards awarded base on performance and target achieve,"Is a very established company ,with humanising care to their staff. You can count on it if you want build career path, Maybank has it own methodology upgrade their employees.",5,Head of Support service /Chief Cash Officer,Johor Bahru,former,4,4,4,4,4,During MCO food provided by co's,,4,60,https://malaysia.indeed.com/cmp/Malayan-Banking-Berhad-(maybank)/reviews?start=60
507,maybank,24/11/2022,"Steep learning curve, but rewarding",Pros: • Good training provided • Healthcare benefit is ok • Easy to apply leave if you meet target • Typical working in a bank perks Cons: • Typical challenges faced by people in sales • Some colleagues are masters of taichi • Incentive is paid after 2 months to reduce turnover rate • Very high turnover rate,3,Personal Financial Advisor,Kuala Lumpur,current,0,0,0,0,0,,,4,60,https://malaysia.indeed.com/cmp/Malayan-Banking-Berhad-(maybank)/reviews?start=60
508,RHB Bank Berhad,20/11/2022,"High workload, Toxic workplace, low work life balance","Working as part of their sales executive and i gonna said it such a high pressure, toxic workplace to work at. They don't even provide me with a my own workplace as i had to share it with everyone else. The team in here are such a toxic workmates as they all gossiping and being loud and rude to each other. I wish they make a better change on the management part to be more work friendly place.",3,Sales Consultant PF,Ipoh,current,0,0,0,0,0,,,4,60,https://malaysia.indeed.com/cmp/Rhb-Bank-Berhad/reviews?start=60
509,Ocbc,13/11/2022,Good company but stressful environment,"Good company with lots of benefits, but high target high staff turnover, stressful environment, one bank but many departments inside, each department in charge of their own stuff, don’t expect people from different department will assist you, limited products for sales.",4,Pfc,Sandakan,current,4,5,4,3,4,,,2,20,https://malaysia.indeed.com/cmp/Ocbc-3/reviews?start=20
510,RHB Bank Berhad,11/11/2022,nil,all well good nice experience working experience good...famiky environment..but living in klang valley the paid will be not enough due to cost living.....,4,executive audit & compliance,Kuala Lumpur,former,4,4,4,3,4,nil,nil,4,60,https://malaysia.indeed.com/cmp/Rhb-Bank-Berhad/reviews?start=60
511,maybank,6/11/2022,Productive and friendly workplace,"It’s easy and fun job as you just need to attend customer enquiries about Maybank related products and banking procedures. Maybank also provides excellent insurance coverage for you, spouse and children. =D",5,Customer Service Executive,Malaysia,current,4,5,4,3,4,,,4,60,https://malaysia.indeed.com/cmp/Malayan-Banking-Berhad-(maybank)/reviews?start=60
512,Bank-Rakyat,4/11/2022,okay,overall is okay. extra hours working almost everyday and workload. no proper work process strategy. Depend on the branch manager. quite packed schedule in a day,3,executive,sarawak,former,3,4,3,4,3,,,1,0,https://malaysia.indeed.com/cmp/Bank-Rakyat/reviews
513,maybank,31/10/2022,Simple and fun,A very easy atmosphere to learn something new. The management and staff are very caring employees like their own family. A work culture that respects each other. Work in 7 working days.,5,Human Resource Department(Admin),Genting Highlands,former,5,5,5,5,3,accommodation available,7 days working day,4,60,https://malaysia.indeed.com/cmp/Malayan-Banking-Berhad-(maybank)/reviews?start=60
514,Public-Bank-Berhad,30/10/2022,Good bonus but no work life,Promising bonus and work life balance all depended on your boss and colleague. Job security is high and career progression is good if your sales figures are good.,3,Senior Executive,Kuala Lumpur,current,2,4,4,3,3,Good bonus,No worklife balance,6,100,https://malaysia.indeed.com/cmp/Public-Bank-Berhad/reviews?start=100
515,maybank,28/10/2022,Fast pace environment,"You'll learn fast in terms of banking knowledge, management skills and interpersonal skills because of the projects, people and guidance you get from working here.",4,Business Analyst,Kuala Lumpur,current,3,4,4,4,4,Lots of career knowledge and exposure to new challenges,,4,60,https://malaysia.indeed.com/cmp/Malayan-Banking-Berhad-(maybank)/reviews?start=60
516,Cimb-Group,26/10/2022,Good,Best financial organization which will encourage employee to improve his or her skill and knowledge The good things Flexible working time and friendly team mate,3,CCO-Auto Collection & Recovery,Kuala Lumpur,former,3,3,3,3,3,,,4,60,https://malaysia.indeed.com/cmp/Cimb-Group/reviews?start=60
517,maybank,26/10/2022,Productive & fun work place,"has a work environment and culture that tends to be flexible and relaxed, making new employees feel comfortable and easy to adjust to the environment. being one of the best multinational companies, I think already has a very, very good reputation.",4,Software Consultant (iOS),Kuala Lumpur,former,3,3,3,4,4,,,4,60,https://malaysia.indeed.com/cmp/Malayan-Banking-Berhad-(maybank)/reviews?start=60
518,RHB Bank Berhad,26/10/2022,Excellent Job Environment.,"Productive Industry, i love it. Best management and best staffs. Hope can get best position again such as Branch Manager or Area Manager. I've submitted my cv for the management to view... After left RHB , now my education qualification is Ex Master in Business Administration.",5,PERSONAL BANKER,Hutan Melintang Perak,former,5,5,5,5,5,,,4,60,https://malaysia.indeed.com/cmp/Rhb-Bank-Berhad/reviews?start=60
519,Public-Bank-Berhad,25/10/2022,colleagues are helpful,"help to process loan applications, high volume of workload, somehow credit analyst need to do cross selling products, management and workplace culture need to be improve",3,CREDIT ANALYST,Kuala Lumpur,former,1,4,3,2,1,,,6,100,https://malaysia.indeed.com/cmp/Public-Bank-Berhad/reviews?start=100
520,maybank,21/10/2022,Good fore your resume,For protege it is okay to learn new things Certain department practised hybrid Very high paced and competitive Nice culture No politic office and comfort workplace,3,Protege,Kuala Lumpur,former,2,2,3,3,3,can be absorbed to become execs,No medical coverage,5,80,https://malaysia.indeed.com/cmp/Malayan-Banking-Berhad-(maybank)/reviews?start=80
521,Ocbc,18/10/2022,High turn over rate especially vendors,Good to gain experience. Job scope is very straightforward although it is fast paced. You will feel different treatment as a vendor against the staff at the client site. You will be forced to stay late by management because of their dinasour mindset where staying late is equivalent to being committed. Management is so desperate they will hire anyone and put the training responsibilities to seniors when they’re already short staffed. They will smooth talk to you by saying you will have increment and promotion. But at the end you will get peanuts.,3,Test Analyst,Kuala Lumpur,former,4,1,1,2,2,You can learn soft skills over the time,No compensation given. No OT. Small amount of medical allowance.,2,20,https://malaysia.indeed.com/cmp/Ocbc-3/reviews?start=20
522,Public-Bank-Berhad,15/10/2022,So so experience,Nothing much to learn from colleagues and repetitive work. Poor management and outdated equipment. Would not recommend if you are eager to learn something new.,3,Software Engineering Intern,Bandar Baru Bangi,former,0,0,0,0,0,,,6,100,https://malaysia.indeed.com/cmp/Public-Bank-Berhad/reviews?start=100
523,RHB Bank Berhad,14/10/2022,Best Workplace Ever,Doing Sale with RHB Bank is the best moment that i ever have because at RHB Bank i can make a lot of money. Have a good teamwork and good leader to guide me as a junior staff.,5,Sales Executive,Kuala Lumpur,former,5,5,5,5,5,,,4,60,https://malaysia.indeed.com/cmp/Rhb-Bank-Berhad/reviews?start=60
524,maybank,11/10/2022,Fun workplace,Has so much elearning to complete & to learn from as u need in-depth knowledge for the job & everyone is very positive & always motivates u to become a better manager,5,Relationship Manager,Johor Bahru,former,5,5,5,5,5,,,5,80,https://malaysia.indeed.com/cmp/Malayan-Banking-Berhad-(maybank)/reviews?start=80
525,Cimb-Group,6/10/2022,Toxic Sales Environment,Exposed to unrelated management politics. Multiples of reschuffling of management (i.e staffs transfer). Lack of in-depth learning and development between staffs.,3,JUNIOR RELATIONSHIP MANAGER,Kuala Lumpur,former,2,4,3,2,2,,,4,60,https://malaysia.indeed.com/cmp/Cimb-Group/reviews?start=60
526,Bank-Rakyat,5/10/2022,productive and workload,good environment to learn for fresh graduates. work process is a bit slow have to stay for extra hours almost everyday need to improve work flow and process,3,Branch Executive,Sarawak,former,3,4,3,3,3,the benefits,,1,0,https://malaysia.indeed.com/cmp/Bank-Rakyat/reviews
527,Public-Bank-Berhad,5/10/2022,Work culture depends on your division,"Pretty much depends on your boss working style. Certain bosses tend to micromanage, so you are likely to feel more stressed and have less freedom at workplace. Overall, the people here I have dealt with are generally quite nice.",3,Assistant Manager,Klang,current,3,4,4,3,3,"Staff loans, job security","Lack in basic infrastructure, hierarchy in workplace",6,100,https://malaysia.indeed.com/cmp/Public-Bank-Berhad/reviews?start=100
528,Public-Bank-Berhad,30/9/2022,Good pay and good benefit,"This is not the kind of work you should do if you actually wanted to have a work-life balance. Anyway, my colleagues have been quite helpful. Appreciate!",3,Senior Financial Executive,Sarawak,former,3,4,3,3,3,,,6,100,https://malaysia.indeed.com/cmp/Public-Bank-Berhad/reviews?start=100
529,HSBC,17/9/2022,Please do not stay for more than 2 years.,5 years and have been transfer to multiple department due to closing team every year learning new job and struggle . Low increment for bank. Sadly low bonus too.,2,Global support executive,Cyberjaya,former,3,2,2,1,4,Good medical benefit,,3,40,https://malaysia.indeed.com/cmp/HSBC/reviews?start=40
530,Ocbc,14/9/2022,Worst workplace,"Management were horrible. Dont work here if u want to find a long career life. Trust me if u jump to this company, within one month u will started to find a new job and the turnover at this company was too high. U can saw everyday there will be a staff that will resign",1,Customer service executive,Kuala Lumpur,former,1,3,1,1,1,,,2,20,https://malaysia.indeed.com/cmp/Ocbc-3/reviews?start=20
531,United Overseas Bank,12/9/2022,A bit stressful,The job are fun to take as knowledge & experience but bad in culture of work. U can be a good worker if you work with a good leader. Recommend depend on department,5,Junior officer,Kuala Lumpur,former,4,5,4,4,3,,,3,40,https://malaysia.indeed.com/cmp/United-Overseas-Bank/reviews?start=40
532,Cimb-Group,10/9/2022,No job security and growth,"Management not care about your job growth. Will temminate your contract after the period even perform good they always look for new hires. salary is very low for fresh grad mine was rm2200, medical benefit also low. basically everything is low for contract staff and they dont fight for your wellbeing",2,"Executive Trainee - Audit Confirmation Unit, GIOD Branch Support",Kuala Lumpur,former,4,1,1,2,3,Dont have to work long hours,No career growth,4,60,https://malaysia.indeed.com/cmp/Cimb-Group/reviews?start=60
533,Cimb-Group,10/9/2022,Qa,No career growth and always on contract then later terminate your contract even if u already pro at the job and boss never fight for you to stay they always look for new hires and not appreciate the existing employees. Very low salary too.,3,QA,Kuala Lumpur,former,4,2,1,2,3,Work life balance,No job security,4,60,https://malaysia.indeed.com/cmp/Cimb-Group/reviews?start=60
534,HSBC,6/9/2022,Okay workplace,"Great work culture. Can reach 4k salary in 3rd year working. After that have to get promotion for significant salary and bonus increase. High stress, high workload, non stop working environment.",4,Premier Services & Sales,Sepang,former,3,2,5,5,5,Good colleagues and work culture.,Small bonus and increment,3,40,https://malaysia.indeed.com/cmp/HSBC/reviews?start=40
535,HSBC,6/9/2022,Stressful and poor management,Benefit was good and competitive compare to other banks. Good medical insurance and employee perks. Fast paced working environment but toxic people and peers.,3,Analyst,Kuala Lumpur,former,3,3,3,2,2,,,3,40,https://malaysia.indeed.com/cmp/HSBC/reviews?start=40
536,RHB Bank Berhad,5/9/2022,"if you can work under pressure, you can work here",Very little opportunity for growth. Good incentives. Low work life balance. Work under pressure to achieve monthly target. Friendly colleague. Low salary compared to other companies.,4,Collection Officer,Kuala Lumpur,former,3,2,2,3,3,Nice working area,Pressure to achieve target,4,60,https://malaysia.indeed.com/cmp/Rhb-Bank-Berhad/reviews?start=60
537,Public-Bank-Berhad,3/9/2022,Ok to work here but lately staffs are treated very unfairly,"Was a haven to work in but now after retirement of previous bosses, new bosses not thinking of existing staffs career advancement but instead bringing in new staff",3,Assistant Manager,Kuala Lumpur,current,3,3,3,3,3,,Long working hours...they just want the job to be completed,6,100,https://malaysia.indeed.com/cmp/Public-Bank-Berhad/reviews?start=100
538,Cimb-Group,2/9/2022,Very good environment but a little bit stressful,"Good started for fresh graduate, because offered competitive salary as living in Kuala Lumpur. But need to ready mental as need to handle different types of customers.",4,Customer service,Kuala Lumpur,current,3,3,3,3,3,Good colleagues,Stress handle different types of customers,4,60,https://malaysia.indeed.com/cmp/Cimb-Group/reviews?start=60
539,HSBC,30/8/2022,No work life balance. Colleagues are very dominating,"Branch manager was too strict. Did not understand that i have a family. Always make me work till 11pm and no OT given. When i ask, he will say, if you dont like to work just get lost from here. So rude.",4,Financial guide service,Selangor,former,2,3,2,3,3,Friday can have 1 hour break together and healthcare benefits good,No work life balance,3,40,https://malaysia.indeed.com/cmp/HSBC/reviews?start=40
540,United Overseas Bank,30/8/2022,Stern and tensed,You’ll have to ask for permission to even just go to the washroom especially during high call volume. Customer complaint = your problem regardless was just customer’s emotion with the bank Superior shouting here and there to meet SLA 24 hours high call volume They’ll fix your break time means u can’t break with your buddy AL is constantly not being approved have to book months ahead Being trained for many skills means more responsibility but salary remained,3,Senior Officer,Kuala Lumpur,former,1,2,2,1,1,Learned in a hard way,Toxic environment,3,40,https://malaysia.indeed.com/cmp/United-Overseas-Bank/reviews?start=40
541,Ocbc,24/8/2022,fun colleagues but of course every company have few rotten tomatoes,multi-tasking is a must friendly working environment the hardest part is long working hours and high volume especially after US holiday. limited career growth,5,Assistant Manager,Kuala Lumpur,former,1,3,5,3,2,,,2,20,https://malaysia.indeed.com/cmp/Ocbc-3/reviews?start=20
542,Public-Bank-Berhad,22/8/2022,High pay and great benefits but expect to work a lot,"Go to the office early in the morning and leaving late, the job is also quite repetitive. But the benefits and pay are really good, the year-end bonus is very generous.",4,Trainee,Penang,current,2,5,5,4,3,"Healthcare, employees benefits, pay, annual leave","long working hours, stressful job",6,100,https://malaysia.indeed.com/cmp/Public-Bank-Berhad/reviews?start=100
543,Bank-Rakyat,16/8/2022,"Fun, productive and healthy culture","Fun and productive healthy culture. Its depends on the the department you are in but usually they take turn if need to stay back to finish some work. Very friendly, very loving ang supportive eventhough dealing with customer can be very stressfull but the company is so much fun.. Learning alot with my boss",5,TEMPORARY CLERK,Klang,former,5,4,3,5,5,,,1,0,https://malaysia.indeed.com/cmp/Bank-Rakyat/reviews
544,Public-Bank-Berhad,15/8/2022,Fast paced and very old school method,"You got to really have passion before joining in banking sector. If you really wanted a work life balance kind of work, then this is not for you. Overall for me, I learned alot and I have a really supportive colleagues which make my life much more easier to cope up with all the problems.",4,Management trainee,Ipoh,former,3,4,4,4,4,,,7,120,https://malaysia.indeed.com/cmp/Public-Bank-Berhad/reviews?start=120
545,HSBC,13/8/2022,Fast paced and quite stressful,"Working in a call center can be stressful but the pay is great. Some managers can be unhelpful, but some were great. The people there especially team members were amazing too",4,Customer Service Representative,Cyberjaya,former,3,5,4,3,4,,,3,40,https://malaysia.indeed.com/cmp/HSBC/reviews?start=40
546,Public-Bank-Berhad,13/8/2022,Good place to start working with good and friendly colleagues.,Pros - helpful staff and seniors - good bonus - medical benefit - staff loans Cons - work environment - no work life balance . Just work - long hours work - slow promotion,4,Assistant manager,Kuala Lumpur,former,1,4,4,3,1,,,7,120,https://malaysia.indeed.com/cmp/Public-Bank-Berhad/reviews?start=120
547,Public-Bank-Berhad,13/8/2022,Dull working environment,"working in branch as credit officer is the worst job position ever. you have to do tons of credit admin job, cross-selling, source for new loans, credit processing and more. not to mention, the sales staff in the bank (sales and marketing executive - sme) is the stupidest position ever, act like messenger and has minimal credit knowledge.",3,"Senior Executive, Credit Department",Selangor,former,2,4,3,3,2,"good bonus and increment, medical claim","no working balance, old style management",7,120,https://malaysia.indeed.com/cmp/Public-Bank-Berhad/reviews?start=120
548,maybank,8/8/2022,Fun to work.with,Many thing can learn. Also you can enjoy to work and collaborate with many department on giving them support from hardware and software. And also provide them training on new system.,5,IT Officer (Intern),Labuan,former,5,5,5,5,5,,,5,80,https://malaysia.indeed.com/cmp/Malayan-Banking-Berhad-(maybank)/reviews?start=80
549,RHB Bank Berhad,8/8/2022,Good workplace to start as a freshie.,"Really good experience. Must be active & fast learner to be there. As csa, you need to figure it out the solutions for the problems but dont worry, the staffs were friendly & very helpful. Medium range for the pay.",4,Customer Service,Petaling,former,4,3,4,4,5,,,4,60,https://malaysia.indeed.com/cmp/Rhb-Bank-Berhad/reviews?start=60
550,Bank-Rakyat,4/8/2022,Fun and relaxing,But no clear career path for sales scheme. Always hire new people without considering career advancement for existing staff. Overall it is a very pleasant feeling working at bank rakyat,5,SALES,Sungai Buloh,former,3,5,3,3,4,,,1,0,https://malaysia.indeed.com/cmp/Bank-Rakyat/reviews
551,Cimb-Group,4/8/2022,Fast pace working environment with rewarding career,"Excellent place to gain experience and understand the whole banking business. Working as an RM in CIMB provides me the opportunity to earn and advance my career faster than my peers. Although I was skeptical about accepting sales position but with the guidance from everyone, I hope I would have joined much earlier, especially when the market was booming!!",4,Relationship Manager,KL,current,5,5,5,4,4,Excellent remuneration & incentives,Highly competitive,4,60,https://malaysia.indeed.com/cmp/Cimb-Group/reviews?start=60
552,United Overseas Bank,4/8/2022,工作环境很好。,"most of the times colleagues willing to help along. No OT require for my team , On and off most of time. manage to have work life balance",4,Senior Executive Assistant,Kuala Lumpur,current,4,4,3,3,5,no OT,slow promotion at operation team even after five years persue,3,40,https://malaysia.indeed.com/cmp/United-Overseas-Bank/reviews?start=40
553,Public-Bank-Berhad,2/8/2022,First Job,Great collogues there to help and assist you. Great environment. Normal working hours. Worklife balance was manageable. But the sales targets were high and stressful to achieve due to pandemic constrain.,4,Financial Executive,Shah Alam,former,5,3,3,4,1,,,7,120,https://malaysia.indeed.com/cmp/Public-Bank-Berhad/reviews?start=120
554,HSBC,30/7/2022,Fun working place & place to learn,Working in Hsbc is my first time experience in banking industries and they do provide a lot of support & learning platform. Having a great team and supportive team leaders is one of the key. With digitalize system make our job more efficient and easier. Great workplace to work and great culture. The most enjoyable is we don't need to dress up very formal and the medical benefits is great and we had ME day once in a month so we can go back from work a bit earlier.,4,Senior Customer Service & Sales Representative,Leboh Ampang,former,5,5,4,4,4,,,3,40,https://malaysia.indeed.com/cmp/HSBC/reviews?start=40
555,maybank,30/7/2022,Productive,Good for career growth Good management you must agile and have a good vision on job Well experience staff Helpful staff Fast paced working area Critical business area,4,Young Bankers Internship Programme,Tampin,former,3,5,5,3,4,Free lunch & friendly staff,,5,80,https://malaysia.indeed.com/cmp/Malayan-Banking-Berhad-(maybank)/reviews?start=80
556,Bank-Rakyat,28/7/2022,Nice colleagues and supervisor,"The workers are friendly but the job scope for an intern is not clearly stated before starting. In my experience, the supervisor will randomly ask to assist the staff in one or two departments they need help with.",5,Intern,Perak,former,3,4,3,3,3,"Have allowance for intern, friendly colleagues",Office politics,1,0,https://malaysia.indeed.com/cmp/Bank-Rakyat/reviews
557,Cimb-Group,21/7/2022,The best environment,Very happy because all the colleagues very sporting and friendly. Manager very fun and friendly person who like help their team to achieve the target if they have target to achieve,5,Customer Service,Kuala Lumpur,former,5,5,5,5,5,,,5,80,https://malaysia.indeed.com/cmp/Cimb-Group/reviews?start=80
558,United Overseas Bank,21/7/2022,Foreign Bank,"Outdated system and processes are very manual, lots of excel reports to prepare, many levels of system approvals going through different departments. Mostly good colleagues that are very friendly and willing to guide.",3,Analyst,Kuala Lumpur,current,2,4,4,3,4,"Bank benefits, block leave",No work life balance,3,40,https://malaysia.indeed.com/cmp/United-Overseas-Bank/reviews?start=40
559,RHB Bank Berhad,20/7/2022,No words,Simply very torturing TL. Always torturing to do other team's work. But never paid extra to the extra work we do for that other team . Never get relaxed break.,1,Inbound Officer,Kuala Lumpur,former,1,1,1,1,1,Ntg,Everything,4,60,https://malaysia.indeed.com/cmp/Rhb-Bank-Berhad/reviews?start=60
560,Public-Bank-Berhad,18/7/2022,Well rewarding if you are able to perform,Demanding sales and target based. You need to be ready to spend hours working with the bank. Good colleagues if you happen to be in a branch that wants to strive to perform. Old school kind of management.,4,Manager,Penang,current,3,4,4,3,3,,,7,120,https://malaysia.indeed.com/cmp/Public-Bank-Berhad/reviews?start=120
561,HSBC,14/7/2022,Don’t work here,Honestly made me depressed. I’m looking for something else. I need to get out. Don’t bother with this place. It sucks. Everyone is horrible and it’s such a toxic environment,2,Global Support Executive,Kuala Lumpur,current,1,1,1,1,1,,,4,60,https://malaysia.indeed.com/cmp/HSBC/reviews?start=60
562,maybank,12/7/2022,Good investment on career,"Pros: High-performance work culture Good for experience and career enhancement Protection in salary and benefits Cons : Very busy and stressfull, working in long hours You might meet with toxic team who are not reflect Maybank culture and values",4,CREDIT ADMIN EXECUTIVE & BRANCH EXECUTIVE,FEDERAL TERRITORY & PENANG,former,2,5,5,4,3,,,5,80,https://malaysia.indeed.com/cmp/Malayan-Banking-Berhad-(maybank)/reviews?start=80
563,bank islam,8/7/2022,Great experience for fresh grad,"good environment, friendly colleagues and manager. Everyone very helpful. Got present everytime for birthday. The hardest part is sometimes had to work on saturday and sunday.",5,Collection Officer,Kuala Lumpur,former,0,0,0,0,0,,,2,20,https://malaysia.indeed.com/cmp/Bank-Islam/reviews?start=20
564,Ocbc,8/7/2022,Transportation is convenient,Senior colleague are friendly and is willing to guide you and is willing to provide feedback on personal performance. Good working environment and convenient.,4,Internship trainee,Kuala Lumpur,former,3,3,3,3,3,Free lunch,Long working hours,2,20,https://malaysia.indeed.com/cmp/Ocbc-3/reviews?start=20
565,Public-Bank-Berhad,4/7/2022,Comfort and stable,"If you're looking for security, this is the company you should apply for. Good salary and good benefits. Stable and comfortable. you just need to do the same things everyday.",5,COMPLIANCE OFFICER,Kuala Lumpur,former,4,5,5,4,3,"Benefit, salary, colleagues",Work,7,120,https://malaysia.indeed.com/cmp/Public-Bank-Berhad/reviews?start=120
566,HSBC,25/6/2022,Good place to work.,Work there for 10 years. Alot of benefits. Good management. Salary high. You increments based on your performance. Area of growth is there and you need to put your efforts for it,5,Customer service executive,Cyberjaya,former,4,5,5,3,5,Can work as team,Mostly shift works,4,60,https://malaysia.indeed.com/cmp/HSBC/reviews?start=60
567,HSBC,23/6/2022,Work life balance and good mental wellbeing,Companies focuses on employee mental health wellbeing and have many internal programmes to enhance your career development and improves your skillset. The team that I work with is very open to feedback and supportive towards each other's growth.,4,Senior Product Manager,Malaysia,former,5,4,5,5,5,,,4,60,https://malaysia.indeed.com/cmp/HSBC/reviews?start=60
568,Cimb-Group,22/6/2022,Probably could have been better,I work in the sale department about 1 year plus from December 2018 to June 2020 in Penang. Overall okay but could have been better. Good for graduate trainess or freshie.,4,Sales,Kuala Lumpur,former,4,4,4,3,3,,,5,80,https://malaysia.indeed.com/cmp/Cimb-Group/reviews?start=80
569,Cimb-Group,21/6/2022,is ok,evrything is good not the best but good enough. normal stress only if customer difficult colleague is really helpful and kind with each other could improve payment,4,contact center,Kuala Lumpur,former,4,4,4,3,3,,,5,80,https://malaysia.indeed.com/cmp/Cimb-Group/reviews?start=80
570,Public-Bank-Berhad,20/6/2022,Great place for retirement,"If you want a stable and slow paced working environment, you could come here. Super conservative and manual work. Also, I would say depends on your department culture. You might have to pretend to be busy and stay back just to show that you sre “busy” sometimes else they might think you are very free. Cina man mindset.",3,Senior executive,Kuala Lumpur,former,2,2,5,1,3,,,7,120,https://malaysia.indeed.com/cmp/Public-Bank-Berhad/reviews?start=120
571,maybank,16/6/2022,Good,Its a gd experience and benefit. Working environment is very good.U will hv more knowledge on Financial Sector. Your career will support by the company and you will have better opportunities on your career for your future betterment.,5,Executive,Bangsar,former,5,5,5,5,5,,,5,80,https://malaysia.indeed.com/cmp/Malayan-Banking-Berhad-(maybank)/reviews?start=80
572,RHB Bank Berhad,16/6/2022,"Low life balance, Low compensation","High workload, low compensation. Low in term of staff appreciation. Unsystematic management. High stress. Improper training. Low increment & bonus. Need to be more independent to learn",3,Customer service agent,Petaling Jaya,former,1,3,3,2,3,Office next to LRT,"low salary, low increment",4,60,https://malaysia.indeed.com/cmp/Rhb-Bank-Berhad/reviews?start=60
573,Public-Bank-Berhad,13/6/2022,Fast-paced and stressful working environment,People are good but office/team culture is too traditional and not really open minded. No work-life balance. But the medical benefits or other staff benefits are quite good.,3,Management Trainee,Kuala Lumpur,former,2,4,4,2,1,Good Benefits,no work-life balance,7,120,https://malaysia.indeed.com/cmp/Public-Bank-Berhad/reviews?start=120
574,RHB Bank Berhad,12/6/2022,competetive and fast phase,its a good place to work. management is okay. the learning curve is steep and challenging at times. environment is okay but it depends on the department you work for.,5,analyst,Kuala Lumpur,former,3,5,3,3,3,,,4,60,https://malaysia.indeed.com/cmp/Rhb-Bank-Berhad/reviews?start=60
575,RHB Bank Berhad,12/6/2022,Fun Workplace,The team members are professional at work but collaborative when needed. The hardest part is where the branch does not being cooperative enough for some of the matters arises,4,Customer Care Center (Officer),Kuching,former,3,3,4,3,4,,Call volume to staff ratio is not balance,5,80,https://malaysia.indeed.com/cmp/Rhb-Bank-Berhad/reviews?start=80
576,RHB Bank Berhad,10/6/2022,A lot of monthly business presentations,"I left the bank because my responsibilities entailed a lot of travelling to branches. My main responsibility was to ensure each branch met the desired business targets as required . If budgeted business was not achieved, I would be queried, being the Head of the entire region.",5,Vice President,Sarawak,former,4,4,4,5,4,,,5,80,https://malaysia.indeed.com/cmp/Rhb-Bank-Berhad/reviews?start=80
577,HSBC,6/6/2022,Nice place,Nice company. Friendly staffs. Willing to help. Can grow. work life balanced. saturday work 1 time in a month. have to work long hours if not hitting the target,3,CCSSR,Kuala Lumpur,current,3,3,4,3,3,,,4,60,https://malaysia.indeed.com/cmp/HSBC/reviews?start=60
578,Cimb-Group,30/5/2022,Fun Workplace/Great Benefits,Great benefits and staff perks for housing or personal loans. Sometimes the job can be challenging but visibility depends on how you shine to top management. If your top management changes every year keep doing the same until someone recognizes you for the talent you are,4,Executive,Melaka,current,3,3,1,2,2,,,5,80,https://malaysia.indeed.com/cmp/Cimb-Group/reviews?start=80
579,Ocbc,30/5/2022,If you get Best TL this is your place to stay forever,Good knowledgeable trainer place to success and career growth overall happy and satisfied Product knowledge arrange for your everything based on fingertips,5,Assistant Manager,Kuala Lumpur,former,5,5,5,5,4,,,2,20,https://malaysia.indeed.com/cmp/Ocbc-3/reviews?start=20
580,HSBC,25/5/2022,Good wlb,Bank is making money every year but pay is frozen for 3 years in a row. Work life balance is a priority for management. Career progression is extremely slow. Technology is ancient.,4,Anonymous,Kuala Lumpur,current,5,4,3,4,5,,,4,60,https://malaysia.indeed.com/cmp/HSBC/reviews?start=60
581,RHB Bank Berhad,24/5/2022,Competitive & sales driven focus,"Good working environment with colleagues. Team focus more on sales, as there was a target that need to be achieved. When one haven't achieved yet, team will help others to achieve the sales target.",5,Sales Executive,Penang,former,5,5,5,5,5,,,5,80,https://malaysia.indeed.com/cmp/Rhb-Bank-Berhad/reviews?start=80
582,HSBC,23/5/2022,Gym for rising star bank back-end operations,"Very busy from start to the end of business day. Management are bias with one sided site mentality if your sub team located in KL or Kolkata, India. You will be okay with management if they are located in your work site or you will be painful if they are not located in your work site i.e slow in career growth, replacement of resigned staffs. Salary and bonus not competitive with other bank back-end operations. Good place if you are new joiner and rising star and take this place as your training gym to be superstar in future.",3,Assistant Manager Operations,Kuala Lumpur,current,3,3,5,2,5,,,4,60,https://malaysia.indeed.com/cmp/HSBC/reviews?start=60
583,maybank,19/5/2022,Fun workplace,"Friendly staff , teamwork , pleasure to work at malayan banking berhad . I gain many knowledge. I forward to work more with Maybank . I feel excited and happy.",5,Sales position,Changloon,former,5,5,5,5,5,Free lunch,Healthy care,5,80,https://malaysia.indeed.com/cmp/Malayan-Banking-Berhad-(maybank)/reviews?start=80
584,Cimb-Group,17/5/2022,Competitive and challenging,"Once you jump in Sales. you need to have strong mentality. U will be in so much pressure and once u achieved their expectation they will expect more. A very good company. A place to learn what is work about, how to deal with customers, improve ourselves to be good multitasking, friendship with staff , they know how to appreciate staff based on the performance. non performing pressure always be there.",4,Personal Financial Consultant,Ipoh,current,5,2,3,4,5,"Flexible time, as long you get the figure",Pressure for non performing,5,80,https://malaysia.indeed.com/cmp/Cimb-Group/reviews?start=80
585,Public-Bank-Berhad,17/5/2022,Stressful,Nice salary but stressful environment. Need to do cross SL which make sit very difficult. But good bonus. 2 months bonus min. But target difficult to reach. Marketing method too aggressive,5,Management Trainee,Balakong,former,5,5,5,5,5,,,7,120,https://malaysia.indeed.com/cmp/Public-Bank-Berhad/reviews?start=120
586,HSBC,16/5/2022,Nil,Nil ok so far same all stressful everywhere. Supportive environment need to be fast paced with market change also market demand. Self initiative is well appreciated as it’s a rare trait.,5,Nil,Kuala Lumpur,current,5,5,3,3,4,,,4,60,https://malaysia.indeed.com/cmp/HSBC/reviews?start=60
587,RHB Bank Berhad,16/5/2022,productive and very supportive colleagues!,I enjoy working here as it has work life balance and good benefits.i love it all but only the salary.i think i am not being paid enough.The trainings given are good and the facilities provided are good,5,AML Compliance,Kuala Lumpur,current,5,4,5,5,5,"good colleague and bosses, benefits, career growth",salary,5,80,https://malaysia.indeed.com/cmp/Rhb-Bank-Berhad/reviews?start=80
588,United Overseas Bank,13/5/2022,Good Employer & Staff Benefits,"Good staff benefits, such as medical benefits, health check, optical/dental, staff loans, etc.. But slow promotion if didn't participate in any project/UAT testing.",5,Senior Officer (RLOC-AP),Kuala Lumpur,former,4,5,4,4,4,Good Staff Benefits,Slow promotion,3,40,https://malaysia.indeed.com/cmp/United-Overseas-Bank/reviews?start=40
589,bank islam,10/5/2022,Fun workplace and good teamwork,"The bank provides good, friendly, and helpful work culture. I am grateful that I have gotten a chance to work at bank islam. In conclusion, I've a great internship experience there.",4,Intern,Kuala Lumpur,former,4,4,3,3,4,,,2,20,https://malaysia.indeed.com/cmp/Bank-Islam/reviews?start=20
590,Public-Bank-Berhad,7/5/2022,Heavy workload,Heavy workload Stress environment No work life balance But with good starting salary for fresh grad Good bonus basically is for your ot pay everyday,3,Frontline,Selangor,current,3,4,4,3,3,,,7,120,https://malaysia.indeed.com/cmp/Public-Bank-Berhad/reviews?start=120
591,maybank,30/4/2022,Great benefits but bad environment,"Good for those with persuasive speaking talent, learn much & earn much at the same time. They provide consultation sessions for employees whom cannot cope with kpi targets",5,Personal financial planner,Setia Alam,former,3,5,5,4,2,Great benefits,Kpi target,5,80,https://malaysia.indeed.com/cmp/Malayan-Banking-Berhad-(maybank)/reviews?start=80
592,Public-Bank-Berhad,26/4/2022,Really bad work culture. No work life balance. Good pay and bonus.,"Everyone is working long hours. Would be great if management frequently check on the employees' mental health. Good pay and bonus, annual leave allocation is also great.",4,IT,Malaysia,former,2,5,3,3,2,,,7,120,https://malaysia.indeed.com/cmp/Public-Bank-Berhad/reviews?start=120
593,RHB Bank Berhad,26/4/2022,People are friendly.,People are friendly. Boss is nice. There is career advancement opportunities. Perhaps management can improve on work life balance and compensation..,5,Relationship manager,Kuala Lumpur,current,2,4,5,5,3,,,5,80,https://malaysia.indeed.com/cmp/Rhb-Bank-Berhad/reviews?start=80
594,maybank,21/4/2022,Good place to have fast pace working environment and get promoted,Supportive bosses and team. If you wanted to start career with sales position you better need to mastered out your mandarin and not just English. Why ? majority customers were chinese (specifically for premier services).,5,Premier Executive (Relationship Manager Development Programme -RMDP),Kota Kinabalu,former,5,5,4,3,2,,,5,80,https://malaysia.indeed.com/cmp/Malayan-Banking-Berhad-(maybank)/reviews?start=80
595,RHB Bank Berhad,20/4/2022,Talk About Sales Only,"Target oriented job. Everyday talk about sales. A very stressful job. Manager off during weekends but you have to go work at branch, outlet or at roadshow. Almost everytime your work expense claim are rejected by your superior. You loss more than you gain at this company.",2,Sales Executive,Klang,former,1,1,1,1,1,,,5,80,https://malaysia.indeed.com/cmp/Rhb-Bank-Berhad/reviews?start=80
596,Public-Bank-Berhad,14/4/2022,Company with good benefit,The working environment can be stressful and need to work overtime (Be prepared to work for long hours). Career progress for my specific department is kind of slow compared to other departments.,3,Senior Executive,Kuala Lumpur,former,2,5,4,3,3,,,7,120,https://malaysia.indeed.com/cmp/Public-Bank-Berhad/reviews?start=120
597,Cimb-Group,12/4/2022,Fun workplace and good for fresh,"Good for fresh graduate, work in office learned financial skill and analysis finance management good workplace culture Many advisor from senior that most enjoyable part of the job",4,Financial Advisor,Kuala Lumpur,former,3,4,3,3,3,,,5,80,https://malaysia.indeed.com/cmp/Cimb-Group/reviews?start=80
598,Public-Bank-Berhad,9/4/2022,fast paced - good advance,"a good place for anyone who need career advancement however workplace culture is not that good at all, fast paced & work life not balance high volume of tasks",3,Credit Analyst,johor,former,1,4,4,3,1,lots of leave,work life not balance,7,120,https://malaysia.indeed.com/cmp/Public-Bank-Berhad/reviews?start=120
599,RHB Bank Berhad,9/4/2022,High turnover people come and go,Back office perspective Toxic environment Abundant workload The pay is low not worth it for entry level. .,3,Treasury,Tun Razak Exchange,current,1,2,1,4,1,,Short breaks. Boss expect you are a robot.,5,80,https://malaysia.indeed.com/cmp/Rhb-Bank-Berhad/reviews?start=80
600,Public-Bank-Berhad,8/4/2022,Stresssss,"Stresssssfulllll Environment fast pace no work life balance at all damm stressfull no OT management is old school, IT is slow, too many procedure and rule to follow",2,Credit Analyst,Kuala Lumpur,current,1,2,2,1,1,,,7,120,https://malaysia.indeed.com/cmp/Public-Bank-Berhad/reviews?start=120
601,Public-Bank-Berhad,7/4/2022,Multitasking,"Multitasking is a must working in PBB, especially based in Branch. We have to attend walk in customer, complete our daily task, picking up telephone calls at the same time. IT SYSTEM in PBB disappointing me because not every PC comes with Microsoft Office. Speaking of culture, it depends on Branches. Mine is quite OK, seniors are willing to teach.",3,Credit Analyst,Pandan Indah,former,3,4,4,2,2,,,7,120,https://malaysia.indeed.com/cmp/Public-Bank-Berhad/reviews?start=120
602,RHB Bank Berhad,7/4/2022,Fast-paced workplace that emphasize collaboration between coworkers,"Not much to say since I was there not for a long time but overall it was pretty nice. For a contractor like me, there are no bonuses or perks so I don't know much about it. Standard pros and cons working at a bank",4,Credit Operations Executive,Bangi,former,4,4,4,4,4,,,5,80,https://malaysia.indeed.com/cmp/Rhb-Bank-Berhad/reviews?start=80
603,maybank,4/4/2022,You need to have strong passion to work in banking industry,"... if not, you will easily burn out. You need to master self-motivated skills to survive. Most managers expect you to answer their call/email fast even tho you're on leave. But it's good for you to learn how to manage your time, esp for fresh graduates. Workplace culture depends on a branch. If your colleagues are okay, then okay lah.",4,Business Development Executive,Malaysia,former,2,5,4,4,4,,,5,80,https://malaysia.indeed.com/cmp/Malayan-Banking-Berhad-(maybank)/reviews?start=80
604,maybank,2/4/2022,Fun,"Happy with friendly colleagues. Hope they can increases facility like cafe(more choices), desktop, car park, gim, staff room (to rest), chill room (with activities)",4,Customer Service,Shah Alam,current,3,5,3,2,3,Flexible,"Facility, management",5,80,https://malaysia.indeed.com/cmp/Malayan-Banking-Berhad-(maybank)/reviews?start=80
605,Public-Bank-Berhad,2/4/2022,Productive and fun workplace,"I’ve been working here for 18 months,to be honest,Public Bank staff benefit is very good,I can enjoy bonus once or twice in a year.Other than this,management also very supportive.",5,Senior Financial Executive,Puchong,current,5,5,5,5,5,Staff benefits is good,No,7,120,https://malaysia.indeed.com/cmp/Public-Bank-Berhad/reviews?start=120
606,Public-Bank-Berhad,1/4/2022,No work life balance,"Bonus is great among the banking industry. However, procedure of work may be very tedious. Long working hour, job will never be finished. Target will never achieve as management will further increase the target once you achieved it.",3,Credit Analyst,Kuala Lumpur,current,1,4,3,3,3,,,7,120,https://malaysia.indeed.com/cmp/Public-Bank-Berhad/reviews?start=120
607,United Overseas Bank,30/3/2022,Great place for start,"Amazing place for start of career but advancement is minimal and pay is very low, very political as the culture is very traditional, colleagues are usually old people who are reluctant to learn and change",3,FSTEP Trainee (Global Development & Strategic Alliances),Kuala Lumpur,former,5,2,1,4,2,,,4,60,https://malaysia.indeed.com/cmp/United-Overseas-Bank/reviews?start=60
608,Cimb-Group,29/3/2022,Stressfull,"Need to work fast & accurate. For those you are in Sales position, the monthly & yearly target is the most important & priority in order to survive. Always keep up to date the product feature.",5,Senior Officer,Klang Town,former,5,5,4,4,4,,,5,80,https://malaysia.indeed.com/cmp/Cimb-Group/reviews?start=80
609,HSBC,29/3/2022,Supportive MANAGERS,"Very slow process, Since fraud and backend teams, is located in India and the Philippines. Will have miscommunication and a slow process and sometimes you have to do back end teamwork too. Management wouldn't give you more than 2 min to complete yours after call tasks. They will SS your name and will post it in the main group chat like all agents can see it.",3,GLOBAL SUPPORT SINGAPORE,Kuala Lumpur,former,3,3,2,2,5,"Free lunch, FP or Grabfood vouchers",LONG hours limited career progress,4,60,https://malaysia.indeed.com/cmp/HSBC/reviews?start=60
610,HSBC,28/3/2022,Good Pay good benefit,Big multinational company.if youwant to work must work with this type of company. Pay on time benefit super good. Every year go to oversea trip.team work team spirit,5,Vice president,Johor Bahru,former,5,5,5,5,5,,,4,60,https://malaysia.indeed.com/cmp/HSBC/reviews?start=60
611,HSBC,28/3/2022,Overall good,"You are well rewarded being TOP of the TOP, management tend to stress alot on Sales Quality, hence staffs tend to hold back to client especially those are really risk adversed.",4,relationship manager,east malaysia,current,4,4,5,3,5,,,4,60,https://malaysia.indeed.com/cmp/HSBC/reviews?start=60
612,Public-Bank-Berhad,26/3/2022,Ok,"Most good benefits among banks Have to work hard , multitask Must do sales, is all about target and figures Stressful, challenging, have to work smart",4,Executive,Kuala Lumpur,current,3,5,4,3,2,,,7,120,https://malaysia.indeed.com/cmp/Public-Bank-Berhad/reviews?start=120
613,maybank,24/3/2022,Worked at Service desk team,"The team is so unorganized. No proper planning and they change everything time to time. QA Is so unprofessional. High expectations without proper training towards the employee. No work life balance. Force OT for all, more money but no life. Not a recommended place to work.",1,Service desk analyst,Kuala Lumpur,current,1,5,1,1,1,,,5,80,https://malaysia.indeed.com/cmp/Malayan-Banking-Berhad-(maybank)/reviews?start=80
614,HSBC,21/3/2022,"Good Benefits, Terrible Management & Work Life Balance","Review is based on HBMY Contact Centre. Like the subject - Good benefits in terms of Insurance (Under AIA). 30+ Annual Leave. Aside from these two points nothing good I could think off. 1. Management will, I emphasized again WILL work you like a horse. 2. If you are an Active COVID person - you will not, WILL NOT be getting an off day. They WILL force you to work. (They asked their employee to get MC, even though it is physically impossible to get one if you are infected with COVID). 3. They have this strategy to get rid of underperforming employee (which due to accumulated stress from how harsh they treat you) by putting you under performance review, pressuring you and eventually coerce you to resign (i've seen this happen to a lot of Department Managers and Assistant Managers who couldn't support this type of management quitting). 4. You are just a number to HSBC HBMY. People / seniors who have serve this company for 10-20 years quitting due to how the current management is treating them. Do not make the mistake of applying to HSBC HBMY.",1,Global Banking Executive,Sepang,current,1,4,1,1,2,"Benefits (Insurance, AIA) - very good 8/10",A lot - please read the review.,4,60,https://malaysia.indeed.com/cmp/HSBC/reviews?start=60
615,Ocbc,20/3/2022,Productive and good kickstart of career workplace to work at.,"'-Ambiance and good working surrounding. -Close to public transport LRT Kerinchi Station -Located at Menara TM, Bangsar Jalan Pantai Bharu -Fast-paced working environment but can treat as a new challenge especially for fresh grads -Offer beneficial remuneration compared to other bank",4,Customer Services Executive,Kuala Lumpur,former,3,5,3,2,3,Free lunch once a month,Lack of empathy towards employee when have emergency like flood situation,2,20,https://malaysia.indeed.com/cmp/Ocbc-3/reviews?start=20
616,Public-Bank-Berhad,16/3/2022,stable job,"Worked as a UT sales consultant in a branch. Basically, you're not going to survive and make money if you're placed into a small branch/not so crowded area. Commission structure changes every year.",2,Senior Financial executive,Kuala Lumpur,former,3,3,3,1,5,,,7,120,https://malaysia.indeed.com/cmp/Public-Bank-Berhad/reviews?start=120
617,RHB Bank Berhad,7/3/2022,Not a good place at all,"A typical day at work getting threatened to finish a task that is impossible to finish. Management wants unrealistic and unachievable goals when they pay you low and not even pay overtime. Any ideas will not be taken seriously and management will just dismiss them. The salary range is also too low for a company boasting about being in the top 4 bank ranking list in Malaysia and its seemingly high profits. No matter how hard you work, and even if you get high KPI the annual bonus will not be based on the KPI, makes me wonder why is it even there on the first place.",1,xxxx,Kuala Lumpur,current,1,1,1,1,2,,,5,80,https://malaysia.indeed.com/cmp/Rhb-Bank-Berhad/reviews?start=80
618,Cimb-Group,5/3/2022,Overall rating is good. Work life in this company is fun and can learn a lot of things,"Overall rating is good. Work life in this company is fun and can learn a lot of things. I work in sales position, which sometimes allow us to work from home. The only sad things is the management, there is no clear guidelines who to take responsible in certain issues, which would cause chaos. Good salary given based on your job position and efforts. It is really recommended for fresh graduate and whoever looking for a good-pay company. Work life balance, benefits/compensation is good for employees.",4,Mortgage,Petaling Jaya,former,3,5,4,2,4,,,5,80,https://malaysia.indeed.com/cmp/Cimb-Group/reviews?start=80
619,Public-Bank-Berhad,5/3/2022,Productive,Best place go learn for work and to work . Everyone have chance can try to work here as the place learn many thins as you can untill other job going to you,4,Senior,Kedah,current,4,5,5,3,3,,,7,120,https://malaysia.indeed.com/cmp/Public-Bank-Berhad/reviews?start=120
620,Ocbc,4/3/2022,Fun workplace,Job is easy to finish but the task volume is high. All job need to be done before go home. Enjoy work there because no one will always talk to you. It's good for an introvert like me,5,Intern,Penang Island,former,4,5,4,4,3,,,3,40,https://malaysia.indeed.com/cmp/Ocbc-3/reviews?start=40
621,HSBC,1/3/2022,A good place to start career,"a good place to start your career and growth. work life balance is one of the goal you can achieve here. really enjoyed my time working here, good time",5,Global Support Executive,Cyberjaya,former,4,5,4,4,4,,,4,60,https://malaysia.indeed.com/cmp/HSBC/reviews?start=60
622,Cimb-Group,23/2/2022,Fun but stressful,"Low salary, stressful but fun working with colleagues. Heavy workload. Low work life balance. Health care benefits are good. Especially maternity and paternity leaves.",3,Executive,Kuala Lumpur,former,3,2,2,2,3,Good colleagues,Health-care,5,80,https://malaysia.indeed.com/cmp/Cimb-Group/reviews?start=80
623,maybank,23/2/2022,Fast paced working environment,"Sometimes it can be way too exhausted and stressful but I would take it as a good exposure to the new challenges. Collaborative and good support from the team. Since everything is working in the fast paces, you will likely to have your things done in a minimal supervision. Well it can be 'ugh' at times but sometimes it is better that way nevertheless you should always be ready and well equipped for your things.",4,Clerk,Kuala Lumpur,current,3,4,3,4,4,Wfh,,5,80,https://malaysia.indeed.com/cmp/Malayan-Banking-Berhad-(maybank)/reviews?start=80
624,RHB Bank Berhad,23/2/2022,"Good team members, they will guide you.","Good team members, they will guide you. Free training and free lunch. Learning more about the new technologies. Politics and toxic, turnover rate is high.",3,Manager,Bangi,former,3,3,3,1,3,"Free lunch, training",Long working hours,5,80,https://malaysia.indeed.com/cmp/Rhb-Bank-Berhad/reviews?start=80
625,Public-Bank-Berhad,18/2/2022,Very competitive environment,I was a junior executive and it’s been stressful and manager keep pushing for figure and no sense of belonging in the company. The salary is good if you can perform beyond and consistently,3,Financial executive,Damansara,former,2,3,1,2,1,,,8,140,https://malaysia.indeed.com/cmp/Public-Bank-Berhad/reviews?start=140
626,Ocbc,17/2/2022,So stressful,U will get a 1 months training but not all things the trainer will teach u. After that u need to be independent. Customer force u to much. Always coming late work (need to follow up for some customers enquiry) basically not ot. Need to email to go toilet (this is funny). After all not worth to work here even salary is high.,1,CUSTOMER SERVICE EXECUTIVE,Kuala Lumpur,former,1,3,1,1,1,Have some friendly staff,Hard to apply leave,3,40,https://malaysia.indeed.com/cmp/Ocbc-3/reviews?start=40
627,RHB Bank Berhad,14/2/2022,Ok.,Very very hard to get promotion especually working in non sale job. Back office work usually is working long hours and even during weekend. Hard to get overtime.,3,IT Executive,Kuala Lumpur,current,3,2,3,2,2,Medical & loan benefits,No being well reward even when you have study hard.,5,80,https://malaysia.indeed.com/cmp/Rhb-Bank-Berhad/reviews?start=80
628,Public-Bank-Berhad,13/2/2022,Fast pace and stressful environment,"Stressful environment . Competitive environment Never work life balance Micromanagement Great benefit , but toxic working culture.",3,Sales and marketing excecutive,Penang Island,former,2,4,2,3,2,Good benefit,No work life balance,8,140,https://malaysia.indeed.com/cmp/Public-Bank-Berhad/reviews?start=140
629,maybank,12/2/2022,Productive and fun workplace,"A lot of new things can be learn and staff also very friendly. The work environment is very good. As a banker, we cannot run from our target that we need to achieve. It is quite stressful yet competitive environment in term of sales department. Somehow,we have to be more independent and interact with lot of people in the workplace as well as our customers.",5,Officer (PROTEGE),Kuantan,former,0,0,0,0,0,"Benefits, and employee staff is very helpful",Short break,5,80,https://malaysia.indeed.com/cmp/Malayan-Banking-Berhad-(maybank)/reviews?start=80
630,Ocbc,10/2/2022,Productive and glad ti learn new experience,"Very profesional and the facilities super duper best and the teams are very welcome when you enter into their department. Kindly, they are very politely and love to help in teams.",5,Internship,Kuala Lumpur,former,5,5,5,5,5,,,3,40,https://malaysia.indeed.com/cmp/Ocbc-3/reviews?start=40
631,HSBC,3/2/2022,Rewarding,"There’s training provided for newbies and specific guidelines even if you’ve entered the call floor. Managers working on rotational shift for referrals so you can ask questions. Most colleagues are supportive and helpful. Although, theres very less work life balance. Not really a big fan of receiving work related texts or calls during off days.",3,Customer Service Representative,Malaysia,current,2,4,4,2,4,Insurance coverage AL Bonus & allowances,work life balance,4,60,https://malaysia.indeed.com/cmp/HSBC/reviews?start=60
632,Ocbc,2/2/2022,tempat kerja,"lingkungan kerja nyaman, parkir gratis , temat ibadah nyaman gak ada kantin",4,call center,gunung saharii,former,4,4,3,3,4,tempat kerja nyaman,"makan siang beli sendiri, istrahat cepet bnget di atur",3,40,https://malaysia.indeed.com/cmp/Ocbc-3/reviews?start=40
633,Ocbc,24/1/2022,stressful and no worklife balance,"'- no worklife balance, going back late, eventhough you have kids, management don't care at all. - lack moral support from management - management dont consider to provide work from home to staff eventhough rotation for wfh.",3,exec,Kuala Lumpur,former,1,3,3,3,3,'- pay competitive salary,'- stressful - no worklife balance - long working hours,3,40,https://malaysia.indeed.com/cmp/Ocbc-3/reviews?start=40
634,HSBC,22/1/2022,Work life balance.,If you want the job that Work life balance and pay are high. This is the company. The management was very good. They are very good listener. However get prepared your mentally and physical for the fast work challenge.,5,Customer Service Representative,Cyberjaya,former,5,5,5,5,5,,,4,60,https://malaysia.indeed.com/cmp/HSBC/reviews?start=60
635,Ocbc,22/1/2022,No work life balance and poor management,"Junior has to handle huge workload and expected to OT very late. Self accountability is very important since seniors won't shade you. Training is provided but it's seems more work than training in reality, you must search for answers yourself most of the time.",3,Associates,Malaysia,former,1,3,2,2,2,,,3,40,https://malaysia.indeed.com/cmp/Ocbc-3/reviews?start=40
636,Cimb-Group,21/1/2022,Good place to work,"A lot of new things to be learned. Nice team and competitive. Need improvement for the Kpi target follow branch and area to be balance follow demographic structure. In addition, for achievers need to be complimented for permanent position.",5,Personal Financial Advisor,Hulu Langat,former,5,5,5,5,3,Benefic and comissions,Contract basis.,5,80,https://malaysia.indeed.com/cmp/Cimb-Group/reviews?start=80
637,HSBC,21/1/2022,Great working culture,Great start for fresh graduates. The overall culture of the company is nice. Friendly colleagues. Good number of annual leave provided. The cons would be sometimes allowance won't be paid accurately and sometimes you won't get the help you needed at the right time you will be left alone.,5,Customer service agent,Cyberjaya,former,3,3,3,2,5,"Got allowance, food panda vouchers, got medical benefit, great number of annual leave.","Need to apply annual leave very early but still can't be sure if it will be approved, Team leaders need to be more helpful to their team, No leave on public holidays, Shift time changes very often, Allowance are not paid accurately.",4,60,https://malaysia.indeed.com/cmp/HSBC/reviews?start=60
638,Cimb-Group,20/1/2022,"Good experience, many training provided for staffs",Good company & benefits are tip top especially on medical. Very tough job for work life balance i would say. But win win situation once you are compensated with bonuses & increment. The job culture was the best so far.,4,Executive Officer,Kota Kinabalu,former,2,4,4,4,4,,,5,80,https://malaysia.indeed.com/cmp/Cimb-Group/reviews?start=80
639,bank islam,18/1/2022,"Stable job, old-school technologies and people","Big corporate culture, awesome boss makes job more awesome, great job overall, only bad side is when working with cross-division is some personal attitudes.",4,Assistant Manager,Kuala Lumpur,former,5,3,5,4,4,"Very work life balance, Great team & division, Lots of perks and benefits","Cross-division collaboration not so good, old-schooled techs & people hard to accept new tech and skeptical",2,20,https://malaysia.indeed.com/cmp/Bank-Islam/reviews?start=20
640,Ocbc,16/1/2022,Productive and fun place for intern,The colleagues very nice and helpful. Sometimes got free items like lipstick for celebrating valentine day or free lunch(very often) . My boss is a strict person but very kind and care about his team. Got one day to leave early(every friday for TFO dept)- now i dont know.,4,internship,Kuala Lumpur,former,3,4,4,4,4,Nice place to start and buid career,Have to keep track the targeted work.,3,40,https://malaysia.indeed.com/cmp/Ocbc-3/reviews?start=40
641,bank islam,10/1/2022,A good place to start for your career growth,A good place to start your banking career but has been stagnant for a year ( doing the same task ). Jump to another bank for more opportunities. Management always meeting until late,4,Officer,Kuala Lumpur,former,3,3,4,3,4,"Easy access to public, culture",Low benefit and salary,2,20,https://malaysia.indeed.com/cmp/Bank-Islam/reviews?start=20
642,RHB Bank Berhad,10/1/2022,Really enjoy collaboration with all the staff and vendors especially the business clients.,"Really honoured being service here's almost 5 years with great team great experience great journey towards my excellent future. Good facility such as gym, parking space, sports facility, clinic, hostels and so on.",5,IT Business Analyst• IT Project Management Office,Bangi,former,5,5,5,5,5,,,5,80,https://malaysia.indeed.com/cmp/Rhb-Bank-Berhad/reviews?start=80
643,HSBC,6/1/2022,"D&I kinda low, most project meetings held on Friday throughout lunch hours without providing any meals","Doesn’t provide development opportunities, instead they use their long serving gigantic staffing preferences ; not open to new ideas in the industry market, 🦕 thinking",3,Program Management,Malaysia,former,3,3,2,2,2,"No free lunch’s, prolong project meetings",Nil,4,60,https://malaysia.indeed.com/cmp/HSBC/reviews?start=60
644,HSBC,2/1/2022,Stressful and keep lack of management,"Good company but not so supportive. Everyone keep mind their own business. Some of them are good, helpful, kind. Lack of support from seniors and management. Mental must be strong and independent. High stressful level of working experienced. Company will give free food from food panda if you do an overtime. Easy to earn money.",4,Customer service specialist,Kuala Lumpur,former,4,5,5,4,2,Caring,"Stressful, lacking of management",4,60,https://malaysia.indeed.com/cmp/HSBC/reviews?start=60
645,Bank-Rakyat,30/12/2021,Fun and confortable,"so far so good, So enjoyable work with a nice senior staff . Im still under contract for 1 years. n this was for a first month work at BR branch. hopefully can be a permanent staff after the contract end",5,Clerk,Semporna,current,5,4,5,5,0,,,1,0,https://malaysia.indeed.com/cmp/Bank-Rakyat/reviews
646,RHB Bank Berhad,30/12/2021,Not a good company to work at,Had to sacrifice my weekend and AL to attend to work related matters. Most importantly the pay is very low and bonus & increment is extremely low and doesn’t compensate our workload,1,Assistant manager,Kuala Lumpur,former,1,1,1,1,1,None at all,Low pay and too much workload,5,80,https://malaysia.indeed.com/cmp/Rhb-Bank-Berhad/reviews?start=80
647,Public-Bank-Berhad,28/12/2021,Good,Friendly manager especially the sales manager of Sabah Region. He is very supportive and will make you feel comfortable. Friendly colleagues. Good salary,3,Finance Intern,Kota Kinabalu,current,4,5,5,5,3,"salary, benefits",workloads are heavy,8,140,https://malaysia.indeed.com/cmp/Public-Bank-Berhad/reviews?start=140
648,RHB Bank Berhad,28/12/2021,Bad management and leader,Otherwise okay. Stressful and need to work hard to achieve target. Nad approval rate as we need to achieve 650k every month. The good thing blacklist customer can do p/loan.,3,SALES CONSULTANT PF-i,Shah Alam,current,3,3,3,2,2,Good benefit,Lousy management and difficult to achieve as they decrease approval rate.,5,80,https://malaysia.indeed.com/cmp/Rhb-Bank-Berhad/reviews?start=80
649,RHB Bank Berhad,12/12/2021,Fun & competitive,Supportive leaders and team makes the job even better. Salary paid fair enough with the job scope. But need to have extra miles since the crowd and market quite lesser compared to some other banks,4,Personal Banker,Pontian,former,4,4,4,3,3,Flexible,Depends on branch manager,5,80,https://malaysia.indeed.com/cmp/Rhb-Bank-Berhad/reviews?start=80
650,Cimb-Group,7/12/2021,Fun workplace,I love working at CIMB because of the working enviroment. The management is very care about their staff. But it quiet pressure when it come to achieve monthly performance target. We need to work extra time every end of month.,4,Collector,Dataran Merdeka,former,3,5,5,5,5,,,5,80,https://malaysia.indeed.com/cmp/Cimb-Group/reviews?start=80
651,HSBC,6/12/2021,Internal politics,Dominated by one particular race. Only staff that close with manager got high bonuses and increment. Not a good company to start career. Flexible in term of timing for sure.,2,Compliance Analyst,Cyberjaya,former,2,1,1,1,3,Timing,Poor management decisions,4,60,https://malaysia.indeed.com/cmp/HSBC/reviews?start=60
652,RHB Bank Berhad,6/12/2021,best working environment,nothing to say as all are okay but a bit stress to achieve the target towards end of the month. the teamwork and colleagues are awesome and team leader are the best and very helpful,5,Tele-Collector,Kuala Lumpur,former,4,5,5,5,5,high target,,5,80,https://malaysia.indeed.com/cmp/Rhb-Bank-Berhad/reviews?start=80
653,Ocbc,3/12/2021,Good culture,"Good culture, need improvement on training. Staff benefit ok but some time lack of flexibility as the compliance can be very strict. System not too advance",4,Avp,Johor Bahru,current,4,2,3,3,3,,,3,40,https://malaysia.indeed.com/cmp/Ocbc-3/reviews?start=40
654,HSBC,29/11/2021,A good company for job seeker to develop interpersonal skills.,I have a wonderful 24 years working with HSBC. I have gained knowledge and develop my interpersonal skills. HSBC provides a lot of trainings and guidance in order to make sure all the staff have a better understanding with their works/duties. Thank you HSBC.,5,Banker,Petaling,former,4,5,5,4,5,Better benefits in terms of medical/overtime.,Long working hours needed due to certain exercise/new systems,4,60,https://malaysia.indeed.com/cmp/HSBC/reviews?start=60
655,RHB Bank Berhad,22/11/2021,A better carrier growth and can learn other technologies,'- Unprofessional management not Supportive managers and team leads - Toxic culture - long working hours & weekends - Manual process - Lack of manpower,3,Anonymous,Bangi,former,3,3,3,1,1,Free breakfast after night activities,,5,80,https://malaysia.indeed.com/cmp/Rhb-Bank-Berhad/reviews?start=80
656,bank islam,17/11/2021,"Good friends, supportive environment,","I believe more benefit / higher basic should be offered to Temporary Officer / contract staff. The workload is quite high. Should improve the way to solve long queue issue at branches especially when it's time for students account opening, card replacement",4,Temporary Customer Service Officer,Johor,former,3,3,3,3,3,"Good friend, supportive team",Not much leave allocated,2,20,https://malaysia.indeed.com/cmp/Bank-Islam/reviews?start=20
657,maybank,17/11/2021,Sales,Always confident with customer Happy to do the sales Make marketing Tell people about the benefit of the product in the life Make people happy Easy going,5,Sales Executive,Batu Pahat,former,5,5,5,5,5,Lunch,Health,5,80,https://malaysia.indeed.com/cmp/Malayan-Banking-Berhad-(maybank)/reviews?start=80
658,HSBC,10/11/2021,Good,"Good Good Good, nuff said. We work in a very fast and dynamic environment, must be always stay alert and learn new thing in a very fast pace.We work as a team and help each other to increase our skill set in order to achieve our target",4,security analyst,Kuala Lumpur,former,4,4,4,4,4,,,4,60,https://malaysia.indeed.com/cmp/HSBC/reviews?start=60
659,RHB Bank Berhad,6/11/2021,Enjoy with workplace and helpful team,Not much to say.. but im happy working rhb team as their helpful cheerful and always work with no complaining. Love to work with rhb cmpany. under sales of coz target important but im not stressful coz branch always work under 1 team,5,Personal baner,Pasir Gudang,former,5,5,5,5,5,,,5,80,https://malaysia.indeed.com/cmp/Rhb-Bank-Berhad/reviews?start=80
660,RHB Bank Berhad,2/11/2021,AML Analyst,"Good team lead who always there if you need help. However, they provide low salary. If they can provide higher. It will be better. Overall management is good",4,AML Analyst,Kuala Lumpur,current,4,3,3,3,5,Good colleagues,Low salary,5,80,https://malaysia.indeed.com/cmp/Rhb-Bank-Berhad/reviews?start=80
661,maybank,21/10/2021,Productive & fun workplace,"Corporate image, career advancement, good discipline, branding, social responsibility, & pleasant working environment, compliance culture, friendly & helpful bosses & subordinates",4,Executive,Kuala Lumpur,former,4,4,4,4,4,"Free lunch during MCO, services easily available",Heavy workload,5,80,https://malaysia.indeed.com/cmp/Malayan-Banking-Berhad-(maybank)/reviews?start=80
662,Bank-Rakyat,13/10/2021,Relaxed Job Culture,"I’am currently serving as a contract clerk in one of the Regional Collection Centre Branches. Yes, the work enviorment is very relaxed becuse 85% of the employees in the office are family people and senior citizens whom have serviced not less than 5 years with the bank. Communication among staffs and management are good but somehow there will be always 1-2 senior staffs whom disagrees everything the boss does or said (very strong in employee rights/unions stuff). Other than that, since its a 100% Malay culture, laziness is there but the act of good in properous meal ‘belanja’ always being done weekly by any of the kind-hearted staffs other than staffs are helpfull among each other. Salary wise for a diploma range contract staff is kind off sad for its figure but atleast the annual bonuses, ex-gratia payouts and claims are elidgable (as per permanent staffs) for service not less than 6 months on the day of the bonus announcement date via email. Even so, in day 2 of reporting, one of the staff recommended me to apply Staff Credit Card (I never had any credit card before) and guess what? They approved for a handsome limit of the card compared to my salary 😂. In conclusion, working with Bank Rakyat is fun and nice place to work just like any other conpanies but the con’s is always there and it depends on how you deal with it professionally.",5,Contract General Clerk,Shah Alam,current,5,5,4,5,5,"Free lunches (belanja by bosses and senior staffs on a monthly basis), Good staff credit card apporoval limits, Unlimited claims (as long your pengurus cawangan acknowledges it), Staff hotel benefit rates for holidays, Annual Bonuses, Ex-Gratia Payouts, Claimable Medical Bills (certain minor cases), Very religious islamic Staffs and Helpfull staffs","Certain staffs are lazy, Kaki kipas staffs, Low salary start up for contracted staffs",1,0,https://malaysia.indeed.com/cmp/Bank-Rakyat/reviews
663,Cimb-Group,30/8/2021,good,my best working experience ever! colleagues helps me a lot through out my journey there good leader reflected in my team leader and my HoD work life balance for me,5,Quality Analyst,Kuala Lumpur,former,5,5,5,5,5,positive working environment,repetitive work,5,80,https://malaysia.indeed.com/cmp/Cimb-Group/reviews?start=80
664,Cimb-Group,26/8/2021,I want to work again- just for the commision,"can give best employer award. staff benefit tip top. Staff the best. their strategy and direction is clear. Just u will be in so much pressure and once u achieved their expectation they will expect more. very good company. regret left the company. A place to learn what is work about, friendship, staff welfare, they know how to appreciate staff based on the performance. non performing pressure always be there. but so far very understanding management(RD's, Branch Managers).",5,Personal Financial Consultant,Melaka,former,3,5,4,5,5,"remuneration- commissions, medical benefits, staff loans etc","target based on salary, multiple products. KPI",5,80,https://malaysia.indeed.com/cmp/Cimb-Group/reviews?start=80
665,RHB Bank Berhad,5/8/2021,Colleagues are very comfortable,"Thanks for your support and I'm glad worked there more 23years finally I took VSs....thank you so much, because of I'm survive and had decent family and life ..thank you again..",5,Teller/clerk,Seremban,former,5,5,5,5,5,Corporate is good,Senior staf are bias and very selfish on sharing knowledge.,5,80,https://malaysia.indeed.com/cmp/Rhb-Bank-Berhad/reviews?start=80
666,Cimb-Group,25/7/2021,Great but not challenging enough,Managers and people are generally friendly. But work may not be too challenging. I would encourage people to join if you don't want too big of a challenge.,4,Customer Service Representative Intern,Malaysia,former,4,3,4,4,4,,,5,80,https://malaysia.indeed.com/cmp/Cimb-Group/reviews?start=80
667,Cimb-Group,19/7/2021,Management,Good place for your to start to gain experience. Very low increment. Hard to job other departments or get promoted. Working are friendly. There is no work life balance. Hard to get leaves,4,Contact Centre Executive,Kuala Lumpur,current,3,3,4,2,1,Nothing to share at this moment,No mc will effect your KPI,5,80,https://malaysia.indeed.com/cmp/Cimb-Group/reviews?start=80
668,RHB Bank Berhad,16/7/2021,Poor management from the first month join into the company. Lack of empathy shown by the manager,Not a good company because too much turnover. The management is too poor. Need to review the training program and how they hire the leader to guide the team. The leader always call staff at night,1,Executive,Klang Valley,former,2,1,1,1,1,No pros,"Poor management, bad leader",6,100,https://malaysia.indeed.com/cmp/Rhb-Bank-Berhad/reviews?start=100
669,HSBC,5/6/2021,Good people,People are good. Supportive leaders. Training was excelent. It was like a family feel. Motivation to work every single day was there. Basically best place to work during my time there.,5,"Global Support Executive, Senior Agent (Singapore Call Centre)",Cyberjaya,former,3,5,5,4,4,Many,Nothing major from my experience.,5,80,https://malaysia.indeed.com/cmp/HSBC/reviews?start=80
670,Cimb-Group,23/5/2021,Have a good team culture,"Love to work at CIMB, people here are friendly However, there is some cons in the whole recruitment process. Hope CIMB can improve employee experience",4,Internship Student,Kuala Lumpur,former,5,4,4,3,4,,,5,80,https://malaysia.indeed.com/cmp/Cimb-Group/reviews?start=80
671,Cimb-Group,7/4/2021,bad management,only care about management level people. they can simply terminate your contract even for small issue. just because you are only contract. 2 years there with contract position and they are not going to make u permanent. don't mess with your supervisor,2,officer,Bangsar South,former,4,2,1,1,2,,,5,80,https://malaysia.indeed.com/cmp/Cimb-Group/reviews?start=80
672,maybank,3/4/2021,Happy work environment depending on department,"Maybank is a place where we can gain banking and finance experience. Every place have its own speciality, valuable moment and expertise. It is depending on us to bring ourselves, to expose ourselves",4,Executive,Malaysia,former,3,4,4,3,3,Supportive team members,"High sales target, heavy work load under Cash Management Dept may require always to stayback until night",5,80,https://malaysia.indeed.com/cmp/Malayan-Banking-Berhad-(maybank)/reviews?start=80
673,HSBC,23/3/2021,Fun workplace,Best place to start professional career. Management does provide to those who seek out for progression in the career where they provide or send for necessary training.,3,Deputy Team Manager,Selangor,former,3,3,3,3,3,Annual Leave Entitlement,Salary Inceemwnt,5,80,https://malaysia.indeed.com/cmp/HSBC/reviews?start=80
674,HSBC,18/3/2021,Amazing workplace,"I really love their culture, easy going when ur off-line, and all about BUSINESS when ur online with customer. They give proper and guided traing and mentor/mentee system. Professional management wit great benefits throughout. On the flip side, you work at odd hours, so you miss lots of chance to have friends outside your workplace.",4,Global Support Exec,Cyberjaya,former,4,4,5,5,5,Well paid compensation,Odd hour working,5,80,https://malaysia.indeed.com/cmp/HSBC/reviews?start=80
675,maybank,17/3/2021,Friendly environment,A lot can be learnt and fun working environment. Sometimes stressful sometimes fun. You have to know how to carry yourself as a trainee because they are way too busy to guide you from the scratch throughout the internship period.,4,Trainee,Kuantan,former,4,4,3,4,5,"Fun environment, friendly staff, willing to help","A lot of papers wasted, I think we should be more environmental friendly",5,80,https://malaysia.indeed.com/cmp/Malayan-Banking-Berhad-(maybank)/reviews?start=80
676,Cimb-Group,10/3/2021,Silo working culture,"Every team in the same department will only take care of their own things, drew lines among the teams. You can only pray when you face issues. On top the bosses there have no time to guide you along with their business meeting timelines. Increment and bonuses are slim.",3,Regional IT Project / Program Manager,MY,former,2,2,5,1,1,,,5,80,https://malaysia.indeed.com/cmp/Cimb-Group/reviews?start=80
677,maybank,6/3/2021,Productive workplace and supportive team members,"Maybank has the best work culture, very fast, very efficient, smooth and professional. Their bureaucracy works efficiently in identifying abd solving problems as they are the biggest bank.",5,Protege Trainee,Kedah,former,5,5,5,5,5,,,5,80,https://malaysia.indeed.com/cmp/Malayan-Banking-Berhad-(maybank)/reviews?start=80
678,Cimb-Group,2/3/2021,i love the medical card benefit.,Company provide many benefit for medical card. fun working environment. encounter new people everyday. Met a lots of customer. good chance to know a lot of people and I feel so good.,3,Sales Executive,KLIA2,former,3,5,4,3,3,shift working,KPI need to be achieved,5,80,https://malaysia.indeed.com/cmp/Cimb-Group/reviews?start=80
679,HSBC,1/3/2021,A great place to work in.,"Actually among all jobs that I did, working in HSBC Data Processing Centre is the most challenging yet still interesting for me to work at. The environment suited my work-balanced life and the colleagues were like family members to me. No stereotypes but be careful with whom you mingle with as there are still backlash here and there.",4,Global Support Executive,Cyberjaya,former,4,4,4,4,4,Different Allowances,There are gossipmongers,5,80,https://malaysia.indeed.com/cmp/HSBC/reviews?start=80
680,maybank,27/2/2021,Review is different person has different working experiencerience,Good Management and Staff relationship and teamwork is always applied. Good interpersonal relationship between staff and Management is always applied at Maybank. Staff knows the Management direction and willingly working hard to achieved the goal.,5,Private Banker,Kuala Lumpur,former,5,3,3,2,4,,,5,80,https://malaysia.indeed.com/cmp/Malayan-Banking-Berhad-(maybank)/reviews?start=80
681,maybank,20/1/2021,Stressful yet fun workplace,Stressful yet good environment of working. Seniors willing to teach newbie until know how to do it by themself. Less worklife balance. Most of time have to stay back to get job done,4,Protègè Trainee,Kuching,former,3,4,4,4,4,Great bonus.,"Short break, only 1 hour",6,100,https://malaysia.indeed.com/cmp/Malayan-Banking-Berhad-(maybank)/reviews?start=100
682,Ocbc,19/1/2021,Productive and fun enviroment stressful during end of the month closing,Mostly i call clients and check on their payment and also will follow up on due payment. Prepare reports for end month closing Slightly stressfull during end of the month,4,COLLECTION OFFICER,Kuala Lumpur,former,4,5,5,4,5,Weekly rewards and coupons voucher given,Healthcare,3,40,https://malaysia.indeed.com/cmp/Ocbc-3/reviews?start=40
683,HSBC,17/1/2021,"Good career develope,","good working place, the place you learn everything, free vending machine drinking pressure are high, you must do wotking within s.l.a must fast learner,",4,IT assistant,Selangor,former,4,4,4,4,4,good career develop,shift,5,80,https://malaysia.indeed.com/cmp/HSBC/reviews?start=80
684,Cimb-Group,16/1/2021,Nice work place,"Nice workplace, so many off day, good culture, nice boss, have a nice job experience, on time salary, easy to loan bank, good friends, help each other when we needs or not understand how to do a work",5,Clerk,Penang,former,5,5,5,5,5,,,6,100,https://malaysia.indeed.com/cmp/Cimb-Group/reviews?start=100
685,RHB Bank Berhad,12/1/2021,Stressful n hectic workplace,"no life, do not enjoy working, work stress, long working hours, difficult to get leave (leave conditions must meet the target), boss who is too strict without any mercy.",3,Personal Financing,Dataran Wangsa Melawati,former,1,1,2,1,3,,,6,100,https://malaysia.indeed.com/cmp/Rhb-Bank-Berhad/reviews?start=100
686,Ocbc,27/12/2020,Productive place to work,Lots of experience even short period of working. Hands on work and guided. Casual business outfit. Friendly working environment Can be stressful work as you have to attend to call and can be very overwhelming at times.,5,Customer Service,Kuala Lumpur,former,4,4,4,4,3,,,3,40,https://malaysia.indeed.com/cmp/Ocbc-3/reviews?start=40
687,maybank,24/11/2020,Fun workplace with stressful,Stressful but fun because they really taking care of you in a team. I learned how to achieve daily target. No interest with culture in workplace cause still same The hardest part is when i have to assist customer that dont know how to speak Malay & English,4,Maybank Collection,Akademi etiqa,former,3,2,2,2,4,Nothing,Nothing,6,100,https://malaysia.indeed.com/cmp/Malayan-Banking-Berhad-(maybank)/reviews?start=100
688,maybank,24/11/2020,Collaborative and fast paced,"I like to work at Maybank Investment Bank as I have good friends and Team Leader that guide me during my internships. They are kind, passionate and professional. It was a very challenging experience as I have to learn as fast as I can in the department.",5,Internship,Bangsar,former,5,5,5,5,3,,,6,100,https://malaysia.indeed.com/cmp/Malayan-Banking-Berhad-(maybank)/reviews?start=100
689,RHB Bank Berhad,23/11/2020,"in overall, it's really stressful working in RHB as there's no work life balance at all. Have to work late at night and over the weekend","1) No work life balance 2) When any big issue happened, there must be someone to be blamed instead of to find the solution 3) Management seems don't want to understand the root cause of any issues 4) Lack of teamwork between the department 5) To seek cooperation from the other team and to get management's understanding on certain issues 6) if we get rewarded accordingly",2,Assistant Vice President,Kuala Lumpur,current,2,2,3,2,2,,,6,100,https://malaysia.indeed.com/cmp/Rhb-Bank-Berhad/reviews?start=100
690,RHB Bank Berhad,11/11/2020,Productive and fun work place,I had fun working here. Got an experience. Also got benefit. The team was so Nice to each orhers. Thank you for give me this appotunities to work here.,5,Sales Executive,Kuala Lumpur,former,5,5,5,5,5,Adhock,Ok,6,100,https://malaysia.indeed.com/cmp/Rhb-Bank-Berhad/reviews?start=100
691,Public-Bank-Berhad,10/11/2020,Efficient,Need to Work fast and accurate Service above all Customer always right Lots of Training provided Rules and regulations to be adhered to Excellent working environments,4,Officer,Jalan Munshi Abdullah,former,4,5,4,4,4,Pay accordingly,Demanding,8,140,https://malaysia.indeed.com/cmp/Public-Bank-Berhad/reviews?start=140
692,HSBC,3/11/2020,Open culture,"Not judgemental type of employees nor management, fun to work except now we're working from home. Still trying to adapt not meeting people in person. Favoritism is quite a common thing, not only with this company but with other company as well. Depending on how you manage it. Open culture, not judgemental type of employees as well.",4,Global Support Executive / CCSS Representative,Cyberjaya,current,4,5,5,4,5,"Medical care, lots of annual leave, bonus",Favoritism,5,80,https://malaysia.indeed.com/cmp/HSBC/reviews?start=80
693,Public-Bank-Berhad,15/10/2020,Fast paced working environment,"It is a nice place to work with different cultures, very stressful environment at the same time it is fun. Good benefit and public bank berhad have never fail to pay the staff's bonus and exgratia. One of the best place i ever worked with.",5,Admin Executive,Permas Jaya,former,1,5,5,3,5,"Annual Dinner, Monthly birthday celebrations",Stressful working environment,8,140,https://malaysia.indeed.com/cmp/Public-Bank-Berhad/reviews?start=140
694,maybank,27/9/2020,Learning more and happy-go-lucky to work there,Working at the bank was a good experience . It was my first serving job and I got the hang of things pretty fast . Only thing I did not like was there was never any full time hours for me to have .A lovely place to work. I loved the residents and that the job varied everyday. The company provided insurance at a very reasonable cost. The work environment was amazing.,5,Admin clerk,Kuala Lumpur,former,5,5,5,5,5,Good benefits,Health care and safety,6,100,https://malaysia.indeed.com/cmp/Malayan-Banking-Berhad-(maybank)/reviews?start=100
695,RHB Bank Berhad,4/9/2020,status job,it not fair for pemanent status brobation 6 month not extend another 3 months. it should be must give changes for staff to prove the company that he can do if management extend another 3 month,4,sales consultant,Kuala Lumpur,former,4,2,4,1,3,,,6,100,https://malaysia.indeed.com/cmp/Rhb-Bank-Berhad/reviews?start=100
696,Cimb-Group,3/9/2020,I really miss my cimh job . Please give me an oppurtunity again,I am very eager to join CIMB family again as i miss my cimb work cultures and this is the most wonderfull bank and i really love cimb to serve again until my retirement,5,ASSISTANT SALES MANAGER,Petaling,former,5,5,5,5,5,I love cimb,Nothing,6,100,https://malaysia.indeed.com/cmp/Cimb-Group/reviews?start=100
697,Cimb-Group,2/9/2020,Stressful workplace,It is very chalengging and stressful workplace but for those who love and enthusiastic to find a client and eager to earn more money you should try to apply,3,Personal Financial Consultant,Kuala Lumpur,former,3,3,3,4,5,,,6,100,https://malaysia.indeed.com/cmp/Cimb-Group/reviews?start=100
698,bank islam,27/8/2020,fun workplace,"Friendly and forgiving colleagues, get to learn a lot on Islamic culture and Islamic banking. Very good medical coverage and allowance. Processing new and existing application from customer. Product personal financing,vehicle financing,credit card",5,PERSONAL FINANCING EXECUTIVE (BASED AT BRANCH BIMB BANDAR WAWASAN),Kuala Lumpur,former,5,5,5,5,5,,,2,20,https://malaysia.indeed.com/cmp/Bank-Islam/reviews?start=20
699,RHB Bank Berhad,25/8/2020,really enjoy to work.,"i really enjoy working at there.i learning something new at there,all friendly staff,i regret so much because of my resign.i like mdm kavitha. she a really such us wonderful soul.",5,Teller,Kuala Lumpur,former,5,5,5,5,5,good,excellent,6,100,https://malaysia.indeed.com/cmp/Rhb-Bank-Berhad/reviews?start=100
700,Ocbc,23/8/2020,Decent Perks and Moderate Pay,This company gives a good amount of perks and moderate pay. You have to do more work than what's under your job description though. It's expected that you multitask and accept ad hoc assignements here. you,3,AML Risk & Compliance – Control Monitoring & Reporting,Kuala Lumpur,current,3,4,2,2,2,"Good hospitalisation benefits, holiday bungalows, high annual leave count",Ad hoc assignments and work,3,40,https://malaysia.indeed.com/cmp/Ocbc-3/reviews?start=40
701,RHB Bank Berhad,18/8/2020,Good bank,Good local bank and very friendly and experience college . They are there to guide you . Bank having good benefit compare other company,4,Senior Database Admin,Selangor,current,0,0,0,0,0,,,6,100,https://malaysia.indeed.com/cmp/Rhb-Bank-Berhad/reviews?start=100
702,maybank,17/8/2020,Very challenging and fast working environment,"As Sales Consumer Executive, we have to process mortgage, ASB financing, credit card and will writing. It seems easy at first, but sales as we all know, skills is very important. Product knowledge must always in head and avoid making miscomunicated or wrongly advise to the customer. Process must be fast and most cases must be done in 1 day. This is fast pace working environment, you must process is fast since all the customer need loan as soon as possible. Very challenging and also fun if you can do it. Very recommend to a person who have skills in selling.",4,Consumer Sales Executive,Taman Sri Serdang,current,3,5,5,4,4,A lot of benefit,Very high target to achieve,6,100,https://malaysia.indeed.com/cmp/Malayan-Banking-Berhad-(maybank)/reviews?start=100
703,RHB Bank Berhad,17/8/2020,Productive workplace,We have now adopted the Agile way of working which has proven to be effective. Teamwork has improved. Team members take ownership of their work and collaborate more effectively.,4,Head of Technical & Functional Learning,Kuala Lumpur,current,4,4,4,4,4,Casual dressing for those departments which have flipped to Agile,,6,100,https://malaysia.indeed.com/cmp/Rhb-Bank-Berhad/reviews?start=100
704,Public-Bank-Berhad,12/8/2020,Good,"Good to work in the bank. Teamwork among colleagues. Got paid for overtime when working on weekend. Benefits, good. Quite stressful. Good and caring bos",4,Senior Processing Officer,Taman Maluri,former,2,4,4,4,4,Good benefit,No work life balance,8,140,https://malaysia.indeed.com/cmp/Public-Bank-Berhad/reviews?start=140
705,Cimb-Group,11/8/2020,Good environment of workplace,Happy because can gain experience on banking site Have a good teamwork and its quite good because i can do my jobs in happy environment All team members and upper management support and willing to teach new joiner,4,customer service officer,Jalan segget JB,former,4,4,3,4,4,,,6,100,https://malaysia.indeed.com/cmp/Cimb-Group/reviews?start=100
706,RHB Bank Berhad,10/8/2020,work at easy Rhb,"Bad attitude of Sales manager, poor leadership skills leads to bullying and bad culture. It is a very stressful enviroment for staffs easy. I dont have the right to choose my own Mandate too and verbally request the junior staff to work on their only offday.",2,sales consultant,kipmart masai,former,1,1,1,1,1,salary,Bad attitude sales manager,6,100,https://malaysia.indeed.com/cmp/Rhb-Bank-Berhad/reviews?start=100
707,HSBC,8/8/2020,Productive,HSBC is actually nice place to work and offer good benefit to staff. But the things change when they launch global support and migrate some part of the work to oversea. They launch VSS and staff got no choice when there is no job securities to stay.,3,Account Servicing,Kuala Lumpur,former,3,4,1,3,3,,,5,80,https://malaysia.indeed.com/cmp/HSBC/reviews?start=80
708,Public-Bank-Berhad,7/8/2020,Everything Good,"While i join PBB which is Top bank in Malaysia. Great benefit. The training also very professional, willing give the best to staff. Work in public bank also can connect with lots of customers.",4,Assistant Sales Manager,Sibu,former,4,5,4,4,4,,,8,140,https://malaysia.indeed.com/cmp/Public-Bank-Berhad/reviews?start=140
709,RHB Bank Berhad,7/8/2020,Most regret to join in RHB,Everything are mess. Dun have proper department to teach new staff. During training also didnt follow the schedules. The course arranging is really horrible. I never expect the bank will provide this kind of lousy training.,2,Personal Banker (Executive),Sibu,former,2,2,2,2,2,,,6,100,https://malaysia.indeed.com/cmp/Rhb-Bank-Berhad/reviews?start=100
710,RHB Bank Berhad,1/8/2020,Its fun working environment,Fun working environment. The work dealing customer quite stressful. Colleagues are helpful. Training on all the product should lengthen. Too many products to be covered within short time. Maybe product specialization could be better,4,CUSTOMER SERVICE,Kuala Lumpur,current,3,4,4,4,4,Good environment,Salary quite low,6,100,https://malaysia.indeed.com/cmp/Rhb-Bank-Berhad/reviews?start=100
711,Ocbc,31/7/2020,Good benefits with good bosses,"This is the nicest bosses I've ever met, their benefits also very good. However, their loan processing is slow which will takes up to months. Overall, they are not bad.",4,Relationship Manager,Kuala Lumpur,former,4,4,4,3,3,,,3,40,https://malaysia.indeed.com/cmp/Ocbc-3/reviews?start=40
712,Cimb-Group,16/7/2020,good,"good experience in order to grow career path on sales. supportive teammate and fun environments. orther than that, can build confident level in order to close deal with customers.",4,Personal financial advisor,Ipoh,former,4,4,4,4,4,,,6,100,https://malaysia.indeed.com/cmp/Cimb-Group/reviews?start=100
713,RHB Bank Berhad,14/7/2020,No work life balance,Work more than 8 hours No OT claim Forced to work till 9pm Salary will be calculated upto 6pm only Stressful environment Lunch break will be 1 hour Short break will be 15 minutes Basic + low commission given Most of the time work on weekends too to achieve target,2,Collection Officer,Capsquare Towet,former,1,2,2,1,1,Friendly unit head and team leader,Worst senior who doesn't help the new joinee,6,100,https://malaysia.indeed.com/cmp/Rhb-Bank-Berhad/reviews?start=100
714,Ocbc,9/7/2020,Very Compliance driven,The bank is very compliant driven with close monitoring from the central bank - BNM and MAS . The staff are required to follow strict SOP and SLA . Staff are also required to take yearly regulatory compulsory training,5,"Assistant Vice President, Banking Fraud Specialist",MY,former,3,5,5,5,2,Secured job,Too strict regulatory compliance's,3,40,https://malaysia.indeed.com/cmp/Ocbc-3/reviews?start=40
715,Cimb-Group,1/7/2020,Good working environment,"It has a healthy corporate culture. The management procedure is clear, I was given clear briefing of the mission and vision of the company. It is very systematic, it also encourages a healthy and friendly working environment.",4,Marketing Executive,Kuala Lumpur,former,4,4,4,4,4,,,6,100,https://malaysia.indeed.com/cmp/Cimb-Group/reviews?start=100
716,HSBC,1/7/2020,Best organisations to work with. This is my personal experience,wish to go back working with HSBC . Now with my experience looking for better position for career advancement. I have be in the industry almost 20 years. And experience in mortgages and bank insurance products. So this is my interest. Helping people for wealth management.,5,ADVANCE CUSTOMER MANAGER,PJ STATES,former,5,5,5,5,5,Knowledge and advance services cultures,They should support career opportunity,5,80,https://malaysia.indeed.com/cmp/HSBC/reviews?start=80
717,maybank,29/6/2020,Very well structured work approach & comprehensive balance score card,Well established organisation and has been the most profitable & best managed Bank in Malaysia for decades. The work culture is well developed organically. Pretty stressful but well coordinated for maximising productivity,5,Executive Vice President,Kuala Lumpur,former,4,5,5,5,4,Market leader for salary & benefits in banking industry,"Tendency of work overload, due to very high expectations for internal and external customers satisfaction ratings",6,100,https://malaysia.indeed.com/cmp/Malayan-Banking-Berhad-(maybank)/reviews?start=100
718,HSBC,25/6/2020,Chill and slow paced,It was a pretty slow and easy to pick up job as we only gave out flyers and pull in potential buyers but the overall work experience was fun as I got to meet different types of people,4,Promoter,Ara Damansara,former,4,4,4,4,4,,,5,80,https://malaysia.indeed.com/cmp/HSBC/reviews?start=80
719,Cimb-Group,24/6/2020,Very professional,Very professional and proper communication quality and experienced and well trained excellent colleagues to guide while on the job training & at work.,5,PREFERRED Banking - Customer Service Executive,Kuala Lumpur,former,5,5,5,5,4,,,6,100,https://malaysia.indeed.com/cmp/Cimb-Group/reviews?start=100
720,Cimb-Group,17/6/2020,"Left because of the head of my unit was insensitive, daily asking me about Najib Razak. I got fed up.","The unit head left CIMB. My nasty experience was only about her that I ended my contract. Job placement training can be structured better. During my time, training was by her. Another department executive took the effort to explain and guide me.",3,Customer Service associate,Lembah Pantai,former,3,4,4,4,3,"Other than my unit, the rest of the teams and department are nice and helpful people.",The leader of any unit makes or breaks a team.,6,100,https://malaysia.indeed.com/cmp/Cimb-Group/reviews?start=100
721,HSBC,17/6/2020,Good management and nice environment,"Good management, nice environment and easy access. A lot of places to hang out with client and colleagues. Se rounded with all amenities like Masjid Jamek, Little India of Leboh Ampang etc..",5,Special Grade Clerk,Kuala Lumpur,former,5,5,5,5,5,,,5,80,https://malaysia.indeed.com/cmp/HSBC/reviews?start=80
722,bank islam,11/6/2020,Productive and competative,"5 days working and I learned a lot on how to persuade customer and attract their interest. Meanwhile, the working environment is very comfortable even though there were some pressure from the customers.",5,Personal Financial Executive,Johor Bahru,former,5,5,5,5,4,New Experiences,,2,20,https://malaysia.indeed.com/cmp/Bank-Islam/reviews?start=20
723,bank islam,28/5/2020,Good banking company with a lot of benefits,"Received a lot of benefits and comission and bonus from this company . Good colleageous , culture and work environment . Adventure, competitive and advance",5,Operation officer,Ampang,current,4,5,4,4,4,,,2,20,https://malaysia.indeed.com/cmp/Bank-Islam/reviews?start=20
724,HSBC,25/5/2020,A fun workplace and a good stepping stone.,"The team is very productive which means competition is fierce. My manager is without a doubt very experienced and eager to help his subordinates. Teammates are very helpful and work oriented with very positive attitudes. Teamwork is what working with them is what makes working here enjoyable. However, working is the US region which was partly migrated to Kolkata, career progression is very limited next to none. They prefer to acknowledge and promote Kolkata counterpart rather than Kuala Lumpur. You might be working for years and not have a career progression if you do not put in effort to find other departments for a promotion. Particular individual in higher management also favors Kolkata counterpart. Our US counterpart or what we call as Onshore consists of higher level management are very helpful and kind. They will try to help in any way they can. They do not however have any influence in Human Resources but rather process wise they are great. The company overall is a great working place with benefits and perks. They will try to help you in any way they can to make your work life easier and fun as well as provide ridiculous amount of training to make you stay ready and knowledgeable. It depends on the higher management in your department whether you get promoted or not as politics are heavy in my department. I would suggest HDPM as a great company to work but I would not suggest my department.",3,Global Support Executive / Associate,Cyberjaya,current,1,4,1,1,5,,,5,80,https://malaysia.indeed.com/cmp/HSBC/reviews?start=80
725,maybank,22/5/2020,Fun workplace,"Friendly environment. When it comes to work, everyone is serious but they are very helpful when doing the project together. No issue with the management. Everything went smooth. The workplace culture here is not that strict. It all depends on the team's boss. Not stressful at all when working here, at least for me.",5,Trainee,Kuala Lumpur,former,5,4,4,4,5,,,6,100,https://malaysia.indeed.com/cmp/Malayan-Banking-Berhad-(maybank)/reviews?start=100
726,bank islam,21/5/2020,Great employer,"I learned a lot admin, PA, taller, all the banking and recovery. Employers are considerate. Multitask job especially at the branch. Enviroment still have anelement of Islam.",5,Clerk/ Teller/ PA @ admin,Rawang,former,3,4,3,4,3,,,2,20,https://malaysia.indeed.com/cmp/Bank-Islam/reviews?start=20
727,HSBC,18/5/2020,poor,'-Not a good environment to work with. -Very secure place to work even to many work excess need to apply. -To stress work place to work with fussy line manager.,3,executive,lenoh ampang,former,1,3,3,1,1,,,5,80,https://malaysia.indeed.com/cmp/HSBC/reviews?start=80
728,HSBC,15/5/2020,con worker bad job knowledge irresponsible mgr and officer very very irritated mgr and less knowledge person and stupid ideas talking without knowing,"should reinstated the banks dignity, sack all this stupid and lazy staff which beshamed HSBC i see the staff here dont know their jobs always asked here and there to get answer to do what next,if i am ceo, i closed this stupid branch with stupid hipocrite staff the beshamed the great HSBC once i worked in,now the mngmt and the staff are stupid from mgr down to sg staff all this p this people are less knowle",1,special task manager,KTR,former,2,1,1,1,1,,,5,80,https://malaysia.indeed.com/cmp/HSBC/reviews?start=80
729,HSBC,14/5/2020,Good company,It’s always challenging and a great experience working in a overseas company like Hsbc and I really appreciate all my seniors who ever taught me good things and I’m looking forward for a better position in the same bank,5,Time scale clerk,Leboh ampang,current,3,3,3,3,3,,,5,80,https://malaysia.indeed.com/cmp/HSBC/reviews?start=80
730,maybank,12/5/2020,Recommend to those who want a fast-paced career,I found Maybank management are really good in terms on how they take care of their staff benefits. The culture not really stressful and yet staff need to know what their top management want from them.,5,FINANCE EXECUTIVE,Kuala Lumpur,former,5,5,5,5,5,,,6,100,https://malaysia.indeed.com/cmp/Malayan-Banking-Berhad-(maybank)/reviews?start=100
731,HSBC,11/5/2020,Its a good place to learn & gain new experience.,"Past 10 years in the banking industry, I have gained different tasks & learned a lot of experience in handling customer & assisting managers to complete daily task independently.",4,Bank Officer,malaysia,former,2,5,5,3,3,,,5,80,https://malaysia.indeed.com/cmp/HSBC/reviews?start=80
732,maybank,11/5/2020,Good working enviroment,Very good wroking enviroment. Benefit is among the best in banking industry company in Malaysia. Management is humanising. Working with more than 30yrs ecperience and covered all department. Looking for better offer Cal me to hire..asap,5,Assistant Branch Manager/Sales Manager,"Bandar Baru Uda,Johor Bahru Johor",current,5,5,5,4,4,,,6,100,https://malaysia.indeed.com/cmp/Malayan-Banking-Berhad-(maybank)/reviews?start=100
733,maybank,4/5/2020,Stressful and face-paced but somewhat rewarding,"One of the main skills and knowledge that I managed to pick up is the great use of Microsoft Excel for data entry. The pay is quite reasonable for a contract employee. The culture is stressful and fast-paced as you are expected to stay back after working hours. The hardest part of the job is bosses having unreasonable expectations of results from daily tasks given. However, one of the things I enjoyed the most is I managed to pick up some valuable skills and made new friends and new connections.",4,Call Back Officer,Maybank HQ,former,3,4,4,4,3,,,6,100,https://malaysia.indeed.com/cmp/Malayan-Banking-Berhad-(maybank)/reviews?start=100
734,Public-Bank-Berhad,4/5/2020,Fun with group of people,'- Typical freelance time - Learned about sales and closed sale - the management good - Hardest part of the job was an objection from the client - most enjoyable was the commission,5,UTC,Sibu,former,4,5,4,5,4,,,8,140,https://malaysia.indeed.com/cmp/Public-Bank-Berhad/reviews?start=140
735,HSBC,3/5/2020,Stressful workplace,1. New intake need to be independent 2. In two weeks time from the joint date you need to perform your works 3. Less guidance from the superior 4. Less supported from colleague and etc,3,Manager,Property,former,3,4,3,3,3,,,5,80,https://malaysia.indeed.com/cmp/HSBC/reviews?start=80
736,Public-Bank-Berhad,28/4/2020,Work life NOT balance,Public Bank is a good company providing lots of benefits to Staff. Training provided in KL and colleagues are friendly. Work life balance is not for sales staff.,4,Senior Finance Executive,Johor,former,3,4,4,4,3,employee benefits,no work life balance,8,140,https://malaysia.indeed.com/cmp/Public-Bank-Berhad/reviews?start=140
737,HSBC,26/4/2020,good place to work for fresh graduate,good place to work for fresh graduate as a career starter but not suitable for experienced job seeker as they don't offer high salary. their call center management are really slow in promoting their staff. I've seen one of their staff who have worked for 10 years and yet still a call center agent.,4,CSR,Cyberjaya,current,4,4,4,4,4,,,5,80,https://malaysia.indeed.com/cmp/HSBC/reviews?start=80
738,HSBC,23/4/2020,Productive and fun place to work,"Highly competitive and collaborative work culture, a bank to focus on high standard delivery to its client and staff. Very good benefits and compensation.",4,KYC Quality Control Manager,Leboh Ampang,former,4,5,5,4,4,,,5,80,https://malaysia.indeed.com/cmp/HSBC/reviews?start=80
739,Cimb-Group,18/4/2020,Its pleasure to work at CIMB,"Good environment, pleasant work place, good in benefits and compensation , very stable company , good in management , job culture is tough, so competitive",5,Customer Service Officer,Shah Alam,former,5,5,5,5,5,,,6,100,https://malaysia.indeed.com/cmp/Cimb-Group/reviews?start=100
740,maybank,8/4/2020,competitive,Nice work place.Mecial card ia unlimited.Salary is high compared to others in the same field but i have to sell insurance and have high target.I will improve my skill sets.,5,Financial Advisor,TAMAN DAYA JOHOR BAHRU,former,4,4,4,4,4,medical card unlimited,target,6,100,https://malaysia.indeed.com/cmp/Malayan-Banking-Berhad-(maybank)/reviews?start=100
741,Ocbc,6/4/2020,Productive with some relaxing exercise and enjoyable activity.,"sometimes, the department had to handle with stressful of working time and they might need some relaxing exercise that can make them feel relax and more calm with the good environment. So, they need to enhanced their culture to be more positive with around.",5,PAYMENT HUB - REMITTANCE,Kuala Lumpur,former,3,3,4,3,4,"free lunch, free healthcare (eye drop)","short breaks, drags of times",3,40,https://malaysia.indeed.com/cmp/Ocbc-3/reviews?start=40
742,Public-Bank-Berhad,4/4/2020,Do a typical work as a frontliner,I do a operation work in frontline. Im ok with this workflow . My strength is i can work under presure and working under minimum supervise . My weakness is about marketing. Im not a person can convince customer about a product.,5,Executive,Gombak Kuala Lumpur,current,3,5,5,3,3,,,8,140,https://malaysia.indeed.com/cmp/Public-Bank-Berhad/reviews?start=140
743,HSBC,28/3/2020,Fun Workplace,A good opportunity for self development and skills Fantastic Team Leader & Manager Social culture based firm Friendly environment Stressful work task,5,Clerk,Kuala Lumpur,former,5,5,5,5,5,,,5,80,https://malaysia.indeed.com/cmp/HSBC/reviews?start=80
744,Public-Bank-Berhad,27/3/2020,A lot of things can be learned in this Bank. Good management and collaborative woking environment.,The Best Bank in Malaysia. Management of the Bank is very good. Collaborative working environment. Personal effort will lead to new knowledges and experiences in the business line. The Bank also provide excellent learning programmes for their staffs. Benefits? You can't never imagined.,4,Clerk/Typist/Cashier,Kuantan,former,4,5,4,4,5,,,8,140,https://malaysia.indeed.com/cmp/Public-Bank-Berhad/reviews?start=140
745,HSBC,24/3/2020,Work life balance,"a company that promote work hard play hard. This company make me feel like a second home. i have sense of belonging when i work here. All colleague and bosses are very good team player. We help each other, no politic issue.",5,project management officer,Kuala Lumpur,former,5,5,2,4,5,,,5,80,https://malaysia.indeed.com/cmp/HSBC/reviews?start=80
746,Cimb-Group,23/3/2020,Productive yet a bit stress,"I did enjoy my day at work with the friends. Management is okay. I learned to work independently. Workplace culture is good, all friends are always taking care of each other. The hardest part of the job is explaining the same thing to customer but sometimes they don't listen. The enjoyable part is I get the chance to live and learn in the lovely way.",5,Officer,"6, Jalan Tun Perak",current,5,5,4,4,5,Go home after done office hours,Average pay,6,100,https://malaysia.indeed.com/cmp/Cimb-Group/reviews?start=100
747,Cimb-Group,22/3/2020,Very systematic,"I am so grateful because of the experience working in financial institution. All the staff are very kind and helpful. I learn about banking system, PnC of customers data, and few banking acts!",4,Graduate Trainee,Bangsar South,former,4,4,4,5,4,,,6,100,https://malaysia.indeed.com/cmp/Cimb-Group/reviews?start=100
748,Cimb-Group,16/3/2020,A very good working and learning environment,The working environment at CIMB group is a very good learning curve for me whereby I was attached to various department during my ten years tenure there. The work culture was a very fast paced environment.,3,Executive,Plaza Damansara,former,3,3,3,3,3,,,6,100,https://malaysia.indeed.com/cmp/Cimb-Group/reviews?start=100
749,Public-Bank-Berhad,13/3/2020,Productive,a good start for fresh graduate to know how is the culture of banking line and getting in knowledge of compliance. Every kind of work is tough thus learn from it.,3,Senior sales and marketing executive,Johor Bahru,former,0,0,0,0,0,,,8,140,https://malaysia.indeed.com/cmp/Public-Bank-Berhad/reviews?start=140
750,HSBC,12/3/2020,productive work place. very busy branch.,'- Always a very busy day with a lot of walk in customers - More detaily about banking - Poor management - Stable workplace culture - nothing specific is hard there because i was enjoy doing my work,4,Senior Mortgage Specialist,Johor Bahru,former,4,5,5,4,5,,,6,100,https://malaysia.indeed.com/cmp/HSBC/reviews?start=100
751,HSBC,11/3/2020,Productive and fun work place with pantry and game room,Learned how to process payments for overseas country. management wise they are good and helpful. Company provides transport. working place culture are good.,4,Global Support Executive,Cyberjaya,former,4,4,4,4,4,,,6,100,https://malaysia.indeed.com/cmp/HSBC/reviews?start=100
752,maybank,11/3/2020,Great,"Nicee place to build a career Haahaha lalalalalkaka looooo likiki lukuku hermm enjoy la, Rasa sangat dihargai and happy. Just melayan kerenah customer je yg wat sakit kepala lain semua nice",4,Credit Control Executive (Protégé),Kuala Lumpur,current,5,3,3,5,4,,,6,100,https://malaysia.indeed.com/cmp/Malayan-Banking-Berhad-(maybank)/reviews?start=100
753,Cimb-Group,9/3/2020,Corporate and rewarding,Supportive and helpful colleagues/mentors. As much as work is tedious but very rewarding as the company provide fun activities to compensate their staff's hard work.,4,Credit Control Officer,Kuala Lumpur,former,4,3,3,3,3,,,6,100,https://malaysia.indeed.com/cmp/Cimb-Group/reviews?start=100
754,Public-Bank-Berhad,9/3/2020,Ppb is easy job as a clerk,A typical day at PPB is pretty relax I learned how to manage my money in my drawer and learned how to make transaction how to print the receipt and FD(fixed deposit) We have to print dayend to make sure we have the correct amount off money in our drawer The most hardest part of the job is when u are not balanced and u have to find what amount of money u low on and try to find who was the customer,5,Temporarily clerk,Taman molek,former,5,5,5,5,5,,,8,140,https://malaysia.indeed.com/cmp/Public-Bank-Berhad/reviews?start=140
755,Cimb-Group,8/3/2020,Relexing working place,Pressure with bad zone manager. Dint get my commission for two time. Bad system. Dint get the practice how to the the work. Need to learn by self and need find other person to teach.,3,PERSONAL FINANCIAL ADVISOR,TESCO,former,5,1,1,1,2,,,6,100,https://malaysia.indeed.com/cmp/Cimb-Group/reviews?start=100
756,maybank,8/3/2020,Fun workplace,"My previous working at maybank islamic berhad was a fun workplace, every staff have all their own job but they willing to teach thew new staff or the new person in their team.",4,Assistant senior finance executive,"Dataran Maybank, Bangsar",former,4,4,5,4,4,"Friend, benefits",Didn’t want to absorb intern/protege to contract or permenant,6,100,https://malaysia.indeed.com/cmp/Malayan-Banking-Berhad-(maybank)/reviews?start=100
757,HSBC,7/3/2020,Good exposure,"Learnt so much about the market , a lot to learn. Work is fast paced, workplace culture is good - always have engaging activities on the floor. Good relationship with upper hands",4,Settlements Executive,Cyberjaya,current,4,3,3,3,4,,,6,100,https://malaysia.indeed.com/cmp/HSBC/reviews?start=100
758,HSBC,6/3/2020,Hsbc Bank has a friendly environment,Hsbc Bank has a friendly environment. People works will have heavy heart to leave Hsbc. There are a lot of activities done by the bank. Hsbc practice work life balance where once in a month the staff can go back 1 hour earlier than working hour,5,CREDIT ADMIN EXECUTIVE,Kuala Lumpur,current,5,5,5,5,5,,,6,100,https://malaysia.indeed.com/cmp/HSBC/reviews?start=100
759,HSBC,6/3/2020,A good place to work,A very good place to gain a lot of knowledge and experience. The environment is suitable to those who want to gain a good and fulfilling working life experience.,5,BANK OFFICER,Kuala Lumpur,former,5,5,5,5,5,,,6,100,https://malaysia.indeed.com/cmp/HSBC/reviews?start=100
760,United Overseas Bank,6/3/2020,Fun workplace,"(1) Worklife balance. (2) Good training provided to all staffs. (3) Work was quite challenging. (4) The company always organised activities such as yearly fun run, treasure hunt, food hunt and many more.",3,Vice President - Islamic Legal,Kuala Lumpur,former,4,4,4,4,3,,,4,60,https://malaysia.indeed.com/cmp/United-Overseas-Bank/reviews?start=60
761,HSBC,4/3/2020,Nil,Its a great place to gain experience and knowledge. HSBC always focus on the trainings to ensure staffs are capable om delivering services to client.,5,Executive - Paying Agency Team,Cyberjaya,former,3,5,5,3,5,,,6,100,https://malaysia.indeed.com/cmp/HSBC/reviews?start=100
762,Ocbc,4/3/2020,Fast paced and KPI oriented environment,"Be prepared to be questioned if you're not able to achieve your KPI within probation period. I was based in collections so basically, the job was monotonous as we need to liaise with customers daily via phone calls.",4,Assistant Manager,Penang Island,former,3,4,2,3,3,Excellent benefits by the bank & bonus,No work life balance,3,40,https://malaysia.indeed.com/cmp/Ocbc-3/reviews?start=40
763,Bank-Rakyat,3/3/2020,good,good culture..mostly staff will helpneach other to achieve branch target. good team work. good team leader. good product. good working environment. good staff benefit.,4,sales exec,Gombak,former,3,3,3,3,3,,,1,0,https://malaysia.indeed.com/cmp/Bank-Rakyat/reviews
764,maybank,3/3/2020,Friendly and helpful colleagues,"Experience in keeping a track of the financial transactions for MFRS16 by reconcile process, preparing accounting ledgers, reconciling invoice and performing various other ad hoc financial task.",5,FINANCE EXECUTIVE (CONTRACT),Kuala Lumpur,current,4,5,4,4,3,"Kind boss and colleagues, Free food","Difficult vacancy for permanent position, No pantry",6,100,https://malaysia.indeed.com/cmp/Malayan-Banking-Berhad-(maybank)/reviews?start=100
765,United Overseas Bank,2/3/2020,Good environment work place,Very professional. Very discipline yet respected by other collegues and management. The collegues and management are working hand in hand. You can gain worth of working experience.,5,Sales Manager,Kuala Lumpur,former,3,5,5,5,5,Good paid,Work load,4,60,https://malaysia.indeed.com/cmp/United-Overseas-Bank/reviews?start=60
766,Cimb-Group,1/3/2020,friendly environment within dept,"improve inter-dept communication, improve 2 ways interaction mgmt and staff, more appriecate staff contribution, look forward & result oriented. good place to gain experiance.",5,Manager,Damansara Utama,former,4,3,4,3,4,,,6,100,https://malaysia.indeed.com/cmp/Cimb-Group/reviews?start=100
767,maybank,1/3/2020,Challenging work with high teamwork spirit,"A nice, conducive workplace with high team spirit even it's very challenging towards achieving centre goals and objectives. An organization with clear direction which always cultivate positive work culture.",4,Sales Manager,"Johor Bahru, Malaysia",current,4,3,4,3,4,,,6,100,https://malaysia.indeed.com/cmp/Malayan-Banking-Berhad-(maybank)/reviews?start=100
768,Cimb-Group,27/2/2020,Very active platform,"Daily got walk in client, attending customer and help them to solve the problems.Management support very well. Time management is very important, because to solve the customer issue, I need to depend on other departments to solve the issues. The best part is every 2 months we have to training, briefing, talk and gathering. This can motivate us.",5,SENIOR EXECUTIVE,KL Sentral,current,3,3,3,3,4,,,6,100,https://malaysia.indeed.com/cmp/Cimb-Group/reviews?start=100
769,maybank,26/2/2020,Maybank Need Only Highly Technical Staff,"'- Strict Controls - High Competition - Need very High Technical skill to work there - Must be on-time to work -Wonderful bonus, Up to 6months -No work life balance -Good Pay",2,IT Security Engineer,Kuala Lumpur,current,1,3,5,3,1,,,6,100,https://malaysia.indeed.com/cmp/Malayan-Banking-Berhad-(maybank)/reviews?start=100
770,United Overseas Bank,22/2/2020,Good,"Get to understand the flow of investment such as share, unit trust, Banca and bond. Such a good experience working in bank. They teach how to dress up and provide a better customer service.",5,Personal Banker,Kuala Terengganu,former,4,5,5,5,4,,,4,60,https://malaysia.indeed.com/cmp/United-Overseas-Bank/reviews?start=60
771,RHB Bank Berhad,21/2/2020,Environment/ management,Rhb is quite a good financial company bit sometime management may miss out the important things in daily basis which mean the facilities and also training for staff,5,Personal Banker,Kuching,current,5,5,5,3,3,,,6,100,https://malaysia.indeed.com/cmp/Rhb-Bank-Berhad/reviews?start=100
772,bank islam,18/2/2020,collobrative work place,"formality work with comfortable ethically environment in office area, learning about interpersonal skills, documentation and well organized management. surrounding with healthy and friendly work culture along with high speed performance in need for marketing target and strong built relationship with co-workers",4,processing clerk,regional branch kuching,former,3,4,4,4,4,,,2,20,https://malaysia.indeed.com/cmp/Bank-Islam/reviews?start=20
773,maybank,17/2/2020,Good place for fresh graduates to work.,"Good place for fresh graduates to work. Management a bit lousy and, working hours can up to 13hrs including OT due to daily workloads. Not recommended for married people.",3,Marketing Executive,"Kota kinabalu, Sabah, Malaysia",former,3,3,4,2,3,,,6,100,https://malaysia.indeed.com/cmp/Malayan-Banking-Berhad-(maybank)/reviews?start=100
774,HSBC,16/2/2020,Good work ethics,Being in the bank for 38 yrs working experience had taught me to be strong work independently improved my stress tolerance. Learning has been ongoing and venturing into various departments has given me the edge to handle difficult situations and problem solving is an added virtue. Over the years I was involved in customer handling bad debt recoveries administration functions propodal writi g and credit evaluation,4,Customer Due Diligence and Onboarding Case Manager,Kuala Lumpur,former,2,4,4,3,3,,,6,100,https://malaysia.indeed.com/cmp/HSBC/reviews?start=100
775,maybank,16/2/2020,Good Management and Staff relationship and teamwork is always applied.,Good interpersonal relationship between staff and Management is always applied at Maybank. Staff knows the Management direction and willingly working hard to achieved the goal. One can never have any bad but only good memories left behind upon retirement.,5,Senior Executive,Menara Maybank,former,5,5,5,5,5,,,6,100,https://malaysia.indeed.com/cmp/Malayan-Banking-Berhad-(maybank)/reviews?start=100
776,maybank,15/2/2020,Productive and competitive working environment,I was instrumental in developing several research papers and internal work materials. I was also involved in day-to-day corporate strategy work. I was assigned a research work that entailed a solo presentation to members of management.,4,Corporate Strategy Intern,Bangsar,former,4,4,5,5,5,,,6,100,https://malaysia.indeed.com/cmp/Malayan-Banking-Berhad-(maybank)/reviews?start=100
777,maybank,14/2/2020,"Fair ,very good benefit","Competitive and secured with good facility. Company advance on good training. Good benefits for the staff such as increament, bonus and medical benefit.",4,Executive,Kulim,former,3,4,4,3,3,,,6,100,https://malaysia.indeed.com/cmp/Malayan-Banking-Berhad-(maybank)/reviews?start=100
778,maybank,13/2/2020,Good company with fast paced and competitive,Must be competitive person. Should have problem solving skills. Must be fast paced. Good benefits provided. Excellent working environment. Well management,5,System Administrator and Application tester,Kuala Lumpur,former,5,5,5,5,5,,,7,120,https://malaysia.indeed.com/cmp/Malayan-Banking-Berhad-(maybank)/reviews?start=120
779,RHB Bank Berhad,12/2/2020,high stress level but with positive challenges,'- flexible time - banking system - good management - less activity to contract staff - high target every month - learned about banking system and job,3,sales consultant,inanam,current,3,1,1,2,5,,,6,100,https://malaysia.indeed.com/cmp/Rhb-Bank-Berhad/reviews?start=100
780,United Overseas Bank,12/2/2020,more to speed action,"I enjoy to work at UOB, hope can get a better job with a close family friends there. even though the job is more but can segregate the work and arrange the time properly.",4,Administration-Cash Management Dept.,Kuala Lumpur,current,4,3,3,3,4,,,4,60,https://malaysia.indeed.com/cmp/United-Overseas-Bank/reviews?start=60
781,maybank,6/2/2020,Great Experiences,It's very challenging and a whole new level of experiences. An eye opener for graduates. Must have a patience to learn everything and learn it face which need to push to your limits,4,Relationship Manager Developing Programme,Malaysia,former,4,4,4,4,4,,,7,120,https://malaysia.indeed.com/cmp/Malayan-Banking-Berhad-(maybank)/reviews?start=120
782,Cimb-Group,5/2/2020,Great place to build career,"A great place to build a career, however work/life is not balance in terms of workload and benefit for contract worker. Didn't get benefit as much as permanent worker at least for medical benefit.",4,CSO (Customer Service Officer),Mid Valley City,former,3,3,2,4,4,,,6,100,https://malaysia.indeed.com/cmp/Cimb-Group/reviews?start=100
783,HSBC,4/2/2020,Best company to work with,"It’s a good experience working with HSBC. Cost of the branch in Rawang close down, that why I’m looking other opportunities in the other organisation.",4,Customer Service Executive,Sg Choh Rawang Selangor,former,5,5,5,4,4,,,6,100,https://malaysia.indeed.com/cmp/HSBC/reviews?start=100
784,Public-Bank-Berhad,4/2/2020,Great Teamwork,Amazing work place and team work. Training provided and fun training area. All the Colleagues are friendly and easy to adapt new environment. Offering a great help to new employees.,4,Financial Executive (Bancassurance),Sabah,former,3,4,4,3,2,,,8,140,https://malaysia.indeed.com/cmp/Public-Bank-Berhad/reviews?start=140
785,maybank,1/2/2020,Quite a professional environment,"During my internship, I had good mentorship from my supervisor about the details of business intelligence, data warehousing and management. Quite a friendly place to work at.",4,Business Intelligence Developer (Intern),Kuala Lumpur,former,0,0,0,0,0,,,7,120,https://malaysia.indeed.com/cmp/Malayan-Banking-Berhad-(maybank)/reviews?start=120
786,HSBC,28/1/2020,Well balanced,"Nice culture to work in an environment of different races,religion and languages. Team spirit is important in this work culture. However do not exceed the limit of working in such environment.",4,Investigator in UK Payment Investigations in GSC,Cyberjaya,former,3,3,3,3,4,,,6,100,https://malaysia.indeed.com/cmp/HSBC/reviews?start=100
787,maybank,28/1/2020,Learning opportunities,"They have a lot of good training, that help new and fresh graduate to develop themselves so they can provide the bank with the best customer service while following the code of conduct",5,Sales Executive,Johor Bahru,former,4,4,4,4,4,,,7,120,https://malaysia.indeed.com/cmp/Malayan-Banking-Berhad-(maybank)/reviews?start=120
788,HSBC,23/1/2020,Professional,"Learned new things, exams Knowledge, team target, Work with team Collection target, offer ffs to customers, Meeting, special training, increase calls,",4,RECOVERY OFFICER,Petaling Jaya,former,4,3,4,4,4,,,6,100,https://malaysia.indeed.com/cmp/HSBC/reviews?start=100
789,Cimb-Group,17/1/2020,"LRT, STAR transport, easy to get food at the local area","I learned a lot of knowledge about banking. Especially in Remittances. Which is the most risky department, but i take it as a challenge. Besides, we can learn from mistakes. :)",4,Officer,Kuala Lumpur,former,3,3,4,3,3,Medical covered & Overtime paid,Na,6,100,https://malaysia.indeed.com/cmp/Cimb-Group/reviews?start=100
790,Public-Bank-Berhad,16/1/2020,Good,Stress and fast pace always brings improvement. After experienced working at other company hope could go back bank for next job. Appreciate I have experience in Public Bank.,5,Senior Executive - Credit Control,Klang,former,5,5,5,4,4,,,8,140,https://malaysia.indeed.com/cmp/Public-Bank-Berhad/reviews?start=140
791,maybank,13/1/2020,Great workplace,"Nice environment, lot of benefit and facilities, spoon with 1 month training with sufficient enough and confident to start work, best senior staff, bosses. Always assist/advised when needed, rewards to best staff every month, birthday wishes/gift, celebrate all major festive, respect each others.",4,Personal Financial Executive (PFA),laksamana cheng ho,former,4,4,4,4,4,,,7,120,https://malaysia.indeed.com/cmp/Malayan-Banking-Berhad-(maybank)/reviews?start=120
792,maybank,13/1/2020,Nil,"Job at maybank is good if you are a workaholic kind of person,however the same with other places,it takes some luck to get a career growth in a big company,you might be on par in terms of skill and that extra that you need will be the connection that you have with your higher level superior",3,Credit processing executive,Klang,current,2,4,3,3,2,,,7,120,https://malaysia.indeed.com/cmp/Malayan-Banking-Berhad-(maybank)/reviews?start=120
793,HSBC,12/1/2020,Fun environment,Good team leader Good motivational environment All positive and has a very good teamwork Encouraging staffs to grow & explore new thing & ideas Have a lot of activities which can lead to fun & balanced worklife,5,Global Support Executive,Sepang,former,5,5,5,5,5,,,6,100,https://malaysia.indeed.com/cmp/HSBC/reviews?start=100
794,maybank,12/1/2020,"Stressful environment, but well - compensated","The largest player in the local banking industry, but with wonderful benefits for the staff if you perform. Received a 6.75 month bonus before for outstanding performance. Very structured career advancement for employees.",5,Branch Manager,Sarikei,former,2,5,5,3,3,,,7,120,https://malaysia.indeed.com/cmp/Malayan-Banking-Berhad-(maybank)/reviews?start=120
795,maybank,9/1/2020,Productive and fun,"Productive and fun, I had learned many things during my tenure there. what I like the most about the company is the product that I use to sell, and the commission payments.",5,Telesales Executive,Bukit Jelutong,former,3,4,2,2,3,,,7,120,https://malaysia.indeed.com/cmp/Malayan-Banking-Berhad-(maybank)/reviews?start=120
796,HSBC,8/1/2020,The people is the best thing in this place,"Day to day task as assistant relationship manager would be to assist on customers' queries, carry out annual customer review and address any outstanding issue.",4,"Young Aspiring Leader Program (YALP), Management Trainee",Johor Bahru,current,4,4,4,4,4,,,6,100,https://malaysia.indeed.com/cmp/HSBC/reviews?start=100
797,maybank,8/1/2020,A good place to develop banking skills,"During my working period at Maybank, a lot of banking knowledge that has been gained by myself especially in terms of banking products. I do alot of investment structures and develop a lot of banking skills, learning and expertises all banking system during my working period in Maybank.",5,PERSONAL FINANCIAL ADVISOR,Ayer Itam,former,3,4,1,2,1,,,7,120,https://malaysia.indeed.com/cmp/Malayan-Banking-Berhad-(maybank)/reviews?start=120
798,RHB Bank Berhad,7/1/2020,Great work place,Great work place full of colour and culture. Job specification is clear to be done. The management ia an open door practice. Provide fairness benefit between exec and clerk level.,5,CUSTOMER SERVICE EXECUTIVE,Johor Bahru,former,3,4,3,4,4,Good enviroment,,6,100,https://malaysia.indeed.com/cmp/Rhb-Bank-Berhad/reviews?start=100
799,RHB Bank Berhad,6/1/2020,stress-full and unbalance work life,"it's a stressfull and unbalance worklife, noneffective management with slow action taking in solving problems. Management only focus with profitable area but less care about quality in every area especially in customer service area.",3,Clerk/Teller,Bintulu,former,1,3,1,1,1,,,6,100,https://malaysia.indeed.com/cmp/Rhb-Bank-Berhad/reviews?start=100
800,HSBC,5/1/2020,Bad,Too much of politics . Hiring is the worst part where its take process one month . Need some changes on process and change the old people please for better future,1,Global Support Executive - Contact Centre,Cyberjaya,former,1,3,3,1,1,,,6,100,https://malaysia.indeed.com/cmp/HSBC/reviews?start=100
801,HSBC,5/1/2020,N/a,HSBC is the best place to work and there are a lot of benefits for staff. The salary that the company offer arr based on the qualification and its more higher than other bank.,4,Staff Officer,Kuala Lumpur,current,3,4,2,2,3,,,6,100,https://malaysia.indeed.com/cmp/HSBC/reviews?start=100
802,RHB Bank Berhad,5/1/2020,good parking space,bonus given not to bad good colleagues sometimes work can be overwhelming due to staff shortage good culture overall some parts of building needs to be revamped,3,"Senior Executive, Self Service Banking",Kuala Lumpur,former,0,0,0,0,0,,,6,100,https://malaysia.indeed.com/cmp/Rhb-Bank-Berhad/reviews?start=100
803,Public-Bank-Berhad,4/1/2020,Workplace,"Good stepping stone for graduates. Tip top benefits among all banks. Expect to work for long hours. Recognition comes not from hours of working. bright site: convenient to commute to working place, amazing colleagues.",3,Assistant Manager,KL,current,2,4,4,3,2,,,8,140,https://malaysia.indeed.com/cmp/Public-Bank-Berhad/reviews?start=140
804,maybank,2/1/2020,very good place to work,excellent work environment friendly people willing to take time to teach the correct way that things should be done recognition for work done and very good benifits,5,Senior Customer Service Executive,shah alam,former,4,5,5,4,4,,,7,120,https://malaysia.indeed.com/cmp/Malayan-Banking-Berhad-(maybank)/reviews?start=120
805,maybank,2/1/2020,Good to enhance self capability,Good company to start career in banking field. The company emphasize of staff skills and prioritize the performance of the staff. Also give good benefits to staffs.,4,PERSONAL FINANCIAL ADVISOR,Kuala Lumpur,current,3,4,3,3,3,,,7,120,https://malaysia.indeed.com/cmp/Malayan-Banking-Berhad-(maybank)/reviews?start=120
806,Ocbc,2/1/2020,Toxic Work Environment,"You should be hardworking. They expect you to stay more than the working hours, Contractors have no overtime pay and offset is sometimes not used due to busy schedule.",4,System Analyst,Kuala Lumpur,former,3,4,4,4,3,Well documented and secured,Toxic workplace,3,40,https://malaysia.indeed.com/cmp/Ocbc-3/reviews?start=40
807,United Overseas Bank,2/1/2020,Ideal workplace environment,"Here in Malaysia, people are friendly and helpful. Projects are also manageable and on track. Overtime is minimal and can be offset. And teammates are reliable and cooperative,",5,Senior Application Analyst,Kuala Lumpur,current,5,4,4,5,5,Lengthy lunch breaks,Slow machine during critical times,4,60,https://malaysia.indeed.com/cmp/United-Overseas-Bank/reviews?start=60
808,maybank,1/1/2020,It is a stressful job but its worth it.,"As I am a trainee for business development executive in Maybank, I learned a lot on how to communicate with customer. As a trainee, I have to do cold call everyday. The best part of this job I think is that when I have to go for site visit at customer's company or business premise. I also learned a lot about Maybank's SME package loan, from the rules to the interest rate offered.",4,Protege for Business Development Executive,Kuantan,current,2,5,4,4,3,,,7,120,https://malaysia.indeed.com/cmp/Malayan-Banking-Berhad-(maybank)/reviews?start=120
809,Ocbc,31/12/2019,Productive and fun workplace with collegus,"'-Challaging, fast path working environment -need to be fast learners -need more focus in job -good nenefots & compesations to staff -working in group or individual",5,Loan Officer,Kuala Lumpur,former,3,5,5,5,4,Good benefits,Bosses are bias,3,40,https://malaysia.indeed.com/cmp/Ocbc-3/reviews?start=40
810,Cimb-Group,30/12/2019,Great Compensation /Incentives,A mechanism to put our best effort of performing on skills of sales and handling problems while getting great value of rewards working with CIMB BANK.,4,Customer Service Officer (Replacement Card),Senai,former,4,4,4,4,4,,,6,100,https://malaysia.indeed.com/cmp/Cimb-Group/reviews?start=100
811,Cimb-Group,30/12/2019,Best experience,Work at cimb quite best experience plus you can get so many network from there...pleased being nice to everybody then people will help u...especially u in sales area,4,FSC,Ipoh,former,4,4,3,3,5,,,6,100,https://malaysia.indeed.com/cmp/Cimb-Group/reviews?start=100
812,Cimb-Group,30/12/2019,career progression is slow,"sales target is realistic and achievable but management keep restructuring exercise and ending up the staffs career development is neglected when comes to yearly bonus, increment and promotion exercise",3,"AVP, Tech Banking/Merchant Partner Solutions",Jalan Raja Laut,former,3,3,3,3,3,,,7,120,https://malaysia.indeed.com/cmp/Cimb-Group/reviews?start=120
813,maybank,30/12/2019,comfortable workplace,The workplace is great and the people there are amazing. Sometimes a bit stress because the leader ask to achieve high target but manage to achieve the sales target. The most enjoyable part is the company provide Annual Dinner which we are able to gather around and get to know each other more especially with the higher management. The company also provided Gotong-Royong day which is very good for the world.,4,Telesales Executive,Akedemi Etiqa,former,4,5,5,4,5,,,7,120,https://malaysia.indeed.com/cmp/Malayan-Banking-Berhad-(maybank)/reviews?start=120
814,Cimb-Group,22/12/2019,Gain new knowledge and experience,"Although I only in training programme, I learn a lot about office culture. The staffs teach us about preparation before meeting, the way to present case, how to communicate with branches and more.",4,Sl1m training,Kuala Lumpur,former,4,4,4,4,4,,,7,120,https://malaysia.indeed.com/cmp/Cimb-Group/reviews?start=120
815,HSBC,22/12/2019,Productive and nice workplace,"• Services maintenance of Commercial kitchen equipment in 2 outlet. : To do preventative maintenance on the same equipment : To do ppm service and repair all equipment’s in kitchen • To service aircond (split unit, ahu, wcpu). • Repairing for electrical part faulty (lighting,power socket, etc) • To maintenance ups system and genset equipment. • Service Machine ATM every quartely. • Check breakdown request from branch every morning at system(ovsc). • Closed all job done after job settle • Work-order tracking and reporting that keeps my team updated and informed",4,Building Maintenance,HSBC Lebuh Ampang,current,4,4,4,4,4,,,6,100,https://malaysia.indeed.com/cmp/HSBC/reviews?start=100
816,maybank,22/12/2019,Company is taking care on employee benefit,culture adversity Good benefit Pay scale is the best in the industry. Career advancement can be seen and management do encourage you to go for higher level .,3,Personal Financial Advisor,Penang,current,4,4,4,4,4,,,7,120,https://malaysia.indeed.com/cmp/Malayan-Banking-Berhad-(maybank)/reviews?start=120
817,maybank,22/12/2019,"Best place to work,lovely colleagues,best environment","No any bad reviews, best plcae I work .Love the environment,colleagues,boss and everything.I wish to work there again if I can. If can transer me to any branches in klang.I resigned there because I get married .Now I am missing maybank so much.",5,COLLECTION OFFICER,MAYBANK TOWER HQ,former,5,5,5,3,5,,,7,120,https://malaysia.indeed.com/cmp/Malayan-Banking-Berhad-(maybank)/reviews?start=120
818,Public-Bank-Berhad,22/12/2019,Overall culture is to work as much as you can but Overtime is not claimable,Compensation and benefit is good Environment always is in fast pace and competitive. Even within same organisation. Competitive between other branches in same organisation in the same area,3,Management Trainee / Junior Executive,Penang Island,former,1,3,2,2,1,,,8,140,https://malaysia.indeed.com/cmp/Public-Bank-Berhad/reviews?start=140
819,maybank,20/12/2019,Secure,Good salary to start with. Working hours is flexible for sale person. The hardest part of the job is target and kpi. Workplace culture is very good and friendly.,5,PERSONAL FINANCIAL ADVISOR,Kuala Lumpur,former,3,5,5,5,4,,,7,120,https://malaysia.indeed.com/cmp/Malayan-Banking-Berhad-(maybank)/reviews?start=120
820,HSBC,19/12/2019,A fun workplace and gain experience,It is a good place to work and gain experience about finance and banking. Therefore learned so much about the type of bonds and equity which is start,5,Finance Executive,Sepang,former,4,5,5,5,5,,,6,100,https://malaysia.indeed.com/cmp/HSBC/reviews?start=100
821,United Overseas Bank,19/12/2019,Stressful,The people i work with in UOB is very helpful. The environment is very stressful and people easily get sick. But it’s good that I am able to learn with regards to banking industries.,2,Senior Officer,Kuala Lumpur,former,2,4,2,2,2,,,4,60,https://malaysia.indeed.com/cmp/United-Overseas-Bank/reviews?start=60
822,maybank,18/12/2019,productive,"i learned how to face a customer must be good at dressup to impress customer management is good,leader is friendly so many training given to improve us",5,PERSONAL FINANCIAL ADVISOR,Kuala Lumpur,former,3,5,5,5,5,,,7,120,https://malaysia.indeed.com/cmp/Malayan-Banking-Berhad-(maybank)/reviews?start=120
823,HSBC,17/12/2019,best place ever,"if given the opportunity, I will join again. a good place to work, career growth is everywhere, good senior. A nice environment to grow. good work culture, work-life balanced",5,software engineer,lebuh ampang,former,5,5,5,5,5,good environment,sometimes neeed stay-back,6,100,https://malaysia.indeed.com/cmp/HSBC/reviews?start=100
824,Ocbc,15/12/2019,Fun workplace,"Ocbc Bank offers their employee with great benefit and focusing on individual / employee growth. Apart from that, their work culture also focusing on teamwork which is good in keeping you motivated and less stressful.",5,INTERN,Kuala Lumpur,former,5,5,5,5,5,,,3,40,https://malaysia.indeed.com/cmp/Ocbc-3/reviews?start=40
825,HSBC,14/12/2019,No working life balance,"Due to short break does, we are not allowed us to mingle much with our friend an hardly have time to spent with friends or participate in any activities.",1,Assistant Manager at FCC Dept,HSBC CYBERJAYA,current,1,2,2,1,1,updated system and technology at advance level,"short breaks, healthcare",6,100,https://malaysia.indeed.com/cmp/HSBC/reviews?start=100
826,RHB Bank Berhad,14/12/2019,What i get at RHB bank,What i learn from this company is how to sell product and how to controll relationship between client. how to face problem then how i make solution. Rhb is one of the company With good management and it was amazing has work at this company.,5,Sale executive,Kota Tinggi,current,4,4,4,5,4,,,6,100,https://malaysia.indeed.com/cmp/Rhb-Bank-Berhad/reviews?start=100
827,Cimb-Group,13/12/2019,systematic and fun,"personal banker is an ideal career for someone who loves building relationships in his local community has a love for the markets and desire to make a solid income, but is not concerned with getting rich. Personal banker often must take on an advisory role to this part of his job successfully. Banking terminology is a foreign language to some customers, so it is up to the personal banker to help the customer understand and feel confident about where his money is being placed",5,Personal Banker,Penang,current,5,5,5,5,5,,,7,120,https://malaysia.indeed.com/cmp/Cimb-Group/reviews?start=120
828,Cimb-Group,11/12/2019,Merger of banks,"As a result of 4 mergers during my entire services with CIMB, may have the consequences on my overall salary. The salary revision does not commensurate with those who have been long with the organisation.",3,Head of Unit,Kuala Lumpur,former,3,3,3,3,3,,,7,120,https://malaysia.indeed.com/cmp/Cimb-Group/reviews?start=120
829,Cimb-Group,10/12/2019,Good learning but in stressful environment,The departments are not collaborative. Face time is very important. Some of the work being done is not value-added - instead of improving the process it slows it down.,3,Senior Executive,Kuala Lumpur,former,2,3,3,3,2,,,7,120,https://malaysia.indeed.com/cmp/Cimb-Group/reviews?start=120
830,Cimb-Group,9/12/2019,Cimb,"I has been exposed many industrial job scope. I has learnt how the business goes to in the base of management, client and investment product. Its build my skills and gain the experience",5,Wealth Advisor,Subang Bestari,former,4,4,3,4,4,,,7,120,https://malaysia.indeed.com/cmp/Cimb-Group/reviews?start=120
831,Cimb-Group,9/12/2019,Good Employer,"bekerja di sini hampir 15 tahun,banyak pengalaman dan pembelajaran di sini. Majikan yang bagus dan tepat dalam pembayaran gaji.Suasana kerja yang harmoni dan agak tertekan juga jika di bahagian pengurusan pelanggan.",4,CUSTOMER SERVICE REPRESENTATIVE,Wisma Koponas,former,3,4,3,3,2,,,7,120,https://malaysia.indeed.com/cmp/Cimb-Group/reviews?start=120
832,HSBC,4/12/2019,good supervisor,"i like to work here becoz the management was so good i am so enjoy working here, benefit are good and the friend aso very nice, paid very fare, job scope also not though",5,Customer Service Banker,Mont Kiara,former,5,5,5,5,5,,,6,100,https://malaysia.indeed.com/cmp/HSBC/reviews?start=100
833,Public-Bank-Berhad,4/12/2019,The best bank to work and great place,Enjoy every moment in the back and was an amazing journey of learning and sharing. I would recommend to anyone who is looking for a career in Banking. This bank delivers it,4,Assistant Manager System,MY,former,5,5,0,5,5,,,8,140,https://malaysia.indeed.com/cmp/Public-Bank-Berhad/reviews?start=140
834,RHB Bank Berhad,4/12/2019,Nil,"Join in rhb banking group and you will know how you can work with your colleagues such as a leader, team leader, team partner in growth the business of rhb group",3,CLERICAL,Simpang Renggam,former,3,5,5,4,3,,,6,100,https://malaysia.indeed.com/cmp/Rhb-Bank-Berhad/reviews?start=100
835,HSBC,3/12/2019,fun workplace,good learning and development process in HSBC. give positive vibes among colleague. good leadership skill among managers. clean environment. provide sport club room for leisure activity during lunch time.,4,Business Analyst - Global Operational Services - MYH HOST,Kuala Lumpur,current,4,4,4,4,4,,,6,100,https://malaysia.indeed.com/cmp/HSBC/reviews?start=100
836,Cimb-Group,1/12/2019,fun place`,good and reasonable .the most interesting place that i ever work.but hard to get permanent position due to nowadays economy and budget launched by government. so they decrease the workers to cut their cost.,5,QA analyst,Bangsar South,former,5,5,5,5,5,,,7,120,https://malaysia.indeed.com/cmp/Cimb-Group/reviews?start=120
837,Cimb-Group,28/11/2019,The experience I get,We must willingness to learn and re-learn.The most important is integrity and try to develop something that can bring our life move further.We must have some soft skills to try to enhance our lifestyle.,5,Telemarketer,Jalan Raja Laut,former,2,2,4,4,5,,,7,120,https://malaysia.indeed.com/cmp/Cimb-Group/reviews?start=120
838,RHB Bank Berhad,26/11/2019,Good work,RHab is one good upcoming bank and provide lot opportunities to workers and carrier wise all staff can develop the skills of work. RHB also help staff by introduce good rate for personal loan to customer so it can help all the staff to achieve the sales Target permonth by slow and steady.,4,Sales executive,Pudu,former,4,5,4,4,4,,,6,100,https://malaysia.indeed.com/cmp/Rhb-Bank-Berhad/reviews?start=100
839,RHB Bank Berhad,25/11/2019,Good culture,"I learned so many things about bank culture. i learned how to attract customer , to handle customer , and processing application customer when they apply for bank services. for me the teammates is so fun but a bit stress when you got the very fussy customer. so overrall for me this company so good.",5,Financial Advisor,Shah Alam,former,3,5,5,5,5,,,7,120,https://malaysia.indeed.com/cmp/Rhb-Bank-Berhad/reviews?start=120
840,HSBC,24/11/2019,My summary,"Interactive place to growth your career because they are supportive on that and the terms and cond is only you need to pass your tenure. Besides , they have a lot of activities and they are support their employee to speak up.",5,HR Executive ( Recruiter),Cyberjaya,current,5,4,5,5,4,,,7,120,https://malaysia.indeed.com/cmp/HSBC/reviews?start=120
841,HSBC,24/11/2019,A great start,It’s a great platform to start your career. The working culture is fast paced as the company is constant on a migration of systems to improve their efficiency. The working environment is quite stressful as you are required to stay back every single day. Every month you are required to complete their compulsory assessment.,4,HBEU Fixed Income Settlements Executive,Cyberjaya,current,2,3,3,2,2,,,7,120,https://malaysia.indeed.com/cmp/HSBC/reviews?start=120
842,Public-Bank-Berhad,22/11/2019,Stable chinaman company,Very stable company and great staff benefits. However there’s no work life balance. They expect you to stay back everyday and come back during weekends.,4,Credit Analyst,Penang,current,2,5,3,2,2,,,8,140,https://malaysia.indeed.com/cmp/Public-Bank-Berhad/reviews?start=140
843,United Overseas Bank,21/11/2019,"Toxic environment, terrible work culture","Branch is non-progressive, backward and unwilling to change for better which borders on unproductivity and laziness, superiors extremely biased towards subordinates and shamelessly showing favoritism, focus on tedious matters instead of important issues, taking initiatives to help is always met with backlash, some colleagues rude and impatient, and all that wrapped up in office gossip and politics.",1,Banker,Malaysia,current,1,3,1,1,1,,,4,60,https://malaysia.indeed.com/cmp/United-Overseas-Bank/reviews?start=60
844,Bank-Rakyat,20/11/2019,culture,culture in workplace is enjoyed and peaceful no stressful an very relax.Hope can get the job in shariah department and can get along with member in my old department again,3,Executive in Financial Planning Department,Kuala Lumpur,former,0,0,0,0,0,,,1,0,https://malaysia.indeed.com/cmp/Bank-Rakyat/reviews
845,maybank,20/11/2019,What I learned,"I has learned about Maybank products and how Maybank operations team work in banking institutions. I also learn how to assist customers need in professional way to explaining the products. Learned about teamwork taught by branch manager and staff to assist and achieve branch target. Other than that, I learned about banking institutions laws and act do and don't while working in Maybank. I also gain experience in marketing Maybank products through phone calling and face to face explanation.",5,Maybank Sales Internship Program,Kuala Lumpur,former,5,5,5,5,5,,,7,120,https://malaysia.indeed.com/cmp/Malayan-Banking-Berhad-(maybank)/reviews?start=120
846,RHB Bank Berhad,20/11/2019,Work life balance/ engaging colleagues/ good workplace environment,"The most enjoyable part on this job is teamwork. All employees including manager will help each other to make sure all employees reach their target on a monthly basis. In addition, manager also give some encouraging words to make sure their staff always positive and work more harder without give up until all employees achieve the target.",5,EXECUTIVE,Selangor,current,5,5,5,5,5,,,7,120,https://malaysia.indeed.com/cmp/Rhb-Bank-Berhad/reviews?start=120
847,HSBC,19/11/2019,The top bank in Malaysia,I really appreciate the opportunity given to work in this bank and also the knowledge which i have gain all the time working over there was very good for me to enhance my self more in the future.,4,Data Center Officer,Kuala Lumpur,former,3,5,5,4,4,,,7,120,https://malaysia.indeed.com/cmp/HSBC/reviews?start=120
848,bank islam,16/11/2019,Good experiences,"Good experiences. People who love to do sales are encourage to apply. An estaished islamic banks, first ever in malaysia and shariah compliance. Working with bank islam is a great experience",4,Banker,Kuching,former,4,4,2,2,2,,,2,20,https://malaysia.indeed.com/cmp/Bank-Islam/reviews?start=20
849,Cimb-Group,15/11/2019,Hectic environment,Good workplace for technical learning and growth. Handle PMO coordinator role engaging all technical resources within organization. Enjoyed working with people of different background,3,Command Centre Lead,Damansara,former,0,0,0,0,0,,,7,120,https://malaysia.indeed.com/cmp/Cimb-Group/reviews?start=120
850,Public-Bank-Berhad,15/11/2019,Productive Workplace,'- get to meet different types of customer everyday and attending their inquiry accordingly. - flexible management - learned to multitask - get to chance to attend training in Kuala Lumpur - sat for examination to obtain a license in order to sell and promote insurance products,4,Insurance Specialist,Kota Kinabalu,former,4,4,4,4,4,,,8,140,https://malaysia.indeed.com/cmp/Public-Bank-Berhad/reviews?start=140
851,bank islam,14/11/2019,Fun work place,"The team at the company are very helpful as they provide training to new employee. Moreover, the workplace culture is very enjoyable, where all of the staff are very friendly, regardless of their position.",3,PROTEGE TRAINEE,Kuala Lumpur,former,3,4,4,3,3,,,2,20,https://malaysia.indeed.com/cmp/Bank-Islam/reviews?start=20
852,HSBC,12/11/2019,Result-driven workplace,Fun but need to deal with high volume workload. Good line manager will coach you how to become a better employee and show you the way to become outstanding for the purpose of moving to higher position.,3,Transaction Monitoring Associate Level 1 and Level 2,Cyberjaya,former,3,3,2,2,4,,,7,120,https://malaysia.indeed.com/cmp/HSBC/reviews?start=120
853,Public-Bank-Berhad,9/11/2019,Having a good training center,Its a good place to work with but sometimes is might be stress when the boss keep on pushing you and do not have a good communication skills.The training center is good,3,Hire Purchase processing officer,Kuantan,former,4,4,3,2,2,,,9,160,https://malaysia.indeed.com/cmp/Public-Bank-Berhad/reviews?start=160
854,maybank,8/11/2019,fun workplaces,A lot of benefit working with Maybank.Medical for staff and family. Working wih MAYBANK also can learned all the culture of banking. THANK YOU maybank give me a chance and experience in your companyand enjoyable part of the job.,5,banker,Alor Setar,former,5,5,5,5,5,,,7,120,https://malaysia.indeed.com/cmp/Malayan-Banking-Berhad-(maybank)/reviews?start=120
855,maybank,4/11/2019,Good,Its a beat place to start your career and for career advancement Lot of opportunity inside the bank Opportunity to learn more and settle your life as well,5,Personal Financial Advisor,Kuala Lumpur,current,3,5,5,5,5,,,7,120,https://malaysia.indeed.com/cmp/Malayan-Banking-Berhad-(maybank)/reviews?start=120
856,RHB Bank Berhad,4/11/2019,was okay,"didnt take care of staff's benefits, over pressure staff, bias and unable to provide better training to those in need didnt provide the commission as promised. underpaid the staff.",2,Telesales Executive (TSE),Jalan Ampang,former,3,1,1,1,2,,,7,120,https://malaysia.indeed.com/cmp/Rhb-Bank-Berhad/reviews?start=120
857,maybank,3/11/2019,The Best Employer,Great to have experience working with Maybank. Knowledgeable and good benefit. Humanising employer to staff and family member. Very closed to community with cahaya kasih and charity day.,5,Relationship Executive,PWC KEPONG PRIMA,former,5,5,5,5,5,,,8,140,https://malaysia.indeed.com/cmp/Malayan-Banking-Berhad-(maybank)/reviews?start=140
858,United Overseas Bank,3/11/2019,"Productive, Fast Pace & Stressful Place.","Handling Sgpore sector calls,you need to be really attentive & able to cope fast pace in quite a high pressured environment. However they really do have good trainers, benefits & highly paid Overtime rate,depending on your ability to grab our chances as there will be allocation of slots.",4,Senior Officer,"The Vista Tower,KL",former,0,0,0,0,0,,,4,60,https://malaysia.indeed.com/cmp/United-Overseas-Bank/reviews?start=60
859,Cimb-Group,1/11/2019,good,Work in good team and achieve target almost every month Team supervisor very helpfull and always give moral support to group team Good Work environment with cheerful staff.,4,Executive,"MBC, Jalan Raja Laut, Kl",former,4,3,3,3,3,,,7,120,https://malaysia.indeed.com/cmp/Cimb-Group/reviews?start=120
860,Public-Bank-Berhad,24/10/2019,Environment and Job security,Environment and cooperation with collegue are great.Sale department got target to achieve.Must and compulsory to achieve.Much courses and events.Done.,3,Senior Financial Exec,Pontian Kechil,former,2,4,2,2,3,,,9,160,https://malaysia.indeed.com/cmp/Public-Bank-Berhad/reviews?start=160
861,Ocbc,23/10/2019,Free coffee,"If you are good at decorating and handling events, you might have a future lol. If you like drinking coffee or milo, it's free. If you like work life balance....",3,Manager6,Kuala Lumpur,current,1,4,3,3,2,"Free coffee, milo and water",No work life balance,3,40,https://malaysia.indeed.com/cmp/Ocbc-3/reviews?start=40
862,maybank,22/10/2019,enjoying & no need to worries about pending task,The best call centre company that i has been working.MBB offer your with highly paid & good staff benefit & family.Management was pro active as they always create a lots of activities & event for staff to particpate.,5,Customer Services Executive,Selangor,former,3,5,5,3,3,,,8,140,https://malaysia.indeed.com/cmp/Malayan-Banking-Berhad-(maybank)/reviews?start=140
863,maybank,21/10/2019,Financial world top ranking bank,"Work as bankers can live in a safe place. Besides that, can develop and sharpen our skills in this bank. We learn many thinga here and also multitasking.",5,Trade Processing Executive,Jalan Tun Perak,former,5,5,4,5,5,,,8,140,https://malaysia.indeed.com/cmp/Malayan-Banking-Berhad-(maybank)/reviews?start=140
864,HSBC,20/10/2019,okay to work,"good colleague, helpful manager, need to be outstanding, give good number of productivity boss encourage staff to come early and leave later than she is.",2,CMB Onboarding & CDD Analyst,Kuala Lumpur,former,3,4,3,2,3,sunshine day,on sunshine day need to leave office early without less productivity.,7,120,https://malaysia.indeed.com/cmp/HSBC/reviews?start=120
865,Public-Bank-Berhad,20/10/2019,No Life & Bad management,"expecially in hire purchase department , no life balance. All decide & review by manager level. Make things no fair at all.Management never concern about staff health & never consider on staff position.",2,Senior Executive,Sungai Petani Kedah Malaysia,current,1,4,4,2,2,,,9,160,https://malaysia.indeed.com/cmp/Public-Bank-Berhad/reviews?start=160
866,Public-Bank-Berhad,19/10/2019,Good working environment!!!,Colleagues are very good and willing to guide you. I enjoyed the people I worked with. It was a friendly and fun atmosphere. If you work hard you will be rewarded.,4,Assistant Manager,Jalan Ampang,former,3,4,4,3,3,,,9,160,https://malaysia.indeed.com/cmp/Public-Bank-Berhad/reviews?start=160
867,HSBC,17/10/2019,The best place to work,I started my career from HSBC (HDPM). It is by far the best company I have ever worked with in my 10 years experience. I was a part of a great team. I was guided by many professional managers. I miss HSBC.,4,Global Service Executive,Cyberjaya,former,3,3,4,4,4,"The activities, gym, cafeteria, sick bay, in-house clinic, healthcare, paid leaves.",Change of management.,7,120,https://malaysia.indeed.com/cmp/HSBC/reviews?start=120
868,RHB Bank Berhad,16/10/2019,culture not good,salesperson get less benefits annual leave lesser compare to other bank medical benefit less culture quite difficult seniority always come first system. old,3,rm,Sarawak,former,4,3,2,2,2,,,7,120,https://malaysia.indeed.com/cmp/Rhb-Bank-Berhad/reviews?start=120
869,HSBC,15/10/2019,Great Facilities,HSBC Cyberjaya is a great place to work at. There is a gaming room and a cafeteria with great food. The environment is great but sometimes the work can be a bit stressful.,3,GMO,Cyberjaya,former,3,5,3,3,2,,,7,120,https://malaysia.indeed.com/cmp/HSBC/reviews?start=120
870,HSBC,15/10/2019,A fun place to work and productive,HSBC put the customer experience as priority and has always been gaining the customers trust besides the company has always giving important to culture and diversity which makes the working enviroment fun and friendly to work,4,Senior Executive,Cyberjaya,current,4,4,4,4,4,,,7,120,https://malaysia.indeed.com/cmp/HSBC/reviews?start=120
871,HSBC,15/10/2019,Productive and fun workplace,Work-life balance. Good and fud as a career start. It can improve your networking in the company from the management side of the senior even the junior sides.,4,Financial Crime compliance,Cyberjaya,former,4,4,3,4,4,,,7,120,https://malaysia.indeed.com/cmp/HSBC/reviews?start=120
872,Ocbc,15/10/2019,A good place to learn,I have been exposed to a work environment and job scope of a banking industry. I have learn a lot and the staff all are very helpful. A good place to start a career.,5,INTERNSHIP TRAINEE,Kuala Lumpur,former,5,5,5,5,5,,,3,40,https://malaysia.indeed.com/cmp/Ocbc-3/reviews?start=40
873,maybank,14/10/2019,able to learn more and be productive on banking fields,"worked in Maybank for less than a year , learnt many thing about the banking field . able to communicate with customer and provide customer service .",5,Bank Teller,Cameron Highlands,former,5,5,5,5,5,good salary,work overloaded,8,140,https://malaysia.indeed.com/cmp/Malayan-Banking-Berhad-(maybank)/reviews?start=140
874,RHB Bank Berhad,14/10/2019,comfort workpace,best teammate with best leader but mostly start with contract staff and not easy to be permanent staff. can gain more knowledge about financing and banking system,5,Inbound Officer,Kuala Lumpur,former,4,3,5,5,5,,,7,120,https://malaysia.indeed.com/cmp/Rhb-Bank-Berhad/reviews?start=120
875,maybank,11/10/2019,Challenging,Opportunities to excel for your career advancement apparent. A very high learning culture and sales oriented environment. Attractive reward and employee benefits.,4,Intern,Kuala Lumpur,former,0,0,0,0,0,,,8,140,https://malaysia.indeed.com/cmp/Malayan-Banking-Berhad-(maybank)/reviews?start=140
876,Cimb-Group,8/10/2019,I like work in cimb. Good managment. Good enviroment. Good incentive and will get more opportunity.,"I'm responsible person, multitasking and able to work under pressure. I will ensure all task completed on time. And most important all the task been done accurately. So there is in previous company some of the activities will be handle by myself. I able to communicate with people at all level, manage solve the issues and most important customer satisfaction.",3,Telemaketing Executive,Kerinchi,current,3,3,3,3,4,,,7,120,https://malaysia.indeed.com/cmp/Cimb-Group/reviews?start=120
877,RHB Bank Berhad,8/10/2019,Best for people who want to gain experience in sales.,"The most enjoyable part on this job is teamwork. All employees including manager will help each other to make sure all employees reach their target on a monthly basis. In addition, manager also give some encouraging words to make sure their staff always positive and work more harder without give up until all employees achieve the target.",4,SALES CONSULTANT,Petaling,current,4,4,4,4,4,,,7,120,https://malaysia.indeed.com/cmp/Rhb-Bank-Berhad/reviews?start=120
878,Ocbc,7/10/2019,Decent workplace with good working culture,"Great work life balance, but be prepared for overtime when asked to. Great colleagues with a lot of young staff member, great management and lots of medical benefits",4,IT Risk Associate,MY,former,4,3,4,4,4,"free lunches at lunch talks, great colleagues, flexible working culture, great medical benefits, great advancement opportunity for young people","potential long hours, low salary to begin with",4,60,https://malaysia.indeed.com/cmp/Ocbc-3/reviews?start=60
879,RHB Bank Berhad,7/10/2019,Not that good,"Because workplace is not flexible and the salary per hour not high. And currently all the work is very easy and no any difficult, and I would like to work with US employers.",3,Data Entry Specialist,Selangor,former,3,3,3,3,3,,,7,120,https://malaysia.indeed.com/cmp/Rhb-Bank-Berhad/reviews?start=120
880,Bank-Rakyat,4/10/2019,Seller about product bank rakyat,Trying to sales all product from bank rakyat especially financing loan and housing loan from bank rakyat. I'm also helping for those people have a financing problem and trying to solve their money problem with reschedule their financing. I'm also had a target to achieve every month with certain product from bank rakyat.,4,Sales executive,Petaling,former,4,4,4,4,4,,,2,20,https://malaysia.indeed.com/cmp/Bank-Rakyat/reviews?start=20
881,Cimb-Group,30/9/2019,Assist in the review of policies and procedures manuals,I have learned a lot about Procedures Manuals of the relevant Bussiness / Support Units and Subsidiaries and monitoring requirements on an independent basis as required under the Bursa Rules.,4,Executive Officer,Kuala Lumpur,former,4,4,4,4,4,,,7,120,https://malaysia.indeed.com/cmp/Cimb-Group/reviews?start=120
882,HSBC,29/9/2019,The best years for me in HSBC,its been a best years for me in 2016 to 2017 for my experience and my knowledge of working in sales banking line. fo me to start up as a sales person in credit card or any type of products in hsbc was the best time in my life. its provide us training. which is every month they provide us training in HQ.,5,Sales executives,Jalan Ipoh,former,5,5,5,4,5,,,7,120,https://malaysia.indeed.com/cmp/HSBC/reviews?start=120
883,HSBC,27/9/2019,Good,1. learn to communicate 2.learn how to be independent 3. good experience i ger when work in international organization. 4. learn how ro do team work. 5. traning provided,5,Customer Service Representative,Cyberjaya,former,3,4,4,4,4,free bus,short break,7,120,https://malaysia.indeed.com/cmp/HSBC/reviews?start=120
884,Bank-Rakyat,26/9/2019,Good for Fresh Grads,"The working environment is a good place or start up for fresh graduates that looking for first working experiences, relax working environment and reasonable wages for fresh graduates.",5,Debt Collector,Kuala Lumpur,former,5,3,5,3,5,Islamic Culture,Lack of perks,2,20,https://malaysia.indeed.com/cmp/Bank-Rakyat/reviews?start=20
885,Ocbc,23/9/2019,Typical bank branch,"I work in a branch and there's not much of information I can provide. When the time I'm there, it lacks clarity on what should be done and improvement must be made to the product instead of sales person only.",4,Personal Financial Consultant,Seremban,former,5,5,3,3,3,,,4,60,https://malaysia.indeed.com/cmp/Ocbc-3/reviews?start=60
886,RHB Bank Berhad,23/9/2019,Overall the team that I worked with provide unlimited support a d great learning experience in completing my task,Good learning experience and overall the team either within the Group or at Regional level provides the best supprt anyone can ask for; tremendous momentum to ensure the best effort are being done.,4,Senior Vice President,Kuala Lumpur,former,5,3,4,3,4,Good work and life balance;,,7,120,https://malaysia.indeed.com/cmp/Rhb-Bank-Berhad/reviews?start=120
887,HSBC,20/9/2019,Fun and Relaxed Work Environment,Work is predictable and workload is very manageable Management is approachable and accessible the work location is within the city centre i learned a significant amount of information on trade processing systems and processes i enjoy working with the my colleagues,4,Senior Software Engineer,Kuala Lumpur,former,4,4,3,3,4,Re,work is not as challenging relative to other software companies,7,120,https://malaysia.indeed.com/cmp/HSBC/reviews?start=120
888,HSBC,17/9/2019,Nice workplace,'-assist customers to manage and check their account status -resolve customers’ account problem -achieve daily team KPIs -problem solving -conflict resolution -time management,4,CCSS Representative 1,Cyberjaya,former,0,0,0,0,0,,,7,120,https://malaysia.indeed.com/cmp/HSBC/reviews?start=120
889,RHB Bank Berhad,16/9/2019,productive and positive workplace culture,'- positive environment - big organisation - communication with customer - different workplace culture - information benefit of product - the hardest part of the job is to convince the customer of benefit of product,5,TELESALES EXECUTIVE,Kuala Lumpur,current,5,5,5,5,5,,,7,120,https://malaysia.indeed.com/cmp/Rhb-Bank-Berhad/reviews?start=120
890,RHB Bank Berhad,14/9/2019,I love this company untill i die...,The best experiences in my entire working experiences. The boss will be boss the staff are so cheerfull and full off plastic. I love LOVE LOVE LOVE X 100 MILLION love. Thank You so much RHB BANK BHD. .... Tq tq tq,5,Personal Banker and operation,Subang Jaya and Shah Alam 16,former,5,0,5,5,5,,,7,120,https://malaysia.indeed.com/cmp/Rhb-Bank-Berhad/reviews?start=120
891,Public-Bank-Berhad,11/9/2019,Good,Working as a banker at loan department quite challenging. Nowadays you have to be as a multitasking staff. So you can covered up a different department.,4,Credit & Control Clerk,Shah Alam,former,3,5,4,3,4,,,9,160,https://malaysia.indeed.com/cmp/Public-Bank-Berhad/reviews?start=160
892,maybank,10/9/2019,Very pushy,Opportunities are less given to juniors and senior does not want to help or guide junior in their task as they say they are to busy. Have to learn by own. No guidance when no guidance how to learn. Overall working colleagues are friendly.,3,Personal Financial Advisor,Teluk Intan,former,2,5,5,1,2,medical benefits and transport allowance,Support only seniors,8,140,https://malaysia.indeed.com/cmp/Malayan-Banking-Berhad-(maybank)/reviews?start=140
893,maybank,5/9/2019,Productive workplace,"I work at hq. So far the facilities are good. They provide gym, library, prayer room, food court etc. About work, the working hours also ok. Start working at 8.45 And end at 5.45. Need to make a call to customer and liaise with them about their card debit/ credit. Help them to activate the new card. I learned so many things here, with helpful colleagues I can learn and enhance my microsoft office skills.",4,Management Trainee (SL1M),Kuala Lumpur,former,4,4,4,4,4,,,8,140,https://malaysia.indeed.com/cmp/Malayan-Banking-Berhad-(maybank)/reviews?start=140
894,Cimb-Group,4/9/2019,productive for self developing,best place to gain knowledge of work environment. good benefit and payout good college and good management good environment best place for development,4,Financial Service Consultant,Johor Bahru,former,4,4,4,4,4,,,7,120,https://malaysia.indeed.com/cmp/Cimb-Group/reviews?start=120
895,Ocbc,4/9/2019,Good Place to develop your career,Good Place to develop your career. Friendly and helpful colleagues. Balanced work life. Management team always care about employees. Good working environment.,5,Assistant Manager,Kuala Lumpur,former,5,3,3,5,5,,,4,60,https://malaysia.indeed.com/cmp/Ocbc-3/reviews?start=60
896,Cimb-Group,3/9/2019,Job work,Give more experince to sell and confident level to attend customer. Enjoy working this company..Staff also help for the new joiner..Managemnt always give training for staff.,4,Personal financial advisor,Seremban 2,current,4,2,3,4,4,,,7,120,https://malaysia.indeed.com/cmp/Cimb-Group/reviews?start=120
897,Public-Bank-Berhad,2/9/2019,good job security,"profitable bank, good benefit, provide a good learning platform, opportunities to grow & learn from senior management. good reputation among local as well as overseas individual.",5,Assistant Manager,Johor,current,4,5,5,5,4,,,9,160,https://malaysia.indeed.com/cmp/Public-Bank-Berhad/reviews?start=160
898,RHB Bank Berhad,31/8/2019,Really appreciate,Really appreciate get great experience.lovely environment.Friendly colleagues.if get opportunity will appreciate a show more of talent. wonderful job culture and flexible working hours.No stress and earning as we like,5,Assistant Manager/Sales Associate,Puchong,current,5,5,5,5,5,,,7,120,https://malaysia.indeed.com/cmp/Rhb-Bank-Berhad/reviews?start=120
899,Bank-Rakyat,29/8/2019,Productive and Work-Life Balance,The culture of this company is great and conducive to work also everyone is very helpful in solving my tasks and gaining knowledge even I am not from the department.,5,Intern Trainee,Kuala Lumpur,former,5,5,5,5,5,,,2,20,https://malaysia.indeed.com/cmp/Bank-Rakyat/reviews?start=20
900,Cimb-Group,29/8/2019,A good place to gain knowledge,"work is flexible normal working hours corporate culture for sales, need to work hard to achieve target management is good incentive is well paid sometimes need to work on weekend",3,Personal Financial Consultant,Shah Alam,former,3,4,3,3,3,,,7,120,https://malaysia.indeed.com/cmp/Cimb-Group/reviews?start=120
901,Public-Bank-Berhad,29/8/2019,Productive,A good place to learn with comprehensive training provided. Training program and e-learning to keep staffs' knowledge up-to-date. A prospective organization in Malaysia and would be eventually expend in other countries.,4,"Senior Executive, Credit Officer",Pahang,current,0,0,0,0,0,,,9,160,https://malaysia.indeed.com/cmp/Public-Bank-Berhad/reviews?start=160
902,HSBC,28/8/2019,Fun Place To Work,"It was fun place to work and has in house cafeteria,gym,Playing room,vending machine,internet kiosk and etc. This is a nice place to work for a beginner especially you can gain lots of knowledge in banking industries. For a fresh graduate this is a good place to start with better salary and reputable organization. They provide free transport ( DTS )",5,Global Support Executive ( UK Process ),Sepang,former,5,5,0,0,0,Core Leave Is The Best ( 14 days Off Straight ),Too many competitor for next level position. Piers,7,120,https://malaysia.indeed.com/cmp/HSBC/reviews?start=120
903,maybank,28/8/2019,Productive and happy workplace,"Job Work/Life Balance- very good Compensation/Benefits - very good Job Security/Advancement - very good Management - good, they have very systematic management Job Culture - very good. happy working place",5,Telesales Marketing,Bukit Jelutong,former,4,4,5,4,4,,,8,140,https://malaysia.indeed.com/cmp/Malayan-Banking-Berhad-(maybank)/reviews?start=140
904,maybank,28/8/2019,Banking culture,Hectic schedule and day to day target review. Competition within colleagues and cooperation within departments create competitive culture. Life is bending towards employee more than family.,4,Personal Financial Advisor,Penang,former,3,5,4,5,3,Professional and Huge benefit,Life seems to cater within work than personal life,8,140,https://malaysia.indeed.com/cmp/Malayan-Banking-Berhad-(maybank)/reviews?start=140
905,maybank,26/8/2019,Best benefit,"Stable company background, good brand on local & oversea. Having completed structure & clear visions. Easy to fullfill customer's needs with much branches on Malaysia.",4,BDE,MENTAKAB,former,0,0,0,0,0,,,8,140,https://malaysia.indeed.com/cmp/Malayan-Banking-Berhad-(maybank)/reviews?start=140
906,Cimb-Group,25/8/2019,Good experience working at CIMB,Working 5 days a week.Great experience worrking with CIMB.We work at multitasking environment.Staff very friendly.The management always give recognition to their staff.I also received reward as a Best Staff For Region 1.,5,Customer service representative,Kl main branch,former,0,0,0,0,0,,,7,120,https://malaysia.indeed.com/cmp/Cimb-Group/reviews?start=120
907,HSBC,23/8/2019,Great place to work!,"HSBC was my 1st employer and having worked with the same organisation for 34 years - there it's anything else I need explain. It was an amazing journey where I was given the opportunity to build my skills and knowledge of the securities industry. Lots of teamwork, support and understanding - just like a big family! Weeding out the handful of self-centered and micro-managing leaders.............. it will become the greatest place to work.",5,Manager/Head of Business Support & Transfer Agency,Kuala Lumpur,former,3,4,4,4,4,"Flexible work, Medical benefits, External training, Overseas posting","Short deadlines, long hours",7,120,https://malaysia.indeed.com/cmp/HSBC/reviews?start=120
908,Public-Bank-Berhad,22/8/2019,Productive and good workplace,"Gain new experience , learn how to make an attachment with customer and how to communicate with customer. Need to take insurance examination before start to sell the insurance and join the company.",4,Finance Executive (Insurance Specialist),Changlun,former,3,4,4,4,4,,,9,160,https://malaysia.indeed.com/cmp/Public-Bank-Berhad/reviews?start=160
909,Cimb-Group,21/8/2019,fun workplace,"most learning is to improve my sales skill, the training was very powerful and enjoy learning the new things . Enjoy the team and workplace culture in office",4,Relationship Manager,Shah Alam,former,4,4,4,4,4,,,7,120,https://malaysia.indeed.com/cmp/Cimb-Group/reviews?start=120
910,HSBC,20/8/2019,fun work place,"nice environment, good colleagues and good teamwork. flexible working time, good management. people there able to teach new things and positives minds and vibes.",5,telesales,lebuh ampang,current,5,5,5,4,4,,,7,120,https://malaysia.indeed.com/cmp/HSBC/reviews?start=120
911,HSBC,19/8/2019,Productive and Best Team,Learn a lot of selling skills with Trainer in the HQ. Get to know a lot of new colleague around Malaysia Hardest part of the job is u need to attend event at mall.,4,MOBILE BANKER EXECUTIVE,Melaka City,former,4,4,4,4,4,,,7,120,https://malaysia.indeed.com/cmp/HSBC/reviews?start=120
912,Public-Bank-Berhad,18/8/2019,Ok,Need to improve the medical coverage as the medical coverage did not covers dependants of employee during probation period. The system of medical coverage also need to be improved.,3,"Senior Executive, Shariah Audit",Kuala Lumpur,former,4,2,3,3,3,,,9,160,https://malaysia.indeed.com/cmp/Public-Bank-Berhad/reviews?start=160
913,HSBC,16/8/2019,Hsbc career,"Fast-paced environment, compensation used to be competitive, good work life balance. Overall, manual systems but good working exposure with lots of in house trainings",4,Assistant Manager (AML Analyst),Malaysia,current,3,2,3,2,3,,,7,120,https://malaysia.indeed.com/cmp/HSBC/reviews?start=120
914,maybank,15/8/2019,Interesting,Typical day at work are interesting. Could meet many people that we can learnt. Their management could be a guidances to other banks. Hardest part of job that i can share is when you cannot understand their work and you must hardworking to find and know or ask the other employee.,5,Internship Programme - Finance,Kuala Lumpur,former,0,0,0,0,0,,,8,140,https://malaysia.indeed.com/cmp/Malayan-Banking-Berhad-(maybank)/reviews?start=140
915,Cimb-Group,13/8/2019,Fun workplace,Good employees Good workplace culture The best workplace culture Most enjoyable workplace Learn many experience Good team staff Now I'm looking for new challenges work,5,NEGOTIATOR,"MASJID JAMEK, KL",former,5,5,5,5,5,,,7,120,https://malaysia.indeed.com/cmp/Cimb-Group/reviews?start=120
916,HSBC,6/8/2019,A lot of benefit as a staff there,A good place if you wanted to start your banking career with. You will learn a lot from this firm. Culture there not that enjoyable as what some employees mentioned but that depends on how you see your working career/ progression there.,4,Relationship Manager Business Banking,Kuala Lumpur,former,0,0,0,0,0,,,7,120,https://malaysia.indeed.com/cmp/HSBC/reviews?start=120
917,Cimb-Group,5/8/2019,would like to return someday,six months at CIMB as a trainee isn't enough. wish that i could contribute more in terms of not just effort but also ideas to improve service and products,3,Trainee - Skim Latihan 1Malaysia,Kuala Lumpur,former,3,3,3,3,3,,,8,140,https://malaysia.indeed.com/cmp/Cimb-Group/reviews?start=140
918,Public-Bank-Berhad,5/8/2019,"If you are in a sales role, Good Luck","The Public bank is a good bank to invest in their share, not invest your time in it. The organization is too big, so it's hard to manage the corporate culture. If you work in a branch, sometimes the branch manager also can't even remember your name.",3,Senior Share Investment Exe.,Johor Bahru,former,3,2,2,1,1,,,9,160,https://malaysia.indeed.com/cmp/Public-Bank-Berhad/reviews?start=160
919,HSBC,30/7/2019,Good place to work,"Good place to start work if youre interested in global market and market shares. Friendly culture and there is alot things you can learn. However, must b able to work in night shift.",4,Assistant Manager,Cyberjaya,former,4,4,4,4,4,,,7,120,https://malaysia.indeed.com/cmp/HSBC/reviews?start=120
920,Bank-Rakyat,25/7/2019,Good Bank,'- Good experience in bank industry. - Learn how to be professional. - Good management and team. - Strategic place in Bangi. - Enjoy with people and customer.,5,Industrial Training,Bangi,former,0,0,0,0,0,,,2,20,https://malaysia.indeed.com/cmp/Bank-Rakyat/reviews?start=20
921,Ocbc,25/7/2019,Productive and fun workingplace,. Great information provided during training . staff able to handle customer enquiry . great place to let people grow up how to handle issues under pressure and nonsense.,5,Senior Customer Service Executive,Kuala Lumpur,former,4,4,5,4,4,,,4,60,https://malaysia.indeed.com/cmp/Ocbc-3/reviews?start=60
922,Cimb-Group,22/7/2019,happy work place,"masa yang fleksibel ketika bekerja, banyak belajar tentang pengurusan masa, melayan pelanggan dan sebagainya, tempat kerja yang ceria dengan adanya kawan yang sentiasa membantu",5,sales exec,Johor Bahru,former,5,5,5,5,5,free oarking,no free lunch,8,140,https://malaysia.indeed.com/cmp/Cimb-Group/reviews?start=140
923,RHB Bank Berhad,22/7/2019,Had a great time by exploring myself to a new environment,Able to communicate with freedom.moreover get to learn and done a task individually and super fast.The platform gave a great experience to feel the work place dilemma and the way to solve the consequences with confident.,5,Consumer product and collection recovery departmen,"Cap square Tower,Kuala Lumpur",former,4,4,4,3,3,,Short break about 15 minutes after 5pm,7,120,https://malaysia.indeed.com/cmp/Rhb-Bank-Berhad/reviews?start=120
924,HSBC,19/7/2019,Productive and good enviironmet working place with nice pantry,I enjoy working in Hsbc with a good environment and safety workplace. Teamwork is important with all the colleagues. Punctuality and fast learner is important to finish the urgent task on time. Every month we have free lunch or breakfast given by manager. Every year we have family day and dinner. We have short break and medical card benefit. My department offering Vss to all the staff.,5,Clerical In Banking,Kuala Lumpur,former,5,5,5,5,4,,,8,140,https://malaysia.indeed.com/cmp/HSBC/reviews?start=140
925,Cimb-Group,18/7/2019,flexible time,"happy working with staff, make all as a family but spoil with manager. learn more to do sales, using system banking, do more marketing, handling customer and all. but the company not using SOP properly. working more hours and day, but they not paying us. thats all.",3,Personal Financial Consultant,Ampang,current,3,3,3,3,3,,,8,140,https://malaysia.indeed.com/cmp/Cimb-Group/reviews?start=140
926,Ocbc,17/7/2019,very good environment and workplace,"best staff and teamwork, very good experience that i had . environment was good and have a food court for staff. the safety was very good very particular for staff comfortable",5,HELPDESK SUPPORT,Kuala Lumpur,former,4,5,4,4,4,cc,,4,60,https://malaysia.indeed.com/cmp/Ocbc-3/reviews?start=60
927,RHB Bank Berhad,12/7/2019,High performance team,High performance team Fairly rewarded Great team members Work life balance Close relationship with superior Good remuneration package Great location Great facilities for staff,4,Senior Manager,Kuala Lumpur,former,4,0,0,0,0,,,7,120,https://malaysia.indeed.com/cmp/Rhb-Bank-Berhad/reviews?start=120
928,bank islam,10/7/2019,Fun,Good job and have fun.You must have responsible about the job.Hardworking and be a good workers.You also have to alert the costomer.You must be patience.,4,Chief Chasier,Kulim,former,4,4,4,4,4,Many benefit,Medical,2,20,https://malaysia.indeed.com/cmp/Bank-Islam/reviews?start=20
929,maybank,8/7/2019,The most enjoyable part of the job,I have learned new thing through out this journey experience and it is also build my self confidence level to the maximum level. The environment of job working space also makes me feel excited to work there also get surrounding with positive employee.,5,Customer Service Executive,Malaysia,former,5,5,5,5,5,,,8,140,https://malaysia.indeed.com/cmp/Malayan-Banking-Berhad-(maybank)/reviews?start=140
930,Public-Bank-Berhad,8/7/2019,Good workplace,A lot of friendly staffs from various background working together,4,Sales and Marketing Executive,Klang,former,0,0,0,0,0,Great benefits,Long hours,9,160,https://malaysia.indeed.com/cmp/Public-Bank-Berhad/reviews?start=160
931,Cimb-Group,7/7/2019,High Incentive,"Learn a lot about real finance at customers' level. Collection is really tough but it worth experience.High incentive for high commitment, but there are various activities conducted such as competition in several game and celebrating our Malaysian events.",4,Negotiator (Contract),Wisma UOA Pantai,current,2,5,5,4,5,"Gym, Incentive, Medical",high work commitment,8,140,https://malaysia.indeed.com/cmp/Cimb-Group/reviews?start=140
932,Cimb-Group,5/7/2019,Productive work place,I have been working in Cimb Bank for the past 7 years in customer service department. It is a very stressful work environment due to handling of customer's enquiries and complaints.,3,Customer Service Executive,Kuala Lumpur,current,3,3,3,3,3,,,8,140,https://malaysia.indeed.com/cmp/Cimb-Group/reviews?start=140
933,Ocbc,3/7/2019,Poor management,"Collection department is a Poor management. Turnover too high, no faster hired ppl. Some more the system is outdated. Many complaints from customers. No giving time frame to settle. Cannot claim OT to clear backlog. Even Sunday and Saturday come back also no appreciate.",1,Assistant Manager,Kuala Lumpur,current,1,1,1,1,1,Colleague good,"No OT claim, no appreciate, poor management, no work life balance",4,60,https://malaysia.indeed.com/cmp/Ocbc-3/reviews?start=60
934,RHB Bank Berhad,3/7/2019,Productive and have good balance working time,"Very nice happy working area with good benefits in too many ways such as staff welfare, health care, get lowest interest loan. Besides, the surrounding more calm as its located at sub area.",5,CREDIT OPERATION EXECUTIVE,Selangor,current,5,5,5,5,5,Good benefit for staff,Promotions,7,120,https://malaysia.indeed.com/cmp/Rhb-Bank-Berhad/reviews?start=120
935,HSBC,1/7/2019,Fun environment,'- standard work procedure on a daily basis - hardest part was the excessive overtime during the major upgrades - however we get paid well for overtime,4,Global Support Executive,Cyberjaya,former,3,4,4,3,3,,,8,140,https://malaysia.indeed.com/cmp/HSBC/reviews?start=140
936,United Overseas Bank,1/7/2019,Good working environment,I have a good boss who always willing to share and guide us on the job. My team members are also supporting each other very well and we gain trust among the team members. With the good bonding we able to work together and completed many project together.,4,Vice President,Kuala Lumpur,current,4,4,5,4,4,Understanding bosses and colleagues,Less career advancement,4,60,https://malaysia.indeed.com/cmp/United-Overseas-Bank/reviews?start=60
937,HSBC,29/6/2019,New experience as a Sales Team member,Good working environment with open minded people and good communication with others. Managed to have a community that challenged as well as train. Would be good to develop skills and grow as an individual as well as a company with an environment like this.,5,Telesales Representative,Kuala Lumpur,former,5,5,5,5,5,"Cheap foods in cafe, gym ready, stress room ready.",Pretty strict when it comes to call floor's rules.,8,140,https://malaysia.indeed.com/cmp/HSBC/reviews?start=140
938,maybank,27/6/2019,Though,Learn new things. Different challenges everyday. Enhance communication skill. Seniority. Explore new things. Need patience. Need to work hard since expectation too high.,3,Executive - Debt Collection & Monitoring Unit,Kuala Lumpur,former,3,3,3,3,3,Good teamwork,Seniority,8,140,https://malaysia.indeed.com/cmp/Malayan-Banking-Berhad-(maybank)/reviews?start=140
939,maybank,27/6/2019,Productive and fun officemate,"Good career development for fresh graduate to gain their knowledge in banking sector. Interactive workplace with lots of activities such birthday celebration, portluck, futsal & badminton",4,Collector,"Simpang Kuala, Alor Setar",former,4,4,3,3,3,Good benefits/compensation,Have to work on weekend once in a month,8,140,https://malaysia.indeed.com/cmp/Malayan-Banking-Berhad-(maybank)/reviews?start=140
940,RHB Bank Berhad,26/6/2019,Good HR,very good handling staff need and wants. very patient with staff complaints and need good remuneration great and conducive workplace enjoyable environment,5,customer service officer,kuching sarawak,former,5,5,5,5,5,,,7,120,https://malaysia.indeed.com/cmp/Rhb-Bank-Berhad/reviews?start=120
941,Cimb-Group,22/6/2019,Good,"Positive work environment. However, bad in human resources management. I learned so much in this company such company information system and assisting the clerical works. The office management is not systematic.",3,Admin /Graphic Designer Assistant,Kota Damansara,former,4,2,2,1,2,no workload,Human Resources Management,8,140,https://malaysia.indeed.com/cmp/Cimb-Group/reviews?start=140
942,RHB Bank Berhad,20/6/2019,Productive,Work culture & environment is so friendly and different from other banks. The career path is good if you perform in the task given. Salary will be given based on your experienced.,4,PERSONAL BANKER,Johor Bahru,current,4,4,4,4,4,,,7,120,https://malaysia.indeed.com/cmp/Rhb-Bank-Berhad/reviews?start=120
943,Ocbc,11/6/2019,Good exposure,One of great exposure for beginners. Knowledgeable place for newbies. Productive place with nice working environment. Flexible working environment with working colleagues.,5,Operations Officer,Ampang,current,5,5,5,5,5,,,4,60,https://malaysia.indeed.com/cmp/Ocbc-3/reviews?start=60
944,Public-Bank-Berhad,9/6/2019,Good working environment,The company has a good working environment which involve in good colleagues and comfortable working space. The company concerned on employees' advantages which the main office provide in-house gym room.,3,SENIOR MERCHANT SALES EXECUTIVE,Kuala Lumpur,current,3,3,3,3,3,,,9,160,https://malaysia.indeed.com/cmp/Public-Bank-Berhad/reviews?start=160
945,HSBC,7/6/2019,stressful,A very fast paced working environment. you need to be able to work in high stress environment and rush request most of time. no fixed shift and there is possibilities you might work night shift,5,data maintenance,CYBERJAYA,current,1,4,3,2,2,traffic free,far from city,8,140,https://malaysia.indeed.com/cmp/HSBC/reviews?start=140
946,HSBC,4/6/2019,Productive and Stability,• Verify payment transactions using Global Payment System and Online banking system. • Trained and certified with Anti-Money Laundering (AML) training to monitor and mitigate suspicious account activity. • Verify and approves Telegraphic Transfer payments using SWIFT and bank to bank payments. • Reply on External bank requests on suspicious hits. • Carefully handle and approve large amount payments to avoid any loss to company and business.,4,Payment processor and verifier,Cyberjaya,former,2,2,5,3,3,,,8,140,https://malaysia.indeed.com/cmp/HSBC/reviews?start=140
947,maybank,3/6/2019,The best working experince,The challenging and excellent working environment that makes me easier to gain more experiences and enhances skill from a senior executive and manager,5,Trainee,Kuala Lumpur,former,5,5,5,5,5,,,8,140,https://malaysia.indeed.com/cmp/Malayan-Banking-Berhad-(maybank)/reviews?start=140
948,Public-Bank-Berhad,3/6/2019,Good company overall,The salary/benefits make up for the poor work-life balance. Promotions are highly performance based which is good. Performance bonuses are attractive as well.,4,Assistant Manager (A4),Kuala Lumpur,current,3,5,5,4,3,,,9,160,https://malaysia.indeed.com/cmp/Public-Bank-Berhad/reviews?start=160
949,maybank,24/5/2019,Have a dinner good boss and great staff,Give customer a best service as a maybank moto Humanising. Assist customer to use ATM or CDM machine (make payment / transfer etc) Aswering call greet customer in proper way.,4,Work as Clerk,Puchong,former,4,4,4,4,4,,,8,140,https://malaysia.indeed.com/cmp/Malayan-Banking-Berhad-(maybank)/reviews?start=140
950,maybank,23/5/2019,Pressuring,"A very pressuring job. This is my first job after graduating. I haven't got any banking or insurance experience before, so it is really a challenge for me. Everyday i will be pressure by my boss that can lead me to feel very down & not confident at all.",3,Personal Financial Officer,Jalan Ipoh,former,3,3,3,3,3,,,8,140,https://malaysia.indeed.com/cmp/Malayan-Banking-Berhad-(maybank)/reviews?start=140
951,bank islam,21/5/2019,Just ok,"Good culture, Good enviroment but the ceo at hq has too many political issue in bank.. But overall that was a nice place to work except for salary and condition to be permanent staff",5,Personal Financial Executive,Bangi,former,3,2,5,5,4,just ok,ok,2,20,https://malaysia.indeed.com/cmp/Bank-Islam/reviews?start=20
952,maybank,19/5/2019,Interesting Internship,I was only doing an internship but it was interesting as the manager and supervisor were helpful and guide throughout the process of assimilating in the workforce. I was able to work autonomously and able to meet client. Understanding how everything works.,5,Intern,Kuala Lumpur,former,4,5,4,5,4,"Friendly environment, helpful",standard hours,8,140,https://malaysia.indeed.com/cmp/Malayan-Banking-Berhad-(maybank)/reviews?start=140
953,United Overseas Bank,19/5/2019,Good working environment and friendly colleague,"I had learned about how to solve customer question in the shortest time through a phone call and have some basic knowledge that how bank work. At the same, this job help me to improve my communication skill very well. The culture in the company is more good than enough, leaders are very kind to help and suggest some solution when facing any difficulties that really unable to solve. I think this was also a kind of best way for me to learn from them.",4,Customer Service,Kuala Lumpur,former,4,3,3,4,5,,short break,4,60,https://malaysia.indeed.com/cmp/United-Overseas-Bank/reviews?start=60
954,Public-Bank-Berhad,16/5/2019,Productive and fun place to work,Daily routine handling customer through inbound and outbound call.I learnt how to handle customer and how the banking system. Management very supportive and give advice to increase my productivity,4,Customer Service officer,Kuala Lumpur,former,4,5,4,3,4,,,9,160,https://malaysia.indeed.com/cmp/Public-Bank-Berhad/reviews?start=160
955,Public-Bank-Berhad,13/5/2019,Highly stressful but highly rewarding,"Top quality work is expected and if perform well, will be recognised with good pay/bonuses. Staff benefits are very good especially medical benefits. May lack work-life balance during peak periods.",5,Assistant Manager,Kuala Lumpur,former,3,5,5,4,3,,,9,160,https://malaysia.indeed.com/cmp/Public-Bank-Berhad/reviews?start=160
956,Bank-Rakyat,12/5/2019,"Productive and fun, friendly colleagues",Good guidance from colleagues and learned many new thing also polish my ability to work under pressure. Workplace was great and I am able to be on department rotation which helped me expose to several new things.,5,Internship (3 months),Kuala Lumpur,former,4,5,4,4,5,,,2,20,https://malaysia.indeed.com/cmp/Bank-Rakyat/reviews?start=20
957,RHB Bank Berhad,12/5/2019,Had a good experience of working in banking line,Working in banking line was no easy but I learned a lot for it .. and I have achieve my targets most of the month and it was really a great experience And I have a good team leader to Guide me and my progress was shows very good,4,Tele-collector,Kuala Lumpur,former,5,4,4,3,5,Very lunch and free movie,Healthcare,7,120,https://malaysia.indeed.com/cmp/Rhb-Bank-Berhad/reviews?start=120
958,RHB Bank Berhad,12/5/2019,Expand and Growing fast bank -RHB,We are the 1st bank using workplace like FB apps. My 1st experience seeing a lot people sharing work information instantly and you will get the latest info instant and fast from all different department. I was enjoy been select as talent management member to be learn guide lead and grown my career in RHB.,4,"Sales Manager,PF",PUCHONG,current,3,3,3,3,4,A lot reward voucher to be rewarded,,7,120,https://malaysia.indeed.com/cmp/Rhb-Bank-Berhad/reviews?start=120
959,HSBC,10/5/2019,Fun workplace with amazing colleagues,"The benefit of working here is excellent staff benefits, worklife balance and you can get to work with different races of colleagues. The only downside is politics issue need to resolve within management level. Low career advancement. and yearly bonus based on individual performance.",4,executive,Cyberjaya,former,4,5,3,2,3,"Maternity Leave up to 4 months, insurance coverage, good increment",,8,140,https://malaysia.indeed.com/cmp/HSBC/reviews?start=140
960,Public-Bank-Berhad,7/5/2019,Everyone is busy working,"working culture here is encouraging employee to work hard and work overtime instead of work life balance. There are many things you could learn here like how to deal with senior and manager, complicated working relationship.",4,Senior Customer Service Officer,Kuala Lumpur,former,3,4,4,2,3,Good Pay,Work Overtime without pay,9,160,https://malaysia.indeed.com/cmp/Public-Bank-Berhad/reviews?start=160
961,RHB Bank Berhad,7/5/2019,Good and fun environment to work,"Good leader, supportive colleague, good package and above all good staff engagement. nothing much to talk, still so new after graduation, and good learning environment",4,Operations Executive,KLCC,former,0,0,0,0,0,,,7,120,https://malaysia.indeed.com/cmp/Rhb-Bank-Berhad/reviews?start=120
962,Cimb-Group,30/4/2019,Good environment,The colleagues are friendly which can lighten your mood. It is has always been busy during afternoon until evening with walk in customers and luckily all the customers are very friendly and considerate. It has always been fun to assist them.,5,Financial Services Consultant,Batu Gajah,former,0,0,0,0,0,,,8,140,https://malaysia.indeed.com/cmp/Cimb-Group/reviews?start=140
963,HSBC,27/4/2019,Great,'- Training class provided to upgrade knowledge with work related - Establish work life balance with provide a gym room and games room - Task completed daily,4,Global Support Executive,Malaysia,current,3,3,4,2,3,,,8,140,https://malaysia.indeed.com/cmp/HSBC/reviews?start=140
964,RHB Bank Berhad,26/4/2019,Fun,Good company to work with. Helpful manager and cheerful team members. Have a good life experiebce on how to handle our own personal financial plans. Good place to work in,5,Telesales Executive,Kuala Lumpur,current,4,4,3,4,4,,,7,120,https://malaysia.indeed.com/cmp/Rhb-Bank-Berhad/reviews?start=120
965,United Overseas Bank,26/4/2019,Fun,"it has a very good and fun working environment, that also provides me to learn a lot of new things and allow me to improve my communication skills and enhance my multitasking.",5,Customer service,Kuala Lumpur,current,5,5,5,5,5,,,4,60,https://malaysia.indeed.com/cmp/United-Overseas-Bank/reviews?start=60
966,Cimb-Group,23/4/2019,conducive training site with pleasant environment,"Good benefits, good number of annual leaves, great support from the group overall for work operations (especially from HQ), conducive training site with pleasant environment, great training modules, good coaching and guidance in work operations.",3,INBOUND COLLECTOR,JALAN RAJA LAUT KL,former,3,3,3,3,3,,Hard to full fill superiors expectations.,8,140,https://malaysia.indeed.com/cmp/Cimb-Group/reviews?start=140
967,Public-Bank-Berhad,17/4/2019,Good working environment,Good working environment but lack of family time as too much work to do takes our family bonding time. At time have to stay back to complete the jobs. Lack of time issues with family.,3,Assistant Manager,Bangi,current,2,3,3,2,2,,,9,160,https://malaysia.indeed.com/cmp/Public-Bank-Berhad/reviews?start=160
968,bank islam,16/4/2019,Productive and Healthy environment workplace,It makes me feel working in banking environment with dealing with customer issues. The management is good and very balanced treat among workers. The hardest part of the job is to learn the black screen system to know further about customer details.,5,SLIM TRAINEE,Malaysia,former,5,5,5,5,5,,,2,20,https://malaysia.indeed.com/cmp/Bank-Islam/reviews?start=20
969,HSBC,16/4/2019,The most enjoyable and not forgotten workplace,"A typical day at work is day a day is a new learner with the new job and task given. I have learned to be more focus and serious in the task given Management was very well good and never be forgotten cause the upper boss and lower boss are very humble,friendly and helpful. Workplace culture are very 1 Malaysia The hardest part of the job is to get the job done within a day is a due. The most enjoyable part of the job is got opportunity to be part of the auction property team",5,Time-scale clerk,Malaysia,former,5,5,5,5,5,,,8,140,https://malaysia.indeed.com/cmp/HSBC/reviews?start=140
970,bank islam,12/4/2019,A good company,"A family environment Everyone is friendly, Leadership is important People still respect each other Reaching the Branch KPI is a must Guiding the customer to the right way of doing their business with the bank When you're wrong they will tell you I'm just a SL1M that is now call as PROTEGE",5,Personal Financing Executive,Kuala Lumpur,former,5,4,4,5,5,Always Pot Luck on Friday,Don't have opportunity to work in the bank as a contract or permenant,2,20,https://malaysia.indeed.com/cmp/Bank-Islam/reviews?start=20
971,HSBC,11/4/2019,Best place to work,"· To compiled reports from 32 branches promptly to immediate superior on a weekly basis. · Responsible in executing MI reports in monthly and daily basis accordingly finance requirement and ensuring the figures matches. · Assist in implementation of urgent reports by creating layouts for presentations when necessary. · Carry out daily operations of all customer applications on CGC. This includes investigating the validity of the guarantee, complaints and liaising with the relevant process officers for resolution. · Experience in prepare and produce Business in Pipeline reports for David Morton, Director of Commercial Banking on a weekly basis. Compiled updates for BIP reports from MME and SME managers thus coordinating activities to achieve report targets for directors meeting.",4,Surport Officer,Kuala lumpur,former,4,4,4,4,4,free lunch,no work life balance,8,140,https://malaysia.indeed.com/cmp/HSBC/reviews?start=140
972,HSBC,9/4/2019,A potential development workplace,"Finding great talent is hard, but what’s even more challenging is keeping the talent you have engaged so they will stay. Unless you continually reinvest in developing your employees with successful on-boarding and ongoing training—helping them reach their full potential—they may leave and you will find yourself back at square one trying to procure more talent. This process can be a time-consuming, stress-inducing cycle. Despite this knowledge, it doesn’t seem that organizations are making a lot of progress in this area.",4,CUSTOMER SALES MANAGER,Malaysia,former,2,3,4,3,4,,,8,140,https://malaysia.indeed.com/cmp/HSBC/reviews?start=140
973,Bank-Rakyat,8/4/2019,Fun place to work,"Good environtment,nice place,strategic place near mrt.easy to find place for lunch, nice co worker.dress code is easy. Training provided.easy parking.",5,Telecollector,Bangsar,current,3,3,2,3,4,Comfortable and strategic place near mrt,No career growth,2,20,https://malaysia.indeed.com/cmp/Bank-Rakyat/reviews?start=20
974,Cimb-Group,8/4/2019,Good work ethic,The working environment in CIMB Group is great. People are kind and always willing to help you guide what is the career like working in the banking sector.,5,Corporate Banking Malaysia Internship,Kuala Lumpur,former,5,5,5,5,5,,,8,140,https://malaysia.indeed.com/cmp/Cimb-Group/reviews?start=140
975,HSBC,8/4/2019,bad work life balance,Racist and gender biased work place very close circle and eject anybody that is deemed un-wated without justification only acceptable race is Malay or Indian.,1,Customer Service - General,Cyberjaya,former,1,1,1,1,1,,,8,140,https://malaysia.indeed.com/cmp/HSBC/reviews?start=140
976,maybank,8/4/2019,Good experience with a good team work foundation,"Working with this bank has develop me to become more organise and self sufficient. It has also made me to prioritize the importance of the task given and to multi task. With the well management and support from the company , it has enable me to work whiles making sure I have time for my family. With a well diverse country, I work alongside with many diversified colleagues and learned about the many cultures we have. The hardest part of my job would be at times due to the multi culture , I would have to put in extra hours during the festive time and working for a Country Head of the Bank , can be demanding at times. The best and most enjoyable part of the job is that I get to experience good food, great friends and fantastic opportunity to travel !",5,Executive Officer,Kuala Lumpur,former,4,4,4,4,5,"Over time pay, Yearly Bonus, Humanity Rights, Medical, Insurance","Long hours, Overload work, Lack of manpower",8,140,https://malaysia.indeed.com/cmp/Malayan-Banking-Berhad-(maybank)/reviews?start=140
977,maybank,6/4/2019,Helpful colleagues,Challenging duty. Interest rate keep on changing without memo. Selected sales person are given the leads of a potential customet whilst the others are given the recycled leads.,3,Telesales executive,Shah Alam,former,3,3,3,2,2,Free gym,Not transparent about commission,8,140,https://malaysia.indeed.com/cmp/Malayan-Banking-Berhad-(maybank)/reviews?start=140
978,maybank,4/4/2019,Fun workplace,"Truly a collaborative environment. Great perks, lots of on-site facilities, ie: workout room, meditation room, etc... Catered food and a very well-stocked kitchen. Up to date IT and infrastructure, great training and ramp up. Excellent managers to work with. A positive and inclusive culture.",5,Personal Financial Advisor,Kota Kinabalu,former,5,5,5,5,5,,,9,160,https://malaysia.indeed.com/cmp/Malayan-Banking-Berhad-(maybank)/reviews?start=160
979,Cimb-Group,3/4/2019,nice,Trusted but given space to grow and develop Great people who are always helpful and love to collaborate Flexible working which helps if you don’t live close to the office Good lunches Have some great products which have huge potential,5,Bank Officer,Penang,former,4,4,5,5,4,,,8,140,https://malaysia.indeed.com/cmp/Cimb-Group/reviews?start=140
980,bank islam,2/4/2019,good workplace culture,All staff are very helpful in sharing opinions and experiences on giving guidelines to other staff. Every morning they will be doing some briefing in terms of performing well in the organization. They also will highlighted the mistake done yesterday and influencing staff to perform better.,4,Personal Financial Executive (SL1M Trainee),Shah Alam,former,5,4,3,4,3,Discipline staff,Short Breaks,2,20,https://malaysia.indeed.com/cmp/Bank-Islam/reviews?start=20
981,RHB Bank Berhad,31/3/2019,Nice working environment,The management takes care of their employees very well. Bosses are down to all employees and employees can walk in to their bosses at anytime to discuss on the work matter or even personal issues.,5,Senior Brands & Regulatory Control,Malaysia,current,4,4,4,4,4,Nice working environment,Difficult to get promoted,8,140,https://malaysia.indeed.com/cmp/Rhb-Bank-Berhad/reviews?start=140
982,Ocbc,30/3/2019,Fun working environment,"Great team, great workplace, great opportunity. Must finish the work on time.Feel free to ask anything that you doubt for. Have so much fun with the team as they are so friendly. Always take a good care of the welfare of their workers.",4,Intern,Kuala Lumpur,former,4,4,5,4,4,,,4,60,https://malaysia.indeed.com/cmp/Ocbc-3/reviews?start=60
983,Cimb-Group,28/3/2019,awesome work place,it is a good place to work and so many talented people. even though the price is a bit problematic at the food court but there are so many good food and variety of it.,5,Data Entry Officer,Kuala Lumpur,former,5,5,5,5,5,,,8,140,https://malaysia.indeed.com/cmp/Cimb-Group/reviews?start=140
984,Cimb-Group,28/3/2019,Nice MNC to work,"Its one of the largest banks in South East Asia which has made giant leaps to reach here, a regular MNC culture follows with good space pick up front running technologies in the market.",5,Analytics Manager,Malaysia,current,4,3,4,4,3,,,8,140,https://malaysia.indeed.com/cmp/Cimb-Group/reviews?start=140
985,RHB Bank Berhad,28/3/2019,Ok.,"Working at bank is good with their benefits, but the cooperation within each staff is worst. Teamwork is only for sometimes. Always need to be reminded.",4,Personal Banker Wealth,Kuching,current,3,5,5,3,4,Good benefit.,Competition with each others.,8,140,https://malaysia.indeed.com/cmp/Rhb-Bank-Berhad/reviews?start=140
986,RHB Bank Berhad,27/3/2019,Productive and fun,It's 5 days work with rotating shift. Lots of staff but less working equipment. The hardest job is to convince customers and meet their satisfaction. Some customers are gems of person but there are few arrogant but its fun to deal with each of them. Every single day is a new and fresh day and those happened the day before shouldn't be brought today. That's how we work.,5,Customer service executive,Kuala Lumpur,former,4,4,5,4,3,Good salary and staff,Not being fair and bias,8,140,https://malaysia.indeed.com/cmp/Rhb-Bank-Berhad/reviews?start=140
987,bank islam,26/3/2019,Good Job,Good job. just worked here after SPM and while waiting to continue studies. Good salary and normal working hours. friendly collegues and superior. overall its a good job to do,4,Tele-Collector,Taman Maluri,former,5,5,5,5,5,,,2,20,https://malaysia.indeed.com/cmp/Bank-Islam/reviews?start=20
988,Bank-Rakyat,25/3/2019,Objective,"Individual with a good reputation looking to work at your company , bringing strong ability to ashere to rules and regulations guiding the company, and also obey legal laws un the process of working for the company",5,Personal Financial Consultant,Sibu,former,4,5,5,5,5,More activies on weekend like family day,Office hour..,2,20,https://malaysia.indeed.com/cmp/Bank-Rakyat/reviews?start=20
989,HSBC,25/3/2019,Call Centre Envoirement,"Depending on which dept. you are reporting too. HDPM has few Dept related to Call Centre, payment, Compliance (SAR) or Support Service. Good exposure for people who just Grad from College or University.",4,Global Support Executive - Contact Centre,Cyberjaya,former,2,1,4,3,2,Friendly peers.,Akward shift hours,8,140,https://malaysia.indeed.com/cmp/HSBC/reviews?start=140
990,RHB Bank Berhad,24/3/2019,"Challenging, experience on dealing with customer",Knows how to tackle the situation based on the training given. Be familiar with bank products and services Need to be extra careful to handle difficult customer.,4,Customer Service Assistant,Kuala Lumpur,former,3,4,3,3,4,,,8,140,https://malaysia.indeed.com/cmp/Rhb-Bank-Berhad/reviews?start=140
991,Public-Bank-Berhad,17/3/2019,One of the Best Company in Malaysia,Overall a very good company for career advancement and to stay for a long term as the position very secured and got many helpful senior and training for a fresh graduates.,5,Senior Financial Executive,Johor,former,4,4,4,4,4,"Training, Salary, Work Environment",,9,160,https://malaysia.indeed.com/cmp/Public-Bank-Berhad/reviews?start=160
992,HSBC,13/3/2019,A great working place with work life balance.,A great working place with work life balance. Strong teamwork & coaching from the Team Lead. I was able to learn many new things as we supported many accounts.,4,Executive,Cyberjaya,current,4,4,4,4,4,A very helpful team,Short Breaks,8,140,https://malaysia.indeed.com/cmp/HSBC/reviews?start=140
993,Public-Bank-Berhad,13/3/2019,Its happinest,Good salary and benefit Good environment Multi tasks A lots i can learn. Systematic 5 working days. 2 mths bonus maintain Good friends. Provide courses,4,BANK EXECUTIVE,Tampoi branch,former,3,2,2,1,2,,,9,160,https://malaysia.indeed.com/cmp/Public-Bank-Berhad/reviews?start=160
994,Bank-Rakyat,8/3/2019,Happy workplace,Provide a good happy peaceful work place . All staff are always help each other and have a good communication with others. Provide foodcourt for staff.,5,TELLE - COLLECTOR,Kuala Lumpur,former,5,5,5,5,5,,,2,20,https://malaysia.indeed.com/cmp/Bank-Rakyat/reviews?start=20
995,RHB Bank Berhad,7/3/2019,used to be a great company,There is much focus and emphasis on making sure staff succeed in the company.Responsible for so much work.overtime not allowed but employer wanna job to be done,3,SALES EXECUTIVE,Kuala Lumpur,former,3,3,3,3,3,flexible,distance from home,8,140,https://malaysia.indeed.com/cmp/Rhb-Bank-Berhad/reviews?start=140
996,Cimb-Group,3/3/2019,fun workplace,it has good management. the workplace is fun and comfortable. the hardest part of the job is when you can not communicate in right way with other people.,4,ADVISOR,Puchong,former,4,4,4,4,4,,,8,140,https://malaysia.indeed.com/cmp/Cimb-Group/reviews?start=140
997,RHB Bank Berhad,1/3/2019,Good,Learning about contact centre environement. Understand the principle behind contact centre in banking industry. Overall working experience is good. Really enjoyed,5,Customer Service Executive,Kuala Lumpur,former,5,5,5,5,5,,,8,140,https://malaysia.indeed.com/cmp/Rhb-Bank-Berhad/reviews?start=140
998,RHB Bank Berhad,27/2/2019,Cheerful workplace,"RHB Bank Berhad for me is a place giving me a lot of experience about how to handle customer. Position as a Sales Consultant taught me to improve my communication skills, give a good service before and after sales and how to attract customer. Its all about how you handle customer. Workplace culture is so enjoyable, all the staff very friendly and help each others. The hardest part of the job is when you are struggle to find customer and attract customer to trust you and product.",4,Sales Consultant ASB,"Ketereh, Kota Bharu Kelantan",former,3,4,4,3,4,,Stress,8,140,https://malaysia.indeed.com/cmp/Rhb-Bank-Berhad/reviews?start=140
999,bank islam,25/2/2019,Friendly colleagues with a good environment.,"Colleagues made myself comfortable when they usually taught me when I did not know how to settle my works. Other than doing the financing process, I learned how to handle walk-in customers. For example, I need to know all the forms on the front liner. My job was to assist customers on how to fill in the forms in the right way.",5,SL1M Trainee/ Personal Financial Executive(PFE),Muar,former,5,3,5,5,5,Work life balance,Competitors,2,20,https://malaysia.indeed.com/cmp/Bank-Islam/reviews?start=20
1000,HSBC,25/2/2019,Mix Culture,I impressed with the mix culture that contributes to fun and interesting environment to work with. The staff are friendly and they willingly to help you.,3,INTERNSHIP,Kuala Lumpur,former,3,3,3,3,3,People are friendly and knowledgeable,No free food and the shops there are expensive,8,140,https://malaysia.indeed.com/cmp/HSBC/reviews?start=140
1001,HSBC,23/2/2019,Change in progress,"Regular day at work will be busy sorting out legacy issues in the midst of regulatory and compliance advancement. Mostly learned how things are rapidly changing, and you have to be curious enough to invent new solutions and thought process Management style is still largely pre-historic, still i'm the boss, just listen, so there isn't much you CAN achieve because your ideas and solutions is subject to management approval, and it probably just 'isn't good enough' Workplace culture i guess is the same as any other MNC, very political, and monetary rewards is given to people who come in late, have 2 hours lunch, and largely spend their time on FB, instagram etc and stay until 10pm, and all the while complaining that there's too much to do Hardest part is to have integrity and to want to do it right. I guess the enjoyable part of the job is that we have problems for me to sort out, that to me, is the part that is the most fun, But it is not fun trying to explain to your boss the problem and the proposed solution.",3,Assistant Business Regulatory Risk & Tax Advisor,Kuala Lumpur,current,1,3,3,2,2,better medical benefits,Non-flexible work hour.,8,140,https://malaysia.indeed.com/cmp/HSBC/reviews?start=140
1002,RHB Bank Berhad,22/2/2019,Productive and up to date,"Working the the bank industry forcing as the banker to always up to date with the current nation economy. Despite the economy progression were slow at the time, everything was in good hand since it is monitor under the Bank Negara and Ministry of finance. Work routine, have to meet up with client especially with the company entities. Along the way I've learned the structure of the financial industry in general and depth. As for the management are well structure and organize, thus it also allow the worker to learn new thing. As for the most enjoyable part of the job is that I was able to build a networking with other.",4,Associate Business Development Manager (ABDM),Kuala Lumpur,former,3,5,4,4,4,There are classes to equipt ourselves with finance knowledge.,Rejection by the potential customer.,8,140,https://malaysia.indeed.com/cmp/Rhb-Bank-Berhad/reviews?start=140
1003,Cimb-Group,21/2/2019,Best place to work with,"*have learned about IT Security controls, IT Security Management standard. *Technically have explored more about Information Technology infrastructure. *Hard to full fill superior's expectations. * Very friendly and supportive colleagues.",4,IT Auditor - Assistant Manager,Kuala Lumpur,current,3,5,4,1,3,Job Scope & Career progress,Hard to full fill superiors expectations.,8,140,https://malaysia.indeed.com/cmp/Cimb-Group/reviews?start=140
1004,maybank,21/2/2019,good learning,Got to learn new technologies and learned to interact with clients.Made new friends from different diversities. Learned to be punctual as the bank needed me to be on time for work.,4,Consultant,kuala lumpur,former,0,0,0,0,0,,,9,160,https://malaysia.indeed.com/cmp/Malayan-Banking-Berhad-(maybank)/reviews?start=160
1005,bank islam,19/2/2019,"More sales, more reward","• work on sales and marketing basis to achieve monthly target set by management • must engage closely with customers as different financial background requires different financial needs • must adapt to competitive working culture as sales target must be met in order to earn commissions • commissions can go as high as you desire. The more sales you do, more commission you will get",3,Personal Financial Executive,Kuala Lumpur,former,3,3,2,2,2,,,3,40,https://malaysia.indeed.com/cmp/Bank-Islam/reviews?start=40
1006,maybank,18/2/2019,Good environment,"Can work in team, and get to exchange idea and advice from superior. Helping each other no only focusing in the same department but other department also.",4,Telecollector,Kuala Lumpur,former,4,4,4,4,4,,,9,160,https://malaysia.indeed.com/cmp/Malayan-Banking-Berhad-(maybank)/reviews?start=160
1007,maybank,18/2/2019,"Productive,Good Benefits to Staff.",Excellent benefits for staff. We were equipped with knowledge and skills. Everything was very tactical and practical with Maybank. Staff’s benefits are one of the great thing in Maybank. There are a lots of benefits and good quality with Maybank.,5,Executive,Selangor,former,5,5,5,5,5,,,9,160,https://malaysia.indeed.com/cmp/Malayan-Banking-Berhad-(maybank)/reviews?start=160
1008,Public-Bank-Berhad,16/2/2019,Good for current management,Good for management trainee. lots to learn. sometimes long hour. ...multi task job. Stress but manageable. Monday to friday job.Job benefit is okay. have to quit cuz i am moving to another country,3,Senior Executive,Sabah,former,0,0,0,0,0,,,9,160,https://malaysia.indeed.com/cmp/Public-Bank-Berhad/reviews?start=160
1009,Cimb-Group,15/2/2019,Good environment,"It's more about to keep updating and communicate with a foreigner about updating their profile on the phone. other than that, have a good working environment.",5,Branch Networking - Customer Service,Kuala Lumpur,former,5,5,5,5,5,,,8,140,https://malaysia.indeed.com/cmp/Cimb-Group/reviews?start=140
1010,HSBC,15/2/2019,Conducive work place,1. Never bored at work. 2. Can effectively apply skills and knowledge to daily job and have the opportunity to learn beyond our expertise. 3. Less sociable between top management and staff level 4. Politics between staff 5. During appraisal period 6. Bonus time,5,SENIOR INTERIOR DESIGNER,Kuala Lumpur,former,4,5,4,3,3,Good location,Easy transportation,8,140,https://malaysia.indeed.com/cmp/HSBC/reviews?start=140
1011,bank islam,13/2/2019,Work life balance,'- A good company that have the job security. - Company is giving good benefit either to contract or permanent staff - Normal working hour and Malaysia public holiday is entitle to all staff.,3,Personal Financial Executive,Selangor,former,3,1,2,3,2,,,3,40,https://malaysia.indeed.com/cmp/Bank-Islam/reviews?start=40
1012,Ocbc,13/2/2019,Employer that provides a lot of training to their interns,OCBC provides the very interesting set of training and chances to their interns to feel the real experience with hands on the job and process the actual transaction besides observation by the employees.,4,Internship,Petaling Jaya,former,3,4,4,4,4,,,4,60,https://malaysia.indeed.com/cmp/Ocbc-3/reviews?start=60
1013,Cimb-Group,11/2/2019,Well establish bank with a good environment to learn,"Working 5 days a week. Learn about communication and negotiation skills, The management is very good. The workers are more likely from fresh graduates.",5,Credit Collection & Debt Recovery Officer,Kuala Lumpur,former,2,2,5,5,3,Medical claim,,8,140,https://malaysia.indeed.com/cmp/Cimb-Group/reviews?start=140
1014,HSBC,8/2/2019,Prestige,1) Involving sales and customer servicing 2) AMLA and the awareness 3) Good Management 4) Good workplace culture 5) When score methods rate increase.so the market becomes sour. Approve rate low. The economy does affect the loan application.,5,Advance Customer Manager,Petaling Jaya,former,5,5,5,5,3,The Prestigious,World economy and domestic micro economy does affect my line of work.,8,140,https://malaysia.indeed.com/cmp/HSBC/reviews?start=140
1015,RHB Bank Berhad,7/2/2019,Good place to work,"Good place to work and learn about financing, accounting and great place to develop your skills. The environment is good. They have a very good learning center that provided to new and current working to be better and more prepare",4,Business Development Manager,RHB PJ NEW TOWN,current,4,4,3,3,5,,,8,140,https://malaysia.indeed.com/cmp/Rhb-Bank-Berhad/reviews?start=140
1016,HSBC,2/2/2019,The best place to work,HSBC is one of the best foreign bank in the world. It would be the best place to work either. With the good benefit for the employees. If you give me a chance i will proof that i can serve the company at my level best. Actually i'm one of the HSBC cardholder and loyal to it at almost 17 years. HSBC is the best service bank in the world.,5,Custodian,"Kuala Lumpur, Malaysia",former,5,5,5,5,5,More free launches,Short break and healthcare,8,140,https://malaysia.indeed.com/cmp/HSBC/reviews?start=140
1017,RHB Bank Berhad,2/2/2019,management in general,Good place to work. Typical bank industry environment. To complete volume and SLA at tight dateline. Need to work fast and at long hours. Able to learn new products.,3,senior executive,bangi selangor,current,3,3,3,3,3,,,8,140,https://malaysia.indeed.com/cmp/Rhb-Bank-Berhad/reviews?start=140
1018,bank islam,29/1/2019,Fast pace and fun working experience.,"1. Gained experience in cash handling and performing banking transaction upon customer's request. 2. We have queue management system to monitor our timing for both serving and waiting time of our customers. 3. Being in the industry, we have to be fully conscious of current issues and regulations.",4,SERVICE AMBASSADOR (TELLER),"Taman Melawati, Kuala Lumpur",former,4,4,3,4,4,Good healthcare benefits and high employer's EPF contribution.,Limited system access per job title.,3,40,https://malaysia.indeed.com/cmp/Bank-Islam/reviews?start=40
1019,maybank,28/1/2019,Good benefits at Maybank,"I love working here as i have served Maybank for the past 6 years and also my first company that i joined straight after my graduation. My post now need me to sit down with my superior at least 2 hours, meeting and brainstorming on how to boost our company profit. My job scope now is Business Development Officer for Foreign Currency Notes. My job area is to review tenancy agreement for Forex Booth and help in generating income for Forex Booth and branches. My scope includes generating new business proposal, writing new business requirement, set up event and business generating new projection proposal.",5,Business Development Officer,Kuala Lumpur,current,2,5,5,1,1,unlimited medical coverage,limited medical coverage for spouse and limited coverage for dental,9,160,https://malaysia.indeed.com/cmp/Malayan-Banking-Berhad-(maybank)/reviews?start=160
1020,HSBC,27/1/2019,A good place to get a foot in in the baning world,"'- Dispute analysis would require waiting for the margin calls to be issued out to clients and awaiting their responses. If a dispute is issued by the client on a margin call then we would need to reconcile the OTC portfolios between us and the client to identify the trades causing a swing in MTM and escalate to the relevant businesses to work to resolving. - My roles in HSBC prepped me on managing staff and their expectations from day to day, Annual Leaves, Sick Leave etc. I also got to understand how important collateral management is to the bank for minimsing our exposure to the market. - The culture within HSBC was very warm and friendly, where people are willing to help out when they can regardless if you are in Malaysia , UK or HK. - The hardest part of the Collateral Dispute Analyst is waiting for the margin calls to be answered and when they came later in the day, it was time consuimg to reconcile both portfolios (mainly done in TriOptima) but on the odd occasions it would have to be done manually. This was time consuming a disrupted work life balance. - Most enjoyable part of the job was working with the people. We worked with the hubs in London, Paris and Hong Kong and building the relationships with these people was fun if not challenging.",4,Collateral Dispute Resolution Analyst,Kuala Lumpur Malaysia.,former,2,3,3,4,4,,,8,140,https://malaysia.indeed.com/cmp/HSBC/reviews?start=140
1021,Cimb-Group,26/1/2019,Work as cimb staff very happy,Very strong bank Customer relationship high Good envirotment Easy transport Teamwork team Good culture Easy to find the food Manage time Good learder in working part,5,Officer,Kerinchi kuala lumpur,current,5,3,4,4,5,Suasana kerja yang menyenangkan,"Benefits low, jauh perjalanan ke tempat kerja",8,140,https://malaysia.indeed.com/cmp/Cimb-Group/reviews?start=140
1022,Cimb-Group,26/1/2019,"Productive, energetic and enjoyable work place.","Enjoyable in handling interaction with staffs, management and customers by making information accessible in enriching the banking solutions. Exposed to different level of people, deepening my knowledge and strengthening my rapport surrounding. Helped developed my leadership skills, self-confidence and a greater understanding of the complexities of the work.",4,Customer Service Manager,Kuala Lumpur,former,4,5,4,4,4,Get to know different level of people,at certain time have to work on week end and long hours,8,140,https://malaysia.indeed.com/cmp/Cimb-Group/reviews?start=140
1023,maybank,26/1/2019,Huge organisation,"Its a typical GLC company that comprises multi layer management level. Great place to learn and with its structured environment, one with agility may face obstacles.",5,TEAM MANAGER,Kuala Lumpur,former,5,4,4,4,4,,,9,160,https://malaysia.indeed.com/cmp/Malayan-Banking-Berhad-(maybank)/reviews?start=160
1024,HSBC,25/1/2019,Fun,Nice environment and good place to work Good colleague Good management Easy to go to workplace Good allowance Good benefit Good teamwork All managers are reliable,5,FINANCIAL GUIDE,Kuala Lumpur,current,5,5,5,5,5,,,8,140,https://malaysia.indeed.com/cmp/HSBC/reviews?start=140
1025,HSBC,22/1/2019,Stress working environment,Its very normal working hours which is 9am to 6.30pm. need to work extra Hours in order to close sales and for follow up customers. but i have learned a lot about handling customers.,4,Telesales Consultant,Kuala Lumpur,former,3,5,5,4,3,,,9,160,https://malaysia.indeed.com/cmp/HSBC/reviews?start=160
1026,maybank,22/1/2019,Great place to work for,"Being an intern there was special, guidance given, tasks clearly communicated, support provided, mistakes are pointed out professionally, constant learning and development",4,Intern,Kuala Lumpur,former,4,4,4,4,4,flexible on breaks and lunch,workload,9,160,https://malaysia.indeed.com/cmp/Malayan-Banking-Berhad-(maybank)/reviews?start=160
1027,maybank,19/1/2019,Very energetic working environment.,"Role as CEO to direct, lead and monitor whole company operation towards getting better performance in terms of sales and profitability. The best school to learn about the process of a big company. All experience with Maybank are useful with new chapter in my working life.",5,Present as Business Development Exact,Kuala Lumpur,former,5,5,5,5,5,Less time to family,Gain so much useful experience,9,160,https://malaysia.indeed.com/cmp/Malayan-Banking-Berhad-(maybank)/reviews?start=160
1028,Public-Bank-Berhad,19/1/2019,Financial Executive,"Manage branch sales and financial products. Presenting and educate staff on bank's current updated products launch. Engaged with SME, Business Banking and Corporate customer to build more business.",5,Senior Corporate Financial Executive ( Basic Pay,Kuala Lumpur,former,5,5,5,5,5,working hour is peak,Very good place to learn and experience.,10,180,https://malaysia.indeed.com/cmp/Public-Bank-Berhad/reviews?start=180
1029,RHB Bank Berhad,19/1/2019,Enermous surau & great cafe,Enormous surau & great cafe. Variety of choices from mamak to malay to chinese to western. I love the environment there. A clinic is on ground floor only.,4,Customer Service Representative,Kuala Lumpur,former,3,4,4,4,4,,HQ located at Jalan Tun Razak. Bad traffic during peak hour.,8,140,https://malaysia.indeed.com/cmp/Rhb-Bank-Berhad/reviews?start=140
1030,Public-Bank-Berhad,18/1/2019,Sport Activities,"Organise a healthy sport activities to employees, such as dodgeball, badminton, ping pong, hiking, swimming and etc. Also, improve the relationship between employees with the help of sport",5,Senior Executive,George Town,current,0,0,0,0,0,,,10,180,https://malaysia.indeed.com/cmp/Public-Bank-Berhad/reviews?start=180
1031,Cimb-Group,8/1/2019,Career Development,"able to enhance and opportunity available to enhance career, learn so many things especially related to business development, customer services towards consumer and many more",5,Marketing Executive,Petaling Jaaya,former,3,5,5,3,5,,,8,140,https://malaysia.indeed.com/cmp/Cimb-Group/reviews?start=140
1032,HSBC,8/1/2019,Fun place to work. Facilities are good,its a good place to work in. Fun people and friendly. Environment is clean and good. people are helpful and a lot of potlucks. office transport is provided and security is tight. lots of eateries around.,3,Assistant Manager - Executive Assistant,Cyberjaya,current,2,2,3,3,5,,,9,160,https://malaysia.indeed.com/cmp/HSBC/reviews?start=160
1033,RHB Bank Berhad,8/1/2019,A fast paced working environment,"'-challenging, fast paced and great learning opportunity especially for fresh graduate -great platform to learn and get the experience -helpful employees",5,Human Resource Intern,Kuala Lumpur,former,5,5,5,5,5,,,8,140,https://malaysia.indeed.com/cmp/Rhb-Bank-Berhad/reviews?start=140
1034,United Overseas Bank,7/1/2019,Aim for the best attitude,"People working in UOB has this quitters never win attitude, which I find very positive. The management push to meet the target and dont forget to remind their employees everyday, One goal, to go up.",4,Customer Service Officer,malaysia,former,2,4,3,3,3,,,4,60,https://malaysia.indeed.com/cmp/United-Overseas-Bank/reviews?start=60
1035,United Overseas Bank,7/1/2019,Productive environment,learn how to manage time and handling customers better meet new friendly colleagues good management many good benefits such as allowances and medical coverage,4,Customer Service Officer (Contract),Kuala Lumpur,former,3,4,4,3,4,,,4,60,https://malaysia.indeed.com/cmp/United-Overseas-Bank/reviews?start=60
1036,RHB Bank Berhad,6/1/2019,Banking Company & feel like home at company,"Working in RHB its very cool and friendly colleagues. I learn in RHB, banking domain knowledge, especially Corporate banking sector. In technical learned some new concepts and documentations. Management is very cool. Workplace culture fun and helping. No hardest in this job, If I donno will search in google or ask my colleagues. In business part refer docs and technical part search in google. Daily enjoying at my workplace.",5,Senior Software Engineer,"Bangi, Kuala Lumpur , Malaysia",current,5,5,5,5,5,,,8,140,https://malaysia.indeed.com/cmp/Rhb-Bank-Berhad/reviews?start=140
1037,RHB Bank Berhad,4/1/2019,Good environment,Good environment and too many opportunity to carrier growth. A new culture been applied Easy to park your car or motocycle Near to KLCC Easy to do work as officemate very friendly,4,Team manager,Kuala Lumpur,current,4,4,4,4,4,Medical,,8,140,https://malaysia.indeed.com/cmp/Rhb-Bank-Berhad/reviews?start=140
1038,HSBC,31/12/2018,Good,"Commission paid monthly with salary, work life balance, travel free, sales convention, salary increament, medical coverage for children, health care, charity activities",5,TEAM SALES MANAGER,Kuala Lumpur,former,5,5,5,5,5,Bonuses paid,Weekend activities,9,160,https://malaysia.indeed.com/cmp/HSBC/reviews?start=160
1039,HSBC,30/12/2018,Good place to start of with,Good to place to start career. Progress is sure but not the remuneration unless you are a sales staff. Things may have change now since it has been more than 7 years I left this organization.,3,Customer Service Banker,Kuala Lumpur,former,3,3,3,4,4,Good people to work with,Lack of recognition,9,160,https://malaysia.indeed.com/cmp/HSBC/reviews?start=160
1040,United Overseas Bank,30/12/2018,Great place to work,A great place to work. Staffs are friendly and approachable. Able to learn and develop within the organization. Recognition will come through if progress is shown to the management.,4,Assistant Vice President,Kuala Lumpur,former,4,4,4,4,4,Learning through Job,Require Late hours work,4,60,https://malaysia.indeed.com/cmp/United-Overseas-Bank/reviews?start=60
1041,HSBC,29/12/2018,A good place to begin our career.,A good place to begin our career but unfortunately the company is migrating its work load to china and india to save cost. Had a good exposure on account related jobs by handling customers day to day accounts and invoices issues.,4,Global Support Executive,Cyberjaya,former,4,5,4,4,4,,,9,160,https://malaysia.indeed.com/cmp/HSBC/reviews?start=160
1042,RHB Bank Berhad,28/12/2018,Very good place to gain knowledge and experience,"provide outstanding service to RHB Bank customers by answering questions, handling complaints, and troubleshooting problems with our products and services. we may handle a high volume of inbound or outbound calls or both and should seek to create a positive experience for each caller. we will listen to clients to understand the reason for their call, address all questions or complaints, and provide an accurate and efficient response.",4,Customer Service Executive,Kuala Lumpur,current,4,3,4,3,3,Unlimited medical insurance,Basic salary still lower than the other local bank,8,140,https://malaysia.indeed.com/cmp/Rhb-Bank-Berhad/reviews?start=140
1043,maybank,27/12/2018,Meet great people,Opportunities in meeting great people and great teams but culture aren't pleasant. Shows no mercy and look down on Junior staff. No teamwork promoted.,4,Personal Financial Advisor (Full Time),Kuching,former,4,4,3,4,3,Earn income in fast pace,Bad working culture,9,160,https://malaysia.indeed.com/cmp/Malayan-Banking-Berhad-(maybank)/reviews?start=160
1044,Cimb-Group,26/12/2018,Rather slow pace in the office,A Malaysian office with multi-racial staffs. Due to that we have many public holidays as productivity is kind of slow. Interaction between staff is rather low.,4,Stocks broker,"Selangor , Malaysia",former,3,3,2,2,2,Many public holidays,Not much of interaction,8,140,https://malaysia.indeed.com/cmp/Cimb-Group/reviews?start=140
1045,Cimb-Group,26/12/2018,Not suggested,"Once youve entered this Plaza Pantai building on level 15, say goodbye to your good life. As a banker and a telesales, over here you dont have any further knowledge about banking and finance. You can try to ask your manager and they will answer ""that is not necessary for you to know, you just need to deliver the number. Thats all"".. Is it fair? Well, that is what we've been facing. Racist? Hahaha goodluck on being good. Bias? Goodluck again. Suggested? Nahhh go for other bank. Sallary? Okay lah if you can do well.",2,Telesales Executive,Bangsar,former,2,3,2,1,4,Medical card,"Even if you take Annual Leave, that one will be questionable.",9,160,https://malaysia.indeed.com/cmp/Cimb-Group/reviews?start=160
1046,HSBC,26/12/2018,Enjoy working environment,"HSBC has been an excellent place to work.It's a collaborative and fun environment, which ultimately leads to a motivated group of employees striving towards the same goal.",5,Premier Financial Guide,"Bangi, Selangor",former,5,5,5,5,5,"Nice working environment, Close during Friday's pray","Average pay, hard to move up",9,160,https://malaysia.indeed.com/cmp/HSBC/reviews?start=160
1047,RHB Bank Berhad,26/12/2018,Great experience,"Nice working environment & good benefit. Can get a better career & experience in RHB. In sales line of course have a different challenge but in RHB i’ve create a sweet memory with achievements travelling, get voucher, ein a campaign and so on.",4,Personal Banker,Bandar Baru Nilai,former,3,3,4,3,4,Nil,Nil,8,140,https://malaysia.indeed.com/cmp/Rhb-Bank-Berhad/reviews?start=140
1048,United Overseas Bank,26/12/2018,Productive working place,Full guidance on job roles with training courses based on the banking products. Helpful supervising staffs for newly hired staffs. Remarkable supervising system for service quality control.,5,Customer Service Officer,Kuala Lumpur,former,3,4,4,3,4,Bonus,Parking spot,4,60,https://malaysia.indeed.com/cmp/United-Overseas-Bank/reviews?start=60
1049,Cimb-Group,25/12/2018,The working environment was good.,It was fun to be part of cimb bank but i dont like the system management on them. Should minimise the system and organise it well. Do a lot of activity,5,Collector,Kuala Lumpur,former,5,5,5,3,5,Free lunch,Short breaks and little time to go for prayer,9,160,https://malaysia.indeed.com/cmp/Cimb-Group/reviews?start=160
1050,bank islam,24/12/2018,Productive and fun with dynamic environment,"My position assigned me to make sales of banking products. Everyday, My team and I plan sales diary and apply it. Every morning I have to distribute flyers, sales call, open booth, talk, or any activities that lead to meet potential customer. I love to work in variety environment. I also love sport activities in my workplace. In my opinion, the best management must have good leadership to lead fresher and excellent work in a team. The hardest job, if I got any assignment from superior by not too clear objective of the job.",4,Personal Financial Executive,Bukit Jelutong,current,4,4,3,4,4,,,3,40,https://malaysia.indeed.com/cmp/Bank-Islam/reviews?start=40
1051,RHB Bank Berhad,24/12/2018,no life balance,'- working more than 12 hours without OT - Good place to earn knowledge on banking line - workplace is good - no life balance because need to work until 9 pm and more also on weekend.,3,Collection Executive (Mortgage),Kuala Lumpur,former,2,3,3,2,3,,,8,140,https://malaysia.indeed.com/cmp/Rhb-Bank-Berhad/reviews?start=140
1052,maybank,16/12/2018,Productive and fun workplace.,"'- Learning about financial services for example loan, insurance, saving account, etc. - The learning outlines are targeted for the roles in frontline as well as customer facing. - Can work as a part of team and exchange idea among manager and employee.",5,SL1M Trainee,Petaling Jaya,current,4,4,4,4,4,,,9,160,https://malaysia.indeed.com/cmp/Malayan-Banking-Berhad-(maybank)/reviews?start=160
1053,HSBC,12/12/2018,fun workplace with water vending machine.,I have learnt a lot when i was in Asset Management Division. The workplace was just so comfortable and the people were so great. They were so helpful and thoughtful. We worked as a team and enjoy our time together. It was a very good experience.,4,"Customer Service, and administration",Cyberjaya,former,3,3,3,3,3,Wide lounge for us to hang out.,short breaks.,9,160,https://malaysia.indeed.com/cmp/HSBC/reviews?start=160
1054,maybank,12/12/2018,Good environment good teamwork,Enjoyed experience of work place working with motivated colleagues. Management and colleagues are so supportive. The hardest part of the job was having to struggle to achieve monthly target with the recycle leads produced by management. There is no work life balance if didn't not achieve target on that month. You will be lectured to hit sales from different embarrassed ways.,3,Sales executive,Malaysia,former,1,3,3,4,5,Good environment and staff benefits,Target target target,9,160,https://malaysia.indeed.com/cmp/Malayan-Banking-Berhad-(maybank)/reviews?start=160
1055,Cimb-Group,11/12/2018,Fun working place.,They provide pantry at each level. We can access the gym anytime so we can exercise before or after working hours. Friendly working environment. I am really enjoy working at the company. Just that I was only an employee under recruit firm makes me sad.,5,BANK OFFICER,KL Sentral,former,5,3,4,4,4,,,9,160,https://malaysia.indeed.com/cmp/Cimb-Group/reviews?start=160
1056,Cimb-Group,9/12/2018,Poor management,"Long working hours to meet deadlines, days in lieu of extra hours worked are not given. There is no cohesion between departments as the management team's focus is to meet their individual targets and not the company as a whole. Political infighting.",2,Assistan VP,Kuala Lumpur,former,1,3,3,1,1,,,9,160,https://malaysia.indeed.com/cmp/Cimb-Group/reviews?start=160
1057,HSBC,6/12/2018,Its fun to work in hsbc,"Good environment,flexible working hours, bonus and increment every year. A good team player in hsbc and often organised parties when it comes to festivities.",5,Senior Sales Executive,"Kuching, sarawak",former,5,5,5,5,5,Child welfare,Healthcare,9,160,https://malaysia.indeed.com/cmp/HSBC/reviews?start=160
1058,Cimb-Group,30/11/2018,comfortable workplace and helping each other,"Work at CIMB, give me experince about handel cash etc, and also about how to attend customer . Also update and learn about system that always give us chance to learn new thing.",5,Clerical,Gua Musang,current,5,5,5,5,5,"Ot and claim travel include breakfast, lunch, dinner, toll",Healtcare insurance coverage,9,160,https://malaysia.indeed.com/cmp/Cimb-Group/reviews?start=160
1059,HSBC,28/11/2018,Average,"It was alright I guess, the people I worked with was really great and so was the management. But everyone was always to themselves and there was no space for communication within our department which was boring and the work life balance was bad",3,GSE (Call Centre Agent),Cyberjaya,former,2,3,1,2,3,,,9,160,https://malaysia.indeed.com/cmp/HSBC/reviews?start=160
1060,maybank,27/11/2018,Very good company,one of the top bank in south asia. big company that u should fight to work with them. Job opportunities less as they start doing digital banking. Learn a lot from this company,5,CONTRACT STAFF,SENAI,former,5,5,5,5,5,,,9,160,https://malaysia.indeed.com/cmp/Malayan-Banking-Berhad-(maybank)/reviews?start=160
1061,maybank,25/11/2018,Amazing employer,"Have been working for more than 15 years, was a great experience in various section from processing loan application, marketing, reviewing and monitoring loan portfolio, system administration, customer service for internal and external, including managing business report.",4,Account Officer,Bangsar,former,4,5,4,4,4,Excellent staffs welfare & benefits,Internal management birocracy,9,160,https://malaysia.indeed.com/cmp/Malayan-Banking-Berhad-(maybank)/reviews?start=160
1062,HSBC,22/11/2018,Fun place,Management mingle with the employers on daily basis and able to understand each and every team members need. Give opportunity to explore culture at HSBC.,4,Manager,"Kuala Lumpur, Malaysia",former,0,0,0,0,0,,,9,160,https://malaysia.indeed.com/cmp/HSBC/reviews?start=160
1063,maybank,21/11/2018,poor work culture,as u know maybank give their employee very good benefits but their senior staff are so cocky.rotation shift are boring with less of support.no bonding like u are working alone.mostly workers can stand 2-3months,3,Customer Service Executive,Bukit Jelutong,former,3,5,3,3,2,benefits and salary,poor bonding and support,9,160,https://malaysia.indeed.com/cmp/Malayan-Banking-Berhad-(maybank)/reviews?start=160
1064,Cimb-Group,20/11/2018,Condusive working environment,"I have learned a lot of new knowledge while working here, especially on how banking organization works. I learn about how to deal with customers properly, what we should reacts when facing cranky customers, and this position teach me about how to be a patience person. In term of working facilities, it is very good. All prominent things are provided such as there are complete equipment in pantry rest room also provided. The working culture is superb because everyone focus on their task because they have their target that the should be done daily and we always stay back after normal working hour everyday. Moreover, the hardest part of this job is we need to push customers to pay their debt and the do not have the money and we have to come up with the solutions for them. the most enjoyable part is by the time we hit the target and we can enjoy the incentives.",3,Negotiator Officer,Kuala Lumpur,current,4,3,2,3,4,Good Salary,Contract basis position,9,160,https://malaysia.indeed.com/cmp/Cimb-Group/reviews?start=160
1065,HSBC,19/11/2018,HSBC was a great place to work,"What a typical day in HSBC is just the same with all the companies around the world. Workload will contribute to your stress level. However, I firmly believe that it's on us. Pressure and stress are there but what matters is on how we act on this. if we will let the pressure gets in our way, you will not deliver what is expected of you. Managing stress is what you need to learn.That is what I have learned from HSBC. Management are very eager to help you cope with the stress. They will spend time talking to you on how they can help. They're very much willing to extend their helping hands. Work culture is really awesome. Though, you are a having a lot of workload, management will ensure that you will enjoy your stay in the company and ensuring to maximize work life balance. The hardest part of the job,I guess, the workload but I have learned and mastered to manage my time. So, I must say it was not really difficult but it was a challenge that I was really up to. The most enjoyable was you are a family.",5,Quality Assurance Officer,Malaysia,former,5,5,4,5,5,"work culture, awesome boss, good medical benefits, good compensation package, brand, family","workload but if you know how to manage, it will not be a con",9,160,https://malaysia.indeed.com/cmp/HSBC/reviews?start=160
1066,HSBC,18/11/2018,Fun place but fast paced and can be difficult,"Has a lot of security and benefits, public hjdays are renumerated into leave so more flexible when it comes to personal plans. Strict in performance and timing but promises reward if you work hard.",4,csr,Cyberjaya,former,3,5,5,4,4,,,9,160,https://malaysia.indeed.com/cmp/HSBC/reviews?start=160
1067,Public-Bank-Berhad,16/11/2018,Good company,"It is great to work with Public Bank if you have a good Branch Manager. Staff benefits are excellent. Contractual bonus, sufficient annual leave, good working environment.",4,Teller,Kl Sentral,former,3,5,4,2,2,Year end bonus,Stingy branch manager,10,180,https://malaysia.indeed.com/cmp/Public-Bank-Berhad/reviews?start=180
1068,United Overseas Bank,16/11/2018,Productive and multitasking,"A typical day working in this company is busy. What I learned from this job is how to multitask and a lot of exposure to financing and banking industry. Now I know a lot more about how banking works, what to do and what not to do.",4,Customer Service Representative (Senior Officer),Kuala Lumpur,former,3,5,4,3,3,,,4,60,https://malaysia.indeed.com/cmp/United-Overseas-Bank/reviews?start=60
1069,Ocbc,15/11/2018,productive and good culture,"Helping customer open bank account. Communication skills, sales experience, customer service Management is good Helping each other is our culture I'm enjoying meet different customer in every single day",4,Full Time Personal Financial Consultant,Batu Pahat,current,3,4,5,5,5,I learn lots of skill from this company,nothing,4,60,https://malaysia.indeed.com/cmp/Ocbc-3/reviews?start=60
1070,Cimb-Group,14/11/2018,"Productive and enjoyable with gym room, zumba class",Make a call everyday to remind customer. Learn about customer behavior. Very good management with nice workplace culture. Hard to achieve KPI every month.,5,EXECUTIVE NEGOTIATOR,Kuala Lumpur,current,5,5,5,5,5,,Short brakes.,9,160,https://malaysia.indeed.com/cmp/Cimb-Group/reviews?start=160
1071,Cimb-Group,11/11/2018,Flexible Work with Mobile sales at Shopping Complex,"Following normal 5 days working with follow shopping complex working hours 11am to 8pm. advantages a lot about loan processing, procedures, contacts of bankers and certificates, benefits training, good relationship with the customer. Strict management always reminding and follow up our each every activity. The friendly boss always helps to the case. The hardest part is we can't promise to customers to loan approval.",4,Personal Finance Advisor,Penang,former,4,3,4,4,5,dinner,emergency leaves,9,160,https://malaysia.indeed.com/cmp/Cimb-Group/reviews?start=160
1072,Cimb-Group,11/11/2018,Working culture is fun,Its an 8.30 am to 5.45 am working hours. In CIMB iI have learned all the working should be detailed as possible. Their management was the best and working culture was ok. The hardest part of this job was to keep the data accurate before submitting it to the respective person in charge. The most enjoyable part of this job is I got the chance to work with the director directly.,4,Management Trainee (SL1M),Kuala Lumpur,former,4,3,3,4,4,,,9,160,https://malaysia.indeed.com/cmp/Cimb-Group/reviews?start=160
1073,HSBC,11/11/2018,The good things,"Good working environment, good teamwork and nice office mate. They always help through training to gain knowledge in any task that company given.Can learn how the correct way to handle customer. learn how to solve the problems customer.",4,Debt collector,Kuala Lumpur,former,4,4,4,4,3,work life balance,Challenge to get increment,9,160,https://malaysia.indeed.com/cmp/HSBC/reviews?start=160
1074,HSBC,11/11/2018,Best Place to work,HSBC is without a doubt the best place to work. I have stayed for more than 10 years in HSBC because of its goal in business and the drive for customer satisfaaction,4,Assistant Manager,Malaysia,current,4,3,4,3,4,Environment,Remuneration,9,160,https://malaysia.indeed.com/cmp/HSBC/reviews?start=160
1075,HSBC,11/11/2018,Nice place to work,"Provide training to staff from time to time. Working environment is good. This company is. Good place if you give it a chance to be, stay positive and keep pushing yourself forward.",4,Senior Global Support Executive (Senior Executive),Cyberjaya,former,3,4,4,4,4,,,9,160,https://malaysia.indeed.com/cmp/HSBC/reviews?start=160
1076,HSBC,7/11/2018,"Structured, Great and Secure Workplace","It's an amazing environment to be in, with a great support from HSBC for those wanting to move up the ladder. Work environment is very structured and leaves out any doubts or questions regarding the work through the use of comprehensive training and manuals.",5,Global Support Executive (Customer Service),Cyberjaya,former,5,5,5,5,5,Working in the Finance industry,Shift work,9,160,https://malaysia.indeed.com/cmp/HSBC/reviews?start=160
1077,HSBC,6/11/2018,Good,"I have a good experience while worked with HSBC Malaysia Sdn Bhd loacted at Bukit Bintang branch. At there, i assisting customer to the counter. Luckily, i have a good colleague to teach me about the job given from my supervisor.",4,Bank Officer,Kuala Lumpur,former,4,4,4,4,4,,,9,160,https://malaysia.indeed.com/cmp/HSBC/reviews?start=160
1078,maybank,31/10/2018,First experience in Automation Testing,"Despite we learn the new tools by our own, It making me develop myself with pure effort where I'll constantly looking for new resources available via the internet. I must say that the team had successfully delivered the project despite being the ""experiment"" team to use a new open source tool, Katalon, to automate the regression test.",4,Automation Tester,Kuala Lumpur,former,4,4,4,4,4,,,9,160,https://malaysia.indeed.com/cmp/Malayan-Banking-Berhad-(maybank)/reviews?start=160
1079,Cimb-Group,30/10/2018,"Working as an Assistant Manager with CIMB Bank, Malaysia from Dec. 2015 to Till Date","Working as an Assistant Manager with CIMB Bank, Malaysia from Dec. 2015 to Till Date We are supporting various modules for various locations like Deposits, Loan/ ATM /CIF. Below is the list of Deliveries(module/Country)",3,"Deposits, Host",Kuala Lumpur,former,3,3,3,3,3,Contract,contract,9,160,https://malaysia.indeed.com/cmp/Cimb-Group/reviews?start=160
1080,Cimb-Group,30/10/2018,It is an okay place to work at,The fun part comes from the colleagues you work with. Not a very good compensation from the organization. Get to meet lots of different people from various department.,3,Personal Financial Apprentice,Malaysia,former,3,2,3,2,3,,,9,160,https://malaysia.indeed.com/cmp/Cimb-Group/reviews?start=160
1081,maybank,30/10/2018,It is an okay place to work at,The fun part comes from the colleagues you work with. Good compensation. Get to meet lots of different people from various places. Need to work alone most of the time.,4,Mortgage Specialist,Malaysia,former,4,3,3,3,3,,,9,160,https://malaysia.indeed.com/cmp/Malayan-Banking-Berhad-(maybank)/reviews?start=160
1082,Ocbc,30/10/2018,"We are supporting various modules for various locations like Deposits, Host teller and CIF Etc.","We are supporting various modules for various locations like Deposits, Host teller and CIF Etc. Below is the list of Deliveries(module/Country) .Requirement from BNM for all participating JomPAY banks to allow their ATM’s to perform JomPAY bill payment .",3,Manager Assistant,Kuala lumpur,former,3,3,3,3,3,contract,,4,60,https://malaysia.indeed.com/cmp/Ocbc-3/reviews?start=60
1083,United Overseas Bank,30/10/2018,Requirement from BNM for all participating JomPAY banks to allow their ATM’s to perform JomPAY bill payment .,Requirement from BNM for all participating JomPAY banks to allow their ATM’s to perform JomPAY bill payment . We Create five New Auxiliary Txn Code to support Jompay payment including TLTX Para setup for debit and credit leg and develop new program to print daily and monthly jompay payment report . FTP para setup to transfer all report to user location folder for verification.,3,Developer/Analyst,kuala lumpur,former,3,3,3,3,3,contract,contract,4,60,https://malaysia.indeed.com/cmp/United-Overseas-Bank/reviews?start=60
1084,Public-Bank-Berhad,28/10/2018,Good benefits & friendly colleagues,Remuneration package among the best in the industry. Average 5 months bonus. Annual increment is very decent. Attractive staff rates for housing and car loan.,4,Senior Financial Executive,Kuala Lumpur,former,2,5,4,4,4,Good bonus each year,Long working hours,10,180,https://malaysia.indeed.com/cmp/Public-Bank-Berhad/reviews?start=180
1085,Public-Bank-Berhad,27/10/2018,Stressful work environment but the reward/benefits given are great,"During my tenure at Public Bank, I am part of Hire Purchase Credit Processing HP Centre. With team of 10 Officers, each of us need to process an average of 10 cases per day and was given 3 days to submit a decision whether the customer submission approved or rejected. It's very stressful as the pace of new case submission was very fast and It need me to go back home late everyday. Different department has different challenges. Like Housing Loan Department are less stressful as officer part only on customer credit evaluation. The rest will be done by panel lawyer as it involves government agencies. For Frontline Counter they are facing Queue Management System (QMS) which HQ will track how many customers are waiting for their number to be call in more than 2 minutes. But the best part in Public Bank, of course the bonus and ex-gratia. The management are good in taking care staff welfare. Medical benefit are given to staff and their families, 2 months bonus are given to all staff every year and in addition special ex-gratia based on staff performance up to 5 months and low interest rate 0% - 2% for staff housing loan. Overall, although work environment are stressful but working in Public Bank build my personality in terms of work wise fast and accurate, customer handling and evaluation, useful experience, etc",5,Senior Executive,Public Bank Taman Molek HP Centre JB,former,3,5,4,4,3,"Medical Benefits, Staff Housing Loan, Bonus/Ex-gratia",Work Loading,10,180,https://malaysia.indeed.com/cmp/Public-Bank-Berhad/reviews?start=180
1086,Cimb-Group,22/10/2018,Very discipline but fun working environment,Working with CIMB Bank makes me more aware about the financial industries perhaps due to quality and consistent training provided by the bank. The discipline but fun working culture adapted by the bank makes staff hard to think about leaving the Company. Conclusion CIMB Bank as a second largest bank in Malaysia has projected a very good image of Financial Institution of Malaysia,4,Credit Admin Ofdicer,Georgetown Penang,former,4,4,5,4,4,Fun working environment,No longer focus for internal sports nand recreation,9,160,https://malaysia.indeed.com/cmp/Cimb-Group/reviews?start=160
1087,HSBC,22/10/2018,Fun workplace,Friday a typical day to work Multiple processes from different countries operation and effective training Excellent management Variety culture Self formation in terms need to learn multiple tasks Friendly environment,4,Global Support Executive,Cyberjaya,former,5,5,5,5,5,Free lunch,Lunch breaks,9,160,https://malaysia.indeed.com/cmp/HSBC/reviews?start=160
1088,Public-Bank-Berhad,16/10/2018,Largest Local Bank,"Totalyy a different way of working, as this follow the Local way on culture and mix only local people and working across with State in Malaysia and understanding their Culture",5,Operations Control & Inspection Audit Clerk,Kuala Lumpur,former,5,5,5,5,5,,,10,180,https://malaysia.indeed.com/cmp/Public-Bank-Berhad/reviews?start=180
1089,RHB Bank Berhad,15/10/2018,Good advancement for career and base for learning,RHB Bank is one of the leading bank for the employee who wish to start their career in financial sector. The Bank provide the staff a good platform in corporate world especially in financial discipline. The workplace culture is god and convenient. The hardest part of the job is when you have to settle all the urgent and important matters at once. The most enjoyable part of the job is that you are being appreciated and satisfied that all the job will be done in due process and also chance to learn from the other stakeholder or businesses.,4,"Associate, Industrial Relations",Kuala Lumpur,current,4,3,3,3,3,Good learning culture,N/a,8,140,https://malaysia.indeed.com/cmp/Rhb-Bank-Berhad/reviews?start=140
1090,maybank,14/10/2018,Teamwork and good environment,What i have learn from there is : - take seriously on our task and try completing the task before deadline -help each other’s - pantual on attendance - Working culture fun - last thing the most im enjoyable at there is management alwyas have a plan for our department go outing,3,Executive,Bangsar kuala lumpur,former,3,3,3,3,3,Free lunch,Office hour,9,160,https://malaysia.indeed.com/cmp/Malayan-Banking-Berhad-(maybank)/reviews?start=160
1091,Public-Bank-Berhad,14/10/2018,hassle workplace,"I enjoy working here because i get many benefits such as spectacles allowance that can be claimed annually, year end bonuses and full medical claim. But, working as bank teller is quite challenging because you need to fulfill customer needs but at the same time you need follow guidelines. Nevertheless, a lot of things we can learn about finance.",2,Bank Teller,"Raub, Pahang, MALAYSIA",current,3,4,4,3,4,"Cost of Living Allowance, spectacles allowance, bonuses, full medical benefit",management,10,180,https://malaysia.indeed.com/cmp/Public-Bank-Berhad/reviews?start=180
1092,Public-Bank-Berhad,13/10/2018,a good place to work,"a very good place, environment of work. learning how to do sales with a proper guide from senior. the top management also plays their roles in helping new employee to adapt with the work situation",5,Marketing Executive,kedah,former,4,5,5,3,5,,hard to achieve target,10,180,https://malaysia.indeed.com/cmp/Public-Bank-Berhad/reviews?start=180
1093,Bank-Rakyat,11/10/2018,Good Employer,Have a nice memory with bank rakyat. A very good environment. Easy to coorperate with staff. Very supportive employer. Willing to help when needed. I'm happy working in bank rakyat.,5,Sales Executive,Petaling Jaya,former,3,3,3,5,5,,,2,20,https://malaysia.indeed.com/cmp/Bank-Rakyat/reviews?start=20
1094,maybank,11/10/2018,Productive and conducive work place,Excellent company for career growth. Can learn how to managed fraud case and create a wonderful customer experiance and makes them feels great when do any inquiry with Maybank,4,Financial Advisor,Kuala Lumpur,current,4,4,4,4,4,,,9,160,https://malaysia.indeed.com/cmp/Malayan-Banking-Berhad-(maybank)/reviews?start=160
1095,Public-Bank-Berhad,11/10/2018,place where you can learn a lot of things,"Good exposure especially for fresh grad to start their career life. For the younger generation, they need to adapt to baby boomers culture. All its senior management are baby boomers. If they are humble to learn , they will learn a lot. How ever , if they are impatient , they will find big gap to communicate and implement the task.",2,management trainee,Kuala Lumpur,current,2,4,2,2,2,compensation,"long working hours, full load of works",10,180,https://malaysia.indeed.com/cmp/Public-Bank-Berhad/reviews?start=180
1096,RHB Bank Berhad,9/10/2018,Working environment is good,"RHB is a very good company in malaysia to work with colleagues, environment and hard working.Everybody mostly prefer to work such type of company.But it's bit far",3,MSBI (SSIS) Developer,Bangi,current,3,3,2,4,4,,,8,140,https://malaysia.indeed.com/cmp/Rhb-Bank-Berhad/reviews?start=140
1097,HSBC,7/10/2018,Typical,Fun work place. Routine job & Cannot move to better prospect. This job didnt allow me to learn higher level. Sales Team but Comission scheme very poor.,5,CREDIT CARD CALL CENTRE EXECUTIVE,Cyberjaya,current,3,3,2,2,2,Fun,No career advancement,9,160,https://malaysia.indeed.com/cmp/HSBC/reviews?start=160
1098,United Overseas Bank,3/10/2018,Good for fresh graduate to kick off their career,"The working environment is fairly good. We do not need to work for extra long hours, just the office hour. The company culture is okay, but lack of future career advancement leads me to find other job",3,Senior Officer Finance,Kuala Lumpur,former,4,3,2,2,2,"good location, surrounded by public transport","contract offered to staff for a short period, 5 months",4,60,https://malaysia.indeed.com/cmp/United-Overseas-Bank/reviews?start=60
1099,Cimb-Group,1/10/2018,Work place environment and culture,Work place environment should be conducive with sufficient support extended to employees. Never say no to obstacles but embrace them as everything has a solution.,2,BDC Manager,Genting Highlands,former,2,3,2,3,2,New ideas and knowledge in a different industry,Unethical working ethics,9,160,https://malaysia.indeed.com/cmp/Cimb-Group/reviews?start=160
1100,HSBC,27/9/2018,Good for new learner,HSBC is a place for new comer to learn and improve their skills in communication and build up new skills. Perfect learning and training will be given to the new hire. Manager will provide guidance when necessary.,4,Global Support Executive,Cyberjaya,former,4,4,4,4,4,"Enviroment, Working mate",Short Break,9,160,https://malaysia.indeed.com/cmp/HSBC/reviews?start=160
1101,maybank,27/9/2018,Productive,Maybank is a Strong learning and growing platform for juniors. Maybank has good Banking system and is a matured financial industry . The bank innovates and grows continuously. There is a vast career enhance opportunity for employees. Nevertheless the benefits offered to employees are great interms of remuneration and medical. The practice of TIGER values within the bank creates all employees to be committed and have ownership in achieving their milestones,4,Executive Officer,Malaysia,former,4,5,5,4,4,Good benefits,Long hours,9,160,https://malaysia.indeed.com/cmp/Malayan-Banking-Berhad-(maybank)/reviews?start=160
1102,Cimb-Group,25/9/2018,"very helping, motivated and positive staff","I was located at the front desk to welcoming and attend walk in customer, i need to filter customer on the beginning to keep queue time in the good condition, the roles for staff at the front desk is important to short the process before they go to counter. for example they need to fill any form before the queue number being called, so it will make it the process become fast. Sometimes we assist customer on their problems, such as how to register on the cimb clicks, how to transfer money and so on. Usually senior citizen does not familiar with the technology, so they need someone that can be trusted to assist them.",4,CUSTOMER SERVICE DEPARTMENT (RECARDING),Kuala Lumpur,former,3,3,3,3,3,you can back on time as there no overtime for SL1M staff,there's no benefit for a SL1M staff,9,160,https://malaysia.indeed.com/cmp/Cimb-Group/reviews?start=160
1103,United Overseas Bank,24/9/2018,No work life balance,'- No work life balance - A lot of jobs but not enough manpower - Everyday need to stay back late but no OT - Politic in the office - Too many turnover in a year,1,ACCOUNT MAINTENANCE OFFICER,Kuala Lumpur,former,1,1,1,1,1,Nothing,,4,60,https://malaysia.indeed.com/cmp/United-Overseas-Bank/reviews?start=60
1104,RHB Bank Berhad,23/9/2018,Productive and Fun Place to work,'- Challenging Job - Able to build a fresh network of customer base - Able to explore various business market - Teamwork is essential - the hardest part of the job is meet monthly minimum target,3,Outlet Assistant Manager,Tesco Tanjung Pinang,former,3,3,3,3,3,"Fun working environment, Sufficient break time","Stressful, Too many Products, High monthly Target",8,140,https://malaysia.indeed.com/cmp/Rhb-Bank-Berhad/reviews?start=140
1105,RHB Bank Berhad,21/9/2018,Never compromise integrity,"I gave my entire career working upwards from a graduate trainee till the Senior Vice President level. I was forced to accept a golden handshake not because i was incompetent to lead a strong Loan Recovery team, my unquestionable integrity didn't sit well with one vocal shareholder who also a board of director member. As Head of Recovery, our task to maximise recovery and recalcitrant borrowers we have to punish.. i punished one by winding them up which irked this director as i did it on his friend's company. The rest was history..",5,"Senior Vice President, Head of Loan Recovery",Kuala Lumpur,former,5,5,5,4,5,Respected by peers,Lost a top job,9,160,https://malaysia.indeed.com/cmp/Rhb-Bank-Berhad/reviews?start=160
1106,Cimb-Group,20/9/2018,Environment,Very good place for the add knowledge and experience with cimb. The benefits they offer to the staff is good. Just love what you do can make easier for your career.,4,Personal Financing consultant,Petaling Jaya,current,4,4,4,4,4,Claim,Annual leave,9,160,https://malaysia.indeed.com/cmp/Cimb-Group/reviews?start=160
1107,Cimb-Group,20/9/2018,Productive and learn more about fiance with my senior,"I am also responsible for sales/reporting,prospecting and training new employees during my employment , I have completed these examination and holding the certifications for -Takaful basic examination (TBE) by IBFIM -Pre contract Examination for insurance agent (PCIEA) by MII",5,Personal Financial Advisor,Klang,former,5,5,5,5,5,learn more about fiance,no payment went i work overtime,9,160,https://malaysia.indeed.com/cmp/Cimb-Group/reviews?start=160
1108,Cimb-Group,18/9/2018,Well Place to Work,"Good Place as a Staff. Good of Working Environment, Well organized team, a lot of administration duties learn and opportunity work in customer service industries and banking.",5,Customer Service Representative,Kuala Lumpur,former,5,5,5,5,5,Great Team,Work Late/Over Hours.,9,160,https://malaysia.indeed.com/cmp/Cimb-Group/reviews?start=160
1109,HSBC,18/9/2018,Awesome work enviroment and broad opportunities,"Company with one of the best working cultural, managers overall are supportive and friendly, many innovative group and departmental engagement activities.",4,N2MI,Cyberjaya,current,4,3,3,3,4,Proactive Training & Engaging Activities,,10,180,https://malaysia.indeed.com/cmp/HSBC/reviews?start=180
1110,Cimb-Group,17/9/2018,Good company to work,"Nice company to work with, good potential as the CIMB Direction is to conger ASEAN. Good exposure for fresh graduates as the learning many banking SOPs.",3,Project Manager,Kuala lumpur,former,3,3,3,3,3,,,9,160,https://malaysia.indeed.com/cmp/Cimb-Group/reviews?start=160
1111,Cimb-Group,16/9/2018,Productive and fun workplace,"A great workplace and good for career growth progression. Have to learn to be a multitask person and to prioritize workload. In addition, have a great staffs.",5,Customer Service Officer (CSO),Kuala Lumpur,former,4,4,4,4,4,,,9,160,https://malaysia.indeed.com/cmp/Cimb-Group/reviews?start=160
1112,United Overseas Bank,13/9/2018,fun workplace,Very good company for starters. Compliance are very standard and functional. Pantry is prepared in very well manner. Staffs are recruited using contract.,4,Customer Service Senior Officer,Kuala Lumpur,former,4,5,5,3,4,incentive,leaves,5,80,https://malaysia.indeed.com/cmp/United-Overseas-Bank/reviews?start=80
1113,bank islam,12/9/2018,"To manage customer waiting time, operation and atm",Double up effort to facilitate clients needs on banking issues. To ensure clients are well served with goods services and timely. Ensure all amount and figures are key in correctly and accordance to the banking system. Collect monies from the atm and ensure its overall balances.,3,Assistant Manager,"Teluk Intan, Ipoh, KL",former,3,3,3,3,3,Offday on saturday and monday,Shortbreak and long hours,3,40,https://malaysia.indeed.com/cmp/Bank-Islam/reviews?start=40
1114,United Overseas Bank,9/9/2018,Numerous skill develope,'-Able to gain numerous skill that needed in this position -Enable us to make effective time management on the task that w need to complete. -Teamwork spirit,5,senior officer,Kuala Lumpur,former,2,5,5,4,4,medical claim,work life no balance,5,80,https://malaysia.indeed.com/cmp/United-Overseas-Bank/reviews?start=80
1115,Cimb-Group,8/9/2018,Na,"Nice place to work. Learning is there but some times feel monotony in work. Management is good and Work place culture is also good, everyone will help if you are stuck at some point.",5,IBM BPM Developer,Kuala Lumpur,current,4,4,5,5,5,,,9,160,https://malaysia.indeed.com/cmp/Cimb-Group/reviews?start=160
1116,Cimb-Group,7/9/2018,Team work and opportunities for learning,You are given KPIs to work on and your achievement will be well rewarded by Management. The hardest part of the job is to handle the multiple meetings and you have little times to work on your tasks.,5,Product Management,KL Sentral,former,5,5,4,4,4,strategic location,too many meetings,10,180,https://malaysia.indeed.com/cmp/Cimb-Group/reviews?start=180
1117,Public-Bank-Berhad,6/9/2018,Presentation Skills,This is the first job after I graduated. I can learn the presentation skills and communication skills. Besides I can be more confident to speak with customers.,3,Banc assurance Sales Executive,Perak,former,3,3,3,3,3,Presentation Skills,Long Hours,10,180,https://malaysia.indeed.com/cmp/Public-Bank-Berhad/reviews?start=180
1118,HSBC,5/9/2018,Good,"Good payment and Balance, support for educations, clear job description, side by side work with higher rangking, good location, lot benefit, staff loan and allowance.",5,Case Manager CDD and Onboarding,Kuala Lumpur,former,5,5,5,5,5,,,10,180,https://malaysia.indeed.com/cmp/HSBC/reviews?start=180
1119,HSBC,4/9/2018,Workplace,Good place to work with and to learn new things which will be the stepping stone for career enhancement. Engagement with various stakeholder gave more exposure and knowledge sharing.,4,"Manager,KYC Services/Client Onboarding (COBAM)",Kuala Lumpur,former,4,3,4,3,3,,,10,180,https://malaysia.indeed.com/cmp/HSBC/reviews?start=180
1120,RHB Bank Berhad,4/9/2018,Workplace,Good place to work with and to learn new things which will be the stepping stone for career enhancement. Engagement with various stakeholder gave more exposure and knowledge sharing.,5,"Vice President (Head), Group Compliance Governance",Kuala Lumpur,current,4,4,4,4,4,,,9,160,https://malaysia.indeed.com/cmp/Rhb-Bank-Berhad/reviews?start=160
1121,Cimb-Group,3/9/2018,Performance driven that lead to performance culture,Result oriented and performance driven organization which lead to performance driven culture and as a push power to go beyond limit and to actively look into opportunities.,4,Business Unit Manager,Batu Gajah Perak,former,3,4,4,4,4,monetory,nil,10,180,https://malaysia.indeed.com/cmp/Cimb-Group/reviews?start=180
1122,Public-Bank-Berhad,3/9/2018,Busy working environment.,"Public bank is a good company providing lots of benefits to the staffs. However, the working environment is bad as the working culture is terrible all the times. Top management and branch management unable to work as a team as the direction always different.",3,Senior Executive,Johor Bahru,current,3,5,4,3,2,Good staff benefits low rate housing loan and family medical benefits,Bad management team with bad working culture,10,180,https://malaysia.indeed.com/cmp/Public-Bank-Berhad/reviews?start=180
1123,Cimb-Group,30/8/2018,Job work and life balance vry minimal. High target and need to work on saturday sunday.,"Overall are satisfied. Good benefits and compensation. However, in terms of management in branch level sometimes staff not getting support. Job and life balance descreasing. Need to work on weekend to complete job.",4,Relationship manager,Kedah,current,2,4,3,3,3,Good benefits and compensation,"Job and life not balance, need to work on weekend.",10,180,https://malaysia.indeed.com/cmp/Cimb-Group/reviews?start=180
1124,Bank-Rakyat,25/8/2018,Im enjoy work at bank rakyat but im contract for 2 years,Im manage for customer stamping after loan. Im also secetery my Boss and admin to all staff. Last part my job is customer service and answer call customer.,5,CLERK,"TAWAU,KOTA KINABALU",former,5,5,5,5,5,"Heatcare, Annual Bonus, Raya Bonus;Benefit",,2,20,https://malaysia.indeed.com/cmp/Bank-Rakyat/reviews?start=20
1125,United Overseas Bank,22/8/2018,Loved working there,Friendly boss and staff. Nice office environment. Supportive boss and open to new ideas especially filling system. Loved working there. Clean and spacious office,5,Clerk,Kuala Lumpur,former,0,0,0,0,0,,,5,80,https://malaysia.indeed.com/cmp/United-Overseas-Bank/reviews?start=80
1126,RHB Bank Berhad,17/8/2018,Productive and fun workplace,"The office provide games such as dart, pool, PS4 and congkak to release tension. It also have mini gym like treadmill, & boxing sandbag. 1Malaysia's environment, we got Malay, Chinese, & India staffs mixed with foreign people from oversea.",5,Executive Assistant,Kuala Lumpur,current,4,4,5,4,4,Nice coffee,None,9,160,https://malaysia.indeed.com/cmp/Rhb-Bank-Berhad/reviews?start=160
1127,HSBC,16/8/2018,The environment,Our work culture at HSBC was very fixed where when we clocked in and start our work immediately. If we stayed longer than 9 hours HSBC will pay OT which is fun part for us.,3,Global Support Executive,Cyberjaya,former,3,4,4,3,4,paid ot,short breaks,10,180,https://malaysia.indeed.com/cmp/HSBC/reviews?start=180
1128,bank islam,13/8/2018,average productivity,The achievement of target should be praised and appreciate by the company. The benefit promised also needs to implement so that can increase the productivity.,3,Deposit Marketing Executive (Contract),Selayang,former,3,3,4,3,3,,,3,40,https://malaysia.indeed.com/cmp/Bank-Islam/reviews?start=40
1129,Bank-Rakyat,6/8/2018,Hamonious working atmosphere,Work in a calm and harmonious atmosphere. Comfortable office space and various amenities are available.Sport club facilities and various activities are organized. Medical benefits for employees and family member,3,CLERK,Kuala Lumpur,current,4,3,4,2,4,"Medical, Sports and Activities Club",Promotion Gred and Post,2,20,https://malaysia.indeed.com/cmp/Bank-Rakyat/reviews?start=20
1130,Cimb-Group,4/8/2018,Nice Inviroment,I think the company cimb have a nice place to working because there enviroment all we this got in this company. The pays of comisen are higher i get in this company. Thanks,5,Assistant Sale Manager,Kuala Lumpur,current,4,4,4,4,4,,,10,180,https://malaysia.indeed.com/cmp/Cimb-Group/reviews?start=180
1131,RHB Bank Berhad,31/7/2018,not a great place to work,learned how to talk with customer the hardest part of the job is facing management normal working rouutine not recommended for career but good for gaining experience,1,Collection Officer,Kuala Lumpur,former,1,2,2,1,1,work,management,9,160,https://malaysia.indeed.com/cmp/Rhb-Bank-Berhad/reviews?start=160
1132,RHB Bank Berhad,29/7/2018,Management,"i love the most how this company manage their staff and in term of how the benefit given to the staff like monthly meeting with RD, managers and staff from other branch",4,sales executives,Petaling Jaya New Town,former,2,4,5,5,4,training,monthly meeting,9,160,https://malaysia.indeed.com/cmp/Rhb-Bank-Berhad/reviews?start=160
1133,United Overseas Bank,29/7/2018,fun workplace,the company has a great culture which is no gap between staff and manager so its easier to share something with the management. The company also understand muslim such as provided 2 diff pantry for halal and non halal.,4,senior officer,Kuala Lumpur,former,4,4,4,4,5,free food during OT,short break during maintainance,5,80,https://malaysia.indeed.com/cmp/United-Overseas-Bank/reviews?start=80
1134,maybank,25/7/2018,Productive and Teamwork working environment,"In my previous company, I have learned to deal with a new environment as it was my first job. For example, dealing with different kind of customer's attitudes, promoting and selling the company's products as well as doing some documentation in the working place. The most enjoying part of the job is able to create a very strong bond between the employees in the office. However, the hardest part of the job is to maintain the target consistently for the company on the daily basis, which means we need to achieve our target at the end of each day.",4,Sales Executive,Kota Kinabalu,former,3,5,5,4,4,Bonuses and Annual Leave,Working pressure,9,160,https://malaysia.indeed.com/cmp/Malayan-Banking-Berhad-(maybank)/reviews?start=160
1135,RHB Bank Berhad,25/7/2018,"handling multi-tasking works, independent, be a good player in approach walk in customer or potential customer whose come in to the braanch.","Need to focus on the daily operation on saling of banking's product, Debit card, general and life insurance, personal loans and asb loans. i also need to make sure to attend all customer with good manner and ensure all original documents need to give them back. I also need to make sure any information or supporting document from customer need to keep in file. Need to achieve monthly target and ensure all complaints from customer are resolved.",4,Sales Executive,"Putatan, Sabah",former,3,3,3,3,3,medical card,short break,9,160,https://malaysia.indeed.com/cmp/Rhb-Bank-Berhad/reviews?start=160
1136,Cimb-Group,23/7/2018,"handling customer's enquiry, need to reach target KPI and SLA every month",environment is good even everyday dealing with difficult customer. leader always help and consult the team in order to avoid fatal and non fatal to achieve the KPI,4,Contact centre consultant,"plaza pantai, kerinchi",former,3,3,4,3,3,Good leaders and colleague,hard to get leave due to short headcounts.,10,180,https://malaysia.indeed.com/cmp/Cimb-Group/reviews?start=180
1137,HSBC,23/7/2018,Job Insecurity.,"A good place to work with due to the professional culture of the bank. However, job insecurity is there at any time at all level. Lack of transparency and need improvement.",3,Chief Control Officer,Kuala Lumpur,former,3,3,2,3,3,Learning & Developement,Job Insecurity,10,180,https://malaysia.indeed.com/cmp/HSBC/reviews?start=180
1138,Cimb-Group,19/7/2018,Productive and fun working place,Good place to work & develop myself. Better future. Looking forward to be here for longer years. Encourages more people to join as cimbians. Learnd a lot and would like to.learn more.,5,Officer,Bangsar South,current,5,5,5,5,5,,,10,180,https://malaysia.indeed.com/cmp/Cimb-Group/reviews?start=180
1139,Ocbc,15/7/2018,Workplace that able to learn more knowledge on international trade,I am able to learn more knowledge on international trade which is one of the challenges as understanding on International trade required a deep understanding to figure out the requirement on letter of credit.,3,Manager,Kuala Lumpur,current,0,0,0,0,0,,,4,60,https://malaysia.indeed.com/cmp/Ocbc-3/reviews?start=60
1140,HSBC,12/7/2018,Productive and Fun.,"Doing daily things routine such as assisting customer and balancing. I learned a lot of new things such as how to use IBBM software and how to manage customer complain, their management are really well manage and even their workplace culture are very helpful for me because if I do not know a things I just can ask anyone in the bank and there always an answer for my question so everyday is kind of learning process for me. The hardest part of my job when i have to face some of fussy customer and I need to overcome their temper and what most enjoyable part is every week we have branch meeting and during meeting everyone will shared their concern or opinion sometimes there will award for employee during meeting just to increase our passion in work and i think it very nice when employer appreciate and acknowledge the employee by giving reward.",5,Temporary Clerk,Bukit Bintang,former,5,5,3,5,5,,,10,180,https://malaysia.indeed.com/cmp/HSBC/reviews?start=180
1141,Cimb-Group,10/7/2018,A good place for fresh graduate experienced,The jobs is to entertain walk in and online customers and give information about the items. Working from Monday from Friday from 8.30am to 5pm . What i have learned that i learned to know the behavior of customer by talking alot to the customer. The hardest part of the jobs is when there is no customers since its really need a hard marketing to promote your product,3,Personal Financial Consultant,Kuala Lumpur,former,4,4,4,2,3,Good payment and remunation,sometimes need to stay back,10,180,https://malaysia.indeed.com/cmp/Cimb-Group/reviews?start=180
1142,Public-Bank-Berhad,8/7/2018,Good working environment,"Remuneration package among the best in the industry. Average 5 months bonus. Annual increment is very decent. Attractive staff rates for housing and car loan. Work life balance is acceptable depending on which department you work at and the boss you work for. Staff dismissal is rare and unheard of except in extreme cases. Great place to work to raise a family and retire. Company prefers to hire fresh graduates than outsiders. Career progression is steady, even predictable up to a certain level.",5,Senior Sales & Marketing Executive,malaysia,current,1,4,5,5,5,,no work life balance,10,180,https://malaysia.indeed.com/cmp/Public-Bank-Berhad/reviews?start=180
1143,RHB Bank Berhad,5/7/2018,The hardest part of the job,Is have to achieve the target given which very challenging every months . Also most off the time spend is on the office . You will gain a lot of knowledge during this work which very helpful in future .,3,COLLECTION EXECUTIVE,Kuala Lumpur,current,2,2,2,2,2,,No overtime claim,9,160,https://malaysia.indeed.com/cmp/Rhb-Bank-Berhad/reviews?start=160
1144,Cimb-Group,4/7/2018,Negotiate,"Actually, it's quite hard for me to adapt to this strict and stressful environment where I have to negotiate with customers peacefully to clear off their debt. But overall, it helps me very well to be more professional and discipline.",5,COLLECTION RECOVERY OFFICER,Kuala Lumpur,former,3,3,5,4,4,,,10,180,https://malaysia.indeed.com/cmp/Cimb-Group/reviews?start=180
1145,RHB Bank Berhad,4/7/2018,get more experience and a good working environment,"working in my rhb company gets more knowledge and knowledge, my colleagues are very helpful and help each other. There I was also trained to be a very important subject to disilplin and to maintain trust or to be more responsible in carrying out my duties.",4,COLLECTION OFFICER,"jln munshi abdullah ,kuala lumpur",former,4,2,5,4,3,,,9,160,https://malaysia.indeed.com/cmp/Rhb-Bank-Berhad/reviews?start=160
1146,Public-Bank-Berhad,2/7/2018,Productive and fun working environment,Working in Public bank was really bring me a lot of experience. The way of communicate with problem customer and how to work in a big team. The fun of the work place is we can meet many different type of customer and colleagues.,4,Clerk,Shah Alam Selanor,former,5,4,5,5,5,,,10,180,https://malaysia.indeed.com/cmp/Public-Bank-Berhad/reviews?start=180
1147,RHB Bank Berhad,2/7/2018,Productive and target oriented,"Encourage to achieve targets set by management. Fun work environment, got variety of race, good relationship among staff, a lot of cultural events,birthday celebrations organised. Supportive management where always organise meetings with managers/team supervisors, teamwork in achieving target for high incentives and pay.",5,Sales Consultant,Petaling Jaya,former,5,4,4,4,4,big incentives offered,"working late night and weekend without OT and double pay, the whole incentives will be burn if no target achieve.",9,160,https://malaysia.indeed.com/cmp/Rhb-Bank-Berhad/reviews?start=160
1148,maybank,29/6/2018,Staff management depends on overall top management.l,"Branch management depends on the harmony of overall higher level supervisor.From BM ,ABM Supervisor ,clerk , messenger everybody have their on role.Teamworks is the most thing should have in all level of staff.",5,"Clerk , Officer (Executive)",MY,former,5,4,4,3,4,"Activity after ofice hour.(internal activity sports darts, )",Leak of communication,10,180,https://malaysia.indeed.com/cmp/Malayan-Banking-Berhad-(maybank)/reviews?start=180
1149,HSBC,25/6/2018,Engaging work environment,"My typical days in the past is always securing 4 appointments and proposing 2 customers' banking needs and securing more deposit into the bank. The workplace believes in developing customer engagement, visiting customers' needs and wealth platform. My most hardest part of the job is to connect and engage with customers from overseas as the time zone is different. However, my hard work is always rewarded with strong customers base and positive return to the bank which enhances my confidence on my job performance.",5,Premier Relationship Manager,"Johor Bahru, Malaysia",former,5,5,5,5,5,Consistent quarterly bonus payout,Long working hours and manual paperworks.,10,180,https://malaysia.indeed.com/cmp/HSBC/reviews?start=180
1150,Public-Bank-Berhad,25/6/2018,Long working hours but love the colleagues,"A typical day at work would be processing ad hoc appraisal reports for new recruits / internal promotions. Also includes handling annual increment, performance bonus and year-end bonus. I learned a lot about handling problematic staff and dealing with higher management people. The workplace culture is pretty traditional - your boss is always right! Hardest part of the job would have to be juggling ~10 tasks (all with the same deadlines!) At the same time, it's also the most enjoyable part of the job - the sense of satisfaction you get when you manage to complete everything on your to-do list.",3,Senior Executive,Kuala Lumpur,current,2,4,3,3,4,"Great staff benefits, bonuses, no office politics",Boss can be crazy during peak period,10,180,https://malaysia.indeed.com/cmp/Public-Bank-Berhad/reviews?start=180
1151,Public-Bank-Berhad,25/6/2018,Productive and Having Fun with the colleagues,"Try to communicate with each other from another department, they can assists us to archiving target or sales. They are more experience and has work at the banking industries for many years.",5,Financial Executive,Kerian,former,4,5,4,5,5,,"Courses required and license exam foc, phone bill claimed max rm120",10,180,https://malaysia.indeed.com/cmp/Public-Bank-Berhad/reviews?start=180
1152,HSBC,24/6/2018,Good,"I was started journey in 2006 and ended at 2017, HSBC is a world class bank and as a IT company a lot more to improve. There is always a GAP between employees and management.",4,AS/400 POD Lead,Kuala Lumpur,former,4,4,4,4,4,,,10,180,https://malaysia.indeed.com/cmp/HSBC/reviews?start=180
1153,HSBC,24/6/2018,productive and fun,Good place to work. Provide good salary and benefit . Understanding Management level. Healthy team. There are many facilities provided to the staff. Respect and loving culture.,4,Global Support Executive,Sepang,former,3,3,5,3,5,,,10,180,https://malaysia.indeed.com/cmp/HSBC/reviews?start=180
1154,maybank,24/6/2018,Great place to work,"Great place to work, alot of opportunities to learn, empowerment, work life balance. If you are willing to go extra mile, the organisation would do the same in return.",5,"Balance Sheet Management, Senior Executive",kuala lumpur,current,5,5,5,5,5,,,10,180,https://malaysia.indeed.com/cmp/Malayan-Banking-Berhad-(maybank)/reviews?start=180
1155,Ocbc,24/6/2018,Productive and Fun Working place,Learning of SME market Learning of different business activities and management Learning of dealing with different customer segment More spaces for self improvement,5,Business Development Manager,Puchong,current,5,5,5,5,5,,,4,60,https://malaysia.indeed.com/cmp/Ocbc-3/reviews?start=60
1156,Public-Bank-Berhad,24/6/2018,Average working environment,A good place for fresh graduates Learning of market is competitive Learning of the real working society Learning of need self discipline Learning of time management,3,Hire Purchase Sales and Marketing,Petaling Jaya,former,3,3,3,3,3,,,10,180,https://malaysia.indeed.com/cmp/Public-Bank-Berhad/reviews?start=180
1157,HSBC,23/6/2018,Challenging and self-learning workplace,"In daily check-in, I have to prepare the different sets of the financial report for onshore center usage and conduct reconciliation to the reported figures. In the process, I have managed to improve my communication skills through many meetings with onshore business partners and got a chance to improve my exposure to different working culture.",4,Global Support Executive,"Cyberjaya, Malaysia",former,4,3,5,5,4,Huge exposure to international market and business partners,Long hours of working,10,180,https://malaysia.indeed.com/cmp/HSBC/reviews?start=180
1158,RHB Bank Berhad,21/6/2018,Scattered objectives,"An established organisation, have been around for a while. Too many long service employees that have difficulty in adopting changes. Too much unnecessary paperwork. Overwhelmed with volumes that takes away feeling of accomplishment.",3,"Head Talent, brand",Kuala Lumpur,former,2,3,3,3,2,"Easy accessed to cafe, surau & coffee outlets",Bad jam at certain time,9,160,https://malaysia.indeed.com/cmp/Rhb-Bank-Berhad/reviews?start=160
1159,United Overseas Bank,21/6/2018,Great experience and good working environment,"This is my first job,and throughout the working period, in the field that was way out of my study relatedness, this company do provide good training and good working environment.",4,SENIOR OFFICER (CUSTOMER SERVICE),Kuala Lumpur,former,3,4,4,4,4,Great OT pay and shift allowance,Time shift,5,80,https://malaysia.indeed.com/cmp/United-Overseas-Bank/reviews?start=80
1160,United Overseas Bank,21/6/2018,Exciting opportunities to interact with various stakeholders,"A typical day begins at 8.45 a.m. by employees checking into office and signing their name on the register book. An employee would start going through client files and make a list of important appointments and requests in order to establish priorities and enhance workflow efficiency and effectiveness. In between, the employee may initiate or receive communication from the client on matters involving banking services and products. Around lunch hour, depending on the level of activity in the office, the employee could arrange for a lunch meeting with colleagues or clients who are seeking additional facilities or information on term deposit rates. The cycle then repeats until after lunch where the employee continues to review business cases and address various events at they come from both internal and external stakeholder groups.",4,Credit management trainee,Kuala Lumpur,former,3,3,3,3,2,,,5,80,https://malaysia.indeed.com/cmp/United-Overseas-Bank/reviews?start=80
1161,United Overseas Bank,16/6/2018,Fast pace working environment,"Give high attention on details. Abide to regulatory requirement. Emphasize on data accuracy. Understand the importance of teamwork, deliver the correct information to the right person. Work under stress and complete tasks given before deadline.",3,Senior Officer,Kuala Lumpur,current,3,3,3,2,3,Learn a lot of technical skills and soft skills,Weak engagement among colleagues,5,80,https://malaysia.indeed.com/cmp/United-Overseas-Bank/reviews?start=80
1162,HSBC,14/6/2018,Is continuously planning for improvement,Develops continuous improvement methods Conceives of totally new strategies Continues to grow and improve Devises improved means of accomplishing results Is continuously planning for improvement,3,MALAYSIA -CONTACT CENTRE SALES REPRESENTATIVE,malaysia kuala lumpur,former,3,3,3,3,3,free event,long hour,10,180,https://malaysia.indeed.com/cmp/HSBC/reviews?start=180
1163,Public-Bank-Berhad,12/6/2018,Extra long working hours even on weekends,PBB is a very systematic and established company but the working hour is too long and it is compulsory to stay late everyday even you had finish your job. It is very often that you will be called in to work overtime on weekend but only able to claim half of the full overtime amount.,3,Senior Executive,Malaysia,former,1,3,4,3,3,,"very long hours, compulsory to stay late at work everyday.",10,180,https://malaysia.indeed.com/cmp/Public-Bank-Berhad/reviews?start=180
1164,HSBC,11/6/2018,Fun workplace with lots of benefits,'-Good place to start a career -supportive employer -gender diversity and value your culture background. -Perfect place to enhance communications skill and boost confident level,4,Assistant Manager Operations,Cyberjaya,former,4,3,3,3,4,,,10,180,https://malaysia.indeed.com/cmp/HSBC/reviews?start=180
1165,maybank,11/6/2018,Productive and fun workplace,A good place for a new start. Got overtime if want to find some extra money. Surrounded by poitives vibes and experienced officer. Love the working environment.,4,Collection officer,Kuala Lumpur,current,3,2,5,3,0,Overtime rate and annual dinner,No compassionate leave,10,180,https://malaysia.indeed.com/cmp/Malayan-Banking-Berhad-(maybank)/reviews?start=180
1166,Ocbc,11/6/2018,Job environment,'-delivery quality customer service -complete project schedule on time -more open minded -become more meticulous -adhere bank policy -managing colleague relationship,3,Risk Management,Kuala Lumpur,current,3,3,3,3,3,,,4,60,https://malaysia.indeed.com/cmp/Ocbc-3/reviews?start=60
1167,Public-Bank-Berhad,11/6/2018,Productive,Good place to learn new things. Programming is the essential for my position. Management very strict in term of task completion and concern what staff need. Hardest part will be to accomplish project and task given before the dateline. Friends and team will be the best thing.,3,Analyst Programmer,Malaysia,current,4,3,4,5,4,Medical benefit,Extended working hours,10,180,https://malaysia.indeed.com/cmp/Public-Bank-Berhad/reviews?start=180
1168,maybank,5/6/2018,Good workplace for retirees,"Maybank has a policy of not firing anyone, hence job security is definitely there. However, it's not a good place to build a solid foundation for fresh graduates as it's got a rather rigid and conservative structure.",3,Premier Banker,Kuala Lumpur,former,4,4,4,1,1,Job Security,Not a good place to learn,10,180,https://malaysia.indeed.com/cmp/Malayan-Banking-Berhad-(maybank)/reviews?start=180
1169,Public-Bank-Berhad,5/6/2018,Working together as a team work .,To provide curteous and efficiency in customer services. Done all the work assign by senior office on the same day. Be a punctual staff on working time.,4,Clerk/Typist/Cashier,Malaysia,former,4,4,4,4,4,Ot,office hour,10,180,https://malaysia.indeed.com/cmp/Public-Bank-Berhad/reviews?start=180
1170,maybank,4/6/2018,productive and fun work place,"having a very good experience work place with motivated colleagues. They all are very discipline, trained and hard working. They also very positive, nice, friendly and understanding person. Environment is so supportive. The hardest part of the job is when have to struggle to achieve monthly target with the recycle leads produced by management",5,telemarketing,Kuala Lumpur,former,5,3,4,4,3,flexible lunch time,sometime very pressure,10,180,https://malaysia.indeed.com/cmp/Malayan-Banking-Berhad-(maybank)/reviews?start=180
1171,RHB Bank Berhad,4/6/2018,every day meetup customer,"nice counter and attractive decoration. can see many customer walk in but sometime get not quality customer. giving good benefit to staff. Waiting customer visiting counter to sign up services. But if the monthly target not hit, we have to find more customer outside. And have to study a lot of product and services.",4,Assistant Manager of EasyRHB,Titiwangsa,former,3,4,4,4,4,easly to reach counter because near to public transport,Suddenly always have to attain meeting with management,9,160,https://malaysia.indeed.com/cmp/Rhb-Bank-Berhad/reviews?start=160
1172,maybank,2/6/2018,Productive and fun workplace,"The seniors gave a good coaching to perform the work. The culture is fun and all employees are willing to help. Overall, it's a good environment, extensive knowledge base and great opportunities for overseas secondment.",4,Intern,Malaysia,former,4,4,3,4,4,,,10,180,https://malaysia.indeed.com/cmp/Malayan-Banking-Berhad-(maybank)/reviews?start=180
1173,HSBC,1/6/2018,Great Place,My first job. Enjoyed the Customer Service aspect tremendously. Work hours were based on UK timing. took a toll on my health. Great team spirit and collaboration.,5,Global Service Executive,"Cyberjaya,Malaysia",former,2,2,2,3,3,,,10,180,https://malaysia.indeed.com/cmp/HSBC/reviews?start=180
1174,HSBC,1/6/2018,You earn what you work,"HSBC is a very nice place to work for. It provides fair rewards as recognition and also very comply with the policy, rules, and regulations. As an employee, I truly thank the bank has given us a very big space to gain banking knowledge and also experience while handling customers.",4,Premium,Selangor,current,4,3,4,3,3,,,10,180,https://malaysia.indeed.com/cmp/HSBC/reviews?start=180
1175,HSBC,28/5/2018,Productive and fun environment,"Loved working there. Very professional and ethical. Gained much experiences working at global bank such as online account maintenance, credit cards, payment transfer, reconciliation and etc.",5,Analyst,Hsbc KL,current,4,4,4,4,4,,,10,180,https://malaysia.indeed.com/cmp/HSBC/reviews?start=180
1176,RHB Bank Berhad,28/5/2018,good benefit and career grow,"first week and end of week can't take annual leave. stress target has to achieve to get incentives. if you not achieve, must stay back till night. if still not achieve tomorrow has to pass the previous figure. for me is was great environment , friend and work must have ability negotiations high level to achieve goal. I leave because want to gain more experience.",4,Collection and Recovery Executive,Kuala Lumpur,former,4,4,4,3,5,standard lunch hour,2 time short break until night,9,160,https://malaysia.indeed.com/cmp/Rhb-Bank-Berhad/reviews?start=160
1177,RHB Bank Berhad,24/5/2018,Productive & need to achieve target set by management,"Working in Mortgage Department requireS to do everything fast & accurate. One tiny mistake will cost a lot to bank, that why need to check & ensure everything is in order before approve the loan documentation before move to next step. Working as teamwork are important in my team, we can share idea, problems & try to solve together. Bonding between team mate are good so that we can reduce the level of stress when we faced high work loads. Management also give rewards such bonuses, promotion, meet & greet with subordinates which made the staffs feel motivated to work harder",4,Senior Executive,Selangor,former,3,3,4,4,3,"Flexible on lunch time, flexible on clock in & out, annual leave",High workloads,9,160,https://malaysia.indeed.com/cmp/Rhb-Bank-Berhad/reviews?start=160
1178,Bank-Rakyat,20/5/2018,convenient workplace,"As a practical student, i need to expose myself in every department in the bank. Thus, it helped me a lot to gain knowledge and experiences. The management there were very good.",5,PRACTICAL STUDENT,Kerteh,former,5,5,5,5,5,near home,short time,2,20,https://malaysia.indeed.com/cmp/Bank-Rakyat/reviews?start=20
1179,RHB Bank Berhad,20/5/2018,Fun workplace with a good team work,"RHB Bank Berhad is company where you can earn more with your hardwork. A good teamwork, workplace, and environment. When you achieve their target you can get award from RHB. Every year you have target to achieve and different award to win.",5,Telesales Executive,Kuala Lumpur,former,5,5,5,5,5,No,No,9,160,https://malaysia.indeed.com/cmp/Rhb-Bank-Berhad/reviews?start=160
1180,HSBC,19/5/2018,Productive,Working in HSBC made me become productive. I have learned more in HR perspective and i enjoy working with my team mates but i am looking for other opportunities to gain more experience.,4,Workforce Administration and Channels HR,Kuala Lumpur,current,0,0,0,0,0,,,10,180,https://malaysia.indeed.com/cmp/HSBC/reviews?start=180
1181,Public-Bank-Berhad,19/5/2018,Enjoy the workplace,Good workplace for develop skill and knowledge. Good management. Very condusive and clean place. You can discover new things here. Suitable for person eho love kids very much. Can handle stress very well.,5,Senior Financial Executive,Kuala Terengganu,former,5,5,5,5,5,"Free lunch, all the staff women",Must be multitasking person,10,180,https://malaysia.indeed.com/cmp/Public-Bank-Berhad/reviews?start=180
1182,RHB Bank Berhad,19/5/2018,Good commission,"The working environment is good, however need to improve the managent issues. The management line is outdated and sometimes causing problem to sales staff.",3,Sales Consultant,Kemuning Utama,former,3,5,3,3,3,High commission,Less life balance,9,160,https://malaysia.indeed.com/cmp/Rhb-Bank-Berhad/reviews?start=160
1183,bank islam,18/5/2018,Good environment and better place to work,I love worked in this company because i had a good friends and good boss. It is interesting place to work on.I've been worked here for 3 years and im happy with it.,5,Collection Officer,"22, Jalan Perak, Kuala Lumpur",former,5,5,5,5,5,,,3,40,https://malaysia.indeed.com/cmp/Bank-Islam/reviews?start=40
1184,maybank,18/5/2018,"Interactive workplace, easy-going colleagues","The people are very easy-going, I can randomly start a conversation in the lift, the coffee-break area etc. Office space is well equipped, and facilities are satisfying.",5,SL1M Trainee (Group Human Capital),Kuala Lumpur,current,5,5,4,4,5,"Gym, clinic, nearby public transport",,10,180,https://malaysia.indeed.com/cmp/Malayan-Banking-Berhad-(maybank)/reviews?start=180
1185,RHB Bank Berhad,17/5/2018,Work environment quite stressful,The work environment start with a happy mood but it then will quickly change to stressful when we start to do it our jobs because we have a target every hour how much account that we need to contact. I learned how to used Microsoft Excel and Microsoft words they also provide a system that used to check balance in customer account. I've also have been through some training and Test with RHB.,3,Telemarketing officer,Kuala Lumpur,former,2,2,2,3,4,Insensitive,"No health care, No MC or leave for contract staff",9,160,https://malaysia.indeed.com/cmp/Rhb-Bank-Berhad/reviews?start=160
1186,Public-Bank-Berhad,16/5/2018,Productive and Efficient Company,"Great Company and provide good benefits for staff, but didnt plan well on staff career enhancement for certain department. Able to learn a lot knowledge and provide continue training to staff",4,Senior Finance Executive,Malaysia,former,1,5,3,3,5,Salary and bonus,Long hours and have to work on weekend,11,200,https://malaysia.indeed.com/cmp/Public-Bank-Berhad/reviews?start=200
1187,Bank-Rakyat,14/5/2018,Friendly environment,"Colleague are really helpful. Willing to teach me when I don't understand anything. I learned a lot from them.Hence, I am familiar with banking sector. My communication skills got better as I always communicate with customer.",5,Trainee,Kedah,former,5,5,5,5,5,,,2,20,https://malaysia.indeed.com/cmp/Bank-Rakyat/reviews?start=20
1188,Cimb-Group,14/5/2018,productive and fun workplace with free breakfast and high tea,"'- only at the first moment when i'm involved with contact centre. i have learn a lot how to solve and handling fussy customer and how to control my patience.even the management just ok but i love the culture at the contact centre. the hardest part of the job when handling fussy customer. for its quite challenging. however i really like it because it teach me a lot so that i can give more good services to the customer. last but not least , the enjoyable part of the job when a lot of my customer give me a good compliment and i am so happy for them.",4,Contact Centre Consultant,Kuala Lumpur,former,3,3,5,3,3,,,10,180,https://malaysia.indeed.com/cmp/Cimb-Group/reviews?start=180
1189,maybank,14/5/2018,Good learning opportunity and growth,"The Bank has always emphasized on talent development. I strongly believe that the Bank provides many avenues into building and growing each person working here, bringing the best out from them.",4,AVP - Tax Manager,Kuala Lumpur,current,4,5,5,5,4,Good benefits,,10,180,https://malaysia.indeed.com/cmp/Malayan-Banking-Berhad-(maybank)/reviews?start=180
1190,Ocbc,11/5/2018,Productive job,"Learned paper work,improve on communication skills. Fun environment . Able work on stress. Helpful management as manager very supportive. Good team members.",5,Litigation Officer,Kuala Lumpur,former,5,5,5,5,5,,,4,60,https://malaysia.indeed.com/cmp/Ocbc-3/reviews?start=60
1191,RHB Bank Berhad,11/5/2018,Productive and target oriented,"Courage me to achieve targets set by management. Fun work environment where a lot of cultural events,birthday celebrations organised by recreational club. Supportive management where always organise meetings with managers/team supervisors.",5,Collection Officer,Kuala Lumpur,former,5,5,5,5,5,,,9,160,https://malaysia.indeed.com/cmp/Rhb-Bank-Berhad/reviews?start=160
1192,HSBC,7/5/2018,fun and challenging work place,A fun and challenging work place. Multitask work abilities needed. Multiple positive working experience. Good facilities and environment provided for the employee.,3,Global Support Executive,Cyberjaya,former,3,3,3,3,0,,,10,180,https://malaysia.indeed.com/cmp/HSBC/reviews?start=180
1193,Public-Bank-Berhad,7/5/2018,Depends on your working mates.,the management are so good. but the environment depends on how good your workmates. they could influence your working surroundings. try your best to mingle with the correct person so that you will have a good motivation to go to work everyday.,4,Senior Executive,Kuala Lumpur,former,3,5,4,3,3,,,11,200,https://malaysia.indeed.com/cmp/Public-Bank-Berhad/reviews?start=200
1194,HSBC,4/5/2018,If you don't mind working the odd hours than HSBC Cyberjaya is for you,A typical day at work is processing the transaction datas from the balance sheet that you support. Work will be segregated and may be rotated for job rotation so you should expect shift timing changes as well especially if the process supports multiple balance sheets. Work colleagues are generally fantastic given the diverse people in the work place. The culture is generally fine but your management might be the challenge. The hardest part of the job is probably the location in Cyberjaya and the odd working hours. The most enjoyable part of the job is the wonderful diverse colleagues that you get to work with.,3,"Manager, Business Risk and Control Management",Cyberjaya,current,4,3,3,2,2,Working against the Rush Hour,Sleep deprivation,10,180,https://malaysia.indeed.com/cmp/HSBC/reviews?start=180
1195,United Overseas Bank,4/5/2018,Gain a lots of experiences!,"Enjoyed and can learn so many things! Freedom and flexibility in your work, great people, complete transparency in all aspects of business including appraisals and profit sharing. opportunities are given to people who show initiative and performance",4,Contract Officer,Petaling Jaya,former,4,4,4,4,4,,,5,80,https://malaysia.indeed.com/cmp/United-Overseas-Bank/reviews?start=80
1196,maybank,3/5/2018,Good opportunity,"Management given a lot of opportunity and training to improved skills both off paper and on paper. This position served positive learning experience,",4,INTERNSHIP,Kuala Lumpur,former,2,3,2,3,4,,,10,180,https://malaysia.indeed.com/cmp/Malayan-Banking-Berhad-(maybank)/reviews?start=180
1197,United Overseas Bank,1/5/2018,Good and supporting staff,"From the first day working until the end, I received full support from the staff on how to manage my work and all help I need. The supervisor are very friendly.",3,Contract Officer,Kuala Lumpur,former,2,2,3,3,3,Free drinks,Work overtime until late night,5,80,https://malaysia.indeed.com/cmp/United-Overseas-Bank/reviews?start=80
1198,HSBC,30/4/2018,Strong Team,'- Very helpful colleagues and highly motivated supervisors in assisting to achieving the target set by the bank. - High standard bank compare than local bank banks.,3,Financial Advance Manager,Malaysia,former,3,3,3,3,3,Cloth Allowances,,10,180,https://malaysia.indeed.com/cmp/HSBC/reviews?start=180
1199,United Overseas Bank,29/4/2018,Providing Opportunity to learn. Training provided,Good experience. Learned alot. Training provided for every new employee. Friendly working colleagues. Flexible working time. I'm not from banking background yet they still hire me and guide me through.,3,"UA Tester, senior executive",Kuala Lumpur,current,3,3,3,3,3,,,5,80,https://malaysia.indeed.com/cmp/United-Overseas-Bank/reviews?start=80
1200,RHB Bank Berhad,24/4/2018,This company is very good name. And working in this place very nice,For me working as to take for experince is very good. And i working here very happy. For fresh graduate i sugget to work this company to make your metality strong and learn to control stress and work very hard.,3,Collecter,Kuala Lumpur,former,2,2,2,1,4,,,9,160,https://malaysia.indeed.com/cmp/Rhb-Bank-Berhad/reviews?start=160
1201,HSBC,23/4/2018,Flexibility of time,"when I graduated in 2010, I was offered the position in HSBC which is very related to what I studied - French. My day job would be confirming the trade from the system with the confirmation letter regarding the trade that have been booked the day before. Every once in a week we would have a confra call between the KL offshore and Paris Onshore. outside work, I joined the committee that bring the staffs closer, I organized the fun activities such as pictionary, memory games and a lot more.",4,Executive of Paris Derivatives Confirmation,Kuala Lumpur,former,3,5,4,4,5,flexibility of time,Malaysian Public holiday,10,180,https://malaysia.indeed.com/cmp/HSBC/reviews?start=180
1202,Cimb-Group,21/4/2018,Productive and Fun,The day at work is very nature with overall on the other person work in weekday. I learned many thing in my previous in term of the discipline and need to be careful on what we do in working. Systematic on management is the one of key point on becoming successful company.,5,SL1M Apprentice Trainee,Kuala Lumpur,current,5,5,5,5,5,Good colleague,,10,180,https://malaysia.indeed.com/cmp/Cimb-Group/reviews?start=180
1203,HSBC,21/4/2018,Great place to learn new products and services where your ideas are valued,Great Organisation to work for where your ideas are valued and team work is promoted. At time the bureaucracy in the organisation for getting things done makes you feel disappointed but I can see that is changing now.,3,"Vice President, HSBC Securities Services (HSS)",Malaysia,current,3,3,3,3,3,Promote innovation,Too much bureaucracy,11,200,https://malaysia.indeed.com/cmp/HSBC/reviews?start=200
1204,RHB Bank Berhad,21/4/2018,Many Paper To do at bank after banking hours,"This issue we already told HQ, but they never change it. They always say need to paper less at your job, but everytime we want to paper less there is not gonna happen, Example Doing a FD placement to customer there already using 6 paper in that FD placement, 2 is the placement paper then GMPC then Product Disclosure Sheet already in 6 pages at FD, how we want to paper less, and that is many issue in the bank, that why I'm not continue work at bank already.",3,Teller,Kuala Lumpur,current,3,3,2,2,2,Na,Na,9,160,https://malaysia.indeed.com/cmp/Rhb-Bank-Berhad/reviews?start=160
1205,Cimb-Group,20/4/2018,Pin drop silent working place,Not a happy working environment. There are more grouping culture in this department. Cant get things done immediately even is urgent matter. I became demotivated to continue my target since mostly not willing to help.,3,Marketing Executive,Kuala Lumpur,former,3,5,4,4,2,medical,office culture,10,180,https://malaysia.indeed.com/cmp/Cimb-Group/reviews?start=180
1206,HSBC,19/4/2018,Less Benefits compared to other banks,'- Work place politics -no bonus or increment despise worker achieve the target set by management. Management reason is that market is not performing well.,2,Software Engineer,Kuala Lumpur,former,1,1,2,2,2,Training are provided,No bonus or increment,11,200,https://malaysia.indeed.com/cmp/HSBC/reviews?start=200
1207,maybank,19/4/2018,Top Malaysia Bank,The bank provide good career opportunity and training platform. Good benefits for those who willing to work hard. I wish to recommend graduate to grab the opportunity to work with Maybank,4,"Team Leader, HR recruitment",Kuala Lumpur,former,3,5,3,2,2,Good benefits & perks,Culture,10,180,https://malaysia.indeed.com/cmp/Malayan-Banking-Berhad-(maybank)/reviews?start=180
1208,Ocbc,18/4/2018,great culture,'-work life balance -a place have many learning opportunities -can gain soft skills through participate in events as a committee -have many learning courses -benefits for employee are satisffied,4,Manager,kl,current,4,3,3,3,4,,,4,60,https://malaysia.indeed.com/cmp/Ocbc-3/reviews?start=60
1209,HSBC,17/4/2018,Productive and fun workplace with gym facilities,"A good place to work. The company provide gym facilities, games room, a cozy cafeteria and etc. The odd timing work make it a little bit hard to cope.",4,Global Suppoer Executive,Malaysia,former,4,3,3,3,4,,,11,200,https://malaysia.indeed.com/cmp/HSBC/reviews?start=200
1210,RHB Bank Berhad,16/4/2018,"Productive , team building & enjoy with the commission earned","When I was looking for a new job , Rhb was at the top of my list . Rhb provides great opportunities to work on banking sector. I would encourage leadership to continue getting delegating to Director and Manager level employees to avoid slowing things down. We also have work to do to ensure that our sales aren't going dropped. I've had a lot of jobs before that I worked really hard, but didn't feel like I had an impact. I've been able to use my skills to get ahead here. When I've wanted to take on different responsibilities, I've been able to do those with help from my Leadership and teams. I feel like I've been here for a good amount of time and I've had opportunities to advance myself and learn about my potential. management is helpful, the work is interesting and growth is tremendous. I have worked at RHB for almost 6 years, and play the role as a sales executive and promote to be a assistant sales manager. The growth opportunity for these 6 years with the fun, hard working environment, and the ability to make as much money as you want is like no other job I have ever had.",4,Assistant sales manager,MALAYSIA,current,3,4,4,4,4,Flexible lunch hour and able to claim mileage & phone bill every month,Working hour more than 8hours & one day off day only,9,160,https://malaysia.indeed.com/cmp/Rhb-Bank-Berhad/reviews?start=160
1211,bank islam,15/4/2018,Productive and fun workplace with management team,manage the day-to-day collections to ensure losses are minimised by the effective implementation of collections strategy. the hardest part is we have to give full commitment in terms of time. the environment of work is very good. the management always make an event to foster team spirit among employees.,5,Collection Officer,Kuala Lumpur,former,5,4,4,4,5,,,3,40,https://malaysia.indeed.com/cmp/Bank-Islam/reviews?start=40
1212,HSBC,14/4/2018,Good place to build and advance in carrier,"A typical day at work in my opinion is like any other, however things tend to get out of hand at times when we need to face urgent requests and face cut off times. In HSBC everything is computerized so it makes learning as well as working easier for everyone. Work culture is excellent. The toughest part working in HSBC is that, one has to comply with its high standards however the most enjoyable part of the job is the joy of working with different people.",4,Global support executive,Malaysia,current,3,4,4,4,4,Free gym,stress level at work,11,200,https://malaysia.indeed.com/cmp/HSBC/reviews?start=200
1213,Bank-Rakyat,11/4/2018,Productive work place with faster disburse loan,"The work surrounding is good, I mean the employees, the employer and the computer system is good. I have learnt how to attend customers when they want make a loan, how to prepare all loan's document, how to attract customer to make loan with bank rakyat, how to calculate how much loan that customers want, how to key in in the system and how to blast sms about loan to customers. The hardest job is when customers argue the rate of personal loan or other loan, because they will compare to other bank and then they do not want to make it loan and they will go other bank. We can not make something because we only can pursue and slowly talk about advantage of bank rakyat for example, bank rakyat can approve personal loan in one day and customers will get the money by that day. The quality of process is very effective that we can use as our strong argue when customers want to switch at other bank. Several bank make their loan in 2 weeks. Only bank rakyat can make within 3 hours or one day by typical.",5,ISLAMIC BANKING,Jelutong,current,5,5,5,5,5,Boss treat all staff lunch every week on friday,There are several people there are lazy to work,2,20,https://malaysia.indeed.com/cmp/Bank-Rakyat/reviews?start=20
1214,Cimb-Group,8/4/2018,Good Company,'-High Performance Working Culture -High comm if you are committed to your sales target and KPI -Must be able to well handel your work stress management -,4,anonymously,Kajang,former,4,4,4,4,4,good comm and challenging working environment,n/a,10,180,https://malaysia.indeed.com/cmp/Cimb-Group/reviews?start=180
1215,Cimb-Group,8/4/2018,answering call,good benefit like salary and insentif. the culture also good but lacking in term of the smoothness of the system and procedure available. the hardest part is too keep up with the new terms that we learnt through answering call from customer and dealing with their emotional respond.,3,Inbound Call centre agent,Bangsar,former,4,4,3,3,4,,short break.,10,180,https://malaysia.indeed.com/cmp/Cimb-Group/reviews?start=180
1216,RHB Bank Berhad,6/4/2018,Great customer service,"I've have been in many call center before This is the best so far Dont listen what people say, but follow what you like to do Bieng a customer service, you are been given a task to listen and solve people problem. It might sound strees, but here you have a family of whole ccc to help you to beat stress and change stress into happiness to your customer. Take care your attitude, your mc and put effort then you may get get permanent faster.",5,Customer service agent,Menara AA kuala lumpur,current,5,5,5,4,5,Best workplace ever,Difficult to be absorb into permanent,10,180,https://malaysia.indeed.com/cmp/Rhb-Bank-Berhad/reviews?start=180
1217,Cimb-Group,5/4/2018,Good and strong company,"If I have a chances to join this company for permanent jobs or position, I feel very thankful and glad because CIMB is the great company to work with.",5,SL1M TRAINEE,Glenmarie Industrial Park,current,5,4,5,4,5,,,10,180,https://malaysia.indeed.com/cmp/Cimb-Group/reviews?start=180
1218,HSBC,5/4/2018,Fun place to work,"To advance in career is difficult as some area u have to take the Team Manager's heart and win it-not fair. Benefits very good. Salary very good. Company provides transportation to certain areas, fees borne by company. Events, birthdays all are celebrated in a family-friendly environment.",3,Customer Service Exec,Kuala Lumpur,former,3,5,2,2,3,"Good salary, good benefits","No free food for staffs, difficult to climb up another position, as it depends on how u are holding the Managers heart.",11,200,https://malaysia.indeed.com/cmp/HSBC/reviews?start=200
1219,HSBC,4/4/2018,Best Training Modules and Facilitators,"I had the best time getting trained under the best facilitators from UK. The products and services offered varies in different countries around the world, where as I managed HSBC UK. Got some really insightful knowledge to the banking industry in UK",5,"Assistant Manager, Training","Cyberjaya, Malaysia",former,4,4,4,4,4,Various knowledge and information in the banking industry,Graveyard shift,11,200,https://malaysia.indeed.com/cmp/HSBC/reviews?start=200
1220,Cimb-Group,2/4/2018,Great working environment.,"Its been an honour for me, given this opportunity to work with cimb bank.. 😍😍. As a personal financial consultant, i learn so many great things in very exciting different ways of selling and promoting products to clients. The products offer to puclic is affordable and acceptable in the market. In incentive wise, I believe, cimb provides the best payout among other banks. Thanks cimb! I grown up so quick and happy to be as cimbians!",5,Sales executive,Keningau,current,5,5,5,5,5,,,10,180,https://malaysia.indeed.com/cmp/Cimb-Group/reviews?start=180
1221,RHB Bank Berhad,2/4/2018,Good job,This job will build your communication skill. Day by day you will learn how to deal with a lot of customers and you may learn how to use Microsoft Office perfectly,4,Telecollector / Admin,RHB Ampang Point,former,4,4,4,4,4,,,10,180,https://malaysia.indeed.com/cmp/Rhb-Bank-Berhad/reviews?start=180
1222,HSBC,31/3/2018,Excellent environment,Great place to work.Excellent environment.Right place to start your career.More opportunity to move to next level in your career.Good growth.9 years of great experience in the bank made me confident person,3,Assistant Manager,Malaysia,former,3,3,3,3,4,Free transport,Nil,11,200,https://malaysia.indeed.com/cmp/HSBC/reviews?start=200
1223,Public-Bank-Berhad,28/3/2018,Provides a stable income,"I was in charge of the Bank's operational aspect. Daily movement of physical cash, accounts, staff training & annual leaves, compliances & reporting.",4,Assistant Branch Manager,Ipoh,former,3,3,3,3,3,Generous staff loans for housing & vehicles,Too tied up with paper work,11,200,https://malaysia.indeed.com/cmp/Public-Bank-Berhad/reviews?start=200
1224,Cimb-Group,27/3/2018,Fun work place with good friends.,Fun work place with good friends and willing to give hand when needed. Always help each others. My managers encourage me and help me find solutions to problems as a team. He also encourage me to grow and welcome my feedback and ideas. I am treated as an important member of the team.,4,Executive Officer,Kuala Lumpur,current,3,3,4,4,4,,,10,180,https://malaysia.indeed.com/cmp/Cimb-Group/reviews?start=180
1225,Cimb-Group,26/3/2018,Productive and fun environment,This company is okay but Im still young and need to gain more experience especially in my related degree field. I have been working here for almost 5 years and its time for me to make a move for my future,4,Customer Service Representative,Usj9,current,4,4,4,4,4,,,10,180,https://malaysia.indeed.com/cmp/Cimb-Group/reviews?start=180
1226,Cimb-Group,26/3/2018,Fun workplace,"Best place to work in terms of cultural, management, paying and benefits. A good benefit received in terms of medical, hospitalization where can covered to all your family members",5,Assistant sales manager,Setiawangsa,former,5,5,5,4,4,Fun workplace,Poor leadership,10,180,https://malaysia.indeed.com/cmp/Cimb-Group/reviews?start=180
1227,HSBC,26/3/2018,Fun workplace,most of the colleague are very helpful. I can learn alot from the department that i currently working with. Business partner also very helpful in term of giving of instructions.,4,Global Support Executive,Kuala Lumpur,current,3,3,4,4,4,,,11,200,https://malaysia.indeed.com/cmp/HSBC/reviews?start=200
1228,HSBC,21/3/2018,fun work culture,"The thing that keep me inside the company is because of the work culture is fantastic. Most of the team mates work together to make sure all the work done by the end of the day. The hardest part of the job is in my department, there is no work life balance. Over time almost everyday. The most hardest part is the working hour where the shift keep changing.",3,executive,Cyberjaya,current,3,1,3,1,4,"gym, insurance",,11,200,https://malaysia.indeed.com/cmp/HSBC/reviews?start=200
1229,maybank,21/3/2018,Productive,frendly working culture grow working experience high benefit and meet expected salary increase practical training and high supervision able to work in various department,5,Sales Executive,"Maybank Auto Finance Centre Juru, Penang",former,5,5,5,5,5,,,10,180,https://malaysia.indeed.com/cmp/Malayan-Banking-Berhad-(maybank)/reviews?start=180
1230,Bank-Rakyat,20/3/2018,work culture at my previous company,"I learn a lot about the real work culture which is in my previous company that i work they teach me how to attend customer,how to calculate the eligibility the customer to make personal loan,how to build a good relationship ,how to achieve sales target,how to market the product.",5,Marketing Executive,George Town,former,4,4,4,4,4,Flexible time,the benefit,2,20,https://malaysia.indeed.com/cmp/Bank-Rakyat/reviews?start=20
1231,Bank-Rakyat,19/3/2018,Productive and fun working environment,"As an internship student, the staffs being very helpful in teaching me knowledge and skills in doing the task given. I was assigned to three units at the branch and learned all the skills and experience there really helped me in viewing my future in this field.",5,IIUCS internship program,"Setapak, KL, Malaysia",former,5,5,5,5,5,,,2,20,https://malaysia.indeed.com/cmp/Bank-Rakyat/reviews?start=20
1232,Cimb-Group,19/3/2018,no worklife balance,"CIMB's ethos is reflected in its promise to enable the dreams, ambitions and aspirations of all of our customers. Through our product and service solutions, digital innovations, extensive network and world-class advice, we advance the peoples, businesses and corporations of the ASEAN region towards their goals and enable them to move forward toward their true potentia",2,"Data Entry, photocopying",Malaysia,former,2,1,2,2,2,,,10,180,https://malaysia.indeed.com/cmp/Cimb-Group/reviews?start=180
1233,HSBC,18/3/2018,not a hard place to work at,"its an Operation centre, the workplace culture is not as demanding as the actual Bank/Branches, but it is also not a good place to grow as a fresh graduate",3,Officer,Cyberjaya,former,3,2,2,2,3,easy going culture,low compensation,11,200,https://malaysia.indeed.com/cmp/HSBC/reviews?start=200
1234,Public-Bank-Berhad,16/3/2018,Productive and good benefits,"This company is very good on their benefits Medical, they have cola allowance, and also bonus every years. Daily working quite busy due to the have to achieve time for attending customer.Workplace culture was very good. The hardest part on this job is only when the bank is full waiting about 300 person before and after holiday( in seri petaling branch).Enjoyable part is when they have trip under company.",5,FRONTLINE TELLER,SERI PETALING,former,4,5,5,5,5,Increament,Healthcare,11,200,https://malaysia.indeed.com/cmp/Public-Bank-Berhad/reviews?start=200
1235,Bank-Rakyat,10/3/2018,Knowing how the bank operates it,the culture at work are great. the most enjoyable job at Bank raykat is knowing how the employee attend the customer. There's no have a typical day at work. The management at work is good,4,Internship,Kajang,former,4,4,5,4,4,,,2,20,https://malaysia.indeed.com/cmp/Bank-Rakyat/reviews?start=20
1236,HSBC,8/3/2018,Fun workplace,"Colleague willing to train Good start for fresh grad However, due to high volume of trade, sometimes we don't have enough lunch hour Have to follow international public holiday-depending on what country you support",4,Global Support Executive,Cyberjaya,former,2,3,4,3,3,Fun workplace,Short break,11,200,https://malaysia.indeed.com/cmp/HSBC/reviews?start=200
1237,HSBC,8/3/2018,"Good place for those who seek to advance their career knowledge, must be dedicated and have lots of patience.","Good place for those who seek to advance their career knowledge, must be dedicated and have lots of patience. The managers are well informed and are always on hand to share and guide you.",3,Payments Officer,Kuala Lumpur,former,3,3,3,3,3,Lots of activities,"May need to work long hours, based on project deadline.",11,200,https://malaysia.indeed.com/cmp/HSBC/reviews?start=200
1238,Public-Bank-Berhad,8/3/2018,Good company in terms of remuneration but not much opportunity for career advancement,"Run! if you are looking for career advancement place. Work environment highly dependent on which branch you are placed in. Be prepared to work hard, work late and ability to multitask is a plus point!",4,SENIOR EXECUTIVE,kota kinabalu,current,3,4,2,3,3,Low housing loan rates; good bonus,"long working hours, career advancement almost non existent",11,200,https://malaysia.indeed.com/cmp/Public-Bank-Berhad/reviews?start=200
1239,Public-Bank-Berhad,7/3/2018,Productive and best working place ever,5 Working days. My 1st and best working experience ever for 7 years. Learned to attend and face customers directly. And to solve many management issues. Fun and productive collegues. So far I didn't find any hardest or easiest job in my experiences. Tq,4,CLERK/TELLER/CASHIER,MALAYSIA,former,4,4,4,4,4,,,11,200,https://malaysia.indeed.com/cmp/Public-Bank-Berhad/reviews?start=200
1240,Bank-Rakyat,5/3/2018,enjoy work at there,enjoy work with the culture and management. flexible time and many program to join and get new experience and learn the something new knowledge. tolerance and good cooperation.,3,Marketing Executive (BR smart),kulim,current,3,3,4,4,4,flexible time,rilex,2,20,https://malaysia.indeed.com/cmp/Bank-Rakyat/reviews?start=20
1241,HSBC,2/3/2018,Excellent Management,Great learning experience. Poor career development opportunity. Career development mainly based on tenure rather than eligibility. Some manager have lack of professional communication skills.,4,Global Support Executuve,Cyberjaya,former,4,4,4,4,4,management,management,11,200,https://malaysia.indeed.com/cmp/HSBC/reviews?start=200
1242,HSBC,26/2/2018,Demanding and Pressuring,"A typical day at work will include mostly reaching our target call hours. From here I learned some basic banking concepts that are of course most useful and a is a great deal given that is it a banking institution. However, the management demands a lot when there's limited leads. Workplace culture is average as we mostly do the same work. During the current period I am in, it is slightly quite a hard task to keep up with everyone, or to dig into deeper relationship among colleagues on a personal level that is, we only have the chance to have casual talks about other things besides work during our lunch time. Hardest part of the job is being pressured to submit more applications, do more follow up, when the base itself are down or are closed for some period. The ratio of call centre representatives answering of following up versus the actual number of leads is very low. The base is easily finished. There is not a lot of enjoyable part except that we have the liberty to go for a loo break whenever we want, and that is the only time we can escape the work pressure for a mere few minutes.",2,Contact Centre Sales Service Representative,Kuala Lumpur,current,3,3,2,2,3,Medical Benefits,,11,200,https://malaysia.indeed.com/cmp/HSBC/reviews?start=200
1243,maybank,25/2/2018,Excellent Management,The working culture is awesome. The collegue and the manager are very friendly and working as a family. The working place is peaceful and beautiful as well. The allowance is high compare to other.,5,SL1M Trainee,Kuala Lumpur,current,5,5,0,5,5,"High allowance, Good collegue, Awesome Culture",Lot of work,10,180,https://malaysia.indeed.com/cmp/Malayan-Banking-Berhad-(maybank)/reviews?start=180
1244,RHB Bank Berhad,21/2/2018,Team building and activities (especially makan makan activity),"All staff is like a family including bosses. Easy going, smooth flow BAU of wokplace. My job was a relaxing and non stress job (management supports) End my work daily ON TIME and going back home on time, no OT. Able to go for prayers on time.",4,Senior Executive - Quality Assurance,Jalan Tun Razak KL,former,4,4,4,4,4,,,10,180,https://malaysia.indeed.com/cmp/Rhb-Bank-Berhad/reviews?start=180
1245,RHB Bank Berhad,14/2/2018,Productive and dedicated team with secure corporate culture,"I had working with strong dedicated team for analyst department on the retail product. I learn to reporting, compare, monitor, forecasting and control on certain bank product such as deposit and bancassurance. The most enjoyable part of this job is actual amount is approximate forecasting figure and significant change occur when the marketing plan is launch. The hardest part of the job is to change the data standard when internal reporting change format.",5,Internship,Kuala Lumpur,former,5,4,5,5,5,"Affordable foods, best facility.",Shorts holiday on festive celebration,10,180,https://malaysia.indeed.com/cmp/Rhb-Bank-Berhad/reviews?start=180
1246,Public-Bank-Berhad,13/2/2018,"productive,enjoyable",i not enjoy the inviroment at my office now.the work culture is not okay today.so tired every day to travelling from my home to workplace.benefit also no satisfied to me.,2,Clerk - Public Bank Team,Kuala Lumpur,former,2,2,2,2,2,,,11,200,https://malaysia.indeed.com/cmp/Public-Bank-Berhad/reviews?start=200
1247,Cimb-Group,12/2/2018,Great learning curve,"It provides a great learning curve for a junior to progress in the career. It is a very demanding job but fun to learn. However, compensation might be depending on the department and it might not be too rewarding for certain departments.",4,M&A Associate,Kuala Lumpur,current,3,4,3,4,3,,,10,180,https://malaysia.indeed.com/cmp/Cimb-Group/reviews?start=180
1248,HSBC,11/2/2018,A Typical day at work,"Working in the multi national company gives you different perspective on the working culture, where the business need to become priority above all. Career growth is given to those who willing to strive.",5,Manager Risk & Admin,Cyberjaya,former,3,5,5,3,3,"Career Growth, and medical plan","Shifts, and longer hour",11,200,https://malaysia.indeed.com/cmp/HSBC/reviews?start=200
1249,HSBC,11/2/2018,Management,"Working in the multi national company gives you different perspective on the working culture, where the business need to become priority above all. The KPI's is quite clear with rewards given to those who performed,however overtime the overwhelming with all the work made you wonder whether it is worth all the money you get.",5,Manager Planning & Support,Cyberjaya,former,2,5,5,4,4,Career growth,Working longer hour due to culture and business need,11,200,https://malaysia.indeed.com/cmp/HSBC/reviews?start=200
1250,HSBC,10/2/2018,productive,I am willing to undergo training. I am pleasant in nature and can get along with others. My experience has taught me on how to build strong relationship with all departments at an organization. I have the ability to work within a team as well as cross-team.,4,Credit Management,Kuala Lumpur,former,4,4,4,4,4,,,11,200,https://malaysia.indeed.com/cmp/HSBC/reviews?start=200
1251,HSBC,9/2/2018,All the staff regardless any level helping each other,Its a fun working enviroment. Sharing and solving problem together. Always concern with each other. Always have discussion. Have a same vision and mission to fulfill all the tasks given,4,Corporate Action Officer,Kuala Lumpur,current,3,4,3,4,3,Good Benefit,Work life balance,11,200,https://malaysia.indeed.com/cmp/HSBC/reviews?start=200
1252,Ocbc,8/2/2018,Another Banking Company,Work smart not hard nor proper. Unorganized in structure and people. Do not value friendship nor teamwork. A company that does not grow unless top tier changes were to be made,2,Retail Banking/Branch Operation,Kuala Lumpur,former,2,2,3,2,2,,,4,60,https://malaysia.indeed.com/cmp/Ocbc-3/reviews?start=60
1253,RHB Bank Berhad,8/2/2018,Enjoy meet new people everyday,I have a good experience in sales and try approching skill in customer.I enjoy new experiance in banking line and meet good managment.A lot of thing i learn from banking line.,4,Financial Consultant,Rhb Bank Batu Kawah Kuching,former,4,4,4,4,5,Flexible working times.,Medical fee so attractive,10,180,https://malaysia.indeed.com/cmp/Rhb-Bank-Berhad/reviews?start=180
1254,HSBC,5/2/2018,Working at HSBC with good communication,My appraisal was always up to the expectations of the bank. My area is crucial and we play a important role as there will be fraud cheques. Worked for the bank for 31 years.,4,Special Grade,Cheque Processing Departmebt,former,4,4,4,2,4,As the terms and conditions,Good relationship with all the staff,11,200,https://malaysia.indeed.com/cmp/HSBC/reviews?start=200
1255,maybank,5/2/2018,Productive and have more benefits,"Good working environment, working 5 days monday to friday, a lot of benefits such as medical coverage, staff loan, salary increment every year, bonus and etc",5,Processing Officer,Kuala Lumpur,current,4,5,4,4,4,"Benefits, career enhancement",High volume of work,10,180,https://malaysia.indeed.com/cmp/Malayan-Banking-Berhad-(maybank)/reviews?start=180
1256,Public-Bank-Berhad,5/2/2018,Fun to work with Public Bank,"Happy to work almost 10 years in banking line, What i learn is operation and loan department. Management is messy woth workloads. Hardest part of the job is team is not helping each other with workloads. The most enjoy thing is five working days in bank.",4,Officer / Executive,Malacca City,former,3,4,4,2,3,Bonus,Loaded with works,11,200,https://malaysia.indeed.com/cmp/Public-Bank-Berhad/reviews?start=200
1257,bank islam,2/2/2018,good career,best for marketing experience good for financial institution learning areas well being staffs and a good culture suitable for person who has sales driven,3,marketing executive,Kuala Terengganu,current,0,0,0,0,0,,,3,40,https://malaysia.indeed.com/cmp/Bank-Islam/reviews?start=40
1258,HSBC,31/1/2018,Fun workplace,Not recommended for family man. Working almost 14 hours. Quite far from home. Allocated in Cyberjaya where i lives in Ampang. Cafeteria serve same food everyday and expensive,3,Associate,Cyberjaya,current,1,1,1,1,1,Good pay,No parking,11,200,https://malaysia.indeed.com/cmp/HSBC/reviews?start=200
1259,RHB Bank Berhad,30/1/2018,A good place to start career,A good place to start your career and learn about banking industry. Good support from management. An opportunity for career growth given by the management.,4,Assistant Branch Manager,Johor,former,4,4,4,4,4,Career advancement,,10,180,https://malaysia.indeed.com/cmp/Rhb-Bank-Berhad/reviews?start=180
1260,RHB Bank Berhad,30/1/2018,"good experience, teamwork partner, nice environment work places","I got experience with Rhb banking group . Must achieve goal targets every month include insurance products & asb loans , marketing indoor&outdoor booth. independent & self motivation. All sales incentives earned will be directed to our sales and overall work performance",5,Assistant sales manager,pandan indah kuala lumpur,former,5,5,5,5,5,,,10,180,https://malaysia.indeed.com/cmp/Rhb-Bank-Berhad/reviews?start=180
1261,Ocbc,28/1/2018,Learned a lot working in a bank,"It was very much a hands on job and get to learn how to balance work life in a bank. They let us do payments for international transactions, had classes for presentation, knowledge on financial instruments that they provide to the customers and also had to learn about anti money laundering. I had the opportunity to meet and did a presentation to the Head of Operations for OCBC, which was very overwhelming but exciting at the same time. The working environment is of course stressful but at the same time the employees there made it fun because they taught me how to balance between work and life.",5,Internship,"Masjid Jamek, Kuala Lumpur",former,3,4,4,4,4,Great employees and bosses,Long working hours,4,60,https://malaysia.indeed.com/cmp/Ocbc-3/reviews?start=60
1262,Bank-Rakyat,26/1/2018,happy workplace,"processing the personal loan, attend customer and inform customer if loan has been approve . Few terms and condition should be fulfill by customer themselves before the loan can be approve. helpful colleague and happy working environment",4,Personal Loan Processor,Perak,current,4,4,4,4,4,happy workplace,contract position,2,20,https://malaysia.indeed.com/cmp/Bank-Rakyat/reviews?start=20
1263,Cimb-Group,24/1/2018,Productive and fun,"I like to work at Cimb because as a customer service executive at preferred call center its teachs me to be patience, active listening, responsible and empathy.",4,Customer Service Executive,Kuala Lumpur,former,3,5,4,3,3,"Staff benefits such loan, medical",Short break. Finish work a wee hours eg 12am and shift,11,200,https://malaysia.indeed.com/cmp/Cimb-Group/reviews?start=200
1264,HSBC,24/1/2018,Awesome working place. Great lifestyle and work balance.,Serving UK customers via phone calls for Cheque verifications.. fun learning new slang and chances of speaking to high level people. Fun and balancing work lifestyle.,4,Global Support Executive,Cyberjaya,former,4,4,4,4,4,Free lunch,Short break.,12,220,https://malaysia.indeed.com/cmp/HSBC/reviews?start=220
1265,Public-Bank-Berhad,24/1/2018,typical day at work,"I like to help people. Position of a teller offers a unique chance to combine the two things in one job. I really like the customer service. It’s a good idea to pay attention to what the managers are doing and learn about things like mortgages and other loans, reading credit reports, etc. You may need a loan in the future or decide to become a homeowner someday and it’s a good idea to know what options you have and to understand the importance of good credit.",3,Teller,Johor,former,4,3,5,4,4,,,11,200,https://malaysia.indeed.com/cmp/Public-Bank-Berhad/reviews?start=200
1266,RHB Bank Berhad,24/1/2018,"Fun workplace, very challenging, suitable for those who love to meet target.","I love the experience I got when I was in RHB, the enviroment is super good, feels like home. The higher management and staffs also friendly. The job itself is good, a bit stressful but manageable.",4,Collector Officer,"Jalan Munshi Abdullah, Kuala Lumpur",former,3,3,3,3,4,Nice boss.,Less time with family,10,180,https://malaysia.indeed.com/cmp/Rhb-Bank-Berhad/reviews?start=180
1267,RHB Bank Berhad,24/1/2018,I really enjoy working in rhb bank,"I managed all my work, clear all my work without pilling up. If don't know how to do willing to ask and learn from others. Like to ask alot of question.",5,Sales Ambassador,Kuala Lumpur,former,5,5,5,5,5,All work as family,Work happly,10,180,https://malaysia.indeed.com/cmp/Rhb-Bank-Berhad/reviews?start=180
1268,HSBC,23/1/2018,Too Challenging,"very thing is about cut off alot of currecy have to handle, payments,cross check with account re-consolation and international payment ,all of this have to be delivered on timely manner",3,Global Support Executive,Kuala Lumpur,former,1,3,2,1,1,You will learn alot of new things,Limited time always OT,12,220,https://malaysia.indeed.com/cmp/HSBC/reviews?start=220
1269,Cimb-Group,22/1/2018,Good environment and Services,Working with the company are very simple and everyday goes by with good. What i learned from the company are the marketing skills and how to communicate with people. The management are good and the culture there also good. The hardest part is when we have to go outside and meet the customer very far away from the office and i am very enjoyed working with the company meeting with cool and supportive co-workers.,3,FINANCIAL ADVISOR,Kuala Lumpur,former,3,3,3,3,3,,,11,200,https://malaysia.indeed.com/cmp/Cimb-Group/reviews?start=200
1270,RHB Bank Berhad,22/1/2018,Productive and Good working invironment,Working hours for this job can be long as there is the day for everyone need to attend an event and so on. The experience i get for working for this company are the communications between different ages and trying to get what people needs. The management from the region office are a little bit cranky and sometimes over the limit. I enjoyed my stay in Branch a lot and meeting very nice co-workers. The hardest part is when you are trying to adapt with the characteristic of each customer and people that you dealing with. The most enjoyable part of the Job is when you achieved the target every month sales and the incentives are very good.,3,SALES CONSULTANT,bandar baru nilai,former,3,4,3,3,4,,,10,180,https://malaysia.indeed.com/cmp/Rhb-Bank-Berhad/reviews?start=180
1271,HSBC,19/1/2018,prodactive and many experiance workers.,i would like to improve my knowledge in banking industries and i want to improve my skills that i was learn from lectures.i hope i get this opportunity to experiance and knowledge.,2,clerk,Ipoh,former,3,3,3,3,2,,,12,220,https://malaysia.indeed.com/cmp/HSBC/reviews?start=220
1272,RHB Bank Berhad,19/1/2018,Productive and well team work,"Maximizing collection effort to meet the productivity and collection targets set by management. To support unit head, section head amd head of collection strategy to manage the portfolio health.",5,Collection and recovery executive,Kuala lumpur,former,5,5,5,5,5,Team work,Nothing,10,180,https://malaysia.indeed.com/cmp/Rhb-Bank-Berhad/reviews?start=180
1273,HSBC,18/1/2018,best place to learn,"well structured on process and policies , great place to build foundation on your career path. no flexi benefits to support woman, main uk hours . multi culture and fun.",4,Assistant Manager,cyberjaya,former,4,4,4,4,4,,,12,220,https://malaysia.indeed.com/cmp/HSBC/reviews?start=220
1274,maybank,18/1/2018,Plenty of opportunity for Career Growth,A lot of opportunity for career growth across different job functions. Warm and friendly colleagues. Perks are great. Opportunities abound to work on huge projects that impact millions of customers nationwide.,4,Solutions Architect,Kuala Lumpur,current,3,3,5,4,3,,,10,180,https://malaysia.indeed.com/cmp/Malayan-Banking-Berhad-(maybank)/reviews?start=180
1275,RHB Bank Berhad,18/1/2018,My first jib after graduating,"As a treasury executive, i deal with many customers who wish to convert their currencies to use in the export or import. I have to do a lot of researchers before advising a customer to either buy or sell a currency. That was the most toughest part in my job.",5,Tresury Executive,"Kuala Lumpur, Malaysia",former,5,5,5,5,5,Bonus,None,10,180,https://malaysia.indeed.com/cmp/Rhb-Bank-Berhad/reviews?start=180
1276,HSBC,15/1/2018,The most enjoyable part of the work,"We build a productive and professional relationships with all clients within all HSBC Internal Group across US Region,LatinAmerica,MiddleEast,North& South Europe ,Britain and across Asia Pacific ,ETC.Standard working hours is 3pm-12am Malaysian Time",4,Global Support Executive,Kuala Lumpur,former,4,3,3,4,4,very good work culture,working shift,12,220,https://malaysia.indeed.com/cmp/HSBC/reviews?start=220
1277,maybank,14/1/2018,Comfortable and enjoy workplace,Maybank is one of the leading banking in Malaysia with so much benefits that suits the employees needs. The culture and environment are truly enjoy and everybody is just like family.,5,Personal Financial Advisor,Menara Maybank,former,4,5,4,5,5,"Flexible working hours and lunch break, leaves",Too much pressure as we are struggling to always achieve the target,10,180,https://malaysia.indeed.com/cmp/Malayan-Banking-Berhad-(maybank)/reviews?start=180
1278,RHB Bank Berhad,13/1/2018,Fun and productibe,"Everyday is busy day,i learned about new things about my job from manager,the workplace is fun to work,the hardest job is to get the customer, the enjoyable is teamwork between colleagues.",4,Personal banker,Kajanh,former,3,3,3,3,4,Good teamwok,Short breaks,10,180,https://malaysia.indeed.com/cmp/Rhb-Bank-Berhad/reviews?start=180
1279,Public-Bank-Berhad,12/1/2018,Best Training Ground,It is a best training ground for fresh graduate to develop and growth ourself with the work culture and environment. The high demand from management and high volume of job allow us to learn to manage our time well and be multitask to meet the assigned job duties dateline. The most enjoyable part of the job is having a gang of good colleagues who willing to work together and resolve problem together.,4,Senior Operations Executive,Melaka,former,0,0,0,0,0,Good Benefits e.g Housing Loan,Long Hours,11,200,https://malaysia.indeed.com/cmp/Public-Bank-Berhad/reviews?start=200
1280,Bank-Rakyat,9/1/2018,Marketing,I work every day is making marketing of personal financing products. I work more online and do marketing in the public office. What I learned during my work with the federal bank was how to deal with different payload customers. the way management is to ensure the best service to the customer according to the promised time. My workplace culture is very lively. work productively and ensure achievement can be targeted. The difficult part of working alongside is when you want to get information from customers who are out of the area who do not have a good line like in the interior. but can be solved by meeting with customers. what I like during my work is to make a marketing that is a lot of walking and going out to many people.,5,MARKETING EXECUTIVE,Sabah,current,4,5,5,5,5,enjoy,faced with the risk of accidents on the road,2,20,https://malaysia.indeed.com/cmp/Bank-Rakyat/reviews?start=20
1281,Cimb-Group,9/1/2018,Tired and need to extra working hours,Need to stayback without allowance. Saturday also working day without allowance. Dont have life balance. Am not enjoy with the environment. The manager didnt appreciate staff.,4,Sales executive,Titiwangsa,former,2,2,3,2,2,,,11,200,https://malaysia.indeed.com/cmp/Cimb-Group/reviews?start=200
1282,HSBC,9/1/2018,Fun place to work,"Provided support to various sections within branch services. Excellent coaching peers, willing to help and share knowledges at all time without hesitation.",5,Branch frontline teller,Ipoh road,former,5,3,5,5,5,,,12,220,https://malaysia.indeed.com/cmp/HSBC/reviews?start=220
1283,HSBC,9/1/2018,Great and fun place to work,"Excellent management, emphasize on work life balance. Provide opportunity for career advancement and life long education. Structured learning and continuous training being provided according to job needs. Besides e-learning which can be accesss at any time for personal benefits. The company offers various fringe benefits to its staff among others include annual trip.",5,Assistant Manager,Damansara,former,5,5,5,5,3,,,12,220,https://malaysia.indeed.com/cmp/HSBC/reviews?start=220
1284,maybank,8/1/2018,Overall the working environment is good.,5 days week but required to attend to late night or midnight calls. I pickup a lot of technical skill in problem solving. Enhance my communication skill with management and users. Able to mix with people with different culture within the country.,3,System Analyst,Kuala Lumpur,former,3,4,3,3,3,Plenty of opportunities to enhance technical skill.,Difficult to strike balance between family and work life.,10,180,https://malaysia.indeed.com/cmp/Malayan-Banking-Berhad-(maybank)/reviews?start=180
1285,Public-Bank-Berhad,8/1/2018,Competitive but rewarding,"Competition among colleague is high as branch manager have total authority influencing an individual career progress. Being an credit officer, I am under pressure to balance between productivity and quality work as this would directly affect the bank's books. Nonetheless, the bank provide attractive career pathway where every employees are given opportunity to climb up the corporate ladder.",5,Management Trainee (Credit Analyst),MY,former,2,4,4,4,4,,,11,200,https://malaysia.indeed.com/cmp/Public-Bank-Berhad/reviews?start=200
1286,maybank,7/1/2018,Hectic life working in maybank,"Employer not acknowledge the seniors contribution towards the organization. KPI is manipulate by the head. Unfair treatment, favoratism is common in Maybank. The Head moderate down KPIs since they are not her blue eyed staff. In other ways, RACIST.",1,Senior Business Development Executive,Perak,former,1,4,4,1,1,Provides courses,Not allowed to go back early although all work done.,10,180,https://malaysia.indeed.com/cmp/Malayan-Banking-Berhad-(maybank)/reviews?start=180
1287,Cimb-Group,4/1/2018,Fun and enjoy work place,Everyday work Working with senior and manage branch Good management team Fun and enjoy work place Difficult to get leave on weekend Great opportunity to join one of a largest bank in malaysia,5,Sales Executive,"taman daya, johor bahru",former,3,4,4,4,5,,,11,200,https://malaysia.indeed.com/cmp/Cimb-Group/reviews?start=200
1288,HSBC,3/1/2018,Good Working Environment,I have learned overall investigation in FCC ( Financial Crime Compliance) Department.Good working environment and friendly working colleague.Sufficient training provided before the work been given. Guideline is given time to time.E learning is given each month.Need to go through all the exam for e.g Money Laundering and FCC.,5,Global Support Executive,Cyberjaya,former,5,5,5,5,5,,,12,220,https://malaysia.indeed.com/cmp/HSBC/reviews?start=220
1289,HSBC,3/1/2018,Productive and strongly teamwork,"Overall it was so much fun and excited with that company. Work life balance - team-building Benefit is A rating-Medical card, annual leave and sick leave.",5,TSC(Time Scale Clerk),Leboh Ampang (HQ),former,5,5,5,4,4,Everything is A,Nil,12,220,https://malaysia.indeed.com/cmp/HSBC/reviews?start=220
1290,RHB Bank Berhad,3/1/2018,Fun work place,I love the environment and enjoy it very much. My boss was very kind. Our team leader is fun and sporting. I love my friends. Their management is so cool.,5,Collection,Jln. Munshi Abdullah,former,5,5,5,5,5,Off day sunday,Short breaks,10,180,https://malaysia.indeed.com/cmp/Rhb-Bank-Berhad/reviews?start=180
1291,Bank-Rakyat,30/12/2017,Good environment workplace with dynamic team work.,"Job spec, manage customer's loan application and meet customer for sign agreement and open account. Learn in communication with customer and can work under pressure Workplace culture, work in team, dynamic team player, and achieving target The hardest part of the job, is achieving target of Personal Loan for 200k in 3 weeks. The most enjoyable part of job is meet new people, fun workplace and had a good teamwork.",4,Pegawai Pemasaran Br Smart (TRAINER),lukut,current,5,3,4,5,5,"good management, lunch and trip","medical cards, benefits, salary/allowance",3,40,https://malaysia.indeed.com/cmp/Bank-Rakyat/reviews?start=40
1292,Cimb-Group,28/12/2017,A boring workplace with repeating routine tasks,Lack of planning in providing training to newbies. Senior staffs are not willing to teach junior staffs. Boring workplace and would not work again for this company.,1,Intern,Malaysia,former,1,1,3,1,1,,,11,200,https://malaysia.indeed.com/cmp/Cimb-Group/reviews?start=200
1293,Public-Bank-Berhad,26/12/2017,Good for fresh graduate.,The top management is consecutive and they are not willing to expose to risk. The workplace culture is horrible which the senior will greatly utilize the young staff. The hardest part is to deal with horrible work culture which emphasize on long working hours. Nothing is enjoyable here.,2,Senior Credit Analyst,Johor,former,2,2,2,2,1,Stable,"Boring, Very Slow Career Advancement.",11,200,https://malaysia.indeed.com/cmp/Public-Bank-Berhad/reviews?start=200
1294,RHB Bank Berhad,26/12/2017,good invironment & good people,"Every day i must be at office before 8:45am, so i will go out to work from my place at around 7:30am with public transport and i will arrived at office around 8:00am. my daily office hour 8:45am till 5:45pm, but must to stayback every day till 9:00pm. on saturday are required to working till 1:00pm. while on end of month are required to working on weekend. But i really love it this workplace culture because i must to challenge my self to achieve every month.",5,Collector,Kuala Lumpur,current,3,3,5,5,5,,,10,180,https://malaysia.indeed.com/cmp/Rhb-Bank-Berhad/reviews?start=180
1295,Bank-Rakyat,25/12/2017,Cheerful work place,"During my previous working, I was needed to deal with the customers and to smoothen out the works for my higher ups. I also was able to intensify my skill in using Microsoft Office especially Word and Excel. I learnt how to work in a team in order to deliver organization's goals.",5,Sales executive,"Raub, Pahang",former,5,5,5,5,5,Very flexible working time,Short break,3,40,https://malaysia.indeed.com/cmp/Bank-Rakyat/reviews?start=40
1296,Ocbc,25/12/2017,Target base marketing job,"commercial bank mortgage loan officer is a target base marketing job. Every month have to achieve the minimun sale target amount in order to get incentive. Good thing is the higher you can achieve, the higher incentive you will be compensate, quite a target driven position.",3,Mortgage Loan Sales Executive,Johor Bahru,former,3,3,3,3,3,,,4,60,https://malaysia.indeed.com/cmp/Ocbc-3/reviews?start=60
1297,RHB Bank Berhad,25/12/2017,good environment with staff,"had a so much fun with the staff and team leader , management also arrange many activities with the staff , and highest commission working here. also have a over time paid.",4,collection officer,Kuala Lumpur,former,2,4,4,3,5,,,10,180,https://malaysia.indeed.com/cmp/Rhb-Bank-Berhad/reviews?start=180
1298,Cimb-Group,20/12/2017,Pantry,"Nice working environment, much more benefit like free vacation with ticket and hotel. So much free gift from the company, gathering like lunch and dining.",5,PERSONAL FINANCIAL CONSULTANT,Sandakan,former,5,5,5,5,5,Pantry with refrigerator and oven,Medical card,11,200,https://malaysia.indeed.com/cmp/Cimb-Group/reviews?start=200
1299,Cimb-Group,19/12/2017,good,"This is my job experiens with marketing, It's a big experiens in my life knowing bisness and stock market for invesment. Very establish company and have the best product for people.",3,Consultant,Wangsa Maju,former,3,3,0,3,3,,,11,200,https://malaysia.indeed.com/cmp/Cimb-Group/reviews?start=200
1300,HSBC,19/12/2017,My 2nd favourite work place,"Office is based in a different city basically,had a great time working in hsbc, good co-workers,good training,nice environment of working, I was handling inbound calls for credit card and personal loan for Singaporeans.",4,Customer service executive,Cyberjaya,former,4,4,4,4,4,,,12,220,https://malaysia.indeed.com/cmp/HSBC/reviews?start=220
1301,maybank,16/12/2017,good career advancement,service and target oriented banking and finance company.overall benefit for employees is good in term of medical and loans for staff.have to be able to be transfered within branches and be able to work on long extra working hours as to achive the targets given.,4,officer,George Town,former,3,4,3,3,4,good benefit,strict on targets given and long working hours,10,180,https://malaysia.indeed.com/cmp/Malayan-Banking-Berhad-(maybank)/reviews?start=180
1302,HSBC,14/12/2017,Balance Work Life,Communication skill Peer & Superior Support Persuading Customer Down to Earth Management Cross Cultural Balance Work Life Management Corporate Social Activity,5,Customer Service Executive,HDPM Cyberjaya,current,5,5,5,5,5,Peer Support,Health Care,12,220,https://malaysia.indeed.com/cmp/HSBC/reviews?start=220
1303,HSBC,14/12/2017,Wonderful place to work and develop your skills,"A decision that no people should regret! Best ever place that I have worked for 6.5 years! This is due to the culture and respect created by HSBC UK for the departments. Also, my review is about the HSBC Global Resourcing (HGR), not sure how does HSBC Retail performs. The management HGR is very much professional and always concerned about its employees. Does their best to help everyone! Equal opportunity is emphasized despite diverse groups!",5,Assistant Manager Operation (In charge),HSBC Cyverjaya,former,5,3,4,4,5,"Fun Colleagues, Activities, Respect, Training development, People Leadership at its best!","Local Management took over and destroyed all the hard work, Expats left after 2010.",12,220,https://malaysia.indeed.com/cmp/HSBC/reviews?start=220
1304,maybank,14/12/2017,Productive Working Enviroment,As we know banking line is the busiest environment. I manage to cope with the environment with supportive Managers and all other staff. This lead to effective and smooth of doing the tasks given.,5,Customer Engagement Team Specialist in Credit Card,Kuala Lumpur,former,5,5,5,5,5,"Lunch treats by managers, training course",No benefit for contract staff,10,180,https://malaysia.indeed.com/cmp/Malayan-Banking-Berhad-(maybank)/reviews?start=180
1305,Cimb-Group,13/12/2017,morning spirit,Morning spirit required the workers play some fun games in order to make the employee start the job with smile and happy.The games would take 5-10 minutes to complete the games. The games will held 3 times per week which is one of the employee need create the games for the morning spirit. I believe a productive work would be achieve when the employee is in good mood.,3,Negotiator,Kuala Lumpur,former,3,4,3,3,4,happy mood,,11,200,https://malaysia.indeed.com/cmp/Cimb-Group/reviews?start=200
1306,maybank,13/12/2017,Fun place to start career,"Fun place to start work, as long as you can keep up with the fast pace. There are also lots of team activity to join, provided that you got the release from your management.",4,Customer Service Executive (Inbound),Bukit Jelutong,current,3,5,5,3,3,medical benefit,hard to apply annual leave,10,180,https://malaysia.indeed.com/cmp/Malayan-Banking-Berhad-(maybank)/reviews?start=180
1307,HSBC,12/12/2017,Have sales target and minimum submission of applications,"*90% doing direct sales at corporate offices and shopping malls. *Learn how to approach strangers and make them comfortable with us and exchange business card or get contact details; name and phone number. *Learn punchuality, team work and withstand pressure by sales targets and e-learning deadlines. * Professional management and guide subordinate to achieve sales targets. *Team work and learn from each other, communication skill, sales strategy, time management etc. *The hardest is to achieve sales targets (approval submissions). *The most enjoyable is meeting new people, solves people needs (credit facilities) and other financial enquiries.",3,Personal Banker,Hsbc Jalan Ipoh KL,former,3,3,3,3,3,Interacts as a team and learn from each other (multi races and religious),Sales commission every 3 months,12,220,https://malaysia.indeed.com/cmp/HSBC/reviews?start=220
1308,Bank-Rakyat,10/12/2017,Good Management,"I work at Bank Rakyat as a Br Smart. Everyday I will go out to do a marketing or promotion of Bank Rakyat products like Personal Financing, Takaful Amani, Wasiat and Credit Card. What i have learned in this job is I learned how to handle customers and any problems that arise along I work at Bank Rakyat and I learned how communicate good with customers.The management of Bank Rakyat is good. I really like the workplace culture, all staff is kind and work together to solve problems. The hardest part I do is to explain something that is not in my job scope to customer that very angry to Bank Rakyat. The most enjoyable part of the job is the time of work is flexible.",5,BR SMART,"KUALA KANGSAR,PERAK",former,5,4,5,5,5,Flexible Time,NO Medical Card provide to Br Smart,3,40,https://malaysia.indeed.com/cmp/Bank-Rakyat/reviews?start=40
1309,Cimb-Group,9/12/2017,Good environment,"Good staff and good environment. Easy to ask somethings if don't know how to do the job given. All the staff is friendly, good character. The staff also take care of each other",5,Officer,Plaza pantai,current,5,5,5,5,5,Free parking,Health care,11,200,https://malaysia.indeed.com/cmp/Cimb-Group/reviews?start=200
1310,HSBC,9/12/2017,Fun and productive workplace,"It is multiculture workplace where you can meet and learn different culture. The management care about employee needs. As I worked for shift hour, they should increase the salary.",4,Global Support Executive,Cyberjaya,former,4,4,4,4,3,,,12,220,https://malaysia.indeed.com/cmp/HSBC/reviews?start=220
1311,RHB Bank Berhad,9/12/2017,Productive and fun workplaces,"the workplace culture in rhb is very good with nice people and good team work. for me workplace culture is very important Culture is a powerful element that shapes your work enjoyment, your work relationships, and your work processes. But, culture is something that cannot actually see, except through its physical manifestations in workplace. i'm very happy doing my internship at rhb",5,STUDENT INTERNSHIP,Bangi,former,5,5,5,5,5,flexible time to rest,,10,180,https://malaysia.indeed.com/cmp/Rhb-Bank-Berhad/reviews?start=180
1312,Cimb-Group,7/12/2017,Office Hours,Typical day at work are i have doing sales for 11am until 10pm. Learned : A tips of how to attract customer to apply with our products. Management : Working hours from 11am until 10pm Workplace culture : Positive and harmony Hardest part of the job : When in a daily no one want to apply with me. Most enjoyable part of the job : Sales Manager sporting and cheerful.,4,Personal Financial Advisor,Shah Alam,former,3,5,4,4,4,healthcare,no life,11,200,https://malaysia.indeed.com/cmp/Cimb-Group/reviews?start=200
1313,Bank-Rakyat,6/12/2017,Staff friendly and helpful,"Responsibilities to carry out marketing and sales financing products and services of the Bank. Ensure that sales targets set for financing Aslah, wills and other incentive-based product sales.",4,BR SMART,Perak,former,4,4,4,4,4,Income based on sales,No privacy time,3,40,https://malaysia.indeed.com/cmp/Bank-Rakyat/reviews?start=40
1314,Cimb-Group,5/12/2017,Positive culture,Everyday need to do sales and marketing Knowledge of the product with skills of sales very important to sales people Part of the staff not given full cooperation so it hard to me to do sales and to close deal,4,FINANCIAL SERVICE CONSULTANT,JALAN DATO BANDAR TUNGGAL SEREMBAN,former,5,5,5,5,5,Excellent benefit,Stressfull,11,200,https://malaysia.indeed.com/cmp/Cimb-Group/reviews?start=200
1315,RHB Bank Berhad,5/12/2017,"Productive, Enjoyable workplace.",Not a normal working hour job as you need to push yourself to achieve monthly target set by the company but this way helps you earn more and grow more as staff and pushes you to be the best. Provides insurances and medical card for employees. Free training classes for employees to gain knowledge in the banking industries.,4,Sales Executive (Personal Loan),Cheras,former,3,3,3,4,4,"very productive, positive atmosphere.","working on weekend, working until late nights.",10,180,https://malaysia.indeed.com/cmp/Rhb-Bank-Berhad/reviews?start=180
1316,HSBC,4/12/2017,Productive and fun work place,Have powerful and reliable system which can monitor your attendance well. Well managed activity for the staff No racism and all people are treat equal Good working environment and facilities provided,4,Global Support Executive,Cyberjaya,former,4,4,3,4,4,free meal treat for every main season/festival/lots of community activity,future in company - contract based,12,220,https://malaysia.indeed.com/cmp/HSBC/reviews?start=220
1317,Ocbc,4/12/2017,High Reputation Workplace,"As a trainee, I did the quarterly financial reporting to manger and submit to Singapore HQ. Doing the layout of financial statement for publication in public.",3,Trainee,Kuala Lumpur,former,3,3,3,3,3,Friendly mentor,Town Area,4,60,https://malaysia.indeed.com/cmp/Ocbc-3/reviews?start=60
1318,RHB Bank Berhad,4/12/2017,Fun place to work,"'- Banking environment -Learn on Telegraphic transfer between local and overseas bank -Fun colleagues -Low salary and don't get opportunity to transfer to other department to learn new things - Fixed 2 months bonus, benefits and annual leaves",2,Clerk / Teller,Penang,former,3,2,2,2,2,,,10,180,https://malaysia.indeed.com/cmp/Rhb-Bank-Berhad/reviews?start=180
1319,Cimb-Group,1/12/2017,Productive and good working environment,CIMB bank has given a platform for me to learn and experience customer service job once finished my studies.. The reason I want to leave this job because it is already more than 4 years working in this company.. It is a right time for me to find and learn new skills to enhance my career..,5,CUSTOMER SERVICE OFFICER,Wilayah persekutuan,current,3,3,4,3,3,No night shift,Benefits,11,200,https://malaysia.indeed.com/cmp/Cimb-Group/reviews?start=200
1320,RHB Bank Berhad,30/11/2017,Friendly with teammates,the workplace at RHB have many benefit. i have learn more about the bank product. i also able to handle the customer with take a good care. that enhance my skills and knowledge from the past graduate.,4,Customer Service Executive,Kuala Lumpur,current,3,3,3,3,4,know about bank product,short break,10,180,https://malaysia.indeed.com/cmp/Rhb-Bank-Berhad/reviews?start=180
1321,Bank-Rakyat,29/11/2017,Good working environment,I got guidance from a very good staff. I learn how to perform compliance assessment/checklist on proposal paper that introduces new or variance product and services prior to launch. I am also learn to prepare periodic monthly reports and ad-hoc compliance reports on the status of product/services being submitted to BNM,5,INTERN,Kuala Lumpur,former,4,4,5,4,5,,,3,40,https://malaysia.indeed.com/cmp/Bank-Rakyat/reviews?start=40
1322,HSBC,29/11/2017,Good and fun environment.,Able to learn about sales and marketing skills. Good place to start up your career. Telemarketing position is all about earning commissions but also a good place to brush up your communication skill how u talk to your customer and peoples.,5,Telemarketing executive,Malaysia,former,5,5,5,5,5,,,12,220,https://malaysia.indeed.com/cmp/HSBC/reviews?start=220
1323,Public-Bank-Berhad,28/11/2017,Challenging,Busy and hectic working place everyday but yet interesting and challenging. A good place to learn with good career advancement. High management expectations with good reward offered.,4,Senior Executive,Melaka City,former,3,4,4,4,4,Good reward and benefit,No,11,200,https://malaysia.indeed.com/cmp/Public-Bank-Berhad/reviews?start=200
1324,HSBC,27/11/2017,Fun place to work on,"Short term assignment acts as an opportunity to work overseas for some period of time. The task is well versed to the employee, and proper handover was given. Although HSBC IT Malaysia was one of the best company I have worked on, there are always room of improvement in some of the parts. The employees not given good career progression, less opportunity to get promoted or being assigned to different team with new perspective.",5,Senior software engineer,"KL, MY",former,5,5,5,3,5,,,12,220,https://malaysia.indeed.com/cmp/HSBC/reviews?start=220
1325,maybank,22/11/2017,A good company to start your career,"I love this company because of the benefits and good salary. However i am not fit this job because of the position given is not up to my par in which I as a staff know where is my strengths and weaknesses. As personal financial advisor, i have to take care investment and insurance domain in which i know that is not my strength. However i am good in other particular products but i was not given the opportunity to try out other position by the management in which the line manager has tried to propose to the management. However I am very delightful to be given 5his opportunity to work with such a giant company as my first job.",5,Personal financial advisor,Matang jaya kuching sarawak,former,3,5,2,2,3,Good benefits,Sales target too high,11,200,https://malaysia.indeed.com/cmp/Malayan-Banking-Berhad-(maybank)/reviews?start=200
1326,RHB Bank Berhad,22/11/2017,Personal banker,A very good bank with very good staff and branch manager. Friendly working environment. Good team work. I enjoy working at RHB Bank Berhad at pelangi branch johor bahru,5,Personal banker,Johor bahru,former,5,3,5,5,5,Good team work,Nil,11,200,https://malaysia.indeed.com/cmp/Rhb-Bank-Berhad/reviews?start=200
1327,RHB Bank Berhad,22/11/2017,Very understanding superior,I start work with RHB BANK BERHAD on 01/03/1993 as a clerk and got promoted as an Officer to Operations Department in year 2000. I have attached to almost all the department with the bank. I choose to do sales in year 2005 which is more challenging. My highest achievement is as a top performance Personal Banker in the country in year 2009 & 2010. In year 2013 I have given opportunity to handle back office duties in commercial loan disbursement in HQ. Now I came back to sales job again which is currently demanding in market.,4,"Sales Manager, Bancassurance",Klang Valley west region,current,4,3,3,4,4,Management not really giving pressures,Partners who directly involved with RHB BANK a bit pushing,11,200,https://malaysia.indeed.com/cmp/Rhb-Bank-Berhad/reviews?start=200
1328,HSBC,21/11/2017,Great platform to do networking,"NEW DAY, NEW PEOPLE, as I get to meet new customers everyday. I learned how to communicate and build network in this organisation. The management provides a lot of training courses and it never felt enough as the training they give are very enjoyable, makes you want to learn more. The colleagues are friendly and the work environment is great. The hardest part of being in the organisation is the working hours. The working hours is not intolerable, but it would have been better if the management look into it. Despite the working hours, everything else is great.",5,Advance Financial Guide,"Inanam, Sabah",former,2,5,4,5,4,Benefits are great,Long working hours,12,220,https://malaysia.indeed.com/cmp/HSBC/reviews?start=220
1329,RHB Bank Berhad,20/11/2017,Better then nothing,"RHB teach me become strong person, lead me to become professional, and grow up my thinker to become a rich thinking. Here i got a lot of good memories and good manner.",5,Practical Trainee,Kuala Lumpur,former,4,4,4,4,3,Internship,Salary below task given,11,200,https://malaysia.indeed.com/cmp/Rhb-Bank-Berhad/reviews?start=200
1330,United Overseas Bank,20/11/2017,Proactive,The management is very proactive in educating its employees. However too much of changes all at one go is quite taxing on the employees. The management is also very concern about the work-life balance ideology but it is still in its elementary stage. They need to mature with their implementations and ensure all departments reap the fruits of the implementation instead of only certain departments.,4,"Operations Officer, Ranking Manager",Petaling Jaya,current,4,4,4,4,4,flexi hours,long hours,5,80,https://malaysia.indeed.com/cmp/United-Overseas-Bank/reviews?start=80
1331,RHB Bank Berhad,19/11/2017,enjoyable life at work place,"I learn a lot about customer service. everyday is a hectic day but still give me an enjoyable environment when I'm surrounded by nice people. In handling customer i learn how to be rational and not emotional. Everyday i will handle so much cases which is i need to make decisions quickly. Time is very important so i learn how to manage my time. the hardest part of my job when you are the middle person and every decision is on me, i need to make right decision for the customer and also everyday i need to listen to the customer that put their anger on me. sometime, staff are not willing to teach newbies like me.",3,Customer service,Kuala Lumpur,former,3,4,4,3,4,,limited time,11,200,https://malaysia.indeed.com/cmp/Rhb-Bank-Berhad/reviews?start=200
1332,RHB Bank Berhad,18/11/2017,General teller job.,Handling teller job is quite challenging and need lot of patients because we might encounter with different type of customer on daily basis. Cash handling is quite tough to handle as we need to ensure the cash is balance end of the day.,3,Clerk / Teller,Petaling Jaya,former,3,3,3,3,3,Good staff welfare,No increment,11,200,https://malaysia.indeed.com/cmp/Rhb-Bank-Berhad/reviews?start=200
1333,RHB Bank Berhad,16/11/2017,Great place,Its a good company. There is lot of room for improvement. I have great work live balance. There is room for improvement for the management and how they manages their people,4,Relationship Manager ( Assistant Manager ),Kuala Lumpur,current,5,5,5,2,2,,,11,200,https://malaysia.indeed.com/cmp/Rhb-Bank-Berhad/reviews?start=200
1334,HSBC,15/11/2017,Integrity and cooperation between the teams members are high,We work with different races and different belief of people. It always fun to learn their culture and how to adapt with them. Punctuality always the priority. The hardest part of the job is to try to save the cost of the operation without risking the outcomes. The most enjoyable part of the job is you can travel to onshore based on the country you serve for as a SSO (Shared Services Outsources),4,Senior Executive Transfer Agency Luxembourg,Malaysia,former,4,4,4,4,5,Travelling to onshore,You have to pay RM5 if you want to use your medical card.,12,220,https://malaysia.indeed.com/cmp/HSBC/reviews?start=220
1335,Ocbc,15/11/2017,managment,quiet okay but salary great job is hardest but can do well got target and probation 6 months manager all very nice and helpful able to create network,4,Customer Service Executive,Kuala Lumpur,former,3,5,3,3,3,slary,long hours,5,80,https://malaysia.indeed.com/cmp/Ocbc-3/reviews?start=80
1336,Cimb-Group,14/11/2017,Java Developer,"• To Specialize and enhance my skills in Java and J2EE related technologies • To work in a challenging and rewarding work environment and contribute to the best of my ability, significantly to the growth of a progressive company • 7 Years of experience in Java and J2EE Technologies • Excellent development skills using J2SE, J2EE, SPRING, STRUTS, SERVLET, JSP, Restful Web Services, Ionic Frame Work, My SQL, Microsoft SQL, Postgres SQL and Oracle. • Extensive Object Oriented Development (OOP/OOD) experience • Good working knowledge on application development and maintenance life cycle process",5,Senior Engineer,Bukit Damansara,current,4,4,4,4,4,,,11,200,https://malaysia.indeed.com/cmp/Cimb-Group/reviews?start=200
1337,United Overseas Bank,13/11/2017,Fun Workplace,"Alot of celebration after sales target met. As Malay staff is minority in Sales department, bosses gave full support to get us hit target. Pleasant working environment to encourage efficient productivity.",4,Senior Officer (Mortgage Specialist),Klang,former,5,5,3,5,4,"Dinner at 5 Star Hotel, Overseas Trip",,5,80,https://malaysia.indeed.com/cmp/United-Overseas-Bank/reviews?start=80
1338,maybank,12/11/2017,Not going to work in their sales department,"Target set by the manager was beyond reach for rural area. Also, I was smirk at when they ask me my pointer during the interview for the permanent position. How is that professional?",3,Personal Financial Advisor (SL1M Programme),Negeri Sembilan,former,1,3,2,1,1,,,11,200,https://malaysia.indeed.com/cmp/Malayan-Banking-Berhad-(maybank)/reviews?start=200
1339,RHB Bank Berhad,9/11/2017,Productive & fun place to work,"For newcomers, the probation period will be 6 months.on the first to six months you need to achieve your monthly percentage of KPI. There will be a lot of roadshow that you might need to attend at least once a week.",4,Personal Banker,Kuching,former,3,3,4,4,3,Flexible time,,11,200,https://malaysia.indeed.com/cmp/Rhb-Bank-Berhad/reviews?start=200
1340,Cimb-Group,8/11/2017,Productive to serving the customer and assisting them on any inquiry,"The job area are most on serving the customer and helping them to decide the best product which they can get from the bank. From this job, I have sharpen my negotiation and selling skills especially selling the insurance product and helping customer to choose the best credit card suits to their own needs.",4,Financial Service Consultant,Kota Kinabalu,former,4,4,3,3,3,,,11,200,https://malaysia.indeed.com/cmp/Cimb-Group/reviews?start=200
1341,maybank,8/11/2017,fun workplace,The colleagues are very friendly and helpful. The environment is fun and happening. The manager is kind to the staff and very helpful. They are also easy to approach.,4,SL1M Trainee,Jalan Tun Perak Kuala Lumpur,current,4,5,5,4,4,free lunches,stressful and too many work to do everyday,11,200,https://malaysia.indeed.com/cmp/Malayan-Banking-Berhad-(maybank)/reviews?start=200
1342,HSBC,6/11/2017,Fun place to work,"I have been working at HSBC for the past 4 years. It would be a great place to work as it was a perfect place as a stepp stone. It helped employees to learn and to get to know how a corporate life and working environment would be. There were many advantages of working at HSBC such as medical,annual leaves,training programme and also exposure to the social responsibility.",3,Global Service Executive,Cyberjaya,former,3,2,2,3,2,Leaves,Management,12,220,https://malaysia.indeed.com/cmp/HSBC/reviews?start=220
1343,RHB Bank Berhad,5/11/2017,productive & energatic working environment,"most of the typical day at work is doing sale to achieve the target that has been set by RHB Bank. IAt RHB Bank, i learned so many knowledge in term of sales, service, how to handle problem, customer, services after sales and much more. im also learned how to increase my productivity in term of self confident, increase productivity level,increase knowledge about sales and product and much more. Workplace culture at RHB Bank is we are based on team work and helping each others. The hardest park at RHB Bank is to handle customer need and want, to sustain a good relationship with customer. The most enjoyable part in my job is when i can help customer to settle the problem.",4,senior executive,Rawang,current,4,4,4,4,4,enjoyable working environment,stress,11,200,https://malaysia.indeed.com/cmp/Rhb-Bank-Berhad/reviews?start=200
1344,Cimb-Group,3/11/2017,A good training ground for learning new skills as CIMB is one of the leading banks in innovating financial products.,"A fun place to work at should you enjoy a fast paced work environment and are able to multitask at all times. Since financial products are evolving the readiness to perform the work in the absence of automation is inevitable, however, the challenges faced at work is the most enjoyable part of the job as you are given a full hand to take the lead to handle and complete the job within the given timeline with 101% accuracy.",4,Manager,Petaling Jaya,former,3,3,4,3,4,Good benefits,Long working hours at peak months,11,200,https://malaysia.indeed.com/cmp/Cimb-Group/reviews?start=200
1345,Ocbc,3/11/2017,Fun Workplace,"I really loves working here. My team is superb. We worked, we have fun. The management also knows how to appreciate the staffs by giving the free lunch or token of appreciation for all staffs.",4,Assistant Vice President,"Kuala Lumpur, Malaysia",former,4,4,4,4,5,"Free treat by management, appreciation",,5,80,https://malaysia.indeed.com/cmp/Ocbc-3/reviews?start=80
1346,HSBC,1/11/2017,For uk hsbc,Night Shift and very basic call centre. Learning banking knowledge from here helped me to excel in term of banking industry and keep me going with client service sector.,4,Senior Global Support Executive,Malaysia,former,4,4,4,4,4,,,13,240,https://malaysia.indeed.com/cmp/HSBC/reviews?start=240
1347,Bank-Rakyat,31/10/2017,experienced,i gain a lot of experienced there. they give me opportunity to entertain customer who want apply for personal loan. the hardest part of job is to calculate customer salary.,4,BR smart,Seremban,former,4,4,4,4,4,,,3,40,https://malaysia.indeed.com/cmp/Bank-Rakyat/reviews?start=40
1348,Cimb-Group,31/10/2017,Fun workplace,"Good team work and good environment workplace Do the work under pressure,unless if have are problem must discuss or follow up with client or executive.",5,Officer,Kuala Lumpur,former,4,4,4,4,4,,,11,200,https://malaysia.indeed.com/cmp/Cimb-Group/reviews?start=200
1349,Public-Bank-Berhad,31/10/2017,It's a good place to work,"Culture is old school but they take care of their staff. Sometimes promotion is not easy, comes very late. It's usually a busy day at work. Bonus is good. The People are friendly",4,Senior Credit Analyst,Petaling Jaya,former,4,4,4,4,4,Bonus twice a year,Limited technology used,11,200,https://malaysia.indeed.com/cmp/Public-Bank-Berhad/reviews?start=200
1350,Cimb-Group,30/10/2017,It is productive and fun working at CIMB,"CIMB is an innovative bank and is one of the largest bank in Malaysia. The company cares for both their clients and staff, that balance attracted many people to join and invest with them.",5,Mutual Fund Agent,Kuala Lumpur,former,5,0,0,5,5,"Flexible hours, good pay, and provide many self enrichment programs.",No benefits.,11,200,https://malaysia.indeed.com/cmp/Cimb-Group/reviews?start=200
1351,Bank-Rakyat,28/10/2017,progressive and dynamic organizations,Participated with documentation process and perform daily work. Assisted customers queries regarding financing. I am also handling and participated for any event held by Bank Rakyat as well as doing an administration work.,4,PRACTICAL STUDENT,Mersing,former,4,4,4,4,4,,,3,40,https://malaysia.indeed.com/cmp/Bank-Rakyat/reviews?start=40
1352,Public-Bank-Berhad,26/10/2017,Very productive and fun,"8 years in public bank has been quite overwhelming for me as a bank executive. I work in the operation department. Specifically in the cheque clearing department. I'm a verifier. I verify all the cheques we received from the branches via data everyday. We start 5 am in the morning and we finish at 2 pm in the evening which I would say the most enjoyable part of the job. This job teaches me to be very skillful in observation, decision making and working as a team.",5,Executive,Kuala Lumpur,current,5,5,5,5,5,,,11,200,https://malaysia.indeed.com/cmp/Public-Bank-Berhad/reviews?start=200
1353,RHB Bank Berhad,26/10/2017,Finding customer with patient,I enjoy myself working here due to I need to marketing at any place I want. Its makes me like happily do work. I have learned how to talk with customer and approach with customer without shame. Some of them don't even give face to talk. So i have learned how to approach the customer. Workplace is awesome.,4,Sales Executive,Petaling Jaya,former,4,4,4,4,4,always food,leaves hard to get,11,200,https://malaysia.indeed.com/cmp/Rhb-Bank-Berhad/reviews?start=200
1354,HSBC,24/10/2017,enviroment and culture is nice and refreshing,"Daily basis work as usual, doing checking and pre-existing check. Clarification on the issue or the comments that blur. Environment and workplace culture is always encouraging. We are independent to manage our own timing and very minimum supervision required by management. Hardest part is to complete all work given in specific time while facing system Issue and uncertainties details that are not able be clarified and advice by requestor. Enjoyable time we having is the time that we can spend time together among colleague like having lavish lunch and doing some games.",3,Client Data Services Executive,Kuala Lumpur Malaysia,current,3,3,3,3,3,Easy to consult with manager and assistant manager if there is any issue related to work.,"work non stop pouring in, time limitation to join others activities nor traing.",13,240,https://malaysia.indeed.com/cmp/HSBC/reviews?start=240
1355,maybank,24/10/2017,Collection Officer,"Daily basis, will be given a list of customer to do reminder call and consult for the debt repayment. in charge for credit card due payment for less than six months. In charge for Hight net wealth individual. working culture always play with strategy as to persuade people to pay debt. hardest part when festive season just around the corner well total amount collected is lesser. most enjoyable when hit target early and the list to call is reduce.",3,Collection Officer (Contract under JS staffing),Akademi Etiqa Masjed Jamek Kuala Lumpur,former,3,3,3,3,3,motivated when hit target and earn commission,"calling people on daily basis, sometimes the same person call over and over gain",11,200,https://malaysia.indeed.com/cmp/Malayan-Banking-Berhad-(maybank)/reviews?start=200
1356,RHB Bank Berhad,24/10/2017,Call Centre Specialist in Credit Card,"Friendly colleague. all day is hustle day especially within peak hours. Daily basis learn new things and how to work more efficient. time management is important for segregation time for rest, lunch, pray, etc. work culture is like assisting each other and team work hardest part is where not able to fully satisfied the customer requirement and and deliver good services Most enjoyable is where customer log a compliment",3,Credit Cards CS Executive,Menara AA Jalan Tun Razak Kuala Lumpur,former,3,3,3,3,3,segregation of work for specific skillset,not able to cross train with other skillset,11,200,https://malaysia.indeed.com/cmp/Rhb-Bank-Berhad/reviews?start=200
1357,Ocbc,23/10/2017,Productive and fun workplace.,Good bosses and colleagues. Learned lots of new things in this company and being able to provide guidance when needed. A very good and fun workplace culture.,4,Business Development Manager,Kuala Lumpur,former,4,4,4,4,4,,,5,80,https://malaysia.indeed.com/cmp/Ocbc-3/reviews?start=80
1358,maybank,21/10/2017,Fun workplace,Fun workplace with fun colleagues. The staffs and the boss are very friendly. There are many benefits working at Maybank especially the leave and the bonus.,5,SL1M TRAINEE,Kuala Lumpur,current,4,5,4,4,4,,,11,200,https://malaysia.indeed.com/cmp/Malayan-Banking-Berhad-(maybank)/reviews?start=200
1359,HSBC,20/10/2017,Stepping stone for fresh grads and school leavers,"Full training provided to understand foreign English accent. Process and introduction training is a month plus. There will be mentors and guidance given. Quarterly awards, yearly salary increase, bonus based on job review and allowances provided. Transport-bus in selected areas to get to work and it's free.",5,Global support executive,Kuala Lumpur,former,5,5,5,5,5,,,13,240,https://malaysia.indeed.com/cmp/HSBC/reviews?start=240
1360,Public-Bank-Berhad,18/10/2017,fun,"strict and serious environment , customer service oriented , front line services , professional management , good benefits for employees , fun workplace",3,SPECIAL GRADE CLERK,Johor Bahru,former,3,5,3,3,3,weekend dinner,no overtime,11,200,https://malaysia.indeed.com/cmp/Public-Bank-Berhad/reviews?start=200
1361,Cimb-Group,13/10/2017,productive and fun culture in CIMB,CIMB is a workplace that help their employees to build their career with fun and productive environment. The hardest part of the job is limitation to access some data in the system as I am a contract staff. The most enjoyable part of the job is having a good friend around us with positive vibes as well as helpful in everything.,5,Officer,Malaysia,current,5,5,5,5,5,,,11,200,https://malaysia.indeed.com/cmp/Cimb-Group/reviews?start=200
1362,HSBC,13/10/2017,A good place to start your career as in to learn,I would say hsbc is a good place for a start. I would like to expend my career and knowledge to another level. I have vast experience in several field,3,Compliance,Kuala Lumpur,current,3,3,3,3,3,Good experience in payments,Bad management,13,240,https://malaysia.indeed.com/cmp/HSBC/reviews?start=240
1363,RHB Bank Berhad,13/10/2017,very energetic & proactively towards success,Very friendly workplace & energetic surrounding. A lots of challenging task & target given. On the same time I have to manage staff & banking operation to ensure everything in a right path. But sometimes I have no time to balance my life due to lots of work to do.,4,CUSTOMER SERVICE & OPERATION OFFICER,Kuala Lumpur,former,4,4,4,4,4,a lot of rewards for staff,very high expectations,11,200,https://malaysia.indeed.com/cmp/Rhb-Bank-Berhad/reviews?start=200
1364,HSBC,11/10/2017,Fun workplace,"A very fun workplace to work, with a good working ambiance and plenty of place to chill and hanging around, apart from a busy day doing work. Plus the person you are working with are awesome",4,GLOBAL SUPPORT EXECUTIVES,Kuala Lumpur,former,4,4,3,3,4,,,13,240,https://malaysia.indeed.com/cmp/HSBC/reviews?start=240
1365,maybank,9/10/2017,Relaxed workplace,"Relaxed workplace where you don't learn much immediately but on the long run can help you understand the whole banking business process. If you are into learning new things fast, then not the right place",3,Technical Lead,Kuala Lumpur,current,4,4,3,2,2,,,11,200,https://malaysia.indeed.com/cmp/Malayan-Banking-Berhad-(maybank)/reviews?start=200
1366,United Overseas Bank,7/10/2017,Productive and good enviroment.,Many things that ive leant in UOB especially in banking line. As a teller i can build my communication with the customers as my job is dealing with customers everyday. A lot of knowledge regarding banking industry that i have gain. From zero until now im still learning bout banking product. This is my second job and it is the most enjoyable experience in my life.,4,Teller,Petaling jaya,current,4,5,4,4,3,"Free lunches if short if staffs, medical benefit",None,5,80,https://malaysia.indeed.com/cmp/United-Overseas-Bank/reviews?start=80
1367,HSBC,5/10/2017,A business head in wealth management sales,"Manage the sales performance of nationwide wealth management branches for HSBC Malaysia. Closely monitor reports on trends, daily performance vs target, competency of sales staff, manpower numbers at each branch location. I learnt of key drivers that impacts my overall target and goals. Each key driver determines the performance of the wealth platform and has to e explained and rectified. Management is efficient and effective, leaving nothing to chances. Culture is very uniquely ""HSBC"", a progressive bank with a rich heritage. The hardest part was to leave HSBC. You will never leave HSBC, a part of HSBC is ingrained in you as you move on for greener pastures. I have enjoyed being a proud member of the HSBC family.",4,"Senior Premier, Wealth Management",Kuala Lumpur,former,4,4,4,4,4,A strong visible name to be proud of,"Too rigid and structured, comes with being established.",13,240,https://malaysia.indeed.com/cmp/HSBC/reviews?start=240
1368,Public-Bank-Berhad,5/10/2017,This co is,I working for more with the top 10 banker in Malaysia. I started from clerk until promoted to senior executive. I learn many thing from the co as I started from the bottom. I would like to change my carrier as I see I can't go better future with this co anymore.,4,Asisstan manager,Kuala Lumpur,former,3,4,4,3,3,Time frame,Work flow,11,200,https://malaysia.indeed.com/cmp/Public-Bank-Berhad/reviews?start=200
1369,Bank-Rakyat,3/10/2017,Good,'- Everyday is challenging because need to find sales. - I learned about Bank Rakyat S'ban services and improved my soft skills. - The management is quite good. - The workplace culture is average. - The hardest part of the job is to find for sales. - The most enjoyable part of the job is I got to meet different types of people.,4,Sales Agent,Seremban,former,3,3,3,3,3,,,3,40,https://malaysia.indeed.com/cmp/Bank-Rakyat/reviews?start=40
1370,Cimb-Group,3/10/2017,Redemption officer,This is the company previously known as southern bank and later was bought by Cimb group of companies. After a year of joining the company my unit has changed to i-cimb and I became a permanent officer,5,Contract officer,Kuala Lumpur,former,5,5,5,5,5,Free medical card for employee and families,No overtime,11,200,https://malaysia.indeed.com/cmp/Cimb-Group/reviews?start=200
1371,Public-Bank-Berhad,3/10/2017,Happy to Work,"Overall working in the bank very interesting & Challenging. Learned more banking knowledge and improved myself in planning, multiply savings & saving money",5,RELIEF CASHIER/OFFICE,KUALA LUMPUR MALAYSIA,former,5,5,5,5,5,Fun work with customers,Long working hours,11,200,https://malaysia.indeed.com/cmp/Public-Bank-Berhad/reviews?start=200
1372,RHB Bank Berhad,3/10/2017,Professional in work and friendly person,"To obtain any position in fast growing and energetic company that seeks employer who possesses high stamina,show good leadership, creative, sklilful and have deep interest in learning and gaining new knowledge",5,Sales consultant personal Financing,Kerteh,former,5,5,5,5,5,,,11,200,https://malaysia.indeed.com/cmp/Rhb-Bank-Berhad/reviews?start=200
1373,Cimb-Group,2/10/2017,Best working place,"I have started working at cimb bank as a teller. I have learned a lot when I working there since 2007 until I left the bank. The hardest part is I need to make sure that every year, I must achieve my kpi and also help my team to achieve branch kpi as well. The most enjoyable part of the job is I love to meet customer when I have appointed to be at customer service. Every single day when I was at customer service department, I have learn how to handle customer complain, I need to handle all related to customers inquiry regarding the banks product and also I need to open account for new customer. The reason I have left the bank because of I took mss offering by the bank on july 2015.",5,TELLER/CUSTOMER SERVICE REPRESENTATIVE,"SRI RAMBAI, BUKIT MERTAJAM",former,5,5,5,5,5,,,11,200,https://malaysia.indeed.com/cmp/Cimb-Group/reviews?start=200
1374,Public-Bank-Berhad,2/10/2017,Productive & Challenged Working Enviroment,"Interviewing & processing multiples loan such as housing loan, personal loan & business loan. To perform a Trade Finance Transaction such as Letter of Credit, Trust Receipt, Bankers Acceptance & Bank Guarantee. To perform frontline transaction such as deposit/withdrawal/telegraphic transfer & customer service.",3,Credit Analyst,Johor Bahru,former,2,4,3,3,4,,,11,200,https://malaysia.indeed.com/cmp/Public-Bank-Berhad/reviews?start=200
1375,maybank,1/10/2017,Competitive,Promote financial products to bank customers and must always achieve target given.Must be able yo answer all customers queries and always be prepared to assist any difficulties.,4,Financial Executive,Petaling Jaya,former,4,4,3,4,3,Staff benefits,Target,11,200,https://malaysia.indeed.com/cmp/Malayan-Banking-Berhad-(maybank)/reviews?start=200
1376,maybank,1/10/2017,"Good working environment, A lot lessons learned","Been working for 5 days in a week which is on weekday, i have learned a lot of things in banking line since i get started. Very nice workplace, security in salary and future.",4,Personal Financial Advisor,"Sunway Giza, Kota Damansara, Selangor",former,4,4,5,4,4,Fun environment,"Hectic at times, long work days",11,200,https://malaysia.indeed.com/cmp/Malayan-Banking-Berhad-(maybank)/reviews?start=200
1377,Bank-Rakyat,29/9/2017,Good Employee,"Since this company in financial field, all workers here are very hardworking person. They always make their job as their priority and served best services to their customers. When dealing with customers, they will make sure that customers will satisfied with their services. If they have any event they will always give their cooperation without being selfish. They also teached me how communicate with customers and handling the customers. I also learn how to settle the problems by my ownself.",4,Internship,Baling,former,5,5,5,5,5,Allowance,None,3,40,https://malaysia.indeed.com/cmp/Bank-Rakyat/reviews?start=40
1378,Cimb-Group,27/9/2017,Opportunities for employee growth and development,"I worked for almost 8 years at CIMB Bank and was treated very well both at the corporate and department level. The company acknowledged my hard work by promoting me up several levels. The management has been supportive on changes for improvements, colleagues are friendly and nice as well. This company offer rewards goal completion, create a career path and always promote continues learning.",4,Assistant Vice President (Training Manager),"Kuala Lumpur, Malaysia",former,4,4,5,4,4,Given opportunity to work with different pillars of business.,Work-life balance can be compromised sometimes,12,220,https://malaysia.indeed.com/cmp/Cimb-Group/reviews?start=220
1379,RHB Bank Berhad,24/9/2017,Productive and fun workplace,"Everyone was so helpful and friendly. Everyone is supporting each other and allows you to proudly express yourself without feeling insecure. In terms of work culture, everyone seems to be committed in delivering the best outcomes for the benefit of company.",4,Interns,Kuala Lumpur,former,4,4,3,4,3,,,11,200,https://malaysia.indeed.com/cmp/Rhb-Bank-Berhad/reviews?start=200
1380,Cimb-Group,21/9/2017,Easy to engage Software,"So far the software hasn't gotten me a response yet, but i am confident that this program will work. It is easy to use and user friendly. Overall, I recommend this program me to future users who are seeking an easy and convenient way of Navigating.",5,Ambassador,Kuala Lumpur,former,0,0,0,0,0,,,12,220,https://malaysia.indeed.com/cmp/Cimb-Group/reviews?start=220
1381,Public-Bank-Berhad,21/9/2017,Provide good benefit but a tough position for the beginner,Good opportunity for fresh graduate to tried but need to struggle because sales position need you to more active mostly when related in insurance product.,3,Insurance Specialist,Taiping,current,2,4,4,4,3,,,11,200,https://malaysia.indeed.com/cmp/Public-Bank-Berhad/reviews?start=200
1382,maybank,19/9/2017,Good workplace,"My ideal working environment is one where there's a good sense of team spirit. A strong work ethic is obviously important but the human side is also important. I enjoy working with people who have a decent sense of humour and who, while they might take their work very seriously, don't necessarily take themselves overly seriously! I like people who are down to earth but who have a dynamic and progressive approach to their work. I really enjoy working as part of a highly committed and professional team",4,Merchant Officer and Event Executive,Kuala Lumpur,former,4,4,3,4,3,,,11,200,https://malaysia.indeed.com/cmp/Malayan-Banking-Berhad-(maybank)/reviews?start=200
1383,Public-Bank-Berhad,12/9/2017,Good place to earn experience,Public Bank is a really good company for anyone to start a career in banking with. It is a well managed company that continue to strive and excel in this ever challenging world and a company that values hard work and dedication in performing everyday task.,4,"Management Trainee, Sales Quality Assurance",Kuala Lumpur,current,0,0,0,0,0,,,12,220,https://malaysia.indeed.com/cmp/Public-Bank-Berhad/reviews?start=220
1384,HSBC,11/9/2017,Great work culture,Job is about data processing. Great work culture as they encourage work life balance. Consistency and accuracy is greatly appreciated and the rewards are huge.,4,Global Executive,Sepang,former,4,4,4,4,4,Good Reward system,Dull work,13,240,https://malaysia.indeed.com/cmp/HSBC/reviews?start=240
1385,HSBC,11/9/2017,an open minded working environment,employee first - a value which is most successfully delivered to each level of employees..company values employees by their ideas and contributions. job satisfaction can be found here.,4,Vice President,Malaysia,former,5,5,5,3,4,employee is an assets to company- they really make it...,,13,240,https://malaysia.indeed.com/cmp/HSBC/reviews?start=240
1386,United Overseas Bank,11/9/2017,Sytematic workplace,"Learn systematic schedules is essential especially when meeting deadlines. Multiracial colleagues environment was so enjoyable as they shared their knowledge and culture especially during festivals,",4,Senior Officer,Ampang park,current,4,4,3,3,3,Medical benefit,Long hours,5,80,https://malaysia.indeed.com/cmp/United-Overseas-Bank/reviews?start=80
1387,maybank,10/9/2017,Productive and fun workplace,Sometimes it was a hustle and bustle of daily office life but it was a great opportunity to learn new skills and knowledge. The hardest part was when I had to attend anger and fussy customer but that built up my skills and confidence level in customer service. The most enjoyable part of the job was when I got rewarded for my worked by the management.,5,Bank Officer,Sarawak,former,5,5,5,5,5,,,11,200,https://malaysia.indeed.com/cmp/Malayan-Banking-Berhad-(maybank)/reviews?start=200
1388,Bank-Rakyat,9/9/2017,Productive and Good teamwork,I get many of experiences. I learn how to handle a lot of customer at that time. I learn backwork processes in bank. I also known about financing personal and home financing.,5,Temporary Clerk,Kepala Batas,former,5,3,5,4,4,,,3,40,https://malaysia.indeed.com/cmp/Bank-Rakyat/reviews?start=40
1389,RHB Bank Berhad,9/9/2017,flexibility indoor and outdoor marketing,base on my experience in baking industry mostly about the consistences of the workflow. Everyday there will be briefing before working time and mostly what I have learned is about not making mistakes. The hardest part of this job is archiving monthly target.,3,assistant sales manager,Kota Kinabalu,former,0,0,0,0,0,medical benefits and annual leave,long working hours,11,200,https://malaysia.indeed.com/cmp/Rhb-Bank-Berhad/reviews?start=200
1390,Cimb-Group,7/9/2017,Enjoy,I enjoy working at cimb bank because paid well beside the environment very nice and the worker is very friendly. Beside that i also allowed to do overtime,5,Customer Service Officer,Kuala Lumpur,former,5,5,5,5,5,Allowance & short break,None,12,220,https://malaysia.indeed.com/cmp/Cimb-Group/reviews?start=220
1391,HSBC,6/9/2017,GOOD in banking,HSBC is one of good banking in the malaysia.HSBC also is the best place to work and also it's take care of its employee. At HSBC also we can develop and promote our self to higher position ',3,TIME SCALE CLERK,Kuala Lumpur,former,3,3,2,2,3,,,13,240,https://malaysia.indeed.com/cmp/HSBC/reviews?start=240
1392,Cimb-Group,5/9/2017,Good start for experience,"Cimb bank is a good place to start our career as it offers a lot of benefits to the staff. The working environment is indeed challenging , but we gain many experience along the way. It teaches us to work under pressure and able to multitask.",3,Customer Service Officer,"Kuching, Sarawak",former,3,3,3,3,3,,,12,220,https://malaysia.indeed.com/cmp/Cimb-Group/reviews?start=220
1393,Bank-Rakyat,4/9/2017,Productive and interesting,"A typical day at work when Monday and Friday because many customer at bank. But i can help operation unit for easy their work. I learned how to manage a lots of customer, how to treat customer in everything case. I so interesting when as a customer services at this bank because i get many of experiences.",5,Temporary Clerk,Kepala Batas,former,4,4,5,4,4,,,3,40,https://malaysia.indeed.com/cmp/Bank-Rakyat/reviews?start=40
1394,maybank,4/9/2017,The best medical benefit among banks,need to be optimistic and willing to bend backwards for all the task given. job is interesting and challenging but work as a great platform for self development and good work attitude ( for fresh graduate). bank core value is held upmost by superior. high integrity is the main focus by all employer.,4,Relationship Manager,Ipoh Perak,former,1,5,4,3,3,"great medical benefit, fixed yearly salary increment",long working hours. need to work on weekend and holidays.,11,200,https://malaysia.indeed.com/cmp/Malayan-Banking-Berhad-(maybank)/reviews?start=200
1395,RHB Bank Berhad,31/8/2017,Its actually best place to learn new thing,Im working at RHB since 2008 and i have learn alot of thing and it takes alot of effort and im having fun. But the management was quite racist and im having difficulty as need to struggle. But overall for learning and working everything is fun,2,Officer II,Jalan tun razak kuala lumpur,former,2,4,2,2,3,Benefit on medical,Kpi bonus,11,200,https://malaysia.indeed.com/cmp/Rhb-Bank-Berhad/reviews?start=200
1396,maybank,28/8/2017,Conducive,"Working environment is great, coworkers are helpful and friendly ""Friendly culture, helpful seniors, good place to learn"" ""Long Working Hours and tight deadlines"" ""Lower-than-average work life balance and lack of transparency for goals and needs""",5,Kuala Lumpur,Kuala Lumpur,former,2,5,3,3,3,,,11,200,https://malaysia.indeed.com/cmp/Malayan-Banking-Berhad-(maybank)/reviews?start=200
1397,Bank-Rakyat,24/8/2017,Fun workplace with variety sport every week..,1.process loan customer and then follow up untill customer come to agreement sign. 2. Searching and scanning of market for target customer. 3.the hardest part every month must achieve a target 4.enjoyable job but not fun around with work culture that be because a worker always change time to by time.,4,Sale Advisor,Kuala Terengganu,former,5,5,4,4,3,Free work style d high incentives,Management slow,3,40,https://malaysia.indeed.com/cmp/Bank-Rakyat/reviews?start=40
1398,United Overseas Bank,24/8/2017,Potential grow company,is looking forward to be regional and world most trusted bank. management is pay attention toward how to rewarding staff. learning lot from this bank when i entered to this organization as a senior officer. bank giving me great opp for the grow and room for me to learn from so to department head.,4,Senior IT Manager,Kuala Lumpur,current,3,4,3,3,3,,,5,80,https://malaysia.indeed.com/cmp/United-Overseas-Bank/reviews?start=80
1399,HSBC,23/8/2017,very friendly environment,Im working in contact centre department as telesales.Working time start at 9-6.We will start our work with morning briefing from team leaders.So my task is to call cm as per lead given.Actually quite interesting because most of the time my duration (talktime) up to 5hours.The challenging part is to achieve the target given by each month.Some time we may get irrtated with cm complain and feedback.But al the hardwork payoff when we achieve our trget and receive high payout at the end of the day.,5,contact centre representative,Kuala Lumpur,former,4,4,4,3,3,alot of benefit for employee,always ned to change according to new strategy or guideline,13,240,https://malaysia.indeed.com/cmp/HSBC/reviews?start=240
1400,HSBC,15/8/2017,Amazing practice for communication skills,Great facilities to employees with excellent technologies as a call centre. Limited career movement with high turnover. Restrictions on internet sources which limit employee creativity:,3,CUSTOMER SERVICE REPRRESENTATIVE,Cyberjaya,former,3,4,4,2,2,,,13,240,https://malaysia.indeed.com/cmp/HSBC/reviews?start=240
1401,maybank,15/8/2017,Friendly Environment,I have being in Maybank with Friendly Environment and nice colleagues. I have being in Maybank for 7 years with full knowledge and able tomanage all level of people accordingly,5,Personal Financial Advisor,Setapak,current,5,4,4,5,5,Flexible Time,Target,11,200,https://malaysia.indeed.com/cmp/Malayan-Banking-Berhad-(maybank)/reviews?start=200
1402,Cimb-Group,14/8/2017,Great Collegues,Awesome place to work for fresh graduates looking for vital experience to enhance their professionalism in the industry. No jobs is easy. Mentally you must be strong on a daily basis. Having a strong character and high confidence in yourself is very important for you to survive your everyday working life.,4,Customer Service Officer,Johor Bahru,former,4,4,3,3,4,,,12,220,https://malaysia.indeed.com/cmp/Cimb-Group/reviews?start=220
1403,maybank,9/8/2017,Opportunity to engage with different levels of people,"Opportunity to engage with different levels of people, from as low as internal clerical staff to as high as CEO of the companies or people who are classify as Ultra High Networth clients, to provide them with market updates and financial investment opportunnities.",5,"Private Wealth, High Net Worth",Malaysia,former,5,5,5,5,5,"Being involved in many Socials Channel example ""Maybank Golf Championship Malaysia 2016"", Ferrari and Bentley Car Event, and many more to be mentioned",Work is beyond the regular standard working hours.,11,200,https://malaysia.indeed.com/cmp/Malayan-Banking-Berhad-(maybank)/reviews?start=200
1404,Bank-Rakyat,8/8/2017,The workplace a fun and people have a good relationship.,I learned many things to be a sales person. Also learn how to do marketing and approach customers to interested with the bank's product. The hardest part is i need to approach customer to attract them with the product if not i did't get any case for that day. The most enjoyable part is our company once a week make a gathering for built up relationship among us.,5,Sales Executive,Nusajaya,current,5,3,5,4,5,Working place a fun,Short break,3,40,https://malaysia.indeed.com/cmp/Bank-Rakyat/reviews?start=40
1405,Cimb-Group,5/8/2017,Good environment,"'-do marketing for govement personal loan -follow bank negara rule -need to do sale product for koperasi -solving problems , handling and negotiating with various type of custumer -need to acchive target to get a good kpi",5,Sale executive,Kuala Lumpur,current,5,5,5,5,5,,,12,220,https://malaysia.indeed.com/cmp/Cimb-Group/reviews?start=220
1406,Cimb-Group,4/8/2017,Fun,"Cimb is a good place for me to gain experience. I got very precious experience such as handling customer service, secure files and document, selling skills and experience in banking. 😁",4,Financial Services Consultant,Pandan Indah,former,4,3,4,3,2,Training,Handle misselling complaints and cancellation from previous staff.,12,220,https://malaysia.indeed.com/cmp/Cimb-Group/reviews?start=220
1407,maybank,4/8/2017,Productive,Good place to learn but not as career. Get investment and banking knowledge.More experience on handling customer and more caferul about compliance or Bank Negara Requirements.,4,Sales Executive,Taiping and Kuala Kangsar,former,2,2,3,1,1,Training and unlimited medical card,No increament for sales executive.,11,200,https://malaysia.indeed.com/cmp/Malayan-Banking-Berhad-(maybank)/reviews?start=200
1408,maybank,4/8/2017,Productive work place,Develope skil in handling people. Able to emphathy and giving solution to customer inquiry and request. I enjoy working here eventhough im in shift but i get allowance and travel allowance.,4,Customer Service Executive,Bukit Jelutong,former,5,4,4,4,2,,,11,200,https://malaysia.indeed.com/cmp/Malayan-Banking-Berhad-(maybank)/reviews?start=200
1409,Ocbc,3/8/2017,A good place to work with,'-A good environment -sufficient training provided -Shift job -A good experience in my banking line. - I have not learn enough to comment on many negative sides of working at OCBC bank. It is also inappropriate for me to comment in much detail of how the bank works.,4,customer care consultant,Kuala Lumpur,former,4,3,4,3,4,,,5,80,https://malaysia.indeed.com/cmp/Ocbc-3/reviews?start=80
1410,bank islam,1/8/2017,productive and energetic team,Good place to enhance interpersonal skills.Supportive top management always encourage to do better everyday. Energetic and fun team always make job easier than ever.,4,Personal Financial Executive (Contract),Nilai,former,4,5,5,3,4,freelance,short break,3,40,https://malaysia.indeed.com/cmp/Bank-Islam/reviews?start=40
1411,Cimb-Group,31/7/2017,Comfortable and fun workplace,"I am satiesfied work at CIMB Bank Berhad even as SLIM trainee.From that period i have learned and gain more knowledge through system and procedure about banking which i never expected before.In addition, during training i have learned more about negotiator(collection department)by performing collection dunning to customers via negotiating with defaulters and also provide necessary advice to assist customer in making payment or restructuring their payment scheme.",4,Negotiator(collection department),Kuala Lumpur,former,4,4,4,4,4,Co-workers friendly,Work on weekend,12,220,https://malaysia.indeed.com/cmp/Cimb-Group/reviews?start=220
1412,Cimb-Group,26/7/2017,Malaysian culture company,Day-to-day routine work and too many papare works. High turn around make the work more harder due to change of management team. Malaysian Malay culture company.,2,Assistant Vice President,Selangor,current,2,2,2,2,2,,,12,220,https://malaysia.indeed.com/cmp/Cimb-Group/reviews?start=220
1413,Ocbc,24/7/2017,Warm and friendly corporate culture,"Despite a financial industry, the corporate culture is always known for its friendliness, warm and family-oriented. However, the team is also always aggressive in growing the business and presence in Malaysia, as a foreign player. What I like most about the People culture is the Talent Management initiatives top-down. Leaders are always very supportive of talent management matters, especially Succession Planning. There are proper structures and practices put in place to identify High-Po's, before planning an individual's development plans, rotation and subsequently succession planning.",5,"Talent Management, Assistant Vice President",MY,current,4,4,4,4,5,Warm and friendly work environment,Rigid and too careful,5,80,https://malaysia.indeed.com/cmp/Ocbc-3/reviews?start=80
1414,Ocbc,23/7/2017,productive,time management and working skills patient and confident level talking with customer able to work in shift and leave all able to get benefits are alot and with good pay,5,assistant manager,kerinchi,current,4,5,5,3,2,,,5,80,https://malaysia.indeed.com/cmp/Ocbc-3/reviews?start=80
1415,Cimb-Group,21/7/2017,Vibrant and Well Organised,"Review and prepare the training content and teaching aids. Effective Training is to set an objective and apply the right methods to convey the message. Management is have far view what is feasible to achieve in a year and set a target and timeline, participate,monitor and motivate through out the year. Our work place culture is be fair and caring also reasoning and forcing the way out. Caught in unexpected situations, such as equipment not functioning and participants out of control. Fun in learning.",4,Business Development Executive. (Trainer),Kuala Lumpur,former,3,4,4,4,3,Well paid,Long working hours,12,220,https://malaysia.indeed.com/cmp/Cimb-Group/reviews?start=220
1416,maybank,21/7/2017,I enjoy and have fun in working place,I enjoy the work.Sometimes feel stress.I learn how to work in groups.The management ok wit me.I enjoy benefits like medical and holiday offer. I learn the time value.,5,Sales excutive,Kuala Lumpur,former,3,5,5,3,5,Free tea time,Short break,11,200,https://malaysia.indeed.com/cmp/Malayan-Banking-Berhad-(maybank)/reviews?start=200
1417,Cimb-Group,20/7/2017,good place to develop confident in public speaking.,"normal working day. I've learn a lot in developing my customer servicing skills. the hardest part of the job is to cross sell credit cards, loans and other banking products. the most enjoyable part is I'm able to create a lot of friends / networking.",4,Customer Service Representative / Teller,Kuala Lumpur,former,2,2,3,2,2,salary credit early every month.,risk of cash shortage.,12,220,https://malaysia.indeed.com/cmp/Cimb-Group/reviews?start=220
1418,RHB Bank Berhad,19/7/2017,place to gain more knowlege in banking field,"It is fun to work in this place as all the colleagues give full guidance and support in order for me to learn the job scope. Besides, the management is very good and always assures in providing good and prompt service",4,personal banker,Overseas union garden jalan klang lama,current,4,4,4,4,4,medical benefits,,11,200,https://malaysia.indeed.com/cmp/Rhb-Bank-Berhad/reviews?start=200
1419,HSBC,17/7/2017,Well known Financial Institution.,Nice place to work. Management are very caring and helpful to staff . Work life balance are implemented in this organisation. CEO are very kind and helpful person .,4,Global Support Executive,Cyberjaya Malaysia,former,4,3,3,3,3,Free parking,No sports,13,240,https://malaysia.indeed.com/cmp/HSBC/reviews?start=240
1420,RHB Bank Berhad,13/7/2017,Fun,Fun working hours. But it stressful regarding target and monthly review. Have a fun teammate whomsupporr each other in order to achieve our monthly target for branch.,4,Sales Executive,Petaling Jaya,former,4,4,4,4,4,,,11,200,https://malaysia.indeed.com/cmp/Rhb-Bank-Berhad/reviews?start=200
1421,Bank-Rakyat,11/7/2017,Fun Workplace with Friendly colleagues,It is good for your career as long as you have strong mental capacity against your customer and also surrounding. You will get more knowledge if you working at branch rather than HQ because you will be exposed and involved directly with customer.,4,"Micro Credit Officer, Collection Officer",Bandar Tun Razak,former,4,5,3,3,4,,,3,40,https://malaysia.indeed.com/cmp/Bank-Rakyat/reviews?start=40
1422,Bank-Rakyat,8/7/2017,Professional and reasonable,"The management is very nice and hardworking, the training is good also, and the workers a did a good job. I learned a lot with the leadership. The most enjoyable part of the job is to work in a peaceful.",3,Junior Marketing Executive,Kelantan,former,2,3,2,3,2,Long rest time,Long hours,3,40,https://malaysia.indeed.com/cmp/Bank-Rakyat/reviews?start=40
1423,bank islam,8/7/2017,Improve my communication skill,"In 1 year experience in Banking Industries, i learned to have a great communication with public. For the 1st month i have been training at Bank Islam central in Kuala Lumpur. I been training how to process financing document. After that, i have to dedicated myself to find a sales target per days, week, monthly and also year. My job is to find a client for making a personal financing, housing financing and credit card. To find a client for making financing for this era is very adventure because of economics issues. I take this challenges and find a solution how to find client for my sales target. So many marketing planning that i have learned such as direct marketing for awareness, telemarketing communicate with client, follow up, closed client and finally marketing channel. I need to process documentation and proceed to HQ for approval.",4,Personal Executive Financing,Tampin,former,4,4,4,4,4,,,3,40,https://malaysia.indeed.com/cmp/Bank-Islam/reviews?start=40
1424,maybank,8/7/2017,Busy,My day to day job is busy as well as challenging in meeting the time and SLA requirement of the organisation. I enjoy meeting with meeting and solving them with their issues daily.,4,Credit Control,Malaysia,former,4,4,4,4,3,,,11,200,https://malaysia.indeed.com/cmp/Malayan-Banking-Berhad-(maybank)/reviews?start=200
1425,Ocbc,5/7/2017,A good environment with appropriate training provided,A supervisor is very supportive.Interns are provided with training on an overall document process.Every intern is given an opportunities to present their idea on way to improve the management and their comment on the overall internship program.,4,Internship,Kuala Lumpur,former,4,4,5,4,4,,,5,80,https://malaysia.indeed.com/cmp/Ocbc-3/reviews?start=80
1426,United Overseas Bank,2/7/2017,Healthy work environment,Good work environment and culture. Bonus is performance based. Great management team that is supportive and helpful. Employees efforts are recognized.,3,Assistant Vice President,Kuala Lumpur,current,3,3,3,3,3,,,5,80,https://malaysia.indeed.com/cmp/United-Overseas-Bank/reviews?start=80
1427,HSBC,1/7/2017,A good place to get a stable job and basic benefit,"Current company is a good place to build work experience and provides basic benefits such as insurance coverage extended to spouse and children, transport provided and gym as well.",4,Customer Service,Malaysia,current,4,3,4,3,4,,,13,240,https://malaysia.indeed.com/cmp/HSBC/reviews?start=240
1428,Cimb-Group,30/6/2017,Good compensation if you are productive,Benefits are good if you're performed. Support from management is not that good. Look for good support from colleagues. Learn fast and can start to enjoy the company benefits.,2,Branch manager,Kuala Lumpur,former,2,4,2,2,3,Benefits,Support,12,220,https://malaysia.indeed.com/cmp/Cimb-Group/reviews?start=220
1429,HSBC,30/6/2017,HSBC is a very productive and full of knowledge able place,"HSBC is a very enjoyable and learning point centre for all the individuals as an employee to learn and a place for career enhancement. Basically in this organisation i have learned alots of new implementation in the financial world and institutions which relates to my day to day job. The management is another biggest part which plays an important role for my career enhancement and for my banking future. The challenging on my job was customer requirements fulfilling and by with all my teamworks and colleagues I will always manage to fulfilled my clients with a great satisfaction. The most joyable part in my job is I love my job very much and I enjoy learning and expanding my knowledge day to day with all my management teams support, I mostly enjoy my teamwork.",5,Client Service Officer,Kuala Lumpur Head Office,former,5,5,5,5,5,Life Balance Lifestyles,Nil,13,240,https://malaysia.indeed.com/cmp/HSBC/reviews?start=240
1430,maybank,29/6/2017,Working hour flexible,Guide customer to apply loan Always share market info with colleagues Customer will appreciate my hard work when getting their home loan A healthy working environment,4,Mortgage consultant,Jalan tun perak,former,4,5,4,3,4,,,11,200,https://malaysia.indeed.com/cmp/Malayan-Banking-Berhad-(maybank)/reviews?start=200
1431,Cimb-Group,21/6/2017,A priceless experience,"Overall the training provided are related to the work, the training centre is also nice and comfortable. In term of job scope is very specific. The colleagues and management are very supportive and helpful",4,FINANCIAL SERVICE CONSULTANT,Kuching,current,3,4,3,3,3,,,12,220,https://malaysia.indeed.com/cmp/Cimb-Group/reviews?start=220
1432,Bank-Rakyat,15/6/2017,Have fun this job,Can work by team..can manage my self if anthing problem.hardwoking..fun with custmer and staf. Work time. The culture very good.can get more knowledge.,5,Sale marketing,Pasir Mas,former,5,5,5,5,5,Free launches,Healthcare,3,40,https://malaysia.indeed.com/cmp/Bank-Rakyat/reviews?start=40
1433,Cimb-Group,13/6/2017,Indeed,Job those dream to work in bank. Boss is part of our trasformation actually. Guidance of boss can make us work in happy mode everyday. Unlucky my department closed in penang. So i got no way than taking my mss.,5,Officer,Penang,former,5,5,5,5,5,,,12,220,https://malaysia.indeed.com/cmp/Cimb-Group/reviews?start=220
1434,Cimb-Group,12/6/2017,professional and energizing environment,Love the positive working environment and the team members are so nice even they are in higher position. The guidance and work exposure are so helpful and motivated me to learn more about new things,4,"data entry, etc",Kuala Lumpur,former,4,4,4,4,4,,,12,220,https://malaysia.indeed.com/cmp/Cimb-Group/reviews?start=220
1435,RHB Bank Berhad,10/6/2017,Productive and fun workplace,Underwent a Corporate and Investment Bank Associate programme. Equipped us with relevant on-the-job experiences as well as classroom trainings and presentation skills.,3,Corporate and Investment Bank Associate,Malaysia,former,0,0,0,0,0,,,11,200,https://malaysia.indeed.com/cmp/Rhb-Bank-Berhad/reviews?start=200
1436,Cimb-Group,8/6/2017,a typical day at work,"On Monday I begin by going over the list from the previous week, setting priorities. I review the progress of existing projects, then check the calendar to refresh my memory on the upcoming week. I like to meet with my staff early, mid and late week to discuss priorities, check progress, and then prepare for the following week. I want to make sure, as much as possible, that we can all dedicate to tasks that move projects forward, so I make habits out of organizational tasks for speed.”",4,Data Entry Cleansing Clerk,Kuala Lumpur,former,4,4,4,4,4,,,12,220,https://malaysia.indeed.com/cmp/Cimb-Group/reviews?start=220
1437,RHB Bank Berhad,7/6/2017,This is a good place to learn about compliance,Marketing & Communications practitioner will face challenges here as she is not a risk-taking place. Bank protects her customer but limits creativity.,2,Marketing and Communications Support,Kuala Lumpur,current,2,3,2,1,1,stability,routine task,11,200,https://malaysia.indeed.com/cmp/Rhb-Bank-Berhad/reviews?start=200
1438,maybank,6/6/2017,Fun Place,It was a good fun place. Malaysia's biggest bank gave huge opportunities to learn. Work culture was a bit autocratic but they wanted fresh graduates to learn.,4,Global Management Apprentice,Malaysia,former,4,5,4,4,4,,,11,200,https://malaysia.indeed.com/cmp/Malayan-Banking-Berhad-(maybank)/reviews?start=200
1439,Ocbc,3/6/2017,Very corporate work place,I learned about the process of upgrading system in a bank. I learned testing the bank system as a end user with User Acceptance Test environment(UAT). It was a very wonderful experience being as Tester. It has open my eyes and I still remember what I have learned today. It is a very significant working experience. The workplace culture is great with work life balance and great managers taking care the new joiners.,4,Assistant Manager,"Kuala Lumpur, MY",former,4,4,4,4,4,Free Lunches,,5,80,https://malaysia.indeed.com/cmp/Ocbc-3/reviews?start=80
1440,United Overseas Bank,3/6/2017,Non flexible working hours,I was worked with the company for about 2 and half years. During my 1st year I was doing the collection call without commissioned based & on the 2nd year until I was resigned then I was doing the collection call with commissioned based which I was a top collecter among my team for few months.,3,Credit Control Officer,Kuala Lumpur,former,3,3,3,3,3,,,5,80,https://malaysia.indeed.com/cmp/United-Overseas-Bank/reviews?start=80
1441,Cimb-Group,1/6/2017,good learning,Good learning technically team can learn more while working in CIMB bank and good remuneration theyb can provide good team members .Management is not that much feasable,3,Technical lead,yes,current,0,0,0,0,0,,,12,220,https://malaysia.indeed.com/cmp/Cimb-Group/reviews?start=220
1442,Cimb-Group,30/5/2017,Productive,Company's management and additional benefits provided were excellent. Working hours still acceptable. Fun to work under banking line and have to face different kinds of customers daily.,5,PERSONAL FINANCIAL CONSULTANT (PFC),Malaysia,former,3,4,4,4,4,,,12,220,https://malaysia.indeed.com/cmp/Cimb-Group/reviews?start=220
1443,maybank,30/5/2017,Fun workplace,I lerned how to communicate with difficult customers. The most enjoyable part of job is working with different races of people. I learn many things about theit cultures.,4,Customer exprience assistance,Kapar,former,4,4,4,4,4,Free lunches,Healthcare,12,220,https://malaysia.indeed.com/cmp/Malayan-Banking-Berhad-(maybank)/reviews?start=220
1444,United Overseas Bank,30/5/2017,"Productive, work oriented",To learn and earn we can be in this bank but we need to sacrifice alot on our personel life. Maybe other departments are find. Less motivation only negative mood while ste into the workplace.,2,Senior Officer,Kuala Lumpur,current,1,3,2,1,1,Learning point,No healty life balance,5,80,https://malaysia.indeed.com/cmp/United-Overseas-Bank/reviews?start=80
1445,Cimb-Group,26/5/2017,great work environment,I enjoyed this job as it fitted in with my age and career aspirations at that time. I had great colleagues and I learned a lot of things. Each day was a challenge and I found myself enjoying my job. My salary on the first month was 10k which was a wonderful surprise. I never thought that I could excel in sales but this was a breakthrough.,4,Telesales,PJ,former,4,4,4,0,4,,,12,220,https://malaysia.indeed.com/cmp/Cimb-Group/reviews?start=220
1446,RHB Bank Berhad,26/5/2017,Fun workplace,"Yes,indeed workplace is good but for future is not really suitable.I got a lot of things learn there is friends and my skill also develop and get new experience.",4,Senior Executive,Kuala Lumpur,current,3,4,3,3,4,Good teamwork and environment,Not suitable for enhancement,11,200,https://malaysia.indeed.com/cmp/Rhb-Bank-Berhad/reviews?start=200
1447,Ocbc,25/5/2017,A good bank,"Job entails managing existing & new customer (during later part, I only found out we can handle new customers, as management kept telling us we can't manage new customers. So I had to pass these to my colleagues to handle), introducing them to the bank's relationship manager as previously there was none. The job position was quite new at the time, so management wasted a lot of time doing tele-conferencing calls (at least 2times per week) which was redundant. how management view sales target was ridiculous as well (imagine going to a 1 year late marathon, that's how long the job was available before I came in), hence target of RM3mil FD per month is impossible to most. I learnt what & how to see people for who they are/ people skills",2,Relationship Manager,"Kuching, Sarawak, Malaysia",former,3,3,3,2,2,good bank,"new department, hence you will feel like a lab rat",5,80,https://malaysia.indeed.com/cmp/Ocbc-3/reviews?start=80
1448,maybank,24/5/2017,Well known bank,Super employer. Very accommodating to its employees. So many benefits. Flexible. A lot of perks. Can participate in many volunteer works (ie. as part of corporate social responsiblity),5,Customer Service,Kuala Lumpur,former,5,5,5,4,4,,,12,220,https://malaysia.indeed.com/cmp/Malayan-Banking-Berhad-(maybank)/reviews?start=220
1449,RHB Bank Berhad,24/5/2017,Humble bank- learning culture,"Exciting work, organised and growing. Good people Quiet atmosphere. I had an assistant who was kins. Felt important. Liked the work very much. Was able to deliver on requirements.",4,IT Relationship Manager,malaysia,former,5,5,4,3,1,Stability and lots of training and development,Didn;t make any friends,12,220,https://malaysia.indeed.com/cmp/Rhb-Bank-Berhad/reviews?start=220
1450,HSBC,23/5/2017,a place that better benefit,need to have good discipline at work hardest part of the job have to achieve target enjoyable part have weekly activities better work station and provides good training,3,telesales,"lebuh ampang, kuala lumpur",former,3,3,3,3,3,training,stress,13,240,https://malaysia.indeed.com/cmp/HSBC/reviews?start=240
1451,bank islam,21/5/2017,A very good and nice play to work,to be honest im very enjoys working with bank islam base on the workplace culture and have teach me alot in customer services industry because when it become to work it not just about money also passion. our passion to work with that company.,4,Customer Services,Kuala Lumpur,former,4,4,4,4,4,,,3,40,https://malaysia.indeed.com/cmp/Bank-Islam/reviews?start=40
1452,Public-Bank-Berhad,20/5/2017,Productive and Future driven company,'-very busy working life every day - I learned almost everything from public bank especially management skills and customer service and also multi-tasking. - well organised management - Asian working culture - the hardest part is too much of work and less increment. - United and teamwork,5,Admin Executive,Johor Bahru,former,3,5,5,4,3,Monthly Birthday celebration,lots of works,12,220,https://malaysia.indeed.com/cmp/Public-Bank-Berhad/reviews?start=220
1453,maybank,18/5/2017,Productivity and energetic team and workplace,"'- passionate and energetic team with the leader - learned how to communicate well with customer as well as with colleagues - hardest part at first to accept rejection from client , but after certain period of experience, learned to adapt and response it",5,Sales executive,Kuantan,former,4,4,4,4,5,,,12,220,https://malaysia.indeed.com/cmp/Malayan-Banking-Berhad-(maybank)/reviews?start=220
1454,Ocbc,18/5/2017,Productive & busy working environment,"OCBC bank provides good training, healthy working environment due to scheduled timetable as well as team building. It's a busy branch due to it's the head quarter of OCBC Malaysia and it forces us to learn quick to deal with different kind of clients and situation. Also, it's a strong discipline position due to the compliance issue.",4,Personal Financial Advisor,"Kuala Lumpur, Malaysia",former,4,4,4,4,4,High commission,Long hours,5,80,https://malaysia.indeed.com/cmp/Ocbc-3/reviews?start=80
1455,maybank,15/5/2017,"i can learn more about management,humanising and well known","learns lots of knowledge and you will be trained by profesional. The opportunities the group provides are only as good as the desire and commitment to achieve what is possible. You will have to take the initiative and be proactive to learn and grow. You must show that hunger, a desire for success, and be committed to achieving your goals, in tandem with achieving Maybank’s.",5,financial executive,Seremban,former,4,5,4,5,4,,,12,220,https://malaysia.indeed.com/cmp/Malayan-Banking-Berhad-(maybank)/reviews?start=220
1456,Cimb-Group,13/5/2017,productive,i've learned about the bank management how to attend customer very productive and fun the hardest part is how to handle customer the most enjoyable part is all the staff are supportive,3,servic ambassador,"cheras, Kuala Lumpur",current,2,3,3,3,3,,,12,220,https://malaysia.indeed.com/cmp/Cimb-Group/reviews?start=220
1457,HSBC,12/5/2017,the best working place,the system was advance and the working place very stress free and the benefit also full of satisfaction and always listened to staff ideas and feedback.,5,Senior Clerk,Petaling Jaya,former,5,5,5,5,5,,,13,240,https://malaysia.indeed.com/cmp/HSBC/reviews?start=240
1458,Cimb-Group,10/5/2017,Fun Workplace Pool Table,"Call Centre based doing outbound calls. Having large pantry. Provide activity for staff such as outdoor activity, team building, occasional event and more.",4,Negotiator,Kuala Lumpur,former,3,4,4,3,3,,,13,240,https://malaysia.indeed.com/cmp/Cimb-Group/reviews?start=240
1459,Bank-Rakyat,7/5/2017,a great working place,fun working place with friendly and amazing staff that willing to guide an internship student like me. it is a very great experience for me as i able to learn a lot of new things that i can apply to my future job.,5,internship student,Kota Tinggi,former,5,5,5,5,5,every tuesday is a potluck day. lots of food,,3,40,https://malaysia.indeed.com/cmp/Bank-Rakyat/reviews?start=40
1460,Ocbc,6/5/2017,Fun workplace,"Fun working area, help each other, sometimes stress in handling enquiries regards to customer problems. Nice working area. Really competitive environment, good in build up career",5,Customer Services Associates,Bangsar,former,5,5,5,5,5,,,5,80,https://malaysia.indeed.com/cmp/Ocbc-3/reviews?start=80
1461,RHB Bank Berhad,5/5/2017,Fun workplace,Management is good but the working time so difficult . Sometimes Sunday also have to go to work Normal working days have to stay until 9clk but no overtimes salary given.,5,telecollecter,Kuala Lumpur,former,5,5,5,5,5,,,12,220,https://malaysia.indeed.com/cmp/Rhb-Bank-Berhad/reviews?start=220
1462,HSBC,3/5/2017,Great People & Work Culture,"A typical working day in HSBC requires a high productivity and concentration due to its high work volumes. Having to deal with big corporate clients such as Blackrock and Goldman Sachs, I developed good client management skills whereby I was challenged and trained to be fast and accurate in making decisions. The workplace culture is very heartwarming as people are friendly, approachable and understanding. The management team blends in the crowd as though they are as same hierarchy as you. Titles do not matter - interactions are equal between one another. The only hardest part of the job is the working shift hour ; 3pm to 12am whereby I would normally have to work beyond the hours. My work only finish at 2am-3am, most of the time. Despite this, HSBC was a great platform to gain knowledge and experience, and also a to get an insight on how working in a banking industry looks like.",3,Global Support Executive,Kuala Lumpur,current,2,2,2,3,4,Distance from home is near,Working shift hour and Parking Fees,13,240,https://malaysia.indeed.com/cmp/HSBC/reviews?start=240
1463,HSBC,3/5/2017,Fun workplace,Good place to start your career. Nice environment and new hire will guide nicely by senior. A little bit lacking on carrer progress but have a various department that you can jump,3,Customer service,Cyberjaya,former,2,3,2,2,4,,,13,240,https://malaysia.indeed.com/cmp/HSBC/reviews?start=240
1464,Public-Bank-Berhad,2/5/2017,work hard to get more,'- basic daily jobs are including processing of housing loan applications & customer service - it is important to have well time management and teamwork in order to get the job done - the most enjoyable time will be the time you received your bonuses every year,3,Senior Executive,Johor Bahru,former,2,5,4,3,2,Attractive remuneration package,Long hours,12,220,https://malaysia.indeed.com/cmp/Public-Bank-Berhad/reviews?start=220
1465,HSBC,1/5/2017,This company is a good platform to start a career,This company is a good starting point to for my career development. I learned a lot of market rules and tradings which comprises of various international markets.,3,Global Support Executive,Kuala Lumpur,current,3,3,3,3,0,"No traffic jam, full of informations",work life balance,13,240,https://malaysia.indeed.com/cmp/HSBC/reviews?start=240
1466,RHB Bank Berhad,28/4/2017,A great platform to trade.,A platform made simple for everyone to trade. Easy to understand and help is just a click away if troubleshooting is needed. Easy access to online information.,4,Trader,Kuala Lumpur,current,4,4,4,4,4,A platform made simple for everyone to trade.,The company is at a distance.I,12,220,https://malaysia.indeed.com/cmp/Rhb-Bank-Berhad/reviews?start=220
1467,Cimb-Group,25/4/2017,Working in cimb,it was very adventures. each day i learn something new. their work culture is more to team work as we all work hand in hand helping each other to succeed,5,Personal Financial Consultant,Malaysia,former,5,5,5,5,5,,,13,240,https://malaysia.indeed.com/cmp/Cimb-Group/reviews?start=240
1468,Cimb-Group,25/4/2017,overall ok,CIMB is a overall good place to work at - enjoyed my time in CIMB although it wasnt long. They are willing to invest time and money in training their newly hired staff,1,Relationship Manager,bangsar south,former,0,0,0,0,0,,,13,240,https://malaysia.indeed.com/cmp/Cimb-Group/reviews?start=240
1469,HSBC,25/4/2017,Good work place,Good workplace. Good place to gain financial product and services knowledge. Work life balance is applicable in this company. Remuneration is quite good.,3,Team Sales Manager,Kuala Lumpur,former,3,3,3,3,3,,,13,240,https://malaysia.indeed.com/cmp/HSBC/reviews?start=240
1470,RHB Bank Berhad,25/4/2017,Good workplace,Very fun workplace. Good place to gain financial product and services knowledge. Work life balance is applicable in this company. Remuneration is quite good.,3,Personal Banker,Kuala Lumpur,former,3,3,3,3,3,,,12,220,https://malaysia.indeed.com/cmp/Rhb-Bank-Berhad/reviews?start=220
1471,HSBC,24/4/2017,"fun with gym,ping pong table,",typical day is need to convinence customer to sales credit card learn of product of company our management are very friendly hardest part is need to achieve sales target the most enjoyable is once achieve the target and get commission,5,TELESALES CUSTOMER SERVICE,Kuala Lumpur,former,5,5,5,5,5,,,14,260,https://malaysia.indeed.com/cmp/HSBC/reviews?start=260
1472,HSBC,23/4/2017,fun place,"though I did not work for a long period of time, the working culture here is way fun , energetic and we learn a lot of new things everyday. the management and company as well are friendly to us.",4,Global Support Executive,Cyberjaya,former,3,3,3,3,3,able to go back once our task is completed for the day,no phones allowed,14,260,https://malaysia.indeed.com/cmp/HSBC/reviews?start=260
1473,RHB Bank Berhad,23/4/2017,fast patched work place,Good company to start career with. Learn a lot in banking and public relations sectors.The most enjoyable about this job is when the working time is over that means you are totally free because no need bring the job at the home. The environment quite stress because need fulfill all the customers needs.,4,CUSTOMERS SERVICE EXXECUTIVE,KUALA LUMPUR,current,4,4,4,4,4,medical claim unlimited,shirt brake,12,220,https://malaysia.indeed.com/cmp/Rhb-Bank-Berhad/reviews?start=220
1474,United Overseas Bank,23/4/2017,Nice,Quite good experience for this time. It's a good company with good colleagues and also good working environment. But the management have to be more better.,5,PERSONAL BANKER,Miri,former,3,5,5,3,4,,,5,80,https://malaysia.indeed.com/cmp/United-Overseas-Bank/reviews?start=80
1475,Bank-Rakyat,22/4/2017,Nice workplace with good colleagues,Workplace comfortable and organized.Colleagues always provide guidance and friendly. Every day will be held the briefly meeting to tell about what happened yesterday and communicate any important information to all employees,4,TRAINER,Taiping,former,4,4,4,4,4,,,3,40,https://malaysia.indeed.com/cmp/Bank-Rakyat/reviews?start=40
1476,Ocbc,21/4/2017,Workload,Good benefits with lots of workload Have OT claims.. medical claims... dental and optical claims as well... Nothing to extra.. With a standard benefits,4,Bank Officer,"Kuala Lumpur, MY",current,2,4,4,3,3,,,5,80,https://malaysia.indeed.com/cmp/Ocbc-3/reviews?start=80
1477,maybank,20/4/2017,simple job,One of the popular fast food restaurants in the world..free lunch..happy to serving the people eating the foods..halal's job....teamwork..simple job..,4,destpatch,menara maybank Kuala Lumpur,former,3,4,3,5,5,free lunches,don't know what to say,12,220,https://malaysia.indeed.com/cmp/Malayan-Banking-Berhad-(maybank)/reviews?start=220
1478,Bank-Rakyat,18/4/2017,Fun working environment,Normal situation when handling customer Patient and negotiation skill Quite unfair on certain aspects Very good culture they have Handling rude customer just via phone Teamwork strive for monthly target,5,Telecollector,Brickfield,former,4,2,2,3,3,Free breakfast once a month,Healthcare,3,40,https://malaysia.indeed.com/cmp/Bank-Rakyat/reviews?start=40
1479,maybank,18/4/2017,Top bank in Malaysia with good work life balance,"Within 4 years working in Maybank i realized that Maybank have a very good organizational culture. TIGER aspiration in Maybank are Teamwork,Integrity,Growth,Excellence and Efficiency and Relationship Building To be the top bank in Malaysia,Maybank is very committed in investing in the human spirit.",5,Amex Telesales Executive,Dataran Maybank Bangsar,former,5,3,3,3,4,,,12,220,https://malaysia.indeed.com/cmp/Malayan-Banking-Berhad-(maybank)/reviews?start=220
1480,United Overseas Bank,18/4/2017,Cheerful and Productive Environment,"The most enjoyable part of the job is the friendly culture showed by the staff. The free drinks at the pantry make me fresh all the time. The management is well and get a lot of opportunity that improve my self in term of communication and time management. The hardest part is when work in a team, cooperation and workload is combine together so that it was trained me to be patient and experience the stressful environment.",4,World Check Bank Officer,Kuala Lumpur,former,4,4,4,4,4,Free Soft Drinks at the pantry,Difficult of excess card.,5,80,https://malaysia.indeed.com/cmp/United-Overseas-Bank/reviews?start=80
1481,HSBC,17/4/2017,Productive and fun workplace,"Training staff at the HSBC call center (UK) and attending to customer complaints, quality control/assurance, and floor management. I constantly monitor the quality of customer service as well as lead generation among my team members. Wonderful energy and team spirit at work. Lots of room for personal and group development.",3,Senior Global Support Executive / Trainer,Kuala Lumpur,former,4,3,3,2,3,"Fun workplace, lots of energetic colleagues",Permanent night shifts (UK time),14,260,https://malaysia.indeed.com/cmp/HSBC/reviews?start=260
1482,RHB Bank Berhad,17/4/2017,Enjoyable with team work,> Five day working > Good management > Team work > Friendly Colleagues > Enjoyable weekends > Saturday might be work (Customer Appointment) > Colleagues Trip > Flexible working hours,3,Sales Consultant,Bukit Tinggi,current,3,3,4,2,3,,Short breaks,12,220,https://malaysia.indeed.com/cmp/Rhb-Bank-Berhad/reviews?start=220
1483,Bank-Rakyat,16/4/2017,flexible working hours,"flexible working hours, fun workplace, highly motivated with a supporting team and team leaders, improvised my communication skill and taking care about staff welfare.",4,SALES EXECUTIVE,Petaling Jaya,former,4,4,4,4,4,,,3,40,https://malaysia.indeed.com/cmp/Bank-Rakyat/reviews?start=40
1484,Cimb-Group,16/4/2017,must improve the productivity,"When i was in Cimb Bank ,I have learned more related to customer service jobs.Because everyday i am received a called from different type of customer,And i have to solve their problem without anger and patient.Management wise is good .work place culture also good and the hardest part of the job is can,t promise with the customer.once promise we have to settle the problem until the customer is happy.the most enjoyable part of the job is we have good understanding with working clicks and feel happy once get any compliment calls from customer.",1,Customer Service Officer For Singapore Customer,Damansara,former,2,2,3,1,2,No,call systerm,13,240,https://malaysia.indeed.com/cmp/Cimb-Group/reviews?start=240
1485,maybank,16/4/2017,Fun workplace,"It was fun workplace with great colleagues, but the job is quite stress and challenging. However, the company gave good compensation and benefits to its employees.",4,Customer Service Executive,Kuala Lumpur,former,2,5,4,4,4,Benefits,"Short Breaks, Management",12,220,https://malaysia.indeed.com/cmp/Malayan-Banking-Berhad-(maybank)/reviews?start=220
1486,Public-Bank-Berhad,16/4/2017,appreciate for everything that i have learn,"it is my first time to work as insurance specialist , it full of challenging and require a lot of skills. i so glad to work in bank as i learnt many banking operation and sales knowledge .",5,Senior Insurance Specialist,Sitiawan,former,5,5,5,5,5,learning banking operation,,12,220,https://malaysia.indeed.com/cmp/Public-Bank-Berhad/reviews?start=220
1487,Public-Bank-Berhad,14/4/2017,Benefits,Public bank is 3rd larges bank in malaysia. Stable companies for more than 50yrs. Goods in staff benefits. Training will be provided for candidates. High paid salary.,3,Executive,Bukit Beruntung,current,5,3,3,4,4,Staff housing loan,Healthcare,12,220,https://malaysia.indeed.com/cmp/Public-Bank-Berhad/reviews?start=220
1488,Cimb-Group,13/4/2017,productive and fun workplace,learn more self motiveted management everything okay workplace culture : good hardest part of the job : call customer to provided insurance the most part : environment is good,5,Telemarketing Consultant,"Kuala Lumpur, MY",former,5,5,5,5,5,,,13,240,https://malaysia.indeed.com/cmp/Cimb-Group/reviews?start=240
1489,HSBC,13/4/2017,Professional and stable,"Basically, hsbc trained people with high quality personal character and skill. Good goverance and time management Service is priority. Work balance, good teamwork, good environment,sofisticated equitment. Good training provided. Good management in recent years",4,Customer service executive,Muar johor,former,4,3,4,3,4,,,14,260,https://malaysia.indeed.com/cmp/HSBC/reviews?start=260
1490,RHB Bank Berhad,13/4/2017,fun workplace,excited to work a day to day i learned more experience management very good culture okay hardest part to objection handling but its will learn as a more knowledge. the most enjoyable is as a telemarketing,5,Telesales Executive (Bancassurance),"Kuala Lumpur, MY",former,5,5,5,5,5,,,12,220,https://malaysia.indeed.com/cmp/Rhb-Bank-Berhad/reviews?start=220
1491,maybank,12/4/2017,Well briefed,"Jobs are well brief and everything for and easy daily use like surau, kitchen are available in the building, office worker are friendly jobs culture are very satisfied",5,Key In data,"Kuala Lumpur, MY",former,4,4,5,5,5,,,12,220,https://malaysia.indeed.com/cmp/Malayan-Banking-Berhad-(maybank)/reviews?start=220
1492,United Overseas Bank,10/4/2017,Good company,"I worked in UOB during 1993 till 1997. I learned a lot from the bank especially on the credit management as well as international trade. Good environment as the customers are very royal to the bank. Also, strong management team.",3,Senior Officer,Penang Malaysia,former,0,0,0,0,0,,,6,100,https://malaysia.indeed.com/cmp/United-Overseas-Bank/reviews?start=100
1493,HSBC,9/4/2017,"productive and fun workplace that have free vending machine to refill types of beverages, table ping pong, snooker, free internet connection.",I have answer the call from the customer from Australia. Basically assisted customer that have account with HSBC Australia. Navigate system while answering the customer's inquiries about their banking issue.,4,Global Support Executive,Cyberjaya,current,4,4,5,4,3,flexible breaks,boring answering call for 9 hours work,14,260,https://malaysia.indeed.com/cmp/HSBC/reviews?start=260
1494,Ocbc,9/4/2017,Fast paced,"Fast paced environment. There are a lot of trainings for staff to pick up and self develop their skills. A lot of processes and approvals are in placed, hence, sign-offs may be slow.",3,Project Manager,Kuala Lumpur,current,2,2,3,3,3,,,5,80,https://malaysia.indeed.com/cmp/Ocbc-3/reviews?start=80
1495,Cimb-Group,8/4/2017,Productive and fun work environment,Fun working environment. Surround with supportive people arround me. I easy learn transaction by work at this place but the working days fall on weekends and public holidays all.,5,Collection Officer (Negotiator),Kuala Lumpur,former,4,5,4,5,4,Supportive Environment,Working hours is not worth the salary,13,240,https://malaysia.indeed.com/cmp/Cimb-Group/reviews?start=240
1496,HSBC,8/4/2017,Fun work place with lots of benefits,"Fun work place and enjoyable. lots of benefits such as night allowance, OT pay and medical coverage. Get to know and working dealing with people around the world.",4,Exposure Analyst ( Collateral),Kuala Lumpur,current,3,3,4,3,4,"Lots of benefits (OT, allowance, medical coverage, etc",short break (when too buzy),14,260,https://malaysia.indeed.com/cmp/HSBC/reviews?start=260
1497,Ocbc,5/4/2017,my first job after the graduation,"Nice working environments Good and closed relationships with colleagues In loan and credit department Handling loans, rollover, LCs, BG etc In deposit and admin department Handling fixed deposits transactions ie rollover, new account opening, etc Handling call deposits transactions ie remittances Learned how to deals with clients and head office or other relevants departments I have learned many things and banking knowledges thru my service from 1996 to 2016 Leave OCBC Bank abd joined Moly Beauty Products due to family business 5 general manager come and go in these 10 years Also not many staffs movements Difficult to get promoted",4,clerk,Sabah,former,4,3,4,3,4,"nice working environments, learned many banking knowledge and banking skills",kept changing general manager in every 2 or 3 years,5,80,https://malaysia.indeed.com/cmp/Ocbc-3/reviews?start=80
1498,Ocbc,3/4/2017,Challenging and a good learning curve,"I build my foundation the very first time by having my internship. A very good place to put your fundamentals into good practice if you join the right department. At current department, it is still a very new set-up. There is a lot to be improved but nonetheless, you get to learn from the beginning till the end.",4,Manager,Kuala Lumpur,current,0,0,0,0,0,Offers good package for those who wants to further studies or undertake professional papers,Authority matrix needs improvement,5,80,https://malaysia.indeed.com/cmp/Ocbc-3/reviews?start=80
1499,Cimb-Group,2/4/2017,Challenging working experience that gives job's satisfaction.,CIMB is applying High Performance Culture working environment but compensated with good rewards. This is one of the best working places for those who like to take challenge.,4,Relationship Manager,Kuala Lumpur,former,3,4,5,4,4,Good reward and medical benefit,Risk to be transferred to places that we do not favor.,13,240,https://malaysia.indeed.com/cmp/Cimb-Group/reviews?start=240
1500,Cimb-Group,2/4/2017,High productive Organization,This is the place that every youngster has to work in to find their expertise for the later day. Can get so many knowledge and have good management. Workplace culture is very good.,4,"Case Officer, Customer Resolution Unit",Kuala Lumpur,former,4,4,4,4,4,,,13,240,https://malaysia.indeed.com/cmp/Cimb-Group/reviews?start=240
1501,RHB Bank Berhad,2/4/2017,Pleasant working place but poor financial rewards.,Friendly and healthy working environment but unfortunately the reward is not in line with target achievement. Very poor annual salary increment which become the main reason for high achiever to leave the bank.,3,Account Relationship Manager,Port Klang,former,5,2,5,4,4,Good and pleasant working environment,Poor financial reward,12,220,https://malaysia.indeed.com/cmp/Rhb-Bank-Berhad/reviews?start=220
1502,Public-Bank-Berhad,1/4/2017,"Have some gymnasium ,and always do fizikal training","Good team work in team,always alert in all situation,keep eye on stranger people who make a deal with public bank,always be focus on duty ,and make sure all custumer always in safe situation in good.",5,AUXILIARY POLICE,JOHOR BAHRU,former,3,5,5,5,5,always gathering event.,benefits always protect staff,12,220,https://malaysia.indeed.com/cmp/Public-Bank-Berhad/reviews?start=220
1503,RHB Bank Berhad,1/4/2017,Productive. Work hard,"I interested at this job. I will do the best performance at this company. I have experiance at rhb bank as a collection , invoicing clerk and insurances clerk.",3,Collection,Kuala lumpur,former,3,4,4,4,4,,,12,220,https://malaysia.indeed.com/cmp/Rhb-Bank-Berhad/reviews?start=220
1504,Public-Bank-Berhad,31/3/2017,Effective and conducive learning environment,It was an overall positive experience with Public Bank Berhad in terms of my job scope whereby I get to learn the essential selling skills required to perform in a sales driven position,5,Senior Financial Executive,Kuching,former,5,5,5,5,3,,,12,220,https://malaysia.indeed.com/cmp/Public-Bank-Berhad/reviews?start=220
1505,RHB Bank Berhad,31/3/2017,An all-round productive work environment,The colleagues both senior and junior at RHB Bank are very helpful in terms of teaching and learning on my part in order to sell a diverse group of banking consumer products as well as the positive encouragement from the manager every morning during our daily briefings. Overall a wonderful experience.,5,Personal Banker,Kuching,former,5,5,5,3,5,,,12,220,https://malaysia.indeed.com/cmp/Rhb-Bank-Berhad/reviews?start=220
1506,HSBC,24/3/2017,Productive workplace,"the people are really nice and very fast work pace. Everyone is very friendly and there are work advancement available. Overall, it is a great working environment",3,Global support executive,Kuala Lumpur,former,3,4,3,3,2,,,14,260,https://malaysia.indeed.com/cmp/HSBC/reviews?start=260
1507,maybank,24/3/2017,Fun work place & the friendly management,"I learned many things from the small to the complex one. Love the workplace culture very much besides the managements are very friendly. The hardest one when you need to rectify others early mistake when you are the last person who need to face it. But for me, its teach you many skills & techniques to handle it. It teach you for not to make mistake first that will burden others one day. Overall, I really miss my last job because i have many friends who are so helping & bosses like my own family.",5,1) Executive,Shah Alam,former,5,5,5,5,5,,,12,220,https://malaysia.indeed.com/cmp/Malayan-Banking-Berhad-(maybank)/reviews?start=220
1508,Bank-Rakyat,22/3/2017,Very production and having fun,"I think this is place gives me a reason why i passed an internship with excellent result. I mean working there is so fun, friendly employee, not a depressed job and very healthy working environment.",5,Internship,Perak,former,5,5,5,5,5,Friendly employee,Unspacious workplace,4,60,https://malaysia.indeed.com/cmp/Bank-Rakyat/reviews?start=60
1509,HSBC,22/3/2017,great place,great place. love the culture and people over ter. friendly fexiable working time. collegie good and friendly. maanger helpful and open mindd. able to learn. alot of things,5,Global support executive,Kuala Lumpur,former,5,5,5,5,5,flexi time,night shift,14,260,https://malaysia.indeed.com/cmp/HSBC/reviews?start=260
1510,HSBC,22/3/2017,Good place to work with. Managers and colleguea are friendly,great and good place to work with. Managers and colleguea are friendly. friendly people willing to teach and able to learn. good platform for newbies who newly graduated.,5,Customer service executive,Kuala Lumpur,current,5,3,5,2,2,great exposure to new things,night shift,14,260,https://malaysia.indeed.com/cmp/HSBC/reviews?start=260
1511,HSBC,20/3/2017,Enjoy meeting clients,"Enjoy meeting clients, love my job and great workplace culture loved team building and the corporate responsibility project CSR.Used to be the best work-life balance.",4,Banker,Petaling Jaya,former,4,3,2,3,3,,,14,260,https://malaysia.indeed.com/cmp/HSBC/reviews?start=260
1512,Cimb-Group,13/3/2017,best work culture,i like to meet with the customer and assist them to solve their banking problem and cross sell the bank products to them after that then we did service after sales,4,Sales Executive,Lahad Datu,current,4,4,4,4,4,,,13,240,https://malaysia.indeed.com/cmp/Cimb-Group/reviews?start=240
1513,RHB Bank Berhad,13/3/2017,Its a good workplace to gain knowledge,Its a very comfortable place to work but the mgmnt its a lil bit funny when it start merging with osk investment bank everything is going backwards.. overall ive learned ive gained a lot of knowledge and experience.. the reason im resining from my position is because of the distance from home to workplace... after got married ive move to seremban so i found out that is a lil bit hassle for me to travel down to kl everyday.i think the way for me to work and gain money is to work from home.. ill b more productive..overall i still love the company is just that distance make us apart.,4,Executive,Jalan tun razak kuala lumpur,former,3,4,4,3,2,Its beneficial,Distance its far from my new house,12,220,https://malaysia.indeed.com/cmp/Rhb-Bank-Berhad/reviews?start=220
1514,Ocbc,10/3/2017,Good environment,"Good friends and management, but with low increment. Quite competitive to move to the next level in my career at OCBC Bank. I left the bank for a better opportunity in Measat Broadcast Network System (Astro)",3,Customer Resolution Executive,Kuala Lumpur,former,0,0,0,0,0,,low remuneration,5,80,https://malaysia.indeed.com/cmp/Ocbc-3/reviews?start=80
1515,RHB Bank Berhad,10/3/2017,A stepping stone for customer service environment,Great colleagues with good work environment. A good exposure of a banking line. I have realized my passion towards handling customers through this job.,4,Customer Service Agent,Kuala Lumpur,former,0,0,0,0,0,,low remuneration,12,220,https://malaysia.indeed.com/cmp/Rhb-Bank-Berhad/reviews?start=220
1516,HSBC,7/3/2017,Very nice place with wonderful working environment,HSBC Data Processing is a great place to work because of the environment and colleagues.HSBC have a very good training platform to train and educate the staff .On top of that the managers always encourage the staff to perform well and encourage for promotions .,4,Assistant Manager Global Custody,Kuala Lumpur,current,4,3,4,3,4,"Free drink, Newspaper, television, sports room",Lower salary than other banks,14,260,https://malaysia.indeed.com/cmp/HSBC/reviews?start=260
1517,HSBC,7/3/2017,A fun working place with good colleges and superiors.,A very good stepping stone for freshers.Fun working environment and caring management. It is also a very good platform to show your capabilities and it will never go unnoticed.,3,Assistant Manager Mortgage,Cyberjaya,former,4,3,3,3,3,"Fun environment, recognition and good management",None,14,260,https://malaysia.indeed.com/cmp/HSBC/reviews?start=260
1518,Public-Bank-Berhad,7/3/2017,Typical 'Chinaman' company,"Public bank is a typical 'chinaman' company. Employees are expected to work hard for company but not being appreciated accordingly. Labor turnover rate is high especially among 80's & 90's youth. Most of them can't accept the seniority culture applicable in the bank. Last but not least, it's still a good starting point for those fresh graduates to learn, a good place to learn the multitasking and stress handling skill.",3,Credit analyst,malaysia,current,1,5,2,2,2,nice place to learn multitasking,long working hours,12,220,https://malaysia.indeed.com/cmp/Public-Bank-Berhad/reviews?start=220
1519,RHB Bank Berhad,7/3/2017,Flexible working environment,I started my banking career at RHB in sales team and learned a lot in sales. RHB having their own training center in Bangi and excellent training and coaching were provided .,3,Retail Mobile Banker,Penang Island,former,3,3,2,3,3,Flexible working hours,Contract basis,12,220,https://malaysia.indeed.com/cmp/Rhb-Bank-Berhad/reviews?start=220
1520,HSBC,5/3/2017,Productive work place,"Good place to learn and work, good team mate. Good trainings provided. The distance is far and the shift hours are tiring.",4,SENIOR ANALYST,Cyberjaya,former,4,4,4,4,4,Good pay package,Distance and stagnant shift hours,14,260,https://malaysia.indeed.com/cmp/HSBC/reviews?start=260
1521,HSBC,3/3/2017,Best place to work.,Its nice working there and the management team are superb.Learned how to deal with high value payments.Sports and activities.,4,Global Support Executive,Cyberjaya,former,4,4,4,4,4,Free drinks.,Three times break per day.,14,260,https://malaysia.indeed.com/cmp/HSBC/reviews?start=260
1522,maybank,1/3/2017,Fun evironment working place and team work,I had learned how to work on a team... I have to work on office hours..... The management in maybank is awesome... The only hardest part is I had to end the contract..,5,IT Executive,MALAYSIA,former,5,3,5,5,5,,,12,220,https://malaysia.indeed.com/cmp/Malayan-Banking-Berhad-(maybank)/reviews?start=220
1523,Cimb-Group,28/2/2017,Interesting Job Scope,I love to learn new things and always attracted to finance related jobs. This makes me choose banking field and CIMB is well organized management with wonderful teammates to work with . This place makes me learn new and interesting things about working environment and handling issues.,5,Retail Product Executive (Backend Executive),Kuala Lumpur,former,5,2,5,5,5,,,13,240,https://malaysia.indeed.com/cmp/Cimb-Group/reviews?start=240
1524,Cimb-Group,27/2/2017,joyful with all helpful staffs,I was exposed to banking industry as early as January 1991. I was fond to join them due to joyful environment. Among staff we were cooperating each other. We worked as a team and all problems were solved easily.,5,Customer Service Officer,Port Dickson,former,5,5,5,5,5,,,13,240,https://malaysia.indeed.com/cmp/Cimb-Group/reviews?start=240
1525,Public-Bank-Berhad,27/2/2017,Branch - High workload accompanied with good perks,Review from branch based employee 1) Life working in a branch can hardly escape unpaid OT. 2) Software for loans are rather inefficient. 3) Involves a lot of paperwork instead of computerization. 4) Bad management & culture as overly high workload is considered responsibility of staff which is true but no appreciation is noticed for time spent on unpaid OT. 5) Employees are forced to work on Saturday and Sunday without reimbursement. 6) Good bonus and nice colleagues.,2,Credit Officer,Melaka,former,2,4,2,2,2,,,12,220,https://malaysia.indeed.com/cmp/Public-Bank-Berhad/reviews?start=220
1526,United Overseas Bank,27/2/2017,Excellent environment,"Great place to work with,the benefit,the offers all great ,there might be lacking to have our own time,(it's a shift hour basis).but the leaders,and colleagues are great! Everyone are friendly and helpful.",4,Uob Centre of excellence(UcOE),Ampang,former,3,4,3,3,4,Better in salary and environment,"Short break, restricted time",6,100,https://malaysia.indeed.com/cmp/United-Overseas-Bank/reviews?start=100
1527,Cimb-Group,24/2/2017,Good organization,Good organization to work in terms of working environment. management and job culture is good. Workplace and also working culture is easily adaptable,4,Customer Service Executive,Kuala Lumpur,former,4,4,4,4,4,,,13,240,https://malaysia.indeed.com/cmp/Cimb-Group/reviews?start=240
1528,maybank,22/2/2017,Productive and teamwork oriented,there are many ad-hock task. need to process document from customer urgently. receiving more than 100 documents from customer every day. the management of the company is good. the hardest is need to complete the document urgently. most enjoyable experience is can learn many things at that department.,4,SL1M TRAINEE,Kuala Lumpur,former,4,4,4,3,3,friends,healthcare,12,220,https://malaysia.indeed.com/cmp/Malayan-Banking-Berhad-(maybank)/reviews?start=220
1529,RHB Bank Berhad,21/2/2017,full of mission and vision to achieve target,"I bring along 20 years of experience in banking line as teller to customer service officer. My experience consist of various clerical to management activities such as documentation,authorization,dealing with customers,auditing and many more. With my knowledge and my personal drive, I believe I can content and excel in my future task. I offer you a hard working spirit, a fast adapt to your working environment and mutual characteristics in order to drive and achieved your corporate goal. I can be a very good asset to your organization for I am a self-starter and extremely a fast learner. - Strong communication, negotiation and presentation. It’s always my intention to join an organization with excellent reputation and growth opportunities. I will be glad if you would consider my request for an interview to discuss this job opportunity at your convenience. Thank You. Sincerely Yours, NOORLELA BINTI MAT RAMLI (email : ellaramli74@gmail.com)",5,customer service officer,latest at bdr baru bangi,former,5,5,5,5,5,full time,shorts breaks,12,220,https://malaysia.indeed.com/cmp/Rhb-Bank-Berhad/reviews?start=220
1530,Bank-Rakyat,19/2/2017,An attractive environment in marketing,Daily work connected with various government organizations and the corporate sector to make the scope of work to be challenging in the negotiations and reach a decision. Fun thing is to get acquainted with various backgrounds from various organizations.,3,Sales Execitive of Merchant Acquisition,"Menara Bank Rakyat, Jalan Rakyat, KL",current,3,3,3,3,1,Medical and Outstation Claim,Difficult to apply loan,4,60,https://malaysia.indeed.com/cmp/Bank-Rakyat/reviews?start=60
1531,Cimb-Group,17/2/2017,Productive and challenging,"'- challenge patient to entertain customer - new product knowledge, new system, new environment - great - team work handle by superrior - facing irritate customer - get compliments once success to assist customer to end.",5,Executive Customer Service Representative,Malaysia,former,5,5,5,5,5,,,13,240,https://malaysia.indeed.com/cmp/Cimb-Group/reviews?start=240
1532,HSBC,16/2/2017,Full of excitement and social welfare,as we all know working in the bank is such a good and excellent job at that time. Environment wise is good and the job wise is unique and i do learn a lot of experience from there.,3,CLERK,Miri,former,3,3,3,3,3,happy go lucky,pressure,14,260,https://malaysia.indeed.com/cmp/HSBC/reviews?start=260
1533,maybank,16/2/2017,implement the TIGER culture.,"i am very glad to be a part of Maybank Islamic Berhad as a whole. I learnt more that I thought I would here. being attached under Policy Analytics, have teach me product cycle in end to end basis and on the shariah based contract.",4,SL1M Trainee,"Bangsar, Kuala Lumpur",current,5,3,2,4,4,,,12,220,https://malaysia.indeed.com/cmp/Malayan-Banking-Berhad-(maybank)/reviews?start=220
1534,Cimb-Group,14/2/2017,Productive,"Positive Outlook I have been working at CIMB IBB full-time (More than 5 years) Pros Good leadership, good benefits Cons workplace culture",4,Assistant Manager,Kuala Lumpur,current,4,3,4,3,3,Free Lunches,Healthcare,13,240,https://malaysia.indeed.com/cmp/Cimb-Group/reviews?start=240
1535,RHB Bank Berhad,14/2/2017,Nice Place to work,'- Very bust daily routine - Management is too open about the organization - People are friendly - Learned how to review SME's,3,Credit Analyst,Kuala Lumpur,former,3,3,3,3,3,,,12,220,https://malaysia.indeed.com/cmp/Rhb-Bank-Berhad/reviews?start=220
1536,RHB Bank Berhad,13/2/2017,Overall is good,"'- Provided training when is needed. - Have learned taking responsibilities in completing the task. - Time management, organisational and planning are needed in taking this job. - Be a good team player as the work have to be done by team. - Communication skills very essential for achieving the company goals.",4,Marketing Executive,Malaysia,former,3,4,4,3,3,,,12,220,https://malaysia.indeed.com/cmp/Rhb-Bank-Berhad/reviews?start=220
1537,Bank-Rakyat,12/2/2017,Supportive team member,Work on Bank rakyat is more fun and great because the top management and all the staff in bank rakyat is the suportive and its always give me the positive vibes for start my work.,5,PERSONAL LOAN ADVISER,Semporna,former,5,3,2,5,5,long break,low payment,4,60,https://malaysia.indeed.com/cmp/Bank-Rakyat/reviews?start=60
1538,Cimb-Group,12/2/2017,Fun yet challenging,I gained a lot of new knowledge and skills here in CIMB because of their existing customers and the products they're offering to the customer is also quite good and attractive.,3,Personal Financial Consultant,Shah Alam,current,3,2,3,3,3,Good environment,Poor healthcare benefits,13,240,https://malaysia.indeed.com/cmp/Cimb-Group/reviews?start=240
1539,RHB Bank Berhad,12/2/2017,good employment,RHB is the good employment. The most enjoyable part of the job and enjoyable 7 days working banking experience via shopping mall.,4,CUSTOMER SERVICE OFFICER,Kuala Lumpur,former,4,5,4,4,4,,,12,220,https://malaysia.indeed.com/cmp/Rhb-Bank-Berhad/reviews?start=220
1540,Cimb-Group,6/2/2017,It was an good experience and it was great learning how to dealing with customers.,Many problems will arise as customers will be needing immediate solve for their issue. Talking in a good manner to deal with many type of customers will be taught and it was a fun experience,5,Customer Service Executive,Kuala Lumpur,former,4,3,3,3,5,,,13,240,https://malaysia.indeed.com/cmp/Cimb-Group/reviews?start=240
1541,RHB Bank Berhad,6/2/2017,Challenging Place,"Its a Challenging Place, Good learning ground as management encourage staff to go for training and hand on is available in UAT environment, and Friendly environment.",5,Windows System Manager,Bangi,current,3,5,3,3,5,,,12,220,https://malaysia.indeed.com/cmp/Rhb-Bank-Berhad/reviews?start=220
1542,bank islam,5/2/2017,Conducive working environment,"5 working days a week. Numerous meetings to cover GL conciliation. Extensive exposure to regulatory projects ie Bank Negara Malaysia (Central Bank of Malaysia) Workplace culture can be improved Rapid changing banking environment ie GST implementation, PIN & PAY in credit card system Generous annual leave entitlement, provides many avenues for personal development.",4,Assistant General Manager,"Kuala Lumpur, Malaysia",current,4,5,3,4,3,Comprehensive medical coverage for the employee & family members,Long hours,3,40,https://malaysia.indeed.com/cmp/Bank-Islam/reviews?start=40
1543,HSBC,4/2/2017,Comfort place to work,Management should improve their attitude and dont push staff so hard. Always feel free to help staff. However working here give me a lot of knowledge and experience also improve my skills.,3,Global Support Executive,Cyberjaya,current,3,4,4,3,4,Medical card,Not enough staff,14,260,https://malaysia.indeed.com/cmp/HSBC/reviews?start=260
1544,Cimb-Group,2/2/2017,Positive environment,"The job and the work are interesting, challenging and rewarding. It's exciting to be part of a company that fills a void in the marketplace. Upper management here understands the regular worker and strives to make our work and family lives work together. I like what I do.",3,Assistant Sales Manager,Kuala Lumpur,current,4,4,3,4,5,Award,Medical & Healthcare,13,240,https://malaysia.indeed.com/cmp/Cimb-Group/reviews?start=240
1545,HSBC,2/2/2017,Very productivity and work life balance,"Happy with the environment, team work, among manager and officer. Always guide with the staff when new system or product lauched.",5,Special grade clerk,Kuala Lumpur,former,4,4,4,4,4,,,14,260,https://malaysia.indeed.com/cmp/HSBC/reviews?start=260
1546,HSBC,1/2/2017,Wide opportunities in terms of working hours,"Greater opportunities, fun workplace, leisure with no office dress code. Quite flexible in terms of working hours as there are so many shift available.",3,GSE,Cyberjaya,current,3,3,2,2,3,,,14,260,https://malaysia.indeed.com/cmp/HSBC/reviews?start=260
1547,maybank,1/2/2017,Handling calls.,Assist customer via calls regarding their banking issues. Provide information regarding online bankings and raise report for issues on banking.,4,Customer Service Executive,Shah alam,former,5,5,4,2,2,,,12,220,https://malaysia.indeed.com/cmp/Malayan-Banking-Berhad-(maybank)/reviews?start=220
1548,HSBC,30/1/2017,Workplace with good ethics and procedure,"Overall good place to work however the management might change their minds from time to time. Workplace offered free transportation and good cafe to have lunch or dinner. Paying lower than market standard,however increment and bonuses compensated the former and more than makes up for it. The company is currently growing out from its previously involved with Deferred Prosecution Agreement with the United States Department of Justice and working vigilantly to meet and achieve the industry standard in fighting financial crime.",4,Global Service Executive,Cyberjaya,current,4,3,3,3,4,Free Transportation,Low salary below market standard,14,260,https://malaysia.indeed.com/cmp/HSBC/reviews?start=260
1549,HSBC,29/1/2017,Fun and flexible Working Envoirement,*Best Place to work and learn. *fantastic training provided. *fun and flexible environment *excellent appreciation to the staff. * managements is good and fair to the employees,5,Global Support Excecutive,Cyberjaya,former,5,5,5,5,5,,,14,260,https://malaysia.indeed.com/cmp/HSBC/reviews?start=260
1550,HSBC,25/1/2017,productive and stress environment with friendly co-workers,Learn many task which polish me brightly in term of knowledge and ideas. Even working under pressure but still able to learn many task day by day. Friendly management which always help their staff and their needs.,4,Senior Global Support Executive Global Custody,Kuala Lumpur,former,4,4,3,3,4,pot-luck,non,15,280,https://malaysia.indeed.com/cmp/HSBC/reviews?start=280
1551,RHB Bank Berhad,25/1/2017,attending custumer,I have good experience especially to explain to customer how to do right or best way to remit they money..how to earn more fund from fixed deposit investment,4,teller,"TTDI,sg way subang,damansara utama,petaling jaya",former,4,4,5,3,4,,,12,220,https://malaysia.indeed.com/cmp/Rhb-Bank-Berhad/reviews?start=220
1552,HSBC,24/1/2017,Satisfied with the job,"Generally, I used to manage high networth of client base and I'm happy and satisfied with the employee benefit from this previous employer.",5,RELATIONSHIP MANAGER,Labuan,former,5,4,5,4,4,,,15,280,https://malaysia.indeed.com/cmp/HSBC/reviews?start=280
1553,Ocbc,24/1/2017,Huge potential company,"In overall, this company provided a good management system for every staff to do their work efficiently. And I can say the working environment and culture is very big different compare to other banking experience as this Bank focus more on customer experience and I personally feel proud to be one of them before this.",5,PERSONAL FINANCE MANAGER,Kota Kinabalu,former,4,4,4,4,5,,,5,80,https://malaysia.indeed.com/cmp/Ocbc-3/reviews?start=80
1554,RHB Bank Berhad,24/1/2017,Fun work place but worst management,Eventho you work there for 10years also They won't give you permanent job.Better find a new job...salary also problem.,1,Collection officer,Kuala Lumpur,current,3,1,2,1,2,Nothing,The building lift cause you always punch in late to work,12,220,https://malaysia.indeed.com/cmp/Rhb-Bank-Berhad/reviews?start=220
1555,Cimb-Group,22/1/2017,No work life balance,No work life balance due to everyday we must to do overtime until until 8.30 pm or 9pm and also we need to come to the office on weekends or public holidays. Its depends on company goal. And sometimes i felt difficult to take on leave.,2,Negotiator,Kuala Lumpur,former,1,1,2,2,1,,Politics environment,13,240,https://malaysia.indeed.com/cmp/Cimb-Group/reviews?start=240
1556,HSBC,21/1/2017,Very productive and a fun place to work,The people there were great colleagues to work with and overall fun experience learning. The trainers were good but sadly favouritism rules the place.,5,Global Support Executive,Cyberjaya,former,5,4,4,4,4,Free lunches during Celebration,Favouritism,15,280,https://malaysia.indeed.com/cmp/HSBC/reviews?start=280
1557,maybank,19/1/2017,Place where you can learn a lot of thing,Place where you can develop yourself more confident by attend different kind of people. Giving you an experience how to manage customer in a better way.,3,Clerical,Maybank nusa bestari,former,2,5,3,3,3,,,12,220,https://malaysia.indeed.com/cmp/Malayan-Banking-Berhad-(maybank)/reviews?start=220
1558,bank islam,18/1/2017,Stepping stone for fresh graduate,"Its an okay place to work for a start for those who doesn't have working experience yet but you got to learn about foreign currency, different cultures, remmitance services and also got to know how some part of bank work. in this case in Bureau de Change",3,BDC Officer/ Junior Sales Rep,Kuala Lumpur,former,2,4,1,1,1,,,3,40,https://malaysia.indeed.com/cmp/Bank-Islam/reviews?start=40
1559,Cimb-Group,18/1/2017,Productive with happy environment,'-Happy environment -Keep on working together -Help each other to achieve target -Must achieve the target every month to get maximum commision -Have a boss that really understand you,5,TELEMARKETING SALES,MENARA ATLAS KUALA LUMPUR,former,5,5,5,5,5,Medical card for family,Shorts break,13,240,https://malaysia.indeed.com/cmp/Cimb-Group/reviews?start=240
1560,HSBC,18/1/2017,Good working environment,Good working environment but minimal benefits for staffs. Transportation provided and shift basis. Overall medium rating and not for long term employment.,5,Global Support Executive ( Process Specialist ),Cyber Jaya Kuala Lumpur,former,5,3,3,3,5,,,15,280,https://malaysia.indeed.com/cmp/HSBC/reviews?start=280
1561,Cimb-Group,17/1/2017,Good place to gain experience,Salary was not on par with the job carried out. Bonus was good. Promotion was slow. Good team but culture acoss the boad needs improving.,3,Assistant Manager,Malaysia,former,4,3,3,3,3,,,13,240,https://malaysia.indeed.com/cmp/Cimb-Group/reviews?start=240
1562,maybank,16/1/2017,Excellent,"Good Benefit, living with core values, flexible working with this company. Leading Bank. Good bonus and annual increment. mixed culture and good customer service.",4,Clerk,Johor Bahru,current,4,4,4,4,4,,,12,220,https://malaysia.indeed.com/cmp/Malayan-Banking-Berhad-(maybank)/reviews?start=220
1563,Cimb-Group,12/1/2017,"Challenging, meet new people with different needs","Everyday is a new day, new needs, new sales target. You learned every single day but with your friends, your co-workers beside you even the hardest part of the job like facing complains of system failure etc you still can smile and laugh together.",3,CLERICAL,Setia Alam,former,2,3,3,3,3,Challenge your ability,Stress of overwork and sales,14,260,https://malaysia.indeed.com/cmp/Cimb-Group/reviews?start=260
1564,Ocbc,9/1/2017,Nice working environment and friendly cow-workers,Co-workers there are friendly and helpful. I have learned a lot of excel skill and interactive skill from my senior. Provide useful training and course for staff.,3,Intern,Kuala Lumpur,former,3,3,3,3,3,Birthday celebration for every staff,,5,80,https://malaysia.indeed.com/cmp/Ocbc-3/reviews?start=80
1565,maybank,8/1/2017,Efficiently work and have fun event,I have learned how to handling many customers in a time and get to increased my level of patiently. Have a good management and helpful co-workers. Hardest part of the job is when need to faced the cursed from the customers. The most enjoyable part of the job is when i get more acknowledge in banking field.,4,BANKING,Mutiara Damansara,former,2,4,5,4,3,Many benefits,High cost of living,12,220,https://malaysia.indeed.com/cmp/Malayan-Banking-Berhad-(maybank)/reviews?start=220
1566,maybank,7/1/2017,Productive -Maybank is one of the leading bank in Malaysia,"Have been working with Maybank, Malaysia for the past 24 years. I have exposed very well in the customer service function since banking is a customer oriented organisation. Personality -Able to work under pressure -Able to work well with people at all level -Willing to accept new ideas and changes. The reason for changes is like to stay and work in Singapore.",3,Business Development Executive,Region Penang/Kedah/Perlis,former,3,3,3,3,3,,,12,220,https://malaysia.indeed.com/cmp/Malayan-Banking-Berhad-(maybank)/reviews?start=220
1567,maybank,7/1/2017,Learned Basic Banking Facilities,"Joined in year 1985. Designation : Customer Relations Personnel Grade : Clerk Main Responsibilities Banking Hall After Banking Hours, worked in Credit Department Initial Training : Grooming Customer Relations Interpersonal Skills Basic Banking Facilities",4,Customer Relations Personnel,"Jalan Bukit Bintang, Kuala Lumpur",former,4,4,4,4,4,Good work exposure.,None,12,220,https://malaysia.indeed.com/cmp/Malayan-Banking-Berhad-(maybank)/reviews?start=220
1568,Cimb-Group,6/1/2017,A good place to start career,"The place where i started my career,i was given lots knowledges here ,the only drawback was salary was less ,difficult to survive in a big city with the given salary.",3,Analyst Programmer,Kuala Lumpur,former,3,2,3,3,3,,,14,260,https://malaysia.indeed.com/cmp/Cimb-Group/reviews?start=260
1569,HSBC,6/1/2017,Good place to work,"Working life in HSBC tremendously good with multicultural working enviroment ,working hour flexibilities ,rewards and so forth. Despite the goodness, i am looking to change working enviroment, to meet new people ,to learn new skills ,and to face new challenges.",5,Senior Software Engineer,Kuala Lumpur,current,5,5,3,3,5,,,15,280,https://malaysia.indeed.com/cmp/HSBC/reviews?start=280
1570,Cimb-Group,3/1/2017,Work oriented workplace,Focus on generating income for company and ecouragements are given to boost sales. People are friendly and helpful. KPI and incentives are based on sales figure.,3,Personal Financial Consultant,Petaling Jaya,former,2,2,2,3,2,,,14,260,https://malaysia.indeed.com/cmp/Cimb-Group/reviews?start=260
1571,Cimb-Group,2/1/2017,Overall Good,It was a good experience working as an intern there in spite the slow progress on my work ID. The colleagues were nice and friendly although they are much elder than me.,4,Internship,Kuala Lumpur,former,4,4,4,4,4,Gym Facilities,,14,260,https://malaysia.indeed.com/cmp/Cimb-Group/reviews?start=260
1572,Public-Bank-Berhad,2/1/2017,Working at Public Bank,"Overall, I enjoyed every single day of my working day at Public Bank Berhad. This is because, my branch manager and also my colleagues are very supportive and they have helped me on how ti perform my tasks and jobs. The hardest part of my tasks was when I am the clearing department. The most interesting part when I get the chance to help people at from desk and ask on how I can help to do the transactions.",4,Bank Teller,"Bandar Seri Alam, Pasir Gudang",former,4,4,4,4,4,Challenging working experiences,,12,220,https://malaysia.indeed.com/cmp/Public-Bank-Berhad/reviews?start=220
1573,maybank,29/12/2016,Productive and fun work place,Good organisation and healthy environment work place. Place to develop skill and learning some things new. Build career in maybank was a good decision.,4,Telesale executives,Maybank group customers care bukit jelutong,current,4,3,3,3,4,Medical coverage for contracts staff,Shot break in the morning and afternoon,12,220,https://malaysia.indeed.com/cmp/Malayan-Banking-Berhad-(maybank)/reviews?start=220
1574,Ocbc,29/12/2016,Bosses treat us with respect,Everyone is friendly and helpful. Dealing with various types of customers. Learn to manage angry customers. Do a lot products pitchings everyday. No work life balance.,4,Personal Banker,Kuala Lumpur,current,2,2,3,4,4,,,5,80,https://malaysia.indeed.com/cmp/Ocbc-3/reviews?start=80
1575,RHB Bank Berhad,28/12/2016,"Productive in sport, like to play futsal","A typical day at work is process customer personal loan i learn how to approach customer, process customer document. Management teach me how to learn by own self and make profit to the company My co-workers preferred work in team The hardest part of the job is being a customer service which is handle the customer problem The most enjoyable part of the job is I achieved the target sales of the company.",2,SALES CONSULTANT,Malacca City,former,3,2,2,2,2,,,13,240,https://malaysia.indeed.com/cmp/Rhb-Bank-Berhad/reviews?start=240
1576,HSBC,26/12/2016,Environment,"the working environment is so good, where everyone is friendly & helpful to teach us at any time. I have learn a lot especially in handling customers complains & feedbacks. I learn to provide good solution for customers financial issues on handling debts by providing personal loans to settling all debts via debts consolidations.",4,contact centre sales & services reprensentative,Kuala Lumpur,current,4,4,4,4,4,,medical benefits,15,280,https://malaysia.indeed.com/cmp/HSBC/reviews?start=280
1577,United Overseas Bank,25/12/2016,high staff engagement between one and another,Fun workplace with high staff engagement between one and another. A place to develop your skills and confident level. Staff have a chance to grow up their skills.,3,Assistant Manager,Kuala Lumpur,current,3,3,3,3,3,Good staff engagement,Required longer working hours until 12pm each day..,6,100,https://malaysia.indeed.com/cmp/United-Overseas-Bank/reviews?start=100
1578,Ocbc,21/12/2016,marketing skill,"I have learnt about how to deliver the good services to our valuable customers.Besides, I also got the knowledge & pitching skills on how to close a deal with customers. The hardest part of the job is how to convince customers to buy the product with us and the most enjoyable part of the job is we can learn from each others and find out the solution in order to increase the sales and the objection from customers.",4,Personal Financial Consultant,OCBC MUAR BRANCH,former,3,3,3,3,2,teamwork,,5,80,https://malaysia.indeed.com/cmp/Ocbc-3/reviews?start=80
1579,maybank,20/12/2016,Exciting Phase of My Life,A typical day at work was always filled with good teamwork members and effort put in by all. I was also supported by an understanding boss. Good relationship between leader and team members will ensure high motivation and strive at work place. It was a another set of family for me in Maybank.,4,Senior Executive,Kuala Lumpur,former,3,4,4,3,3,,,12,220,https://malaysia.indeed.com/cmp/Malayan-Banking-Berhad-(maybank)/reviews?start=220
1580,RHB Bank Berhad,20/12/2016,fun environment,"work every day include sat and sun I've learned how to handle customer, to solve their problem and using new system the management poor all co-worker is fun, happy and excellent every job is hardest, should try, but this job really make me happy everything is enjoyable with the event, friends, boss, supervisor, the environment was so good.",4,collection executive,Kuala Lumpur,former,3,4,3,2,5,high commision,working on sunday,13,240,https://malaysia.indeed.com/cmp/Rhb-Bank-Berhad/reviews?start=240
1581,RHB Bank Berhad,20/12/2016,Excellent,Awesome job that allows you to interact with a lot of people on a daily basis. chasing deadlines and testing your recordkeeping skills. its all fun and challenging at the same time.,5,Officer,Johor Bahru,former,5,5,5,5,5,awesome office,nothing,13,240,https://malaysia.indeed.com/cmp/Rhb-Bank-Berhad/reviews?start=240
1582,Ocbc,19/12/2016,Bad environment,"It was communication breakdown especially from manager. The workloads around here are not properly deligated. In addition, experienced a negative working environment from surrounding who are making yourself feel invisible.",2,Account Manager,Kuala Lumpur,current,3,4,1,2,1,,,6,100,https://malaysia.indeed.com/cmp/Ocbc-3/reviews?start=100
1583,HSBC,18/12/2016,Tough environment with great benefit,Tough environment to work in (industry wide) with geat benefit. Annual leave and medical benefit the bet in industry. A hierarchical area but desired from top management to improve the working condition is good. Global bank provides wide opportunity to all employee to progress provided one excels.,4,SI & FI Product Development Manager,Kuala Lumpur,current,3,4,3,2,3,,,15,280,https://malaysia.indeed.com/cmp/HSBC/reviews?start=280
1584,maybank,17/12/2016,More pro active and enjoyed meeting with people,Enhanced my customer service skills and negotiation with doing sales with the target given.Setup seminar talk for ASB and cross sell for ASB loan.More pro active when dealling with customer and peoples and need to built repport with developer for mortgage loan.,5,Consumer Sales Executive,Bayan Lepas,former,5,5,5,5,5,,,13,240,https://malaysia.indeed.com/cmp/Malayan-Banking-Berhad-(maybank)/reviews?start=240
1585,RHB Bank Berhad,17/12/2016,i happy to work with the company,satisfy with the job good environment. i learned new business idea the management is good do marketing with team approach customers sales product 100 % target,5,sales executive,Klang,current,5,5,5,5,5,"lunch, breakfirst",healthcare,13,240,https://malaysia.indeed.com/cmp/Rhb-Bank-Berhad/reviews?start=240
1586,Cimb-Group,15/12/2016,Productive and fun with friendly seniors.,"It was a good environment to working for the company. My seniors were guide me until I can worked with low supervision. My main function were sales and marketing. I was exposed to various backgrounds of citizens, either local or foreigner. It was good for me to develop my soft skills.",5,Customer Service Representative,Kuala Lumpur,former,4,4,4,4,4,,,14,260,https://malaysia.indeed.com/cmp/Cimb-Group/reviews?start=260
1587,Cimb-Group,15/12/2016,I'm Happy Working Here,"My favorite parts of my job included the ability to work independently (trust from employers) & the people I worked with. It’s great to work with people that care about their company and doing a good job. It’s hard to find that environment today because so many people just don’t care about honesty, hard work & integrity. Nice Boss.. Nice Friends.. Nice Environment.. Enjoy Working with My Team..",4,Senior Executive,Kuala Lumpur,current,4,4,4,4,4,Family working enviroment,I already expert doing my work,14,260,https://malaysia.indeed.com/cmp/Cimb-Group/reviews?start=260
1588,maybank,12/12/2016,Best working place,"a fun working place with many benefits. gain more knowledge in banking skills, loans, mortgage, insurance, unit trust and many more. fast increment in salary.",4,OPERATION,Cameron Highlands,current,3,5,5,3,3,Many benefits,Attending customer,13,240,https://malaysia.indeed.com/cmp/Malayan-Banking-Berhad-(maybank)/reviews?start=240
1589,Ocbc,12/12/2016,a good employer ever,a place i never considered to leave. overall experience to be here is too memorable. the management taught me to be a very good staff especially in compliance and coord,5,assistant manager,Kota Damansara,current,5,5,5,5,5,,,6,100,https://malaysia.indeed.com/cmp/Ocbc-3/reviews?start=100
1590,Public-Bank-Berhad,9/12/2016,"Fun work place,team work and lots of banefits","I have been work with public bank for 5 years.This place is so much fun eventhough there are so much work to do.Everyone have their own job and we work as a team to ensure customer satisfied with our service.and also there are a lots of banefits that i get since working with public bank such as cola,healthcare,bonus and increment salary every year.",5,Clerk,Setapak,current,5,5,5,5,5,Bonus,,12,220,https://malaysia.indeed.com/cmp/Public-Bank-Berhad/reviews?start=220
1591,HSBC,8/12/2016,fun work place with flexible working day,"good environment working place , motivated leader , good medical allowance , good teamwork , learn so much about passion and sales skill",4,mobile banker,Selangor,current,4,5,5,4,4,,,15,280,https://malaysia.indeed.com/cmp/HSBC/reviews?start=280
1592,maybank,8/12/2016,Productive,Different branch different kind of environment with different types of leader. Ive been in a productive branch but in a rural area. A productive activities is only on the operation sides while on a sales activities we have to struggle more in order to achieve our monthly target.,3,Consumer sales executive,Johor,former,1,4,4,3,1,Medical benefits,Very long hours,13,240,https://malaysia.indeed.com/cmp/Malayan-Banking-Berhad-(maybank)/reviews?start=240
1593,Cimb-Group,6/12/2016,Productive,Keep focused on long term goals. Always look for ways for personal improvements. Resourceful. Strive for perfection and excellence,5,Officer,Kuala Lumpur,former,4,4,4,4,5,,,14,260,https://malaysia.indeed.com/cmp/Cimb-Group/reviews?start=260
1594,HSBC,6/12/2016,Great place to work,Place that can help you boost your career. The place that you can learn a lot. New faces and new challenges to face. A lot of department which you can cross learn.,4,Manager Operations,Malaysia,former,1,4,4,4,4,Time is flexible,,15,280,https://malaysia.indeed.com/cmp/HSBC/reviews?start=280
1595,maybank,6/12/2016,Productive and fun,Learned how to manage customers. It is tough but very challeging. The enviroment is superb. Good managements. Sporting managers. Friendly peoples.,5,Customer Service Officer,Shah Alam,current,5,5,5,5,5,Events,Short break,13,240,https://malaysia.indeed.com/cmp/Malayan-Banking-Berhad-(maybank)/reviews?start=240
1596,maybank,3/12/2016,A good place to work,Maybank is a very competitive organisation. It offers a great opportunity for you to develop and explore yourself. The management are very supportive in pushing you to deliver what you are supposed to.,5,Executive,Kuala Lumpur,former,4,5,5,5,5,,,13,240,https://malaysia.indeed.com/cmp/Malayan-Banking-Berhad-(maybank)/reviews?start=240
1597,RHB Bank Berhad,3/12/2016,cormfortable environment and strategic building,"early starting work we have briefing and sharing the idea to get brainstorming, have a lttle game such as 15 minutes to get our spirit or energy to give strong mental. ni management and friendly working.",4,COLLECTOR OFFICER,Kuala Lumpur,former,4,4,4,4,4,have pantries to make it drink and save food,healthcare and safety,13,240,https://malaysia.indeed.com/cmp/Rhb-Bank-Berhad/reviews?start=240
1598,Cimb-Group,1/12/2016,Helpful colleagues & understanding clients,Sharing the benefits of investing in mutual funds with the public was fun. They happy with the investment returns & my colleagues helps me sharing too with my beloved clients when am not able doing presentations due on limited knowledge which that was when the first time I joining the company.,3,Wealth Advisors,Kuala lumpur,former,3,2,2,2,3,Mingling with positive people,Working till late at night,14,260,https://malaysia.indeed.com/cmp/Cimb-Group/reviews?start=260
1599,Public-Bank-Berhad,1/12/2016,Informative and management workplace,"Provides informative expertise of financial products and services to external customer in a professional manner. Undergoes training for financial products and services including personal banking, investment banking, sale and management of unit trust funds, and bancassurance. Requires ability to interpret well",4,Sales Executive,"Muar, Johor, Malaysia",former,3,3,4,4,3,,,12,220,https://malaysia.indeed.com/cmp/Public-Bank-Berhad/reviews?start=220
1600,RHB Bank Berhad,28/11/2016,More focus on customer inquiry,"When I worked here, i learn a lot of things when i worked here. we need to more focusing on how to solve customer problems and give fully committed in order talk with customer. In addition,",3,customer service exexcutive,Kuala Lumpur,current,3,3,3,3,3,this company provided with shuttle bus,Not ready timing( short breaks),13,240,https://malaysia.indeed.com/cmp/Rhb-Bank-Berhad/reviews?start=240
1601,Ocbc,24/11/2016,Internship,"• To provide full support on all administirative functions to the driving force team at all times within the stipulated turn around time (TAT) • The administrative functions include AKPK, Processing of bills/ Payment and write off",4,internship,Kuala Lumpur,former,4,4,4,4,3,transport facilities,short breaks,6,100,https://malaysia.indeed.com/cmp/Ocbc-3/reviews?start=100
1602,RHB Bank Berhad,24/11/2016,Good,This company have good remuneration. Environment also nice. Here I learn about management and the important of marketing.,5,Sales consultant,Penang,former,5,5,5,5,5,Good,Need more effort,13,240,https://malaysia.indeed.com/cmp/Rhb-Bank-Berhad/reviews?start=240
1603,maybank,23/11/2016,Good work place,Good benefit Learn many from.other dept Compliance issue hardest part Service many people at different level More alert internal and external fraud,3,"Executive,senior exec",Kuala lumpur,former,3,4,2,3,3,Nil,Nil,13,240,https://malaysia.indeed.com/cmp/Malayan-Banking-Berhad-(maybank)/reviews?start=240
1604,RHB Bank Berhad,22/11/2016,Good workplace,Great experience working with RHB.Gain knowledge and valuable experiences.Opportunities always there for staff who wants to achieve better future in banking industries.,4,Personal Banker/Marketing Executive,Bangi,former,4,4,4,4,4,,,13,240,https://malaysia.indeed.com/cmp/Rhb-Bank-Berhad/reviews?start=240
1605,Ocbc,14/11/2016,Inspiring and Productive,The environment in the bank is fairly good and colleagues are all very friendly. Job scopes in the bank are well segregated but sometimes some problem arise from it as well. Overall it is very enjoyable to be working in the bank.,3,Premier Relationship Manager,Cheras,current,3,3,3,2,3,Career path is very transparent,Too many paperworks,6,100,https://malaysia.indeed.com/cmp/Ocbc-3/reviews?start=100
1606,RHB Bank Berhad,14/11/2016,my previous work,"I am very hardworking. normal work as managers only from 9 am to 6 pm, Monday to Friday. but I always go back later and work from Monday to Saturday for planning strategy and spend the whole work. Before I became a manager, I only sales executive. I make my revered craft in the group and bosses. I received many certificates and trophies are awarded for great achievements. I learned there how the management of bank branches or offices. starting with finding staff, train them to use the system, teach them how to make sales, motivate staff, audit and more. The most difficult thing when sales targets are not achieved because of the facilities that limit. Where we have no system to make sales outside the area. The most interesting thing is I received salaries that were previously beyond my income 3 thousand per month, when in RHB my income is much higher, reaching nearly 10 thousand. but never more than 10 thousand. so I can afford to buy cars and homes. I have achieved many awards there.",5,manager,Shah Alam,current,3,4,3,3,3,,,13,240,https://malaysia.indeed.com/cmp/Rhb-Bank-Berhad/reviews?start=240
1607,Cimb-Group,13/11/2016,Limited room Advancement,"Despite bad time, management should work together and motivate to improve productivity which is lacking. Room for advancement is limited asmanagement do mot want yo take risk.",3,internal auditor,Kuala Lumpur,current,2,2,2,3,3,Being recognised,Chance to explore different audits limited,14,260,https://malaysia.indeed.com/cmp/Cimb-Group/reviews?start=260
1608,Cimb-Group,10/11/2016,A good place to gain experience,"Dealing with a lot of people that has different characters and personalities made me learn a lot about my job. For example, the way I respond to this person may make him/her think I give a good service but the same technique would not work for another person. Thus, I have to constantly observe the customers and entertain to their enquires in the ways that would make them feel good about my service and make them feel they came to search for answers, they got their answers.",4,Customer Service Officer,"Batu Berendam, Melaka",former,3,4,3,3,3,Friendly co-workers,"Short breaks, Sales target",14,260,https://malaysia.indeed.com/cmp/Cimb-Group/reviews?start=260
1609,HSBC,8/11/2016,conducive workplace,"conducive workplace highly professionals collegue efficients training helpful management safety is concern most enjoyable part of the job is attending to customer inquiries in regards to anykind of concerns ranging from their CASA balance, to fixed deposit as well as mortgage",3,Global Support Executive,Cyberjaya,former,0,0,0,0,0,,,15,280,https://malaysia.indeed.com/cmp/HSBC/reviews?start=280
1610,HSBC,8/11/2016,Good environment,"Friendly environment at HSBC, Good platform to start a career. I met very dynamic people who can really inspire me to work at the goal.",2,AML Executive - FCC & RC,Kuala Lumpur,former,0,0,0,0,0,Time flexibility,,15,280,https://malaysia.indeed.com/cmp/HSBC/reviews?start=280
1611,RHB Bank Berhad,8/11/2016,family workplace,Work with RHB is good experience for me because RHB is a big company and have their own culture that provide employer love work with RHB. They provide us a lot of training to make us more ready to real business banking and always ready to help customers. They also have a good management. The hardest part of the job is we try to give our best for our target. Even our target is high but we are ready to give our best to achieved the targets. The most enjoyable part of the job is our family cultures. we always support each other to make it our work place no pressure.,5,Personal Banker,Kuala Kurau,former,5,5,5,5,5,,,13,240,https://malaysia.indeed.com/cmp/Rhb-Bank-Berhad/reviews?start=240
1612,bank islam,5/11/2016,"productivity,agrecieve about works","always have on job training,team works,the hard works,aalways archieve the target monthly and yearly.after change new management ,all of senior has transfered to other location.",2,supervisor g11 (treasury),kuala lumpur,former,2,1,3,4,2,etc,short break,3,40,https://malaysia.indeed.com/cmp/Bank-Islam/reviews?start=40
1613,maybank,5/11/2016,Bureaucratic bank with large ambitions,'- One of the best compensation in the industry - Big ambition for Asia - Quite process heavy - Good and competent people - Not for the weak-spirited -,3,Enterprise Architect,Kuala Lumpur,current,2,5,2,3,1,,,13,240,https://malaysia.indeed.com/cmp/Malayan-Banking-Berhad-(maybank)/reviews?start=240
1614,Public-Bank-Berhad,4/11/2016,Fast paced and challenging environment,"Daily routine in Public Bank is to evaluate customers' profile and liaise with different branches to get more customers' information before making lending decision. I have learnt to work effectively in a fast paced working environment as there is always deadline in submitting reports. I have also learnt to communicate effectively with all the branches in Malaysia. The management of the company is very centralized and systematic. Co-workers are friendly and we helped each other while working. The most enjoyable part of the job is when challenges happens such as when customers' provided fraud documents, it is our job to detect the fraud and when there is new systems to be tested.",4,Senior Executive,Malaysia,former,4,3,3,4,3,Challenging working environment,Busy Workload,12,220,https://malaysia.indeed.com/cmp/Public-Bank-Berhad/reviews?start=220
1615,Cimb-Group,31/10/2016,Good workplace with Internationally known Brand,Systematic and professional. Good career development with well planned training programme. Learned a lot of people manangement skills and team spirit. Provided good benefits like medical coverage for employee and family members. Epf and Socso contribution by employer.,4,Vice President,Kuala Lumpur,former,4,4,4,4,4,"Medical coverage for staff and family members, Planned training program",Stressful deadlines,14,260,https://malaysia.indeed.com/cmp/Cimb-Group/reviews?start=260
1616,HSBC,29/10/2016,Personal attitudes,"Being hardworking, multitasking staff, am willing to learn new things. Aim to accept new challenges in new place in Australia to have better life in future.",4,PRB,HSBC Malaysia,current,2,4,4,4,4,Willing to learn,English language still have to improve,15,280,https://malaysia.indeed.com/cmp/HSBC/reviews?start=280
1617,maybank,28/10/2016,Sharing informations,"The best experience while working in maybank when our KPI performance is either on target or exceed target. Meaning we delivered our tasks in timely manner or performance rating could be better than higher management expectation. The reason why bonus will be paid based on rating percentage and key performance in our KPI. Our employer never failed to pay bonus to entire staff except for those who didn't perform well. In additional, we also will be getting an ESOS, equity shareholders. Meaning all Maybankers beneficial will be entitled an ESOS offer depends on their level or position. The higher position is the better ESOS offered. Medical benefits is the most important and the most valuable HR benefit for Maybankers. It will covers a staff and also a family members where it won't be as same as with any other sectors of financial institution or company locally.",3,Senior Officer/Executive in Management Office,Kuala Lumpur,former,5,5,3,3,3,Good to work in permanently because of HR benefits,Management didn't bother their staffs who suffering with internal political issues,13,240,https://malaysia.indeed.com/cmp/Malayan-Banking-Berhad-(maybank)/reviews?start=240
1618,Cimb-Group,27/10/2016,Highly commission given to employees,Good benefit given by company and enjoy working environments with freelance. Free tripp. Two times bonus a year. 6 type of income given.,5,Agency manager,Ara Damansara,former,5,5,5,5,5,Freelance,Hard to sell products with the current market economy down,14,260,https://malaysia.indeed.com/cmp/Cimb-Group/reviews?start=260
1619,maybank,27/10/2016,Basic Banking Facilities,Initial Class .................... Customer Relations Skills Basic Banking Facilities Grooming Private Courses ............................ Short Hand Typing Banking Diploma,5,Customer Relations Personnel,"Jalan Bukit Bintang, Kuala Lumpur",former,5,5,5,5,5,Good work experiences.,Learned on basic banking facilities.,13,240,https://malaysia.indeed.com/cmp/Malayan-Banking-Berhad-(maybank)/reviews?start=240
1620,maybank,24/10/2016,"Very good company with all the benefits but when you're looking for career advancement, its hard to go further","Typical Day: It's good, work life balancing Learned: A culture, new task and new prospect Management: not really sustain and they keep on changing the management based on the current economy status Co Workers: good and cooperative Hardest: When the directions given by superior not reached to the staffs Enjoyable time: working hours flexible and benefits",3,Senior Secretary,Kuala Lumpur,former,3,4,3,3,3,"good salary, benefits, bonuses etc",Too many staffs,13,240,https://malaysia.indeed.com/cmp/Malayan-Banking-Berhad-(maybank)/reviews?start=240
1621,HSBC,22/10/2016,Fast paced work environment,"It is 24/7 show runner, specially being under the corporate section. Work and people are always on their toes. Interactions with management about day to day requirements is exciting.",4,FINANCIAL ANALYST (TRAINEE),Kuala Lumpur,former,3,3,3,4,4,support of management,,15,280,https://malaysia.indeed.com/cmp/HSBC/reviews?start=280
1622,Bank-Rakyat,20/10/2016,Productive,Good organization that everyday active market the product. The hardest job was to find the market place and get new customer.,3,Br SMART,Kuching,current,3,4,4,4,4,,,4,60,https://malaysia.indeed.com/cmp/Bank-Rakyat/reviews?start=60
1623,HSBC,20/10/2016,Recommended,"A company which provide work life balance & good employee's benefits. Good working environment with good co-workers. Although some stress in sales figure, however it is reasonable. Reason leaving : Taking challenge on self-employed.",4,Sales Manager,Penang,former,4,4,4,4,4,,,15,280,https://malaysia.indeed.com/cmp/HSBC/reviews?start=280
1624,maybank,19/10/2016,"Very busy enviroment, need to skip your meals sometimes. Need to be patience.",Good place to work and to gain exprience. Excellence for begginers in banking job. Best benefit for overral staff. Presure in work extremely at a high nod. Worst moment when your clerical staff make a mistake and the customer do not want to tolerate. The process of daily work is a life long leaning journey in banking job.,3,Executive,Kuala Lumpur,former,1,5,5,3,3,caring sarbodinates.Excellence place for banking beginners.,"work long hours, Cost priority management.",13,240,https://malaysia.indeed.com/cmp/Malayan-Banking-Berhad-(maybank)/reviews?start=240
1625,Cimb-Group,18/10/2016,good team work,Good team work career enhancement.Resign due to continue further education so that working hour clash with college hours.Good management and friendly with no pressure,5,FINANCIAL ADVISOR,Penang,current,5,5,5,5,4,medical care,no,14,260,https://malaysia.indeed.com/cmp/Cimb-Group/reviews?start=260
1626,bank islam,16/10/2016,Productive and fast pace environment,Working here is the best experience ever because it teach me on how to be work smart rather than work hard. The team are very supportive and willing to help each other.,3,Personal Financial Executive,Kuantan,former,2,4,2,2,3,,,3,40,https://malaysia.indeed.com/cmp/Bank-Islam/reviews?start=40
1627,RHB Bank Berhad,16/10/2016,Fun and productive,My day yo day routine was processing loan applicationi.e. prepare working paper and makesure loan was released accordingly. The hardest thing is competition among bankers and the best thing is when i satisfy my customer by providing them our best service.,3,Account Relationship Manager,Kuala Terengganu,former,3,3,3,3,3,A lot of training provided,low pay,13,240,https://malaysia.indeed.com/cmp/Rhb-Bank-Berhad/reviews?start=240
1628,Cimb-Group,14/10/2016,Work Environment,The company has a good working environment but there are still employees who take advantage of the situation. There is always a healthy competitive and able to discipline the working time.,4,FINANCIAL ADVISOR,Johor,former,4,3,3,4,3,,,14,260,https://malaysia.indeed.com/cmp/Cimb-Group/reviews?start=260
1629,maybank,14/10/2016,productive & great workplace. we can learn various new things,I loved my last job. It taught me so many things and my previous boss and colleagues have always been helpful. typical day at work sometimes quite boring as it involves mostly on the system.,4,RETAIL CREDIT MANAGER,Kuala Lumpur,former,4,5,3,4,3,great staff benefit/compensation,,13,240,https://malaysia.indeed.com/cmp/Malayan-Banking-Berhad-(maybank)/reviews?start=240
1630,Cimb-Group,13/10/2016,Productive and challenging job,CIMB helps me to improve my interpersonal skills and communication skills and helped to build a better career. I have to provide professional advice on appropriate financial products on customer needs and to ensure customer satisfaction and provide excellent after sales service.,3,Financial Services Consultant,Ipoh,current,3,3,2,3,3,medical insurance coverage,Challenging environment,14,260,https://malaysia.indeed.com/cmp/Cimb-Group/reviews?start=260
1631,HSBC,13/10/2016,Overall is good,HSBC is a good place to work with and one may learn alot. I would recommend HSBC to someone who is looking to gain experience and exposure for self development and looking into career advancement.,5,"Associate, corporate treasury solution",Kuala Lumpur,current,3,4,3,3,3,,Long hours,15,280,https://malaysia.indeed.com/cmp/HSBC/reviews?start=280
1632,maybank,13/10/2016,Challenging but comfortable,I need to build and maintain close business relationship with the Emerging Affluent (EF) customers by providing and offering various Maybank products especially insurance and investment products. I have to provide a complete range of investment products and other banking products to affluent customers.,3,2. Personal Financial Advisor,Kuala Lumpur,former,3,3,3,3,3,medical and other bank benefits,Challenging environment,13,240,https://malaysia.indeed.com/cmp/Malayan-Banking-Berhad-(maybank)/reviews?start=240
1633,Ocbc,13/10/2016,Fun environment,"OCBC Bank is one of the good organization that i have work with. There is no hardest or typical at work as i have a very helpful colleagues. I have learned a lot there which have help me in many ways such as knowledge, communication skills.",5,Assistant Manager,Kuala Lumpur,former,5,5,5,5,5,,,6,100,https://malaysia.indeed.com/cmp/Ocbc-3/reviews?start=100
1634,United Overseas Bank,12/10/2016,No work life balance,"Not able to apply what I am good at. Too stressful and no work life balance. Limited resources. In summary, the task given is not what I expected and am not interested with the support and expectation. Too rigid and not flexible in terms of sharing of ideas and decision making.",2,banking,Malaysia,current,1,3,3,2,2,stability,no work life balance,6,100,https://malaysia.indeed.com/cmp/United-Overseas-Bank/reviews?start=100
1635,maybank,11/10/2016,Cafe,"The office provide its own cafe where we can just go eat or drinks anytime for free. I learned how to promote the Maybank product, the right way to set an appointment and learn the way to present to client. The hardest part is to get an appoinment with client. The most enjoyable part is we can travel anywhere to meet up with the clinet.",4,Tele Marketing,Klang,former,3,3,3,3,3,Friendly Environment,There is no basic salary,13,240,https://malaysia.indeed.com/cmp/Malayan-Banking-Berhad-(maybank)/reviews?start=240
1636,RHB Bank Berhad,8/10/2016,good environment and can enhance carrier growth,"'-working on shift with 5 working days and 2 rest days. every day must log in systems 9 hours. in 9 hours that includes 1 hour break (meal break) and another 1 hours for auxiliary break (pray,smoking and others) -i learned to handled all kind of customer from simple to complicated problem. but i need to assist that all customer with professional and patient. I need to archive monthly Kpi every month as well. -every agent have their Team Leader(TL) or Team Manager. which is will guide and monitor our work productivity. -everyone knows that customer service is stress job especially with financial institution(bank) but environment and colleagues was help me a lot while working. this company have some event like dinner, hiking, aidilfitri event and other. its make us have good relationship not even with same level person in this company -hardest part in this job was i am working with different from my studies. far from any subject in my courses in university. but all this things only hard in the early of my carrier. i showed and proved that if people get a chance they will struggle and committed on any difficult task. same goes with jobs experiences. without chance we cant get experience -lastly, most enjoyable part for sure was satisfaction from customer after can settled and solved problem. include compliment from cust.",4,customer service executive,"jalan tun razak, kuala lumpur",current,4,4,4,4,5,"provide annual leave, transport, meal allowances and public holiday allowances.","limited medical card, contract position",13,240,https://malaysia.indeed.com/cmp/Rhb-Bank-Berhad/reviews?start=240
1637,maybank,7/10/2016,Productive Fun Humanity,"I ve started my career in maybank as a clerk. I growth greatly in maybank . I see a lots of tranformation . I earn so much benefit during my day in maybank. For me, the best employer in malaysia is maybank. I felt regret leaving mahbank in year 2015 where I insist to take a challlenge become a manager in rhb. But in maybank... the promotion is limited for each branch every year . So if you want something fastrack for career, you definately wont easily get . As many of senior staff waiting for long.",5,Consumer Sales Executive,Maybank klmain,former,5,5,4,5,5,Benefit & humanising financial services,High target for sales staff,13,240,https://malaysia.indeed.com/cmp/Malayan-Banking-Berhad-(maybank)/reviews?start=240
1638,RHB Bank Berhad,5/10/2016,Fun work place,every day is a learning process I learned about company product and services and also interpersonal skill on how to deal with customers. Company has an excellent management. Easy to seek help from the co worker. The hardest part of job is it high control of mental to deal with different type of customer. Im most enjoy with this job because I can learn how to deal with my weakness and learn to overcome them.,5,Customer Service Agent,Kuala Lumpur,current,5,5,5,5,5,medical,shift working,13,240,https://malaysia.indeed.com/cmp/Rhb-Bank-Berhad/reviews?start=240
1639,HSBC,4/10/2016,Professional workplace,"Hsbc are well known company in malaysia. To be given an opportunity to be a part of them makes me very delighted. The workplace environment are very welcoming and I had fun everyday being there with other co -worker. The hardest part of the job ,I can say that everything are tough and challenging ,but I always take my full responsibility toward them and learn an errors. I did enjoy meeting people as customers everyday and being in professional invironment.",5,Mortgage Specialist,malaysia,former,5,5,5,5,5,,,15,280,https://malaysia.indeed.com/cmp/HSBC/reviews?start=280
1640,RHB Bank Berhad,4/10/2016,Productive and good workplace,"Rotation shift working,many thing i learned when work here for example how to dealing with customer by face to face,improve skill communication and also level of confident when facing with customers. The management is good because of always share the up to date information with employee. The hardest part is have to deal with customer and we have to be more patient when deal with them.",5,Sales Executive,Selayang,former,4,5,4,5,4,Flexible time,,13,240,https://malaysia.indeed.com/cmp/Rhb-Bank-Berhad/reviews?start=240
1641,RHB Bank Berhad,4/10/2016,Productive,"I did enjoy everyday,as my workplace where in shopping mall. I had a chance to meet different people everyday which will lead to be my prospect. As a salesperson,u have to be very enthusiastic and be presentable.I always learn new things while dealing with customers.",5,Sales Executive,MALAYSIA,former,5,5,5,5,5,,,13,240,https://malaysia.indeed.com/cmp/Rhb-Bank-Berhad/reviews?start=240
1642,RHB Bank Berhad,4/10/2016,fun workplace,working in a banking line is not easy especially in sales & marketing dept. Sometimes its hard to me to achieve certain target which bank gave it to me every month. Focus and challenge myself is the best qoutes to improve sales and my performances.,5,sales exec,kota tinggi,former,4,4,5,3,5,,,13,240,https://malaysia.indeed.com/cmp/Rhb-Bank-Berhad/reviews?start=240
1643,Public-Bank-Berhad,2/10/2016,Good employee benefits,"It is good to work in Public Bank Berhad as a senior financial executive. My position promotes bancassurance products and other financial products. I achieved 2 years consecutively Public Bank foreign incentive trip in year 2014 and 2015. However, it could be better if the company culture can be improved. Overall, I am seeking a new environment and self-growth in learning things and professionalism in the workplace.",4,Senior Financial Consultant,Malaysia,current,3,4,3,2,3,"Employee benefits, increment",Poor management,12,220,https://malaysia.indeed.com/cmp/Public-Bank-Berhad/reviews?start=220
1644,United Overseas Bank,30/9/2016,Helpful colleagues and team leaders.,Even the was under pressure work I enjoyed working there. The team leaders are great helping each others when any problems happen. Colleagues with different cultures are helping each other.,5,Operation Officer,"Jalan Raja Last, Kuala Lumpur",current,5,5,5,5,5,free tea break,Short break,6,100,https://malaysia.indeed.com/cmp/United-Overseas-Bank/reviews?start=100
1645,Bank-Rakyat,29/9/2016,Fun place but i looking for more experience and its sad my contract end early,"Nothing to comment , I learn new thing, able to work on field , able to polish my communication and marketing skills. I love to work here. The location not fully strategic, somehow i try my best to perform.",5,Junior Executive (Sales & Marketing),Muadzam Shah Pahang,former,5,5,5,5,4,high comission,low basic,4,60,https://malaysia.indeed.com/cmp/Bank-Rakyat/reviews?start=60
1646,Bank-Rakyat,29/9/2016,very tough work place,have to prepare schedule every day regarding money have to use that day....prepare marketing tool and product for my clerk and marketing dept and operation dept...,2,Executive,Muar,former,2,3,2,2,3,medical free,always have to prepare to be tranfer to other place,4,60,https://malaysia.indeed.com/cmp/Bank-Rakyat/reviews?start=60
1647,Cimb-Group,29/9/2016,It's a nice place to work with great teamwork,Overall I gained a lot of valuable experience throughout my 26 years of working under the same organisation. I get to know good colleagues where we create great teamwork to make the workplace a fun place to work.,4,Admin Executive,Bukit Mertajam,former,4,4,4,4,4,,,14,260,https://malaysia.indeed.com/cmp/Cimb-Group/reviews?start=260
1648,Public-Bank-Berhad,26/9/2016,Quite tough job however nice team members make us release the stress,"The job scope of sales executive is not only to get a case, develop relationship networks with dealers and customers to market the hire purchase, we need to follow up each stage of the case from the day the case assign until the disbursement of the case. I have learned how to assign the case, submission to hq, processing (CCRIS, calculation of the interest rate, EIR, DSR, CRR, guarantor and so on), LOU, e-hakmilik, payment, disbursement and so on. The hardest part of the job is to build a new relationship and dealing with dealers and customers. In addition, with the current economics problem, the market was very slow, so quite tough to survive. However, the most enjoyable part of the job is when we can give the best services to our customers and make them satisfied with us.",3,Marketing Executive(trainee),Kuala Lumpur,current,4,5,4,4,3,,,12,220,https://malaysia.indeed.com/cmp/Public-Bank-Berhad/reviews?start=220
1649,maybank,24/9/2016,A boring place to work but alot of benefits,MYOB colleagues but have a lot of benefits as a employee of Maybank. Work under high pressure and sometimes they will be free foods given. Only SOMETIMES.,3,IT support,Kuala Lumpur,former,3,4,4,3,3,A lot of benefits,Boring environment,13,240,https://malaysia.indeed.com/cmp/Malayan-Banking-Berhad-(maybank)/reviews?start=240
1650,United Overseas Bank,20/9/2016,productive,contract job learned about management & customer service skills lots of friends most challengge part : to make customer feel secured with bank & we understand their problem,4,Customer Service Officer,Kuala Lumpur,former,4,3,4,3,4,office hour,,6,100,https://malaysia.indeed.com/cmp/United-Overseas-Bank/reviews?start=100
1651,United Overseas Bank,20/9/2016,Friendly environment,"Having worked in the Bank for almost 40 years, I would say it was like my second home. Depending on which unit you work with, it can be very busy and hectic. If I worked in the telecommunication centre where we receive messages from all over the world and having different time zones, I begin my day early and rushing to sort out incoming messages and also very hectic towards end of the day when messages have to go out. We have great teamwork and work with a great sence of urgency with my colleagues. The hardest part was when trade export documents go missing, resulting in importers not being able to get hold of their goods and incurring demurrage charges. It was great to have our co-workers who were helpful and hadworking.",4,Assistant Vice President,Kuala Lumpur,former,4,3,4,4,4,Good year end bonus,Very hectic,6,100,https://malaysia.indeed.com/cmp/United-Overseas-Bank/reviews?start=100
1652,Bank-Rakyat,19/9/2016,Good,"Good place to work, good benefits to staff, environment was also good, and the most enjoy part of the job is the management give appreciation that satisfied the staff.",4,Clerk,Kuching,former,4,3,4,4,4,,,4,60,https://malaysia.indeed.com/cmp/Bank-Rakyat/reviews?start=60
1653,HSBC,17/9/2016,"Its a good learning in HSBC, Great atmosphere , nice colleagues.","Learned a lot.. Good Management,Good place to work too. Lot of things learned professionally and personally. we can speak out whatever we think inorder to benefit the company.",4,Global Support Executive,Cyberjaya,current,4,3,3,4,4,"All is good, Medical benefits, break schedules etc..","Because I have almost 10 yrs of experience, i felt i need to get more salary. Inorder to run my family life also.",15,280,https://malaysia.indeed.com/cmp/HSBC/reviews?start=280
1654,HSBC,15/9/2016,Good environment working with team,"Based on my experience,the typical day for me to work is during Malaysia public holiday.I have learned on how to process more faster within time given.Management not bad but can be acceptable.My co-workers give me full cooperation and work in one team for the solution.The hardest job is to catch up the system as various system used for process.I'm enjoy doing job when my colleagues have jokes,fun and entertain me .",5,Global Support Executive,Cyberjaya,current,5,3,5,2,5,Free lunch for festival season,healtcare,15,280,https://malaysia.indeed.com/cmp/HSBC/reviews?start=280
1655,RHB Bank Berhad,14/9/2016,Good and exciting relationship among superior and subordinates,'-the most longest years of company I have been with. -fun and excitement years -open for any advancement moves within company -experienced once to best marketers in my region,3,Internal Auditors,Kuala Lumpur,former,3,3,3,3,3,,,13,240,https://malaysia.indeed.com/cmp/Rhb-Bank-Berhad/reviews?start=240
1656,maybank,13/9/2016,Excellent management,Good company amd i learned lot of new things and the system...im in card activation department...receive call from customer and activate the new credit card for them,3,Customer Service Officer,Bukit Jelutong shah alam,current,3,4,4,4,3,Friendly teamleaders,Long hours,13,240,https://malaysia.indeed.com/cmp/Malayan-Banking-Berhad-(maybank)/reviews?start=240
1657,RHB Bank Berhad,13/9/2016,Taking care of the Organization's physical asset records.,Managing assets records for RHB Group. Monitor write off and transfer of assets . Taking stock of assets in the store. Disposal of obsolete assets.,5,Asset Manager,Kuala Lumpur,former,5,5,5,5,5,Flexible lunch hour,tight control on attendance,13,240,https://malaysia.indeed.com/cmp/Rhb-Bank-Berhad/reviews?start=240
1658,Ocbc,12/9/2016,Overall feeling good.,Overall feeling good. This job enable me to build networking and establish relationship with professionals and business associates to acquire new customer base.,4,Account Manager,Johor Bahru,current,4,4,3,3,3,,,6,100,https://malaysia.indeed.com/cmp/Ocbc-3/reviews?start=100
1659,maybank,9/9/2016,productive and fun environment,"we had a good team work, where we are comfortable working with each other. Beside, good management leads to good environment of working.",5,SKIL LATIHAN 1 MALAYSIA'S TRAINEE,Kuala Lumpur,former,5,4,3,5,5,,,13,240,https://malaysia.indeed.com/cmp/Malayan-Banking-Berhad-(maybank)/reviews?start=240
1660,Ocbc,9/9/2016,Chasing sales target,"Driven by numbers and sales oriented. Work as more individualistic as management set a target for each employees to achieve monthly. Hardest part in this job is that, chasing sales target at the end of month. Another challenge would be serving customers with trouble shoot",5,Relationship Manager,Kuala Lumpur,former,5,5,5,5,5,,,6,100,https://malaysia.indeed.com/cmp/Ocbc-3/reviews?start=100
1661,maybank,7/9/2016,Growth and globalisation,Many experienced and exposure provided by the company to me. Various opportunity given to explore about the system and management environment. The most hardest part is to handling people behavior during provide the service or working related. And the most exciting part is once facing new challenges.,4,Admin Executive,"Bangsar, Kuala Lumpur",current,4,4,3,3,3,Flexible hours for pray,Segregation of duties,13,240,https://malaysia.indeed.com/cmp/Malayan-Banking-Berhad-(maybank)/reviews?start=240
1662,Bank-Rakyat,6/9/2016,Productive and likes family members,Staff at that company such a good members and like family members. My supervisor are good sv and he always give opportunities to me to join their career fair at KLCC. I so excited with that event and that event give me a lot new knowledge.,5,Internship,Kuala Lumpur,former,5,5,5,5,5,Have a nice pantry a lot of food because hari raya potluck,,4,60,https://malaysia.indeed.com/cmp/Bank-Rakyat/reviews?start=60
1663,Bank-Rakyat,6/9/2016,Fun work place,"Hardest to find customer, have a good working mate and profesional branch manager. Fun work place, always be patience when face any problem, especially from your boss",4,BR Smart,Likas,current,4,4,3,5,4,Good branch manager,Bad,4,60,https://malaysia.indeed.com/cmp/Bank-Rakyat/reviews?start=60
1664,Cimb-Group,6/9/2016,nice working enviroment,"Teamwork working environment, nice colleague helping each other. Learn multiple product from this bank. Hard to focus on sales as have to do multiple product.",3,Personal Financial Consultant,Pontian Johor,former,3,2,3,2,2,healthy working enviroment,suffer to hit every product sales target.,14,260,https://malaysia.indeed.com/cmp/Cimb-Group/reviews?start=260
1665,HSBC,5/9/2016,"We practice work as a team, able to transfer the knowledge to other.","In hsbc, they provide learning from end to end. We work as a team where we share knowledge among each other. The hardest part of the job is when you dont have enough people to do the tasks.",4,COMPLIANCE OFFICER,Cyberjaya,current,4,4,4,4,4,"Training provided, Good culture and environment","Have to work on public malaysia, It depends on what country yiou serve",15,280,https://malaysia.indeed.com/cmp/HSBC/reviews?start=280
1666,RHB Bank Berhad,5/9/2016,hectic,"My work basically answering people's queries and generally help them to address any problems they're having. Sometimes we also manage and do some maintenance to customer account and profile. My responsibilities are similar to bank tellers, counting money, cashing checks and servicing accounts.",5,Customer Service Executive,Kuala Lumpur,former,3,4,5,5,4,stabilty and secure,the shift timetable is ridiculous,13,240,https://malaysia.indeed.com/cmp/Rhb-Bank-Berhad/reviews?start=240
1667,Bank-Rakyat,4/9/2016,have a good provided,'- have a library - have a large pentry - area in work station is comfortable - work in team is good. - relationship staff with team leader good,3,tele-collector officer,Kuala Lumpur,current,3,3,3,3,3,,,4,60,https://malaysia.indeed.com/cmp/Bank-Rakyat/reviews?start=60
1668,maybank,29/8/2016,Fun workplace,Learn many things such as on to deal with bankers and vendors Brainstorming skill Team work with colleagues Handle on how to solve problems Manage time to solve the important issues,4,PRACTICAL TRAINEE,Kuala Lumpur,former,4,4,4,4,4,,,13,240,https://malaysia.indeed.com/cmp/Malayan-Banking-Berhad-(maybank)/reviews?start=240
1669,RHB Bank Berhad,29/8/2016,Great places for fresh graduates to gain experiences as customer services agents.,"I have learns and gain many things and experiences at RHB as customer service agents. To be a CSA u need to have a very good communication skills and a high level of patience because a CSA is an image of the company itself. Of course u will have a bad experiences such as being call stupid by the customers or others, but it is good for myself because i can adapt the situation and learn from past mistake and build up my confidents, furthermore i have gains a lot of information and knowledge about banking.",4,Customer Service Agents,"Jln Tun Razak, Kuala Lumpur",former,3,4,2,3,3,Great places for fresh graduates to gain experiences.,Work on saturday and sunday.,13,240,https://malaysia.indeed.com/cmp/Rhb-Bank-Berhad/reviews?start=240
1670,HSBC,26/8/2016,Productive and fun working environment,Variety shift vast knowledge on banking field professional environment clear vision and direction tough performance management corporate sustainability advantages,3,Assistant Manager - Static Maintenance,Cyberjaya,current,4,3,3,3,5,knowledge,salary package,15,280,https://malaysia.indeed.com/cmp/HSBC/reviews?start=280
1671,Cimb-Group,25/8/2016,Fun and challenging environment,"The people in this bank are very friendly and helpful. They treat new employee with full of respect. The task given in this bank was very challenging and meaningful. It help me to gain more knowledge in banking fields and also gain a lot of new experience in this banking fields. Moreover, everyday they give different task with a target. The environment is with full of positive vibrant. They also provide transportation for their employees.",3,Intern,Kuala Lumpur,former,3,3,5,5,5,"free meals like breakfast lunch and tea time, gym",,14,260,https://malaysia.indeed.com/cmp/Cimb-Group/reviews?start=260
1672,Ocbc,24/8/2016,Nice working environment and friendly colleagues.,"I have attaced to Card Operations Department and was assigned to Merchant Business Unit. In that unit, I have learned to process the payment records from the merchants while I also have to create a new merchant's ID or its terminal ID. Besides, I also have to update the information of the merchant as per requst. I also be the processor in my department to process the statement returned and termination of credit and debit cards. The hardest part of the job was to call the customer with many rules we have to keep in mind. The most enjoyable part of the job is the working environment is very comfort.",4,Maker & Processor,Kuala Lumpur,former,4,4,5,4,4,,,6,100,https://malaysia.indeed.com/cmp/Ocbc-3/reviews?start=100
1673,RHB Bank Berhad,24/8/2016,Productive and good environment workplace with our own workstation,"5 1/2 working days plus Saturday n Sunday on end of month every month if purpose. Learn how to manage time and talk with people gentlely, also had a cheerful and friendly officemate. he hard part is the working time, sometimes over the working limit till 13 hours per day . The work situation in happinest and cheerful moments with the open minded and sporting senoirs.",4,Tele Collector,Kuala Lumpur,current,2,4,4,3,4,happy working time,shot brakes,14,260,https://malaysia.indeed.com/cmp/Rhb-Bank-Berhad/reviews?start=260
1674,maybank,23/8/2016,Productive,Have the opportunity to train the clients in classroom Have the opportunity to have on phone training with the clients I gain knowledge about Regional Cash Management System,4,Implementation Manager (Contract),Kuala Lumpur,former,3,3,4,3,4,,,14,260,https://malaysia.indeed.com/cmp/Malayan-Banking-Berhad-(maybank)/reviews?start=260
1675,HSBC,22/8/2016,Learnig Ground,"For fresh graduate, very good place to start with. Trainings are provided from basic. Ideal place to learn how banks works. Not only process/work related training but for self enhancement related trainings are provided.",4,Assistant Manager of Operation,Cyberjaya,current,3,4,3,4,4,"Good environment, open for changes",top level communication slow,16,300,https://malaysia.indeed.com/cmp/HSBC/reviews?start=300
1676,United Overseas Bank,21/8/2016,Great learning place,"'- mostly complete all the work by your own self. In return, you learn alot - Great knowledge provider. - Great colleagues - stable management as the management prefer own trained or own employee.",3,Marketing Manager,Malaysia,former,3,3,4,3,4,learn a lot throughout the work process,too many admin work for a sales person.,6,100,https://malaysia.indeed.com/cmp/United-Overseas-Bank/reviews?start=100
1677,maybank,20/8/2016,Stable company & good chance for career enhancement,"Maybank is a good place to work, it gives me a good chance of career advancement and brings out my potential to excel. It has the best health benefit that any company can offer. It practices humanisation, not only to its customers but also to its staffs. We have a work life balance in Maybank",5,Sr. Executive,Bukit Jelutong,current,4,5,5,4,4,Great health benefit,Nothing significant,14,260,https://malaysia.indeed.com/cmp/Malayan-Banking-Berhad-(maybank)/reviews?start=260
1678,HSBC,15/8/2016,Badminton and gym after work of Friday,Reviews of HSBC is fum working place among colleagues and also the management but there will be more task and hard work needed in order to manage those elderly customers to make use of the system and product they have purchase. There is also fussy customers whereby they want us to complete the application and to get those devices urgently so we have to fulfil their wish at times.,5,Customer Service,Cyberjaya,former,4,5,3,5,3,free dinner around 2 months once,More to analysis of health and also training,16,300,https://malaysia.indeed.com/cmp/HSBC/reviews?start=300
1679,RHB Bank Berhad,15/8/2016,Interesting Work,"i have chances to expose different industry eg: agricultural, food manufacturing, furniture manufacturing, construction, apparel and etc when i go for site visit. i work closely with AVP of our regional corporate banking, she has taught me lots of knowledge of banking loan and documentation, credit analysis and review.",4,Executive,MY,former,4,4,4,3,4,,,14,260,https://malaysia.indeed.com/cmp/Rhb-Bank-Berhad/reviews?start=260
1680,Cimb-Group,14/8/2016,Challenging job,Challenging when attending to customer demand and at the same time cannot compromise the SOP. Managing subordinate with skill and tolerate to ensure day to day operation smoothly run and also to ensure non compromising of SOP. The hardest part of the job is to ensure all subordinate achieve their targeted KPI. The most enjoyable part when subordinates happy with their bonus.,4,ASSISTANT CUSTOMER SERVICE MANAGER,Rawang,former,3,5,4,4,4,,,14,260,https://malaysia.indeed.com/cmp/Cimb-Group/reviews?start=260
1681,Cimb-Group,14/8/2016,Very productive and fun workplace,"So far I really enjoy being in this position. What I learnt so far is communication is very important since this job needs you to communicate well with customers to persuade them to make payment on time. The hardest part is achieving monthly target. Since this is team-work based, everybody needs to achieve their personal and also team target. So we will work together till the end of month to achieve targets. The most enjoyable part is the working environment. Everyone is very positive and working together like a big family.",5,NEGOTIATOR,Kuala Lumpur,former,4,4,4,4,5,helpful teammates,working 7 days at the end of month,14,260,https://malaysia.indeed.com/cmp/Cimb-Group/reviews?start=260
1682,Public-Bank-Berhad,13/8/2016,Productive and fast banking line also much benefit.,So best company and benefit provided also staff have right in union for any supporter.have be responsible in each department also learn to have more knowledge in every bank product.Have to always doing and following AMLA guidelines..,5,Accountant,Tg malim perak,former,5,5,5,4,3,Free lunch,Long hours,12,220,https://malaysia.indeed.com/cmp/Public-Bank-Berhad/reviews?start=220
1683,United Overseas Bank,7/8/2016,a perfect place to enhance individual skills.,"Need to spend extra time to finish off workloads for the hole day. i learned on how to do time management properly. people around me are good people to work with. struggles appears when there is an update after an update and it contradicts with each other. overall, it was fun.",4,senior officer,Kuala Lumpur Malaysia,current,4,4,4,4,4,well compensated employees,unstable process,6,100,https://malaysia.indeed.com/cmp/United-Overseas-Bank/reviews?start=100
1684,RHB Bank Berhad,6/8/2016,Adaptable workplace,"Adaptive environment. Don't just be satisfied with the achievement you've accomplished, need to push it to another level. Nice and strategic place to work.",3,Executive,Kota Kinabalu,former,3,2,2,2,2,enjoyable co-workers,,14,260,https://malaysia.indeed.com/cmp/Rhb-Bank-Berhad/reviews?start=260
1685,Ocbc,5/8/2016,Good place to work.,"Good career start up place with great environment and friendly fellow colleagues. Working routine is as usual with shift base as managing transaction fraud issues. However, the top authorities need to review their subordinates who work at management level. This will keep the company culture more healthier and will lead the workers towards success.",3,Authorisation Officer,Kuala Lumpur,current,3,3,3,2,3,Monthly activities,Assign irrelevant tasks to the team,6,100,https://malaysia.indeed.com/cmp/Ocbc-3/reviews?start=100
1686,RHB Bank Berhad,5/8/2016,Company is generally rated as good,"Generally, the company has a clear line of reporting & individual responsibility. Staff are cooperative and helpful and quite a conducive place of work. Company is considered caring in certain aspects with considerable benefits to staff.",4,Assistant Vice President,Kuala Lumpur,former,3,3,4,4,3,,,14,260,https://malaysia.indeed.com/cmp/Rhb-Bank-Berhad/reviews?start=260
1687,HSBC,4/8/2016,productive,normal 9 - 5 office work. need a lot of team work and lift up yourself . Collogues need to more in participate office fun team,4,Global Support Executive,Kuala Lumpur,former,4,3,3,4,4,get offer for hsbc credit card,9-5 office work,16,300,https://malaysia.indeed.com/cmp/HSBC/reviews?start=300
1688,maybank,4/8/2016,Environment superb,"'- The best way to enjoy your work is the environment at your workplace, it between your manager and clique. The best part when u get a supportive team member and boss. Beside that the environment of your surrounding area that help to done you work peacefully.",5,Mortgage Consultant,Cyberjaya,current,4,4,4,4,5,high commission paid,To have sudden direction by management,14,260,https://malaysia.indeed.com/cmp/Malayan-Banking-Berhad-(maybank)/reviews?start=260
1689,RHB Bank Berhad,4/8/2016,good and friendly environment,work under pressure turn complaint into compliment communication skill time management fun workplace team work good environment,4,Customer Service,Kuala Lumpur,former,4,4,4,4,4,free lunches,short breaks,14,260,https://malaysia.indeed.com/cmp/Rhb-Bank-Berhad/reviews?start=260
1690,Bank-Rakyat,3/8/2016,Great co-workers,"The location and building itself is one of the best parts of the job, food options are also of many variety for lunch and co-workers and head were very friendly and welcoming.",4,Intern,Kuala Lumpur,former,3,3,4,3,4,,,4,60,https://malaysia.indeed.com/cmp/Bank-Rakyat/reviews?start=60
1691,maybank,1/8/2016,environment and culture in working place,The environment and culture in the company has help me to learn many new thing. It also help me to improve my skill and production in order to serve the organization.,5,CARD MANAGEMENT (SL1M),Kuala Lumpur,current,5,5,5,5,0,"guidance, teamwork and good workplace",,14,260,https://malaysia.indeed.com/cmp/Malayan-Banking-Berhad-(maybank)/reviews?start=260
1692,maybank,30/7/2016,Great in benefits provision,"Working for 3 years and 7 months as a banker really provide me with a lot of experience. Started my career as BMELP which is a talent management program that I have had passing through for 2 years enable me to adopt a fast learning culture and contributes towards a productive working culture as I was all-rounder for a branch management. After BMELP, I then joined in a more specific sector which is Small and Medium Enterprise (SME) as Business Development Executive (BDE). This role is important because as BDE, I am tasked to meet with customer and offering them financial assistance. This relatively contributes towards the positive growth in Maybank.",5,Business Development Executive,Kemaman,current,4,5,4,3,4,,,14,260,https://malaysia.indeed.com/cmp/Malayan-Banking-Berhad-(maybank)/reviews?start=260
1693,RHB Bank Berhad,29/7/2016,Productive and fun workplace,My task is to find a customer in order to achieve my target given by my branch manager everyday. I have learn a lot while in RHB especially dealing with customers. All RHBians were given an apportunity to express their own ideas. The hardest part is waiting customer's document. It took along time. The most enjoyable part of being Personal Banker is everybody in the bank help each other to achieve the target.,3,Personal Banker- Personal Financing,Pahang,former,3,3,3,3,3,incentives,incomplete document,14,260,https://malaysia.indeed.com/cmp/Rhb-Bank-Berhad/reviews?start=260
1694,Ocbc,28/7/2016,Good Company,"One of the best company in Banking domain, good working environment. There is scope to learn different platform and application. The co-worker are supportive and friendly person.",3,System Support Specialist (Teradata Developer),Kuala Lumpur,current,4,3,3,3,4,,,6,100,https://malaysia.indeed.com/cmp/Ocbc-3/reviews?start=100
1695,maybank,26/7/2016,Productive and a good place to work,"Working at Maybank was a memorable experience . Every day there are new things that await . With a team that always come together , every challenge can be overcome easily . Good guidance from management that constantly encourage the spirit of cooperation as a team makes every challenge becomes easy to overcome.",4,"Senior Executive, Product Development",Kuala Lumpur,former,4,4,4,4,4,Good motivation from Managememnt,None,14,260,https://malaysia.indeed.com/cmp/Malayan-Banking-Berhad-(maybank)/reviews?start=260
1696,HSBC,25/7/2016,Fun place to work with,Great company to work with. Suitable for fresh graduate who is actively seeking a job to gain experience. Working in a call center is quite stressful but the basic salary is quite good with additional language and working shift allowance. Working place is in Cyberjaya. Job seeker who doesn't have transport can ride the company shuttle which operate 24 hours a day with different route lrt pick up point. So it's quite convenient and less hassle for people who doesn't have transport. Overall rating good.,3,Global support executive,Cyberjaya,former,3,3,3,3,3,"Indoor restaurant, Internet surfing",Hard to find parking during peak hours,16,300,https://malaysia.indeed.com/cmp/HSBC/reviews?start=300
1697,HSBC,25/7/2016,productive and fun workplace,"i worked for HSBC for more than 3 years. The working hours is 9am to 6.30pm. Basically my job task is serve the customer by promoting new plans and understand the customer needs and serve them better. i have worked in various business groups such as personal financing, credit card, balance bill, credit limit increment department. On top of this, I have been assigned as reserve team leader where drive the team member to get high sales and achieve the daily sales target. Handling complain customers. I enjoy working in HSBC bank because of the people, environment and enhance my knowledge by learning new stuffs.",5,CCSR Representative,"kuala lumpur, malaysia",former,5,5,5,5,5,enhance knowledge by learning new things,nil,16,300,https://malaysia.indeed.com/cmp/HSBC/reviews?start=300
1698,Cimb-Group,23/7/2016,Na,"I enjoyed working at CIMB, I leave behind my last job because in order to enhance my skill set , I am looking for better opportunities.",4,Personal Financial Consultant,Selangor,former,4,4,4,4,4,Na,Na,15,280,https://malaysia.indeed.com/cmp/Cimb-Group/reviews?start=280
1699,maybank,19/7/2016,Fast paced and friendly environment,The workers were very friendly and helpful throughout my internship process. My supervisor pushed me to the very limit to do the given tasks and it was a very wonderful experience as it had given me a solid introduction working in a fast-paced business banking sector.,4,Intern,"Kuala Lumpur, Malaysia",former,0,0,0,0,0,,,14,260,https://malaysia.indeed.com/cmp/Malayan-Banking-Berhad-(maybank)/reviews?start=260
1700,Cimb-Group,17/7/2016,Cooperative staff and manager,People in cimb is cooperative and able to work as a team. They can manage their task even under pressure.working in cimb is very good to gain experience and knowledge in banking sector,3,Personal financial consultant,"Jalan gasing , PJ",former,3,4,3,3,3,Incentive,Working time,15,280,https://malaysia.indeed.com/cmp/Cimb-Group/reviews?start=280
1701,maybank,17/7/2016,Great teamwork with friendly environment,Very cooperative staff and great teamwork. Good culture create by manager to all staff. I have been working with friendly staff here.,3,Personal financial advisor,Batu kawa,former,4,2,3,3,4,Incentive,Working time,14,260,https://malaysia.indeed.com/cmp/Malayan-Banking-Berhad-(maybank)/reviews?start=260
1702,Public-Bank-Berhad,17/7/2016,Productive and good benefit,"Public Bank is no doubt a reputable company with good track record and success. All this will not happen without contribution from dedicated staff who strive for the success of the company. As far my long service in Public Bank, I learned a lot to be a good and responsible staff. The most important things are team spirit to ensure all the responsibilities are to be carried out successfully. The Management also is very concern and alert that all opinion and complain from the customers are taken care off. This is one of the reason why Public Bank brand name is quite acceptable to all customers nationwide. All these qualities will be a good example for me to apply when I join new company as well.",4,Senior Executive,Jalan Ampang,former,4,5,4,4,4,,,12,220,https://malaysia.indeed.com/cmp/Public-Bank-Berhad/reviews?start=220
1703,RHB Bank Berhad,17/7/2016,Good team work job,"Everyday is important to us. One day we loss we will have a lot loss to cover back for the next day. Working here give me lot knowledge how to control our expenditure, our debt, our affordability to keep survive every singe of day. But our management not very good, they never keep what they are promise, always be changed in what they are planning. They just care about the target but never give the solution and help s to achieve the target . We need to work over time but not paid. We are working in team so our teamwork very good.",2,COLLECTOR,Kuala Lumpur,current,1,2,5,1,3,"have team work, place of prayer, have commision","No life balanced, need to work overtime but not paid",14,260,https://malaysia.indeed.com/cmp/Rhb-Bank-Berhad/reviews?start=260
1704,HSBC,15/7/2016,Best place to work,"Good working relationship between staff and management, teamwork and support each other. Honestly, this is the best place to work.",5,Clerical,Kuala Lumpur,former,5,5,5,5,5,Work and life balance,Freeze staff promotion,16,300,https://malaysia.indeed.com/cmp/HSBC/reviews?start=300
1705,maybank,15/7/2016,customer service oriented,duty as customer care officer managing daily operational work; staff & do sales convincing clients to sign up sales is tough feel good if clients are happy,3,Executive,balik pulau branch,current,3,3,3,3,3,free parking,long hours been in one place,14,260,https://malaysia.indeed.com/cmp/Malayan-Banking-Berhad-(maybank)/reviews?start=260
1706,Bank-Rakyat,14/7/2016,more experience,i can learn how to communicate with customer and how to handle personal loan at bank rakyat. I also can about system bank using.,5,br-smart,Sarawak,current,0,0,0,0,0,,short break,4,60,https://malaysia.indeed.com/cmp/Bank-Rakyat/reviews?start=60
1707,maybank,13/7/2016,Very good and productive job culture,"Every day was a challenging and exciting day at work since i'm in the sales position in the organisation. My previous position taught me about customer service, helping me enhancing my personal skills and everything about financial service. The co-workers were helpful. The hardest part of the job is when i need to convincing people to buy the banks product but although it is hard, i took it up as a challenge and it excites me everytime i managed to convince customers to buy the products. The most enjoyable part of the job is when i do felt i am helping these customers to reach their desirable financial goals through ways such as long-term investments and it is enjoyable when i get to assist the banks customers in every way that i can.",4,Personal Financial Advisor,Muar,former,4,5,4,4,5,,,14,260,https://malaysia.indeed.com/cmp/Malayan-Banking-Berhad-(maybank)/reviews?start=260
1708,RHB Bank Berhad,13/7/2016,Persistent and flexible to work in a time constraints.,Good verbal communication to interact with clients Excellent questioning and investigation skills Good Management system,5,Executive,Kuala Lumpur,former,0,0,0,0,0,,,14,260,https://malaysia.indeed.com/cmp/Rhb-Bank-Berhad/reviews?start=260
1709,Public-Bank-Berhad,12/7/2016,Productive and good environment workplace,the benefit given provide by this company is good and can get many knowledge from this working experienced. All colleagues were very helpful and cooperative.,4,Clerk/Typist/Cashier,Kuala Lumpur,former,4,3,4,4,4,,,12,220,https://malaysia.indeed.com/cmp/Public-Bank-Berhad/reviews?start=220
1710,HSBC,11/7/2016,Good Place to Work,"Good multi nation culture, Reasonable Work life balance , Flexi hours. Friendly management and day at work is fun,helping and mixing with so many people. Good place to communicate with customers and learn many things on job",4,Senior Software Engineer,Kuala Lumpur,current,4,3,3,3,3,N/a,Health care,16,300,https://malaysia.indeed.com/cmp/HSBC/reviews?start=300
1711,HSBC,11/7/2016,work in team is tolerable and adapt easily to the new environment,"Committed, proactive, initiative and willing to learn and improve self-weaknesses. Able to interact with people and works independently.",4,Mobile Banker/PIL,Kuala Lumpur,former,4,4,4,4,4,,,16,300,https://malaysia.indeed.com/cmp/HSBC/reviews?start=300
1712,HSBC,10/7/2016,Great management team to work with.,"one of my routine task are updating reports which sometimes gave a lot of pressure, yet the management always gave a moral support. The rest of team members are very supportive. learnt many things like time management, good communications and cooperation.",4,Channel Management Executive,Kuala Lumpur,former,4,4,4,4,4,,,16,300,https://malaysia.indeed.com/cmp/HSBC/reviews?start=300
1713,RHB Bank Berhad,7/7/2016,productive,It is a great journey alomost 9 years which lead me to learn from the Telemarketing to Project Office. A productive working place.,4,SENIOR EXECUTIVE,Kuala Lumpur,current,3,3,3,3,3,,,14,260,https://malaysia.indeed.com/cmp/Rhb-Bank-Berhad/reviews?start=260
1714,Public-Bank-Berhad,6/7/2016,Fun workplace,"I like working environment. In this 4 years, i were grow up a lot. My relationship with colleagues like big family, we take care of each others. I like it so much.",4,CUSTOMER SERVICES,Kuala Lumpur,current,5,5,5,5,2,"Take a good care of staff, staff benefits.",Conservative,12,220,https://malaysia.indeed.com/cmp/Public-Bank-Berhad/reviews?start=220
1715,RHB Bank Berhad,3/7/2016,productive,"The most enjoyable part of the job is that you have friendly co workers and there are opportunity to learned, if one is willing to take up",3,Project Assistant,kuala lumpur,current,3,3,2,2,2,,,14,260,https://malaysia.indeed.com/cmp/Rhb-Bank-Berhad/reviews?start=260
1716,HSBC,1/7/2016,Happy go lucky working environment with friendly colleagues.,"A fun working environment that taught me a lot on working relationships with my colleagues which will benefit me in the future.Impressive management that bring us(colleagues) together by emphasizing on a friendly work environment. The hardest part of the job is dealing with angry and unhappy customers, while the enjoyable part of the job is conversing with friendly and cheerful customers.",5,Customer Service Executive,Cyberjaya,former,5,4,5,5,5,,,16,300,https://malaysia.indeed.com/cmp/HSBC/reviews?start=300
1717,Ocbc,1/7/2016,Productive and working with thefun officmates,"I have learned a lot. Since my work required me to perform outbound call, hence I am having different experience on different situation almost on daily basis. :) The harder part comes when I have to follow up cases which is aging for almost 1 month, need to study the whole story of the case. After all, I am still okay due to my teammates are awesome.",4,Acquirer/Inquiry Officer,Kuala Lumpur,current,4,4,4,4,4,"Birthday celecration, outing, quarterly activities",,6,100,https://malaysia.indeed.com/cmp/Ocbc-3/reviews?start=100
1718,bank islam,28/6/2016,very productive and safe environment,"this company put trust to every staff in completing task given. they guide very clearly so that i can minimum mistake. my hardest part is communicating with a problematic customer, but i successfully handle this situation. the most enjoyable part is when the top management always keep in touch with the their staff to make sure we do not have any problem in conducting task given.",4,wealth executive,Kulai,former,4,4,4,4,4,,,3,40,https://malaysia.indeed.com/cmp/Bank-Islam/reviews?start=40
1719,HSBC,27/6/2016,productive fun working environment,6 days a week working schedule.fun and thrilling work place meeting new people daily to sell the bank products on a direct sales method,3,sales executive,Puchong,former,3,3,3,3,3,,,16,300,https://malaysia.indeed.com/cmp/HSBC/reviews?start=300
1720,Cimb-Group,24/6/2016,friendy environment,staff too friendly and easy to comunicate regarding the work and helpful in the task given. the job always under pressure work.,3,ACCOUNT PAYABLE,Kuala Lumpur,former,0,0,0,0,0,,,15,280,https://malaysia.indeed.com/cmp/Cimb-Group/reviews?start=280
1721,Ocbc,16/6/2016,Slightly buearocratic but good benefit,"good environment and colleague. not so good corporate culture, slightly bureaucratic. thus, changes / suggestion given take ages to approve or being heard",3,Vice President of Market Research,Kuala Lumpur,former,4,4,3,3,3,good remuneration package,beuarocratic,6,100,https://malaysia.indeed.com/cmp/Ocbc-3/reviews?start=100
1722,Public-Bank-Berhad,15/6/2016,Bosses are being bosses,"Bosses might not be as friendly as they can be, but they will know whether you are a good worker or a bad worker. They see, they evaluate, they know what is right and wrong, they do not listen to one sided only, and you get your chance fairly as to others, regardless of who you are, where you from, or what your previous academic or performance proved. In short, everyone gets a shot.",4,Senior Executive,"Jalan Ampang, Kuala Lumpur",former,3,3,4,2,4,Everyone works together with laughter,Dull and Boring,12,220,https://malaysia.indeed.com/cmp/Public-Bank-Berhad/reviews?start=220
1723,Cimb-Group,12/6/2016,enjoyable as the job requires teamwork,It is a desk job whereby we deal with clients via various communication platforms. Throughout the years we have developed our soft skills and knowledge as the management has been very supportive in term of providing in-house training as well as instilling mentorship culture in guiding new staff. Teamwork is the core substance to ensure success and error-free operations.,4,Associate Director,Kuala Lumpur,former,0,0,0,0,0,tv room and water dispenser are provided,must be alert all the time,15,280,https://malaysia.indeed.com/cmp/Cimb-Group/reviews?start=280
1724,maybank,9/6/2016,Productive and Fun Workplace,"Maybank teach me a lot in managing my tasks, my time. The management is good in appreciating staff. My boss show me a good leadership in work. The hardest part of my previous job was handling money (as a Teller) while the enjoyable part of my previous job was being able to learn so many things regarding banking, office works, teamwork, integrity and relationship building.",4,Clerk,Kuching,former,3,4,3,3,3,"Benefits (healthcare), Good salary, teamwork",,14,260,https://malaysia.indeed.com/cmp/Malayan-Banking-Berhad-(maybank)/reviews?start=260
1725,Ocbc,9/6/2016,A good place to learn and gain experience,"The bank has been well-established for so many years, therefore the training program for newbie and interns are very well-organized. The working environment is good and so the work culture.",4,INTERNSHIP,Kuala Lumpur,former,4,3,4,4,4,,,6,100,https://malaysia.indeed.com/cmp/Ocbc-3/reviews?start=100
1726,HSBC,8/6/2016,will have lot of fun at our work place itself,"as we will having birthday bash monthly, fun hour every friday evening, lot of trainings which lead us to for leadership activity, really happening HSBC will be rewarded and recognize for all hard works",4,Senior Global Support Executive,Kuala Lumpur,former,4,4,4,4,4,all big events or festival will have with free lunch or dinner.,"cant bring handphone to work table, need to keep it at locker, if emergency it will hard for both parties to give a cal",16,300,https://malaysia.indeed.com/cmp/HSBC/reviews?start=300
1727,RHB Bank Berhad,6/6/2016,environment ok,do taxation personal do taxation company do report acount for company set up file learn about job secretrial learn about how to registration company name,4,collection officer,Kuala Lumpur,current,3,2,2,3,3,,,14,260,https://malaysia.indeed.com/cmp/Rhb-Bank-Berhad/reviews?start=260
1728,Cimb-Group,5/6/2016,Good work,"A work day start with full of energy.I learned a lot of things from this work because this work give me a lot of experience such as dedication,group activities and so on.The management give full support to the employees.My co-workers all give me support and help me when the time needed. Sometimes I need to work with stress but I will try to finish my work.My management arrange dinner to the employees in 6 month once.",5,SENIOR CLERK,Kuala Lumpur,current,5,5,5,5,5,Free medicine,Shorts break,15,280,https://malaysia.indeed.com/cmp/Cimb-Group/reviews?start=280
1729,Cimb-Group,3/6/2016,Productive,Great management and environment working place. Have to chase the sale target every month but can go for vacation every year.,4,Personal Financial Consultant,Kuala Lumpur,current,4,4,4,4,4,,,15,280,https://malaysia.indeed.com/cmp/Cimb-Group/reviews?start=280
1730,Cimb-Group,3/6/2016,not productive & fun workplace,'-Working during office hours -selling insurance products -management too busy to forget there are new employees who have entered. -personal other colleagues are very nice and friendly. -when encouraging to be able to work with colleagues who are friendly and nice.,1,Financial Service Consultant,Shah Alam,former,1,1,1,1,1,When there was a meeting with teammate will be eating for free. Can work out to look for sale.,"good medical benefits, loan with low interest rate.",15,280,https://malaysia.indeed.com/cmp/Cimb-Group/reviews?start=280
1731,Public-Bank-Berhad,3/6/2016,Its great team work,"The credit application process involves few departments. Thus, great tam work learned in running the daily job. Need critical thinking in the whole process.",5,Senior Operation Officer,Selangor,former,3,5,5,5,5,,,13,240,https://malaysia.indeed.com/cmp/Public-Bank-Berhad/reviews?start=240
1732,RHB Bank Berhad,3/6/2016,Productive & Fun workplace,'-9 to 5 working hours. -can learn to ensure that the work can be dealt with appropriately and quickly. -boss too urgent to set up something as soon as possible. -personal-workers can not talk because I work too much. -kena complete a job in 2 minutes if you want to go home early. -There end bonus and every 3 years.,4,Clerical,Bangi,former,4,4,4,4,4,bonus end year and every 3 years.,increment salary and medical benefits.,14,260,https://malaysia.indeed.com/cmp/Rhb-Bank-Berhad/reviews?start=260
1733,Bank-Rakyat,30/5/2016,Equipped with adequate comfort with basic equipment for carrying out tasks,'- Near a surau and washroom. - Tutoring by senior colleagues while on duty. - Colleagues friendly. - A colleague who always give a commitment to work to get the maximum output and efficiency.,5,Marketing Manager,Port Dickson,former,5,5,5,5,5,,,4,60,https://malaysia.indeed.com/cmp/Bank-Rakyat/reviews?start=60
1734,Cimb-Group,29/5/2016,Fast & pace environment,Daily submission of loan application & account disbursement in the hire purchase department. I am very familiar on the credit rating of customer in order to make a fast decision. Management will be update latest term of underwriting to meet the market challenge. All the colleague work as team to achieve the department target. Hardest Part of the job is to compete with the other financial institution without neglecting the banking & financial responsibility guideline. The most enjoyable part is when the department deliver the figue & meet the target assigned.,3,Executive,Kuala Lumpur,current,3,4,4,4,3,Employee benefit on staff loan & medical,High work pressure,15,280,https://malaysia.indeed.com/cmp/Cimb-Group/reviews?start=280
1735,Cimb-Group,29/5/2016,na,"I have been working for a total of 31 years in banking industry, It is a time for me to venture into other field.The banking industry has changed a lot. Transactions can be done thru on line",4,officer,Pasir Gudang,former,5,3,1,1,1,na,need only new blood,15,280,https://malaysia.indeed.com/cmp/Cimb-Group/reviews?start=280
1736,United Overseas Bank,26/5/2016,Good bank,provide good training to the staff. fair reviews on staff performance and reward accordingly. there is so much to learn. it is great working experience.,4,accounts relationship manager,Malaysia,current,2,4,5,5,4,,,6,100,https://malaysia.indeed.com/cmp/United-Overseas-Bank/reviews?start=100
1737,maybank,25/5/2016,Teamwork,"do data entry and customer service have learned more about banking world management so far not so good but overall is ok non permanent staff more supportive than permanent staff here the hardest part when in UAT TEAM - have to go back late the most enjoyable part of the job is i'm doing what i love to do and have chance to do new things ; build engagement with customers,call customer for classroom training",4,SL1M TRAINEE,Kuala Lumpur,current,4,4,4,3,3,Good team leader,Pressure,14,260,https://malaysia.indeed.com/cmp/Malayan-Banking-Berhad-(maybank)/reviews?start=260
1738,Cimb-Group,23/5/2016,Good learning exposure,a.Overall experience is good and Friendly nature. b. The way the team lead and manager behave is awesome. c. Good to learn lot of new things.,4,Senior Software Developer,Kuala Lumpur,current,4,4,3,3,4,,,15,280,https://malaysia.indeed.com/cmp/Cimb-Group/reviews?start=280
1739,United Overseas Bank,21/5/2016,best work place,i have to well organize my work accordingly so that i can manage on time to finish the daily task and follow ups.I have to check invoice and delivery order or shipping documents are in order. I have to perform Fircosoft in order can send payments to suppliers. I also have to check trade limit whether customer can utilize the limit given. Have to calculate tenor and all in rate for the day.,3,Senior Officer,Malaysia,current,3,3,4,3,3,"unlimited medical, dental and optic, extra epf contribution",,6,100,https://malaysia.indeed.com/cmp/United-Overseas-Bank/reviews?start=100
1740,RHB Bank Berhad,17/5/2016,Good place to start.,Steep learning curve with abundance of exposure. Colleagues are helpful and experienced. Opportunity to learn from seasoned and experienced professionals.,2,Fixed Income Principal Dealership and Trading,Kuala Lumpur,former,4,2,3,2,3,Learning progress,"Small compensation, small benefits",14,260,https://malaysia.indeed.com/cmp/Rhb-Bank-Berhad/reviews?start=260
1741,HSBC,16/5/2016,No career development.,"Global Support ""Executive"" is just a fancy word for call center slave. Don't just look at the ""brand"" of the company. Understand their business, how you can contribute and what sort of skills you can get out of them. At least, that's how I would go about it.",3,Global Support Executive,Cyberjaya,current,2,4,2,2,3,Good facility,No work life balance,16,300,https://malaysia.indeed.com/cmp/HSBC/reviews?start=300
1742,Public-Bank-Berhad,16/5/2016,Productive,"Remuneration package among the best in the industry. Average 5 months bonus. Annual increment is very decent. Attractive staff rates for housing and car loan. Work life balance is acceptable depending on which department you work at and the boss you work for. Staff dismissal is rare and unheard of except in extreme cases. Great place to work to raise a family and retire. Company prefers to hire fresh graduates than outsiders. Career progression is steady, even predictable up to a certain level",4,Credit Analyst Officer,Banting,former,3,5,4,4,3,Good Benefit,Long hours work,13,240,https://malaysia.indeed.com/cmp/Public-Bank-Berhad/reviews?start=240
1743,Cimb-Group,15/5/2016,productive can work in team and quick learner,i learn on how to advising people of awareness for their savings and retirement plan at cimb. the hardest part or the challenging in this company is to meet the prospect and to comfort their,3,unit trust consultant,Kuantan,former,0,0,0,0,0,free lunches,health care,15,280,https://malaysia.indeed.com/cmp/Cimb-Group/reviews?start=280
1744,HSBC,13/5/2016,UK Insurance business,"With total of 8 years in the IT business, it would be a great opportunity to gain more knowledge working with your team and share my and experience for both my career and your business growth. I have over 4 years of solid experience in HSBC Life (UK) Limited testing insurance particularly UK Life and Pension products. And a 4 years’ experience as an Analyst programmer under Accenture (AMEX project) and in Standard Chartered Scope International (APAC) Our work starts at 8:45 till 5:45 Mondays thru Fridays and we are working on UK Insurance business. Our product is mainly for UK so we are constantly in contact with the UK business people. Our management has been so supportive and confident of the testing team even though we are in Malaysia. Mostly when we are working in UK people comes in by the time we are leaving the office but this is not a hindrance for us to deliver the projects on time. The hardest part of the job sometimes is the time difference. The business is located in UK and the developers are in India. So the timing on how we deliver the requirements is crucial for us. Indeed the timing is demanding but we have been managing it for a long time now and so far we have not encountered any critical issues.",3,Test Engineer / Manager,Kuala Lumpur Malaysia,current,4,3,3,3,3,The timing is flexible,Long hours of work because of global team interaction,16,300,https://malaysia.indeed.com/cmp/HSBC/reviews?start=300
1745,Public-Bank-Berhad,12/5/2016,Being as a banker,"Being as a banker is like facing a challenge everyday and stress everyday, from the day you started your work untill the time you have finished your work, you will always be sitting on a same place, i have learn to manage my stress and to move more faster in work since my work always have a date line, management is at average rate that i could give, however my co-workers are also been always busy preparing work so have less time to talk in order to reduce our stress level inside of our body, the hardest part of the job is when your assigned to prepare more than 2 jobs which has a same date line to prepare as sson as possible, but the most enjoyable part of the job if you attend the customer, consulting them, and put yourself in their shoes",5,Clerk,Ipoh,current,3,3,3,3,3,,,13,240,https://malaysia.indeed.com/cmp/Public-Bank-Berhad/reviews?start=240
1746,HSBC,10/5/2016,Gain valuable experience,"4 years in Account Opening Team has taught me to think out of the box in solving complex issues. I have also improved my English language and gained confidence when speaking in English. To me there are still some areas the management needs to improve especially in hiring people and delegating tasks. As for the team member, I find it best to work with the team mate and it creates fun environment at the work place. However there is someone that I think he / she is not able to work in a team and I need to deal with it in a professional manner. The hardest part of job is when you need to deal with the customer complaint and we need to rectify it with a valid reason on a high priority basis. The most enjoyable part of the job is when I managed to complete the task ahead of a time and I get the credit for getting it done.",2,Global Support Executive,Cyberjaya,current,3,3,2,1,2,"Free Transporation, Medical Benefits","Short break, Parking Issue",16,300,https://malaysia.indeed.com/cmp/HSBC/reviews?start=300
1747,HSBC,10/5/2016,theres so many benefit.,the hardest part of the job is to keep customer informations. and it so hard for me to manage 9 system at the same time. but its quit good because i learn new things everyday.,4,Global Support Executive,Cyberjaya,former,3,4,5,3,3,free vending coffee machine,cant bring handfone,16,300,https://malaysia.indeed.com/cmp/HSBC/reviews?start=300
1748,RHB Bank Berhad,10/5/2016,A great place to work in.,"A great place but need some improvement on human capital handling. In handling people, it is not a trial and error game but more on human sensitivity and empathy. Motivation and coaching instead of dictatorial leadership should be instilled to create a better working environment. Furthermore, recognition should be given based on performance and merits of the individual NOT otherwise.",5,Personal Banker / Assistant Manager,Kota Kinabalu,former,5,5,5,4,4,"disciplined working environment, flexible hours",None,14,260,https://malaysia.indeed.com/cmp/Rhb-Bank-Berhad/reviews?start=260
1749,Cimb-Group,7/5/2016,Fun workplace,Colleagues and managements were ready to assist and guide new comers. Overall working condition was fine. However the salary offered was slightly unfavorable.,3,SME Relationship Manager under branch,Sabah,current,3,2,3,3,3,,,15,280,https://malaysia.indeed.com/cmp/Cimb-Group/reviews?start=280
1750,maybank,7/5/2016,Productive workplace aiming for the same goal,"Many valuable and important knowledge were gained throughout my time with this company. All colleagues were very helpful and never hesitated to lend a hand in any kind of circumstances. Everyone in our department were aiming for the same goal, which is to earn desirable incentives. The salary offered was at satisfactory level.",4,Mortgage Consultant under mobile sales team,Sabah,former,4,4,3,4,5,,,14,260,https://malaysia.indeed.com/cmp/Malayan-Banking-Berhad-(maybank)/reviews?start=260
1751,maybank,6/5/2016,Very friendly team,Learned a little bit about banking.Team leaders and team members very helpful. Hardest part when many customer comes in. Enjoyable part is when do a group briefing. Management really understanding about staff and good management.,4,CLERICAL,Kuala Lumpur,current,0,0,0,0,0,,,14,260,https://malaysia.indeed.com/cmp/Malayan-Banking-Berhad-(maybank)/reviews?start=260
1752,RHB Bank Berhad,4/5/2016,enjoy,"Good environment and enjoy to work. Besides that, many experiences i had learned. Good quality of management.Very good culture in this organization.",5,PERSONAL BANKER,Sri Hartamas,current,5,5,5,5,5,commission,didn't have overtime paid,14,260,https://malaysia.indeed.com/cmp/Rhb-Bank-Berhad/reviews?start=260
1753,Cimb-Group,28/4/2016,Lack of career advancement opportunity,"No work life balance. When working in banks, you should expect to spend yourself to sacrifice your energy and time to focus on work, to stay back late while little you can get in return. The management is pretty hands off. They'd like to push the staff to finish up a lot of works in a short time by hook or by crook. Co-workers are some team players but some just like to complaint without doing nothing. Working in banking industry is supposed to be the most enjoyable things in life but it becomes miserable especially for the contract staff when the contract is ended without strong and valid reason. Therefore, no career enhancement is promoted in CIMB.",2,Executive,Petaling Jaya,former,2,2,2,2,3,Good working environment,"Lack of career enhancement opportunity, political issue",15,280,https://malaysia.indeed.com/cmp/Cimb-Group/reviews?start=280
1754,Cimb-Group,28/4/2016,yes,"enjoying the work, caller customer and ask to pay their money back, learn lot of things,the hardest job is to conveince the costumer.",5,caller centre,Kuala Lumpur,former,5,5,4,4,5,No,yes,15,280,https://malaysia.indeed.com/cmp/Cimb-Group/reviews?start=280
1755,RHB Bank Berhad,27/4/2016,Fun working environment,"I learned many things when I was with RHB bank such as improving communication skills, decision making, strategic planning and etc. management and co- worker are friendly. i would recommend for fresh graduate to apply this job",5,Bank Executive,Kuching,former,5,5,5,5,5,,,14,260,https://malaysia.indeed.com/cmp/Rhb-Bank-Berhad/reviews?start=260
1756,Public-Bank-Berhad,24/4/2016,A normal working place,A good place for your learning process when dealing with client and complaint. Having a very humble CEO. Lots of high and low when its come to other co workers. Feel great when you accomplished a task that given to you,4,Executive,Kuala Lumpur,former,4,4,4,4,4,,,13,240,https://malaysia.indeed.com/cmp/Public-Bank-Berhad/reviews?start=240
1757,United Overseas Bank,24/4/2016,Productive,United Overseas Bank is a financially stable company with plenty of long term work. Management is involved and knowledgeable about day to day operations and technology involved.,4,Compliance Officer,Kuala Lumpur,current,3,4,4,4,3,great company culture,working under pressure,6,100,https://malaysia.indeed.com/cmp/United-Overseas-Bank/reviews?start=100
1758,HSBC,20/4/2016,Reviewing day to day job,"'-Normal working hours, 9-5. But I will normally extend my working hours to ensure my task is completed -People culture and time management -Management is well aware on the current status of what is happening -I am having a well relationship with the co-workers -Hardest part is to close the knowledge gap and to evidence how the Policy work -To liaise with Regional and Global team and this has improve my communication skills and showing my capability",3,Independent Quality Assurance Associate,Kuala Lumpur,current,4,3,2,4,4,,,16,300,https://malaysia.indeed.com/cmp/HSBC/reviews?start=300
1759,maybank,20/4/2016,Productive and Fun Workplace,Very systematic..work place.A lot of job we are doing and also helping our executive and manager and other team member. doing marketing.. and issued a lot of letter what are customer want. the enjoyable part are we are together work on team member and we are also get rewards.,5,Clerk,Subang Business Centre,former,5,5,5,5,5,,,14,260,https://malaysia.indeed.com/cmp/Malayan-Banking-Berhad-(maybank)/reviews?start=260
1760,RHB Bank Berhad,17/4/2016,worplace with stress n enjoy,i have very nice environmnet working in rhb. i ave also learn more n gain knlwledge abt how mortgage collection. i have also have lots of hepfull friends and team leader who ill help me always when i need them in job .,5,Recover and Consumer Credit Operations,Kuala Lumpur,former,5,5,5,4,5,once we archeive uit head ill give lunch,,14,260,https://malaysia.indeed.com/cmp/Rhb-Bank-Berhad/reviews?start=260
1761,Bank-Rakyat,15/4/2016,"productive, fun workplace","i started my work from 8.30a.m until 5.30 p.m. i learned a lot from the management like handling customer, filling up their loan document, key in customer data, and doing marketing. i gained a lot of experience with the environment and other co-workers. they taught me how to calculate the loan and dealing with the customers. the hardest part in this job areas was the skill needed when faces with shrewish customer. but the most enjoyable part of the job is when u have good relation with other worker and the company management. at the end you will have a lot of experience either it is good or bad environment.",4,practical,Kuala Kangsar,current,4,4,4,4,4,,,4,60,https://malaysia.indeed.com/cmp/Bank-Rakyat/reviews?start=60
1762,United Overseas Bank,5/4/2016,A good place to work,"It is a good place to work despite the stress that comes along with it. Still, there are more improvements that could be made to improve the work environment of the workplace.",3,Customer Service Executive,Ampang,former,3,3,2,2,4,"Free coffee, play room",Long hours,6,100,https://malaysia.indeed.com/cmp/United-Overseas-Bank/reviews?start=100
1763,HSBC,4/4/2016,fresh working environment and good places to relax,great working place to work at. Gained knowledge from every aspect. Free transportion (bus) which was very much convenient and very comfortable. Occasionally gifts such as for women day n etc.Fun working environment such with great working mates. Often lunch with Managers and the group.(working mates),5,CUSTOMER SERVICE,Cyberjaya,former,4,5,4,4,4,free lunches occasionally,great short-breaks and very understanding managment,16,300,https://malaysia.indeed.com/cmp/HSBC/reviews?start=300
1764,HSBC,4/4/2016,Challenging Workplace,"'- Basically, I will deal with different corporate action events including mandatory and voluntary events. - I have learned knowledge about corporate action, leadership, project management skill. - The management team is open and willing to accept feedback from the staff. - My business partners are from Hong Kong and we will work together to get the daily tasks done in order to meet the SLA. - There are different corporate events for different stock from different market and require the we need to meet different clients' requirement to achieve highest satisfaction of the clients. - The most enjoyable part of the job is very challenging.",3,Assistant Manager,"Cyberjaya, Selangor, Malaysia",current,1,3,4,3,3,,,16,300,https://malaysia.indeed.com/cmp/HSBC/reviews?start=300
1765,bank islam,3/4/2016,Challenging and motivating,"The task every day is really challenging. I really need to do multitasking task. In the morning I will be a Greeter. Then in the afternoon I will be the clerk and at the evening I will in charge of the telemarketing. There is lots of thing s I learned here. As a result I can work under pressure, become multitasking person and also become fast learner. The management really considered on the benefit. The hardest part is in order to satisfy the customers need. The best part is I can make lots of new friend with the customer.",5,CLERK,Besut,former,5,5,5,5,5,Can know with lots of person,Less break time,3,40,https://malaysia.indeed.com/cmp/Bank-Islam/reviews?start=40
1766,HSBC,2/4/2016,Productive & Fun in job work life,"Enjoy in working life, learn in how to manage peoples, good communication skills and cooperative with co-workers. More understanding customer needs and wants, Provide a good services during sales & after sales service.",4,Assistant Manager Mobile Banker,Kuala Lumpur,former,4,4,4,4,3,enjoy company trip,resistance to change,16,300,https://malaysia.indeed.com/cmp/HSBC/reviews?start=300
1767,maybank,31/3/2016,none,fun and happy place. good salary with high commision. good staff and reliable management staff. well trained by maybank. i enjoy with maybank.,4,Personal Financial Advisor,Kuala Lumpur,former,3,4,4,3,4,,,14,260,https://malaysia.indeed.com/cmp/Malayan-Banking-Berhad-(maybank)/reviews?start=260
1768,Cimb-Group,30/3/2016,Great people and nice place to work,"Always get prepared. Always strive to be the BEST in what we do and an environment of trust and self disciplined to produced extra ordinary result The most enjoyable the realistic expectation on benefits,salary and bonuses",4,Clerk,KL Sentral,former,4,4,4,4,4,Motivated,Parking problem,15,280,https://malaysia.indeed.com/cmp/Cimb-Group/reviews?start=280
1769,HSBC,28/3/2016,work,"Attracts potential customers by answering product and service questions, suggesting information about other products and services. Maintains customer records by updating account information.",5,Customer Service,Selangor,former,0,0,0,0,0,,,17,320,https://malaysia.indeed.com/cmp/HSBC/reviews?start=320
1770,Cimb-Group,24/3/2016,Not Bad,"A lot of friend and happy friend, working environment not bad, working hours is very fix, no benefit, unhappy working at cimb",3,Bank Officer,Kuala Lumpur,former,3,1,1,1,1,fix time,not bad,15,280,https://malaysia.indeed.com/cmp/Cimb-Group/reviews?start=280
1771,HSBC,21/3/2016,happy working,a good manager. a good working environment. communication between managers and subordinates with a smooth and very good. not choose you in determining who will get promoted. every day should review the investment graph to determine whether a customer will buy or sell investments.,5,graph analysis,Kuala Lumpur,former,5,5,5,5,5,shot vacation,opportunity to vacation abroad,17,320,https://malaysia.indeed.com/cmp/HSBC/reviews?start=320
1772,maybank,15/3/2016,Good,"Maybank is daily routine work and good benefits nice location, friendly large products wise learn lots things responsible and efective",4,RELATIONSHIP MANAGER,Kuala Lumpur,former,4,4,3,3,3,,,14,260,https://malaysia.indeed.com/cmp/Malayan-Banking-Berhad-(maybank)/reviews?start=260
1773,RHB Bank Berhad,14/3/2016,Fun workplace with sporting team-mates,"A nice place to work with a sporting and supportive team-mates. I learnt a lot about team-work and how important it is in our organization. Besides the heavy workload, i managed to lead a team to perform during the company big events and contributes good reputation for the company in sport events.",4,"Executive, HR Admin & System Support",Bangi,former,4,4,4,3,4,,,14,260,https://malaysia.indeed.com/cmp/Rhb-Bank-Berhad/reviews?start=260
1774,RHB Bank Berhad,14/3/2016,Nice workplace with good team,"Conducting training and managing programmes are the daily routine. From time to time, we review training programmes and developed new ones to fulfil the growing needs of the banking group. The interesting thing is we meet new people from everyday. The team is great, very hardworking in ensuring all the programmes planned for the year run smoothly.",3,Corporate Trainer/Instructional Designer,"Bangi, Selangor, Malaysia",current,3,3,3,3,3,Opportunity to learn new knowledge everyday,Long hours,14,260,https://malaysia.indeed.com/cmp/Rhb-Bank-Berhad/reviews?start=260
1775,Bank-Rakyat,7/3/2016,workplace fun,must be full time. learn about accounting and audit. management was good to make workplace for fun. must be enjoy to make a work.,5,BR SMART,Sabah,former,3,4,5,5,3,free lunches,healthcare,4,60,https://malaysia.indeed.com/cmp/Bank-Rakyat/reviews?start=60
1776,HSBC,28/2/2016,Productive,"As a bank that encourages diversity and acceptance, this company lives up to its name. Although the work is long and sometimes tiring and laborious, the culture of this place encourages a lot of questioning of methods, opinions to improve systems and a management that is willing to roll up his sleeve and do the dirty work whenever necessary. Acknowledgement of work is very frequent here, as and when credit is due. It's a place that stresses on understanding the process 100% is more important than just producing the results.",4,Global Support Executive,Kuala Lumpur,former,3,3,3,4,5,Easy work Environment,,17,320,https://malaysia.indeed.com/cmp/HSBC/reviews?start=320
1777,HSBC,26/2/2016,Career advancement,13 Years of experience in banking industries. Work in various departments and branches in different kind of roles and job. Left because of department closure and due to this retrenched.,5,BANK OFFICER,Kuala Lumpur,former,5,5,5,5,5,Career advancement,Last branch transferred to bukit tinggi klang,17,320,https://malaysia.indeed.com/cmp/HSBC/reviews?start=320
1778,bank islam,20/2/2016,Productive ; Competence Company,"working at Bank Islam Malaysia Berhad, (Sungai Besar Branch) as wealth executive. Selling core products of bank islam which is unit trust and other product involved ; will writing,takaful insurance and motor TAKAFUL for 3 months as a contract position. Thus given me the opportunity to polish my interpersonal skills and communication skill in communicating with every level of individuals",5,wealth executives,sungai besar,former,5,5,5,5,5,,,3,40,https://malaysia.indeed.com/cmp/Bank-Islam/reviews?start=40
1779,HSBC,17/2/2016,Overal work and play balance,"During my time in HSBC, my work routine consist of calling customer all day. it was stressful , however our superior never stop giving guidance.",5,Telesales Executive,Kuala Lumpur,former,5,5,5,5,5,,,17,320,https://malaysia.indeed.com/cmp/HSBC/reviews?start=320
1780,Ocbc,17/2/2016,good learning experience,it was a great experience to improve my knowledge with banking services especially with customer sevice field. i have learned how to deal with credit and debit card services. our client is from singapore,5,Customer Service Executive,malaysia,former,5,5,5,5,5,,,6,100,https://malaysia.indeed.com/cmp/Ocbc-3/reviews?start=100
1781,Bank-Rakyat,5/2/2016,Fun and Helpful,It always fun having friendly colleagues. I learned something new everyday and this place has a great working environment.,5,Clerk,"Brickfields, Kuala Lumpur",current,5,3,4,4,4,,,4,60,https://malaysia.indeed.com/cmp/Bank-Rakyat/reviews?start=60
1782,RHB Bank Berhad,4/2/2016,Good place to work,"Good management and environment, a well place to learn and gain experience.Work in credit sector which provide me knowledged to know how the system work in our daily live expecially when you want to purchase a property",4,Executive,Bangi,current,2,4,3,3,3,healthcare,work-life not balance,14,260,https://malaysia.indeed.com/cmp/Rhb-Bank-Berhad/reviews?start=260
1783,Cimb-Group,31/1/2016,"Stressful, Selfish, Unfriendly Staff","When i was new, most of the sales that i managed to done deal are being eye-ed by colleague. They will offer you a small amount of money in exchange of giving them the sales. if you refuse, they will never want to guide u in future, and won't even smile at you anymore. This will make u feel uncomfortable, clueless, and unable to hit your monthly sales target. Workload is a lot that you could only get home at 7pm everyday. During peak season, you might be home at 9pm. The good thing is you are not underpaid (what to expect if you have no previous professional working experience), and training provided even though they won't be able to cover on everything in detail. Boss/Manager is really helpful, responsible, kind and friendly.",3,Personal Financial Consultant,Malaysia,former,2,4,3,3,3,,,15,280,https://malaysia.indeed.com/cmp/Cimb-Group/reviews?start=280
1784,RHB Bank Berhad,27/1/2016,Stress but can learn a lot,"work long hours but no overtime payment, violate worker regulation rules in Malaysia. More than 8 hours of working plus working on sunday is must.",3,Collection Officer,"Kuala Lumpur, M14",former,2,2,2,3,4,no pros,short break,15,280,https://malaysia.indeed.com/cmp/Rhb-Bank-Berhad/reviews?start=280
1785,maybank,10/1/2016,"Excellent Benefits, high productivity with gym facility","My work is a constant around the clock prompt and requires me to contact with numerous party in adhering to the FRS 139 regulations. After working hours, when physically not tired, I would spend the time at the gym which is also equipped with a gym instructor. The environment is very encouraging in terms of support and learning Looking forward to see a an improvised FRS 139 in year 2018.",4,Executive,"Kuala Lumpur, M14",current,2,5,3,3,3,Gym facilities,demanding working hours,14,260,https://malaysia.indeed.com/cmp/Malayan-Banking-Berhad-(maybank)/reviews?start=260
1786,maybank,7/1/2016,Working at Maybank is one of the best opportunity that employee can get while servicing in Maybank.,"Check the submitted documents for any discrepancies, inconsistencies or any suspicious signs to minimize potential fraudulent applications. Ensure that sufficient information and documents are available for approvers to make informed judgments/decisions. Determine the correct approving authority for the applications Ensure accurate data capturing for information consistency and integrity in AA. Make sound credit recommendations that are reasonable, straightforward and balanced. Provide guidance / feedback / coaching to originators in respect of credit matters. Ensure compliance of internal policies and statutory regulations.",4,Executive Processing,"Kuala Lumpur,",current,2,4,4,4,4,,,14,260,https://malaysia.indeed.com/cmp/Malayan-Banking-Berhad-(maybank)/reviews?start=260
1787,Cimb-Group,6/1/2016,Good environment,A typical at work- depending on how busy the project. if project dateline nearing completion so there will be free time and vice versa. What i have learned - .Many things for example do not just expect co-workers to give guidance but instead I had to go and ask them in order to be a professional employee. Another thing always practice by think outside the box . Management - Management is not so well-organized and flexible Co-workers - Some co-workers can be discussed and communicate to a good no matter in terms of employment and social areas.,4,Business Process Designer,"Jalan Raja Laut, Kuala Lumpur",former,3,4,3,3,3,,,15,280,https://malaysia.indeed.com/cmp/Cimb-Group/reviews?start=280
1788,maybank,6/1/2016,need to be learn technical skills immediately without training,"average and full of adhoc task, always need to learn something new alone and no training provided. technical skills required, and lack of time manageable.",3,"Senior Executive, Analyst","Kuala Lumpur, M14",current,2,3,2,2,2,,,14,260,https://malaysia.indeed.com/cmp/Malayan-Banking-Berhad-(maybank)/reviews?start=260
1789,RHB Bank Berhad,4/1/2016,Awesome,Working with this company is one of the best experience i had. Our bosses are friendly but strict and team leader kept support me and very caring . The only thing that is hard is the timing. we had to stayed till 830pm .,5,RECOVERY OFFICER,"Kuala Lumpur, M14",former,4,4,4,4,4,free lunch from supervisor,,15,280,https://malaysia.indeed.com/cmp/Rhb-Bank-Berhad/reviews?start=280
1790,maybank,30/12/2015,Productive and very stressful,'- Do the same routine everyday - Communication and maintain relationship with customer is the most things i learned. - Management not so good. - Co-workers very grumpy but kind heart with c.olleagues - Hardest part is do the letter manually. - Easier work is send reminder every month,3,Collection Officer,"Kuala Lumpur, M14",current,4,2,2,3,3,No specific target,No commissions,15,280,https://malaysia.indeed.com/cmp/Malayan-Banking-Berhad-(maybank)/reviews?start=280
1791,HSBC,29/12/2015,Productive,"A very flexible, fun around working environment where colleguees used to be very friendly with such a helping attitude lead to grow together.",4,Global Support Executive,"Kuala Lumpur, M14",former,4,5,5,4,5,,,17,320,https://malaysia.indeed.com/cmp/HSBC/reviews?start=320
1792,Bank-Rakyat,27/12/2015,Productive.,"Friendly co-workers and I have learned how to communicate with the community. Beside that, I have improved my ability to work in a group and learned how to become a flexible person in adapting any situation.",4,Sales & Marketing,"Sabah, Malaysia",former,0,0,0,0,0,,,4,60,https://malaysia.indeed.com/cmp/Bank-Rakyat/reviews?start=60
1793,maybank,23/12/2015,Highly Competitive Environment,Challenging and excellent learrning curve for any fresh graduate who likes to be having a carrer in banking sector and financial services,5,Team Manager - Customer Care Premium,"Kuala Lumpur, M14",current,4,4,5,4,4,"Great remuneration, allowances, work flexibility","bureaucratic, too many management levels",15,280,https://malaysia.indeed.com/cmp/Malayan-Banking-Berhad-(maybank)/reviews?start=280
1794,RHB Bank Berhad,17/12/2015,RHB is a good employer.,I loved my previous job. It taught me so many things and my previous boss has always been helpful. I always enjoy doing my job and the hardest part of the job is I was transferred to KL because of centralization. I also quit because I want to experience new environment and broaden my horizon by working in a different company.,4,Credit Officer (Auto Finance),"Kuala Lumpur, M14",former,4,4,4,4,4,"lot of benefit such as staff loan, medical benefit for staff and family, etc",My work place is to far from my house,15,280,https://malaysia.indeed.com/cmp/Rhb-Bank-Berhad/reviews?start=280
1795,maybank,15/12/2015,Bank customer dealing,Learn to deal with high network.Meeting with new client.Solving customer future investment plan by explain the benefits which our bank provides to them,5,FINANCIAL EXECUTIVE,"Kota Damansara, M10",former,5,5,4,4,5,Busy with customers,short breaks,15,280,https://malaysia.indeed.com/cmp/Malayan-Banking-Berhad-(maybank)/reviews?start=280
1796,maybank,14/12/2015,No comments,Love working with Maybank but not with the current management. Working experience very wide. Co-workers : Average. Skills in power points - poor. Being promoted the best part.,2,Ms,"Kuala Lumpur, M14",current,3,5,5,1,3,No comments,No comments,15,280,https://malaysia.indeed.com/cmp/Malayan-Banking-Berhad-(maybank)/reviews?start=280
1797,United Overseas Bank,3/12/2015,Poor work life balance,"No doubt it offers great salary package, but at end of the day you really sold your life to the company. The management expects you do OT from time to time to cover service gap due to short of staff.",3,Senior officer,Kuala lumpur,current,2,4,4,2,3,A lot of allowance and incentive,Long hours,6,100,https://malaysia.indeed.com/cmp/United-Overseas-Bank/reviews?start=100
1798,HSBC,25/11/2015,Effective place for new learner,"Here we able to learn many skills after and efficient. New learner can able to enhance their soft skill. Can able to learn on time management, for an example learn to finish the assigned task within given timeframe",3,Software Engineer,"Kuala Lumpur, M14",former,3,3,3,3,2,,,17,320,https://malaysia.indeed.com/cmp/HSBC/reviews?start=320
1799,HSBC,24/11/2015,A very crowded company,"A typical day at work, with limited benefits. Nothing fascinating really, aside from weekly activities in office as part of the shared service culture.",3,GSE - Global Banking and Market,"Kuala Lumpur, M14",former,0,3,2,2,3,,,17,320,https://malaysia.indeed.com/cmp/HSBC/reviews?start=320
1800,Cimb-Group,19/11/2015,Great experience with top bank in Malaysia,"I was working with supportive colleague and good guidance from superior. Any contact centre might stressful, here they have fun club with activities. The most enjoyable is I had opportunity to join in sports and outdoor activity. Futsal lead me until CIMB Sea Games 2010 then champion trip to oversea as a reward.",4,Contact Centre Consultant,Kuala Lumpur,former,3,3,4,3,3,,,15,280,https://malaysia.indeed.com/cmp/Cimb-Group/reviews?start=280
1801,Cimb-Group,17/11/2015,Hard work,Repetitive daily tasks which easily get my jobs on hands. Communication cross department to get the jobs and problems done and solve. Lack of sharing knowledge and information among colleagues leads to find solutions which helps me to gain more learning and knowledge.,3,Bank Executive,"Kuala Lumpur, M14",current,3,3,3,3,3,Can go back on time upon finishing your daily tasks,Lack of team groups within co workers,15,280,https://malaysia.indeed.com/cmp/Cimb-Group/reviews?start=280
1802,maybank,12/11/2015,"Good environment , meet new people","good environment ,i been exposed with a lot of people from multiple sector with one intention which is the needs of financial services,its a good environment everyday got new stuff to learn",4,SALES EXECUTIVE,M04,former,0,0,0,0,0,"Good environment, Meet new people, Great incentive","Target, Market",15,280,https://malaysia.indeed.com/cmp/Malayan-Banking-Berhad-(maybank)/reviews?start=280
1803,maybank,8/11/2015,Maybank rewards accordingly.,Good working experience as my career started and ended in Maybank. Rewards employees according to input given. Enjoyed working and growing with Maybank.,5,ADMINSTRATIVE WORK,M05,former,4,5,5,5,5,medical benefits are excellent,work late hours,15,280,https://malaysia.indeed.com/cmp/Malayan-Banking-Berhad-(maybank)/reviews?start=280
1804,Cimb-Group,6/11/2015,Good place to work,I am hardworking person. Focus more on career development. I maintain good reputation and KPI in CIMB. I gain many experience meet people and handle their banking request. Any new policy and procedure or new bank product I will be eager to know and learn and share with the colleague. Work close with audit compliance to minimise the fault. Most hardest role in my job multi-tasking for more than 2 job function at one time. I completed my Degree and Masters and ask for promotion but unfortunately the bank don't have any vacancy to promote me. I really appreciate Cimb because given me job offer that really help me lot in term of finance to continue my studies,5,CSR,"Lukut, Negeri Sembilan",former,3,0,1,0,0,Good benefits,No career chance to upgrade,16,300,https://malaysia.indeed.com/cmp/Cimb-Group/reviews?start=300
1805,maybank,6/11/2015,Well known bank in Malaysia,"Maybank is well known bank which is care about staff welfare working hours from 8.45am to 5.45 pm im learn how to work with the experiences banker , the management abit slow interm of implement new thing,but its good because the pay salary on time and care about staff by giving medical card the hardest part while struggling to get commisyen and the enjoyble while earn a lot of commisyen",4,TALESALE EXECT,Selangor,former,3,4,3,3,4,Work environment clasicc,Got medical card,15,280,https://malaysia.indeed.com/cmp/Malayan-Banking-Berhad-(maybank)/reviews?start=280
1806,United Overseas Bank,4/11/2015,It is better to have a work-life balance culture in the company.,"Overall, I would still recommend UCOE for other jobseekers as the job would give you a lot of learnings. The most enjoyable part of the job is when the customers would compliment you in their most sincere way.",3,Senior Customer Service Officer,"Kuala Lumpur, M14",former,3,4,3,3,3,,,6,100,https://malaysia.indeed.com/cmp/United-Overseas-Bank/reviews?start=100
1807,RHB Bank Berhad,31/10/2015,multi task job,'- not easy to apply leave - i have learned a lot by the pass 5 years im working - lunch break less than 1 hour - all the staff are friendly - hardest part of my job is doing sales obviously i am not good in sales - most enjoyable part of my job is i have more experience when my manager ask me to do multi task job,3,Clerk/Teller/Customer Service Representative,"Miri, M13",former,3,4,4,3,3,medical benefit,,15,280,https://malaysia.indeed.com/cmp/Rhb-Bank-Berhad/reviews?start=280
1808,Bank-Rakyat,26/10/2015,Productive and cheerful,"One of the dominant islamic bank and rapidly growing in Malaysia. With a new HQ and new working environment, they are heading towards a positive growth for many more years to come.",3,Senior Executive,"Kuala Lumpur, M14",current,3,3,3,3,3,adequate,no comment,4,60,https://malaysia.indeed.com/cmp/Bank-Rakyat/reviews?start=60
1809,Cimb-Group,25/10/2015,well structured,Overall a good banking group despite the red tape and politics. Perhaps better suited to someone who would enjoy a well structured work-place.,4,"Analyst, Private Equity","Kuala Lumpur, M14",former,0,0,0,0,0,,,16,300,https://malaysia.indeed.com/cmp/Cimb-Group/reviews?start=300
1810,Ocbc,22/10/2015,Flexible working environment with nice pantry,Flexible working environment which enable staff's mobility. Strategic location where the office is just step out from the train station. The organization is very structure and working procedures is inline with group's policy& procedure.,3,"AVP, Treasury & Investment Banking Internal Audit","Kuala Lumpur, M14",former,0,0,0,0,0,free coffee machine with nice pantry.,long working hours,6,100,https://malaysia.indeed.com/cmp/Ocbc-3/reviews?start=100
1811,Cimb-Group,19/10/2015,Favouritism,Routine job daily. System enhancement from time to time. Management based on fovouritism for promotion. Good co-worker and not required to work during weekend unless volume high.,3,Assistant Manager/Executive,M10,former,3,2,3,2,2,Manage to learn many things - survival,Promotion based on favouritism,16,300,https://malaysia.indeed.com/cmp/Cimb-Group/reviews?start=300
1812,HSBC,18/10/2015,"Work-hard, Play-hard",Open-minded management who willing to open up and listen opinions from subordinate. Awesome colleague which willing to cooperate and work together. There may be some times where we need to rush for dead lines but we get the equal reward after project ends.,5,Customer Service Banker (Contract),"Kuala Lumpur, M14",former,4,5,5,5,4,Free Gym and Medical coverage,Long hours,17,320,https://malaysia.indeed.com/cmp/HSBC/reviews?start=320
1813,HSBC,12/10/2015,"So far, Best Place To Work, Indeed!","Has stability in its respective industry, encourage personal and career development, competent planning, positive values, great management, emphasizes on work-life balance, dynamic team etc.",5,GLOBAL SERVICE EXECUTIVE (GSE),"Cyberjaya, M10",former,5,5,5,5,5,Too many,Monotonous job,17,320,https://malaysia.indeed.com/cmp/HSBC/reviews?start=320
1814,HSBC,11/10/2015,My experience as Premie Relationship Manager in HSBC Bank Malaysia,"My role is managing Premier clients portfolios by giving financial advices and solutions based on client's needs. Understand their background, priority needs and risk profile are essential before you can recommend something suitable to client. The hardest part of the job is giving the wrong advice and solution to client when market is unfavorable and market tend to be constantly evolved from time to time. The most enjoyable part of the job is there are some friendly customers tend to appreciate your hardwork and service by treating you a meal and recommend some friends/relatives to me to handle their financials. With such a effort, I also stand a chance to go for company incentive trips among top 20 members.",3,Premier Relationship Manager,"Puchong branch, Selangor",current,3,0,4,4,4,Good place to adapt the working environment and surround with colleagues who are supporting.,"Long working hours, more workloads and less salary benefits.",17,320,https://malaysia.indeed.com/cmp/HSBC/reviews?start=320
1815,Public-Bank-Berhad,11/10/2015,friendly colleagues,"As it is the head office of Public Bank, there is definitely lots of paper works that need to be handled. Colleagues around us look stressful sometimes but they never have the thought of leaving the Bank, i think the reason behind this was the Bank provides them a good environment and the Bank gives many benefits to them. During the period of internship, i learnt a lot from my colleagues. The bank's working environment is comfortable and nice.",5,Officer (Internship),"Jalan Ampang, Malaysia",former,5,4,5,4,4,,,13,240,https://malaysia.indeed.com/cmp/Public-Bank-Berhad/reviews?start=240
1816,Bank-Rakyat,9/10/2015,productive and enjoyable,"From my point of view, this company is quite good. They have give an opportunity to work with them even I'm a fresh graduate and have a minimum in work experience. They have teach me how to choose the prospect of marketing that can be used during I perform my work.The staff also are very friendly. They always helps me in conducting my job. They also help me when I have a some confuse during perform the job.",5,BR SMART,M08,current,5,5,5,5,4,morning briefing,small commission,4,60,https://malaysia.indeed.com/cmp/Bank-Rakyat/reviews?start=60
1817,HSBC,9/10/2015,Fun and enjoy working in HSBC,"At a typical day at work, it is fun to report to work everyday, and HSBC has taught me on how to independently strive for task which would eventually improve myself, and teaches me to approach our leaders, in case if we are not sure of the solutions. The hardest part of the job would be the working time of the job. UK hours.",5,Assistant Manager Technical,"Cyberjaya, M10",current,2,3,4,3,3,Healthcare and working environment.,"Working hours, from evening to early morning.",17,320,https://malaysia.indeed.com/cmp/HSBC/reviews?start=320
1818,Ocbc,9/10/2015,challenging and got to meet new people everyday,"when i worked in this organization , there were challenges that I never faced but it helped me to grew and learned to deal with it.",5,Personal Financial Executive,kuala lumpur,former,5,5,5,4,5,good allowences,long hours,6,100,https://malaysia.indeed.com/cmp/Ocbc-3/reviews?start=100
1819,maybank,7/10/2015,The best experiences working as customer service,"I really enjoyed in servicing industry because I feel satisfaction when customer’s giving good feedback, compliment and feeling happy when their enquiries or problem resolve. I love customer support because I love the constant human interaction because it is our nature and it will improve my communication skill and English language. As we know, customer service relates to the service provided to customers before, during and after a purchase. Customer service is a front desk or first contact for customers to voice their inquiries, feedback and suggestions. We becomes such important to customers as well as company images. I feel such a lot of appreciation when performing job.",3,Customer Service Executive,"Bukit Jelutong, Shah Alam",current,2,4,4,2,3,Flexible scheduling due to working on shift hours,System retrieval is very slow,15,280,https://malaysia.indeed.com/cmp/Malayan-Banking-Berhad-(maybank)/reviews?start=280
1820,Cimb-Group,6/10/2015,team work,i need find people who interest to make loan with me. i learn how to be brave when talk with others.i have a good group who have kind heart and can share everything about work.the hardest part is when i need to go the place that i'll never go and i need to give all flyers to whom i never know.the enjoyable part is i can go for holiday while working,3,PERSONAL LOAN ADVISOR,perak malaysia,former,3,3,3,3,3,,,16,300,https://malaysia.indeed.com/cmp/Cimb-Group/reviews?start=300
1821,HSBC,4/10/2015,A demanding job,"It was a good learning experience working and training a wide range of colleagues from different work areas. However, long and unnecessary working hours were expected.",2,"Assistant Manager, Learning & Development",Kuala Lumpur,former,2,4,2,1,1,Free gym,Long hours,17,320,https://malaysia.indeed.com/cmp/HSBC/reviews?start=320
1822,maybank,4/10/2015,Propert subject matter expert,"My role is to cover property, construction and building materials industries to support Corporate Banking, Business Banking and Client Coverage teams, and to provide industry outlook the sectors I cover. I enjoy doing in depth research and analysis on the industries I cover but it can be demanding as there are many internal customers and stakeholders to support.",5,Senior Analyst,"Kuala Lumpur, M14",current,5,5,5,5,5,Large and established leading regional bank,Promotions are slow in general,15,280,https://malaysia.indeed.com/cmp/Malayan-Banking-Berhad-(maybank)/reviews?start=280
1823,Ocbc,30/9/2015,Wonderful Internship Program,"Certainly, it was a golden opportunity to carry out my internship in OCBC Bank and i'm glad to have the chance to work at the area that I had never experiencing before. The most enjoyable part of job was working alongside my colleagues and learning from them. As overall, I really appreciate all the helping hands from my colleagues and I will use all the gained skills and knowledge in my future jobs.",4,Assistant,"Kuala Lumpur, M14",former,4,4,4,4,4,New experience,,6,100,https://malaysia.indeed.com/cmp/Ocbc-3/reviews?start=100
1824,maybank,27/9/2015,being transfer to several department within a year,Able to adapt any challenges and having a cheerful working environment.Working with a good leadership manager and very democratic working place.,4,Clerk,"George Town, M07",former,4,5,4,4,5,,,15,280,https://malaysia.indeed.com/cmp/Malayan-Banking-Berhad-(maybank)/reviews?start=280
1825,RHB Bank Berhad,27/9/2015,good teammates and fun to work with.,good teammates and fun to work with yet need to be competitive to each other. sometimes it got quite stressful when it came to achieve targets. anyway it was all an exciting job and environment and i must say it was my favorite job environment so far despite of the internal politics.,3,sales executive,M10,former,3,4,5,3,4,,,15,280,https://malaysia.indeed.com/cmp/Rhb-Bank-Berhad/reviews?start=280
1826,RHB Bank Berhad,27/9/2015,meeting many character of person,"Confident of facing new challenges with the experiences gained while working. To find a stimulating and challenging role with my excellent interpersonal, management and leadership skills to make a positive contribution and confidently lead a team.",3,Clerk,George Town,current,3,2,2,3,3,,,15,280,https://malaysia.indeed.com/cmp/Rhb-Bank-Berhad/reviews?start=280
1827,HSBC,22/9/2015,A good place to start up as fresh graduate.,Its a learning platform for fresh graduates. There is always path to advance if you are hardworking. Job requires long hours of working.,4,Assistant Manager Operations,"Kuala Lumpur, M14",former,3,5,4,4,3,good compensation,odd working hours,17,320,https://malaysia.indeed.com/cmp/HSBC/reviews?start=320
1828,Cimb-Group,19/9/2015,A day at work,Everyday have to overtime because the job is on project based & my team have to support automation support team. If they delay their work we have to stay and support them with documents,5,BUSINESS PROCESS DESIGNER,"Kuala Lumpur, M14",former,4,3,3,4,5,,,16,300,https://malaysia.indeed.com/cmp/Cimb-Group/reviews?start=300
1829,HSBC,18/9/2015,Good service and friendly staff,So we all know about hsbc bank is the most porpular and it fun to work there.. All people need us? That why make me happy to serve theam. So to all works.. Good job to you all,5,"Telesale, data entry,","Kuala lumpur, or bangsa, kl sentaral",former,5,5,4,5,4,Proactive,Good making career over here,17,320,https://malaysia.indeed.com/cmp/HSBC/reviews?start=320
1830,HSBC,15/9/2015,all Works,I would like to be a works at your company Hsbc. Its gets more change i can should what ever i can do ...somemore i wiiling do the work...,5,Admin Clerk,"Kuala Lumpur, M14",current,5,5,5,5,5,,All ako,17,320,https://malaysia.indeed.com/cmp/HSBC/reviews?start=320
1831,Cimb-Group,13/9/2015,"Used to be a star, not doing so well",Having a recent major layoff. Enjoyed a lot of initial deals from connections (Nazir) however slowing down as the country's economic / development activity slows down. Was quite a competitive (cut-throat) work culture when I was there,4,Sales and Program Manager,"Kuala Lumpur, M14",former,2,2,2,2,2,bonuses *but only early days,"cut-throat, passed its hey-day",16,300,https://malaysia.indeed.com/cmp/Cimb-Group/reviews?start=300
1832,HSBC,12/9/2015,Work Hard Play Hard,Work Hard Play Hard. Fun workplace with Senior Guidance. Banking sector with not bad benefits and medical coverage. Colleagues friendly and a lot of activities ongoing.,4,"Software Engineer, Application Support",Kuala Lumpur,former,3,2,1,2,3,,,17,320,https://malaysia.indeed.com/cmp/HSBC/reviews?start=320
1833,Bank-Rakyat,8/9/2015,Productive and enjoyable work environment,Best place to work with fun and supportive management. This place give the opportunity to excel and show your talent and works. Workers are helping each other for the company growth. The best part was working among my colleagues and they are very friendly and not reluctant to share the information and willingly to teach those who are needed.,5,Practical Student,"Kuantan, M06",former,4,5,4,4,4,Flexible time break,Quite small place with many customers especially during peak hour,4,60,https://malaysia.indeed.com/cmp/Bank-Rakyat/reviews?start=60
1834,Bank-Rakyat,3/9/2015,productive worker must know how to manage his/her stress. He / She can manage time accurately. Always smile and happy.,"All those that company had ,can make me happy. I will improved my experienced through this company. I'm so glad if i get one position in this company. i'm not expected too high, because i'm a new learning. the most enjoyable part of job was working with senior . I love to work in team .",5,Assistant Accountant,Johor Bahru,current,5,5,5,5,5,healthcare,short breaks,5,80,https://malaysia.indeed.com/cmp/Bank-Rakyat/reviews?start=80
1835,Bank-Rakyat,3/9/2015,responsible and effective jobs,"what i learn in company bank rakyat is learn to good team work,responsible with jobs and must strong in get customer to achieve the many customer for every months.The management is very good and every employees can share their experiences in achieve customers.Its is the most enjoyable part of the job because the jobs is very easy but i must strong to get customer because many competitors with many company and people.",4,pegawai pemasaran,"Kemaman, M11",former,4,5,4,5,4,,,5,80,https://malaysia.indeed.com/cmp/Bank-Rakyat/reviews?start=80
1836,Public-Bank-Berhad,3/9/2015,Typical Chinese Company,'- Job is the same throughout everyday as it is routine job. - Not much chance for job advancement. - Long working hours as no one is going back on time.,4,Management Trainee Credit Analyst,Kuala Lumpur,current,3,4,3,3,3,Bonus,Long working hour,13,240,https://malaysia.indeed.com/cmp/Public-Bank-Berhad/reviews?start=240
1837,HSBC,27/8/2015,Project Management,"In HSBC I have learned a lot since the day I have joined till now, lots of activitiy and learning and development is very good and the training that I have attended.",4,Assistant Manager Operations,Kuala Lumpur,current,4,4,4,5,5,,,17,320,https://malaysia.indeed.com/cmp/HSBC/reviews?start=320
1838,Cimb-Group,24/8/2015,Good working place to learned about financial market.,Been with the company for more than 15 years has taught me on how to handle ad-hoc and private & confidential matters in professional manner. Has taught me how to handle stress and time management.,3,Secretary,Kuala Lumpur,former,3,3,3,3,3,,,16,300,https://malaysia.indeed.com/cmp/Cimb-Group/reviews?start=300
1839,HSBC,24/8/2015,great global firm,great bank to work for with truly global aspirations. They do value their people and will invest in them. I've taken limitless product courses and training sessions without any pushback from my managers.,4,"Global Markets Support Services, AVP","Kuala Lumpur, M14",former,4,4,4,4,4,,,17,320,https://malaysia.indeed.com/cmp/HSBC/reviews?start=320
1840,Ocbc,24/8/2015,Productive and fun work place,"'- The working environment is good whereby colleagues are really helpful. - There is always extra financial workshop for us to attend, to brush up our financial knowledge towards the current market.",4,Personal Financial Manager,Kuala Lumpur,current,4,4,4,4,4,Various training program for employees,Keeping up with market update,6,100,https://malaysia.indeed.com/cmp/Ocbc-3/reviews?start=100
1841,maybank,5/8/2015,Humanising,Always Smile Engaged with all levels Respect with the Management Teams Be Friendly with all staff and college. The More You Give The More You Get.,5,Banking,"Johor Bahru, M01",former,5,5,5,5,5,Well Trained,Non,15,280,https://malaysia.indeed.com/cmp/Malayan-Banking-Berhad-(maybank)/reviews?start=280
1842,Public-Bank-Berhad,31/7/2015,Huge corporation with outstanding yearly profit showing,"My job consist of sales and marketing of the bank loan products. I learnt much about communication and customer service skills throughout my time there. The company have a very understanding management as well as supportive co-workers. I find it difficult to hit the set target every month due to my lack of experience in the field, but eventually I improved through hardwork and dedication. What I enjoyed the most is the satisfaction from completing a done deal and getting praise and appreciation from customers.",5,Senior Sales & Marketing Executives,"Tawau, Sabah, Malaysia",former,5,5,5,5,5,Good pays,Target baed,13,240,https://malaysia.indeed.com/cmp/Public-Bank-Berhad/reviews?start=240
1843,RHB Bank Berhad,21/7/2015,Working Experience,Working with RHB Bank was a nice experience where i learned to enhance my communication skill and also manage myself to adapt with the customer service working style and job scopes. My co workers were very friendly and supportive and they taught me alot on this job scopes. It was a very good learning process after I completed Sijil Pelajaran Malaysia.,3,Customer Service(Temperary),M10,former,4,2,3,3,3,Friendly environment,,15,280,https://malaysia.indeed.com/cmp/Rhb-Bank-Berhad/reviews?start=280
1844,United Overseas Bank,21/7/2015,"Team player wokers, good environement",My job is handling coming calls which I need to deal with 80 to 90 customers from Singapore per day. My job is to solve customer's problem and fullfil customer's enquiries. I believe I have improve my soft skills which can be implemented in my future job to give my best work at your company. I am now more confident and more systematic. Most importantly I have improved my communcation skills and time management. Co-workers at United Overseas Bank are great and play as a team player. The hardest part of the job is when you need to handle difficult customers. Wheares the most enjoyable part of the job is when u successfully solved customer's problem or enquiries.,5,Senior Officer,"The Intermark, Kuala Lumpur",former,5,5,5,5,5,"bonus, healthcare (medical), seminars",,6,100,https://malaysia.indeed.com/cmp/United-Overseas-Bank/reviews?start=100
1845,United Overseas Bank,12/7/2015,Best international bank,"1. Provide “one-stop” banking solutions to customers. 2. Promoting a wide range of banking products and services, including Unit Trust, Insurance, deposits to existing and potential customers. 3. Assist in customer service within the branch.",4,PERSONAL BANKER,"Cheras, M14",former,4,5,5,4,3,,,6,100,https://malaysia.indeed.com/cmp/United-Overseas-Bank/reviews?start=100
1846,HSBC,10/7/2015,"There are internet kiosk, ping pong tables, pool tables. play stations and dart boards","Most days I get in early around 8.00 AM so I can go through my emails and be ready for the daily team meeting at 9.00 AM. On one typical day, we had a last minute request by one of our business partners that we are required to initiate technical system failure where we are required to shut down 2 of the UPS systems and plan for Business continuation at our 2nd site. We were require to facilitate this within the next 1 hour. I got my facilities team members to forego all the other works and concentrate on this request. I also got the night shift team to stay back and assist the day shift team. We knew how important this mission was and we quickly figured out to get this done without interrupting the critical systems. The team weren't too happy to have this last minute request but when I explained how important this mission was to us which would help us in the event of a real scenario. We got everything back on track by 12.30 PM. After completion of the entire mission near to lunch time, I ordered some pizzas to keep them all happy. Everyone was very happy as our mission was successful.",4,Assistant Vice President – Facility Manager - CRE,"Cyberjaya, Selangor",current,3,4,4,3,3,Subsidised food and free drinks (dispensed from vending machines) and free transportation,Don't observe any Malaysian public holidays,17,320,https://malaysia.indeed.com/cmp/HSBC/reviews?start=320
1847,Cimb-Group,5/7/2015,Extreme Precision,I was placed in the compliance department and my typical day at work is often to review prospectus as well as transaction to ensure that everything complies with the rules and regulations set out by regulators. Requires extreme concentration.,4,Compliance Staff,Kuala Lumpur,former,4,0,4,4,3,,,16,300,https://malaysia.indeed.com/cmp/Cimb-Group/reviews?start=300
1848,RHB Bank Berhad,5/7/2015,Ambitious and,This bank has potential to grow however staff retention is very minimal. One of the best medical benefits in town for employees.,3,AVP - Digital Brand Management,"Kuala Lumpur, M14",former,3,4,4,3,3,Good medical benefits,Too many red-tapes,15,280,https://malaysia.indeed.com/cmp/Rhb-Bank-Berhad/reviews?start=280
1849,United Overseas Bank,3/7/2015,Things to learn as company still growing,"It was an honor to join the first batch of ""Manager in Training"" (M.I.T) program. It gave chance of exposure to Team manager daily tasks. I had learn how to manage a team efficiently and motivate them to have better performance. Built a strong relationship with fellow colleagues and cooperate to meet customers' issue. It was tough to manage difficult customer but supports always there when needed. I enjoy myself with the kind relationship built between colleagues, but suffer from long hours of follow up for customers' demand, which sometimes not rational, but try to make it happen.",3,Senior Officer,"KL, Malaysia",former,2,4,4,3,3,High pay with great incentives,long hours of follow up,6,100,https://malaysia.indeed.com/cmp/United-Overseas-Bank/reviews?start=100
1850,HSBC,28/6/2015,A good stepping stone,A very enjoyable working environment. Have learned what is work life is fron here. Great management and co-workers. Had very good line managers as mentors and guide.,5,Assistant Manager of Operation,Cyberjaya,former,4,3,3,3,4,,,18,340,https://malaysia.indeed.com/cmp/HSBC/reviews?start=340
1851,maybank,23/6/2015,Very Productive,"good organization to work with Great organization to grow Employees are well rewarded Good recognizations, exposures",1,Account Manager,"Kuala Lumpur, M14",former,1,1,1,1,1,"Event handlings, participations in social activities","short of manpower, lack of proper training",15,280,https://malaysia.indeed.com/cmp/Malayan-Banking-Berhad-(maybank)/reviews?start=280
1852,RHB Bank Berhad,22/6/2015,A great place to learn and work if the team members are corporative and passionate about their duties,Very productive and demanding position - with long hours of work. With the corporation of the fellow colleagues it often was a fun place on an average day. Certain times of the month could be crucial in trying to meet datelines. The team work and the organising of indoor events were the most enjoyable and memorable time.,5,Assistant Branch Manager,"Putrajaya, Malaysia",former,3,4,5,4,3,Medical coverage for the immediate family and staff member,Long working hours not supported with payments,15,280,https://malaysia.indeed.com/cmp/Rhb-Bank-Berhad/reviews?start=280
1853,HSBC,20/6/2015,Days and life at HSBC,sit at your workstation and making calls learned vast knowledge of banking management a bit of cliff hanger as there's accurate information about the incentives. relationship with co-workers have been great so far. achieving daily targets has been the hardest part of the job. the most enjoyable part of the job is meeting session where you can meet old and new colleagues.,3,Customer Care Sales Representatives,"Kuala Lumpur, M14",former,3,4,3,2,4,Hospital and clinic benefits,"comission, management",18,340,https://malaysia.indeed.com/cmp/HSBC/reviews?start=340
1854,HSBC,18/6/2015,Best Place to work,The reason why I mentioned it is the best place to work is due to some reason. Firstly the managers there all are very friendly and approachable if we have any issue or misunderstanding for some information. The system provided in HSBC is also well synchronize.,5,GLOBAL SUPPORT EXECUTIVE,"Sepang, M10",current,5,5,5,5,5,Cheap food,Break too short,18,340,https://malaysia.indeed.com/cmp/HSBC/reviews?start=340
1855,maybank,18/6/2015,None,I learned how to make a relationship with customer and how to make customer trust Maybank in term of services and product. Take care of customer that have long period savings with maybank and create their wealth portfolio in long term or short term.,5,Personal Financial Advisor Executive,Selangor,current,5,5,4,4,5,None,None,15,280,https://malaysia.indeed.com/cmp/Malayan-Banking-Berhad-(maybank)/reviews?start=280
1856,RHB Bank Berhad,3/6/2015,Not much learning,"Working time 8.45-5.45pm, learned closing sales and sales marketing, management are well manage on sales staff, colleagues are friendly and workable, hardest part is to achieve sales target and most enjoyable hit the highest commission and travel with companies employees",3,Mortgage Sales Executive(Senior),"Petaling Jaya, Malaysia",former,4,3,3,2,3,no free lunch,8.45am - 5.45pm,15,280,https://malaysia.indeed.com/cmp/Rhb-Bank-Berhad/reviews?start=280
1857,Cimb-Group,2/6/2015,fun place to work,'- have to answer all inbound calls - learned how to deal with customers - managements is good and review our increments every year - friend is superb - the hardest jobs is getting complaints from customer - it's enjoyable when received compliments letter from customers,4,Inbound Officer,"Kuala Lumpur, M14",former,3,3,3,3,4,a lot of activities through out year,,16,300,https://malaysia.indeed.com/cmp/Cimb-Group/reviews?start=300
1858,Ocbc,29/5/2015,Produce results and you will be paid well,"I rose from the rank of clerk to a Vice President. Opportunity is there for you to grab. It is all about results. Performance is for you to prove. Whether you work hard or you work smart, bottom line is always results. Challenges are everywhere, be it the job, your co-workers or the management. It is up to you to decide weather to use it to your advantage or you can complaint about it and get stressed up unnecessarily. Hardest part of the job of course when KPIs still not met. Because the rewards are tied to the KPIs. Most enjoyable part is celebration time. We sweat it up, we argued a lot, but when we succeeded, everyone celebrate. We are free to voice our opinions. Feedback is a gift to OCBC. In meetings, we argued our points and opinions openly, but at the end, we still can have tea together at the mamak stall :-)",5,Relationship Manager,"Kuala Lumpur, M14",former,3,3,4,4,4,Management of an open door approach,"Tight date lines, less work life balance",6,100,https://malaysia.indeed.com/cmp/Ocbc-3/reviews?start=100
1859,maybank,27/5/2015,Productive and fun working place,"•Contact businesses and private individuals by telephone to promote products, services and/or charitable causes •Solicit orders for goods and services over the telephone •Explain the product or service to potential customers •Deliver scripted sales pitch to the customer •Adjust scripted sales pitch to meet needs of specific individuals •Provide pricing details •Handle customer questions •Obtain customer information including names and addresses •Record customer details including reaction to the product or service offered •Receive orders over the telephone •Input order details into the computer system •Record customer details and details of transaction •Confirm orders placed with field sales representatives The working environment suit to healthy working environment",5,TELESALES EXECUTIVES,"Kuala Lumpur, M14",former,5,5,5,5,5,Enjoyable working environment with organisable management,No cons,15,280,https://malaysia.indeed.com/cmp/Malayan-Banking-Berhad-(maybank)/reviews?start=280
1860,HSBC,26/5/2015,"Work happily,have balance lifestyle and earn more money.",Everyday is a busy day. Handling customer with different expectation. Assisted customer to narrow their financial gaps. Meet monthly target as high as I can. Learned new stuff daily and engaged good relationship with customers.,3,RELATIONSHIP MANAGER,"Klang, M10",current,2,4,4,3,3,lunch provided,short break,18,340,https://malaysia.indeed.com/cmp/HSBC/reviews?start=340
1861,maybank,26/5/2015,Great working experience,This company has taught me so much to becoming an independent & becoming a good team player. I have also grown with the company as I have been there for 6 years.,5,Operations Executive,"Miri, M13",former,5,5,5,5,5,,,15,280,https://malaysia.indeed.com/cmp/Malayan-Banking-Berhad-(maybank)/reviews?start=280
1862,RHB Bank Berhad,26/5/2015,Productive,'- Works extra hours - Cooperative with other staff - Teamwork - Hardest part - turn around time (have to work faster) - Enjoyable part -- work as team,3,EXECUTIVE,"Kuala Lumpur, M14",current,2,4,3,2,3,Free lunch,Less bonus,15,280,https://malaysia.indeed.com/cmp/Rhb-Bank-Berhad/reviews?start=280
1863,United Overseas Bank,24/5/2015,great place to frow,"UOB bank is a regional bank in Asia where their HQ is located in singapore. it is a fun place to work in and i enjoyed the working environment as it provide me with big space to grow, learn and contribute.",4,Client Advisor,malaysia,former,4,4,4,4,4,very compliance,,6,100,https://malaysia.indeed.com/cmp/United-Overseas-Bank/reviews?start=100
1864,Cimb-Group,20/5/2015,Improving Enviroment,This place was great start to work. Long working hours with no tolerate. I learned a lot on how to handle my time in busy timelines.,4,Financial Service Consultant,"Kuala Lumpur, M14",former,4,3,3,4,4,Na,Na,16,300,https://malaysia.indeed.com/cmp/Cimb-Group/reviews?start=300
1865,maybank,19/5/2015,Productive,"Hectic with long hour. Develop good knowledge in banking product and standard practice, self development in term of people skill, problem solving, leadership and sales. Staff are all open minded and helpful. The most hardest part of the job is to handle difficult customer and fraud. The most enjoyable part is when you be able to assist customer in solving their problem and provide the best solution to their needs.",4,Executive,M10,former,1,4,4,3,2,Benefit competitively good,"Long hour, No life balance",15,280,https://malaysia.indeed.com/cmp/Malayan-Banking-Berhad-(maybank)/reviews?start=280
1866,Ocbc,19/5/2015,Caring environment and fast paced Organization,"Everyday morning, I would retrieve cases/requests sent from Singapore Branches. Then, I should start processing the day-to-day requests, prepare statements like current account, fixed account, loan account, savings account, tax report and etc. Each type of statement has a unique way to process.For Statements that include a fee, I would need to do debiting on customer's account. Moreover, I help process statements for Police Investigation after 5.30pm. By the day end, I would review, maintain and report the balancing of requests processed and received. I need to work within tight deadline as well. By undergoing this internship, I learnt to be meticulous and quick in processing because no errors are allowed in Banks. The slightest mistake will result in Breach of Banking Secrecy. In terms of Management, I would've needed to manage my stress as I needed to work within deadline. Time Management is important as I always reached OCBC Office 30 minutes early to process requests. The hardest part of the job is Heavy workload of customers requests and Police investigation. We handled requests from every branches of OCBC Bank in Singapore. Statement request for Police investigation is even more tedious. Therefore, Bank employees (Processing) are always trained to work quickly. The most enjoyable part of this job was I knew great colleagues, Team Leaders and Head. They aren't only my mentors, they are also my good friends who motivate, teach and encourage me. Moreover, I could feel the warmth of being a team (teamwork), we help each other, share the joy of success and crisis altogether.",5,Maker for Statement & Cheque Book Team (intern),Penang,former,4,4,5,5,5,"ever-changing company events, convenient work location, amiable environment","Long Hours, overwhelmingly heavy workload, Traffic Jam.",6,100,https://malaysia.indeed.com/cmp/Ocbc-3/reviews?start=100
1867,HSBC,17/5/2015,A working place that provide me an in-depth knowledge of Corporation Actions applications,"In my 7 years of working life with this company, self-motivation is a very important strength for me to ensure that work is completed in accordance with established procedures and standard in the established timeframe. I have learned the importance of teamwork to complete the tasks together with my peers. I have gained a lot of frienship from this career.",3,Assistant Manager,"Kuala Lumpur, M14",current,0,0,0,0,0,,,18,340,https://malaysia.indeed.com/cmp/HSBC/reviews?start=340
1868,HSBC,11/5/2015,fun work place,"it was great to work in hsbc. beautiful environment, provided us with all the fun. Free food on their good achievement days. Celebrates every events in Malaysia.",4,customer service executive(Banking and loans),"Cyberjaya, M10",former,3,5,4,3,3,free lunches,short break,18,340,https://malaysia.indeed.com/cmp/HSBC/reviews?start=340
1869,Public-Bank-Berhad,10/5/2015,Productive with good air conditioning in this hot weather,"I love and enjoy my working life in Public Bank for the past 28 years and taking this opportunity to thank Public Bank. I like the management style who entrust me to handle the Bills, Remittances,Foreign Currency Current Account and Fixed Deposits, Safe Deposits Box and Chief Cashier SOLELY with only one clerical staff. Month end there are a high numbers of Telegraph Transfer , Demand Draft and Bills to draw down with cut of time. To meet the monthly Figures for loans and Non Interest Incomes. with limited Staff. Manage to increase monthly figures to reach the yearly targets by the month of September to achieve the branch yearly awards.",4,Senior Executive,M04,former,3,5,3,3,3,"24 hours Guards start work early, attend calls and customers inquir, back logs after office hours & review work on weekends & public holidays",Too long hours of work. health and family effected,13,240,https://malaysia.indeed.com/cmp/Public-Bank-Berhad/reviews?start=240
1870,RHB Bank Berhad,29/4/2015,Productive,Learn to communicate with all level of customer.. Able to multitasking. work more than 13 hours per day Learn extra mile with senior. Able to handle most pressure situation.,4,Tele Collector,"Kuala Lumpur, M14",former,5,4,3,3,4,free lunch,shorts Breaks,15,280,https://malaysia.indeed.com/cmp/Rhb-Bank-Berhad/reviews?start=280
1871,RHB Bank Berhad,14/4/2015,Interesting job,it is a Very challenging job and nice environment. This company very potential. You work more then you get more return. can know new people and chat with them regarding everything they wanna share with us.,3,retail mobile banker,"Johor Bahru, M01",former,3,3,3,3,3,,,15,280,https://malaysia.indeed.com/cmp/Rhb-Bank-Berhad/reviews?start=280
1872,Cimb-Group,9/4/2015,i love work there and learn so many experiance,• Sales (credit card and cashliteprograme). • Handling system company such as IVR system and others. • Highly skilled in explain product knowledge to customer over the phone. • Hands on experience in identifying and developing succesful business relationships. • Excelent in follow up document and strong negotiating with customer. • Confidently communicate with customers.,4,telemarketing officer,"Kuala Lumpur, M14",former,3,3,3,3,3,,,16,300,https://malaysia.indeed.com/cmp/Cimb-Group/reviews?start=300
1873,Cimb-Group,6/4/2015,Challenging and competitive environment that promotes steep learning curve.,Challenging and competitive environment that promotes steep learning curve. Requires good multi-tasking skills while not compromising on work quality. Ability to work independently and be resourceful under tight deadline.,5,"Manager, Credit Risk Analyst",Kuala Lumpur,current,4,4,4,4,3,Promotes steep learning curve,Challenging and competitive,16,300,https://malaysia.indeed.com/cmp/Cimb-Group/reviews?start=300
1874,HSBC,6/4/2015,A place to work,HSBC is a place to work for those fresh graduate . the management were well doing to accomplish the staff over here and fulfill the needs. I learn so much about international banking and global trade .,5,GLOBAL SUPPORT EXECUTIVE,"Cyberjaya, M10",former,5,5,5,5,5,Place to work,Night shifts can spoil health,18,340,https://malaysia.indeed.com/cmp/HSBC/reviews?start=340
1875,Cimb-Group,31/3/2015,Great working place,Have spent 20 years in this prestigious ASEAN well known regional bank. A great working place with multiracial co-workers. A supportive management towards well being of it's employees.,5,Business Analyst,"Kuala Lumpur, M14",former,3,4,4,4,4,,,16,300,https://malaysia.indeed.com/cmp/Cimb-Group/reviews?start=300
1876,RHB Bank Berhad,27/3/2015,Courage,"In my experience with RHB I learn to be positive and take things as a challenge . I believe when we have a positive attitude toward our organization we can face theAny difficulties , problems , obstacles ,hurdle or barrier can be overcome .",3,Project Management Officer,"Kuala Lumpur, M14",current,3,2,3,2,3,,,15,280,https://malaysia.indeed.com/cmp/Rhb-Bank-Berhad/reviews?start=280
1877,HSBC,26/3/2015,productivity and activities that orgarnize,we need to focus on what are we doing in daily basic whether the customer is eligible to receive the loan if not the bank will lose.what i learned is we need to be in team work when we need to accomplish for what we doing.moreover we need to communicate to our colleague .,4,GSE EXECUTIVE,"Cyberjaya, M10",current,4,4,4,4,4,free lunch,shortbreak,18,340,https://malaysia.indeed.com/cmp/HSBC/reviews?start=340
1878,Cimb-Group,24/3/2015,A good place to start a career,"friendly,supportive and knowlegable colleague. I learned about compliance of Bank Negara Malaysia(BNM), AMLATFA, IFSA and banking policies and management skills. handling day to day banking operation in details and based on policies that have been stated. im exposed to new experiences that required new level of management skills and knowledge. at the same time, i also learnt to carry out sales for banking/finacial products.",5,customer service officer,"Kota Kinabalu, M12",former,4,5,2,3,3,regain knowledge and experiences,lack of job security,16,300,https://malaysia.indeed.com/cmp/Cimb-Group/reviews?start=300
1879,Cimb-Group,14/3/2015,Data quality management unit,"Wonderfull department where workers can learn more about banking system, managements also help us on time when we need and co-workers very helpful. The hardest part of the job difficult to learn about the system for 1st time user but once we managed it's easier. The most enjoyable things in this departments every week got meeting amoung the team with managers to get to know how the staff handling the work every week with any problem or not.",3,CLERK,"Kuala Lumpur, M14",former,3,2,3,3,3,,,16,300,https://malaysia.indeed.com/cmp/Cimb-Group/reviews?start=300
1880,Cimb-Group,10/3/2015,Productive working task.,"I came to work early than working time. The working period is basically from 8.30 A.M until 5.30 P.M. I had my breakfast at the workplace usually. Literally, I learned something new at the work place every week. I learned about presentation skills, time management, work culture, and the workers different personality. The access card for everyday used need several days for it to be done. The approval for internet access, printing and scanning security slow and required days to be approved and settled. The management kind of blurry and they did not introduce new worker to the existing employees in another department, only among their department and if they have to. Everyone need to know their own colleagues in order to have better working environment. There are friendly co-workers and others rather be in their clique. The hardest part of the job is that there are no work to be done for that particular day, I think a worker must accomplish or contribute something on that day, then he is worthy on receiving the paycheck, because of the work that he had done. The most enjoyable part of the job was when I know what I am doing and receiving work from supervisors or other superiors. This is only the point of view of an intern.",5,Internship - Corporate Planning & Management,"Kuala Lumpur, M14",current,5,5,5,3,4,Flexible working time,Solemn working culture especially to new employee,16,300,https://malaysia.indeed.com/cmp/Cimb-Group/reviews?start=300
1881,RHB Bank Berhad,4/3/2015,I like this sales jobs,I LIKE THIS WORK SALES . MANAGER GOOD HEART AND LIKE FOR HER NEW ZEAL FOR STAFF AND ALWAYS GOOD FOR TUTORING . Search a new customer every day to buy RHB product . For example ASB loan,5,TELEMARKETING EXECUTIVE,"Kuala Lumpur, M14",former,5,5,5,5,5,Lunch 12.00Pm-1.00Pm,Write submission 5.00Pm-5.30Pm,15,280,https://malaysia.indeed.com/cmp/Rhb-Bank-Berhad/reviews?start=280
1882,Cimb-Group,3/3/2015,Productive and busy,"Day will be basically busy as the application will be escalated randomly for executives to process. At the same time have to attend to Sales staffs on enquiries. However, i'm glad that this kind of working environment has actually taught me do multitasking at a time. Beside, I have improved my analytical and decision making skills as well. Moreover, we do have our monthly meetings and birthday celebrations once in a month which actually creates a positive bond between everyone.",4,Executive,Kuala Lumpur,current,1,3,2,2,2,Teamwork,Imbalance worklife and culture,16,300,https://malaysia.indeed.com/cmp/Cimb-Group/reviews?start=300
1883,HSBC,25/2/2015,good opportunities and learned a lot,Good working and learning experience. And good working environment.Typical work day duties includes working closely with clients. Knowledge of all product offered is essential in the role of Customer Experience associate. You must be able to identify issues and provide solutions and products to help better and deepen the client-bank relationship. By doing so you build a rapport with the client and the depend on you as a reliable source to handle their business/ banking affairs.,5,Assistant Manager Operations,Cyberjaya,current,3,3,3,3,3,,,18,340,https://malaysia.indeed.com/cmp/HSBC/reviews?start=340
1884,Cimb-Group,23/2/2015,"As usual, work has to be completed on a daily basis.","I am only here on a temporary basis, replacing the secretary who is on maternity leave. Nice evironment and office workspace. Location is good as access to public transport. As for lunch , convenient, as walking distance to KL Sentral Good working colleagueas.",3,Secretary,"Kuala Lumpur, M14",former,3,3,4,3,3,,,16,300,https://malaysia.indeed.com/cmp/Cimb-Group/reviews?start=300
1885,maybank,23/2/2015,Challenging and rewarding working environment,"An excellent platform for those who strive to excel in managing multiple projects concurrently while meeting deadlines and consistently applying analytical, problem solving and follow through skills. Challenging but fairly compensated.",4,"Assistant Manager, Corporate Finance","Kuala Lumpur, M14",former,3,4,4,3,3,,,15,280,https://malaysia.indeed.com/cmp/Malayan-Banking-Berhad-(maybank)/reviews?start=280
1886,Cimb-Group,18/2/2015,Productive workplace,An intensive analysis of financial statements help in improving my skills and knowledge. Persistency is the key to success in this job.,4,Financial Analyst,Kuala Lumpur,former,4,4,4,4,4,Supportive colleagues,Not applicable,16,300,https://malaysia.indeed.com/cmp/Cimb-Group/reviews?start=300
1887,Cimb-Group,16/2/2015,Innovative and Informative,"Good for corporate culture in nurturing the governance of a banking institution. I learn about banking procedure, charges, basic loan calculation, banks product, saving and current account maintenance, check everyday balance and so on",3,Customer Care Consultant,"Kuala Lumpur, M14",former,3,4,2,3,2,,,16,300,https://malaysia.indeed.com/cmp/Cimb-Group/reviews?start=300
1888,Cimb-Group,15/2/2015,a place with all facilities around,"In my review , the company was good and I was able to meet new clients everyday. I never knew what I was capable of until I joined here as a officer. I have learned that it is important to respect the customers and treat them with a good mannerism. Besides this, I like my working environment as my co-workers are helpful and friendly. My boss is best trainer that I had.",4,Recovery officer,"Kuala Lumpur, M14",former,3,3,4,4,4,Flexibility,Short beak times,17,320,https://malaysia.indeed.com/cmp/Cimb-Group/reviews?start=320
1889,Cimb-Group,12/2/2015,Kpi target difficult to achieve,The branch is going to close down due to it making losses. Nice place to work. Learned a lot of things. Management and co workers are very supportive. The hardest part of the job is to the the clients to pay their loss.,2,ASSOCIATE,"Jempol, M05",former,1,1,1,1,2,,,17,320,https://malaysia.indeed.com/cmp/Cimb-Group/reviews?start=320
1890,RHB Bank Berhad,12/2/2015,Productive and fun workplace,Working with RHB Bank as Sales Executive give me challenges experience. I learned about strategies and how to conviences costumer about company product. My co-workers like family to me. The hardest part of the job is to archive the montly target. The most enjoyable part of the job during paid.,4,Sales Executive,M10,former,3,4,5,4,5,Low rate loan for staff,Family days,15,280,https://malaysia.indeed.com/cmp/Rhb-Bank-Berhad/reviews?start=280
1891,RHB Bank Berhad,10/2/2015,"I believe that my strong banking, finance and collection experience namely in Price Solutions SdnBhd (Standard charted Bank), HSBC Bank (M) Berhad, AM","With a Ten (10) years experience in Banking Line, I have a full understanding of administrating,managing organization and credit line. Moreover I had involved in special project in creditdepartment. Other than that, I have a very good computer skills",4,SENIOR RECOVERY EXECURIVE,"Kuala Lumpur, M14",former,4,4,4,4,4,,,15,280,https://malaysia.indeed.com/cmp/Rhb-Bank-Berhad/reviews?start=280
1892,maybank,9/2/2015,Great and exciting,Good where it gave me opportunity to advance and learn new things that relates to the banking industry. Career advancement is evident and mentors are equipped with knowledge and know-how.,5,Relationship Manager,"Kuala Lumpur, M14",former,3,3,3,3,3,,,15,280,https://malaysia.indeed.com/cmp/Malayan-Banking-Berhad-(maybank)/reviews?start=280
1893,Bank-Rakyat,30/1/2015,Enjoyable working environment,"Rotation on different department such as financing unit, documentation unit, operation unit. I learn much on how to deal with customers, learn to communicate each others.",5,Practical trainee,"Segamat, M01",former,5,5,5,5,5,,,5,80,https://malaysia.indeed.com/cmp/Bank-Rakyat/reviews?start=80
1894,maybank,25/1/2015,Nice working enviroment,"what can I conclude, Maybank give a lot of benefits to their staff. they tried to make their staff comfortable during working hour. But, during I was work there, there are curtain things they miss look.",4,TELLER,"Kuala Lumpur, M14",former,4,4,5,3,4,nice co-workers,management problem,15,280,https://malaysia.indeed.com/cmp/Malayan-Banking-Berhad-(maybank)/reviews?start=280
1895,Cimb-Group,17/1/2015,"productive and fun workplace, enjoyable environment","'-I learned to team work with co-workers. -The hardest part of my job is, calling customer to get confirmation of transaction,because its take time for customers to reply the purpose of transaction. -The most enjoyable part of my job is ,working only in week days .",3,BANK OFFICER,"Kuala Lumpur,",current,4,2,3,3,3,medical,,17,320,https://malaysia.indeed.com/cmp/Cimb-Group/reviews?start=320
1896,RHB Bank Berhad,16/1/2015,Productive and working as a team.,"The environment is great but there is no work/life balance. Working as a team is the best part in here. Monthly incentive is the target. However, there is some cases the incentive will be hold or forfeited. It doesn't sound fair to all of the staff that have given their best.",4,Sales Executive,Subang Jaya,current,3,3,4,3,3,Great Incentives.,Healthcare,15,280,https://malaysia.indeed.com/cmp/Rhb-Bank-Berhad/reviews?start=280
1897,RHB Bank Berhad,12/1/2015,a lot of event will arrangement and do it.,i like to work because talk with different of person and solve the problems.,1,Executive(Loan),penang,former,1,1,1,1,1,,,15,280,https://malaysia.indeed.com/cmp/Rhb-Bank-Berhad/reviews?start=280
1898,United Overseas Bank,7/1/2015,Challenging workforce withroom for growth and career progression,"Daily task include analysing market opportunities to come up with product ideas that suits the market trend and customer's needs and preferences. With this, I have learn to adapt to the changing market environment and work under pressure as a split second would cost a lost of opportunity or money position for the clients. My managers : Margaret, Steven and Mr Khoo had been really supportive when it comes to product approvals and recognition of one's efforts. I have been generously rewarded for the handwork that I have shown and this enhances and boost my morale values. I work with a team of 10 other people who carries the same role. We each exhibit a strong cooperation system and there's a buddy system in tact which enables one to have a back up if any unforeseen circumstances prevail. The hardest part of the job is when we have a bad day at the market, where most indices dropped or the currencies are taking a beating, it is the mental and emotional position of our clients that we would need to manage eg. being shouted at or even enduring tantrums and anger hurled at you and our job would be to pacify the clients and offer alternative solutions. The most enjoyable part would definitely be monetary. Being an employee on both basic salary and monthly incentives, the money is the pull factor. I am accountable for what I bring home extra every month and when you do your best, the satisfaction is there when you bring home a big fat paycheque. I have learn a lot working in UOB, a lot of opportunities was given to me. Steven in particular was nurturing me and guiding me for a managerial role, I was exposed to all the numerical and analytical tasks and meetings and presentations to help me understand the business better and how to run a treasury advisory team, ensuring we are using our team budget accordingly. It was definitely something that made me realise my talent and the opportunity to learn.",5,Treasury Specialist - Privilege Banking,"Kuala Lumpur, M14",former,5,5,5,5,5,"Good benefits, supportive management, good remuneration and rewards","No lunch break as we work through lunch hours, managing people's expectations and patience",6,100,https://malaysia.indeed.com/cmp/United-Overseas-Bank/reviews?start=100
1899,Cimb-Group,3/1/2015,Your can work but cannot be promoted,"'- My typical day at work is cannot be promoted. - I learned that if you done well in your job is not compulsory you can be promoted by your supervisor. - My management always bias to their employees, especially to clerical and non clerical staff. - My co-worker also same fate - The hardest part of my job is you easy can get scold, threatening and four letter word from customer went you asking for payment. - The most enjoyable part of my job is customer appreciate because I help them the solution how to manage their debt payment also my prayer time.",2,CLERICAL,"Kuala Lumpur, M14",current,2,3,3,1,2,Can prayer and salary on time,For clerical no vehicle and sundry loan,17,320,https://malaysia.indeed.com/cmp/Cimb-Group/reviews?start=320
1900,United Overseas Bank,28/12/2014,A challenging job with great benefits,Job required answering phone calls and emails related to credit card matters. It was shift work that included weekdays and weekends. There were always difficult and unreasonable customers and it was a challenge to meet their demands. Some days lunch/dinner/rest breaks were curtailed to meet the backlog of calls. There were appreciative customers who would call/write in to thank the staff for assistance in resolving their issues.. Management were helpful and supportive but kept us on our toes all the time.,4,SENIOR OFFICER,"Kuala Lumpur, M14",former,3,4,4,4,3,Great opportunity for career advancement,Requre a lot of patience and resilience,7,120,https://malaysia.indeed.com/cmp/United-Overseas-Bank/reviews?start=120
1901,maybank,27/12/2014,Great place to work with people-oriented culture,"A wonderful place to work with a lot of room for personal and team growth, co-workers are more like family members and there's a common goal to strive for the greater good for the community not just for the company.",5,Flow Product Manager,"Kuala Lumpur, M14",former,5,5,5,4,4,,,15,280,https://malaysia.indeed.com/cmp/Malayan-Banking-Berhad-(maybank)/reviews?start=280
1902,HSBC,17/12/2014,Friendly and Fun workplace,Always motivate staffs to go extra mile and provide a good work environment and benefits that make work less stressful. The also give a good healthcare to the staffs,4,telebanking-officer,"Kuala Lumpur, M14",former,4,4,3,2,4,A lot of activities to motivate staffs and make work fun,retrenchment,18,340,https://malaysia.indeed.com/cmp/HSBC/reviews?start=340
1903,bank islam,13/12/2014,Fun workplace,I enjoy with Bank Islam because have a good environment and good co workers. I give full participate in all event under Bank.,5,FINANCE EXECUTIVE,"Lembah Pantai, M14",former,4,5,4,4,4,Executive,Finance,3,40,https://malaysia.indeed.com/cmp/Bank-Islam/reviews?start=40
1904,RHB Bank Berhad,1/12/2014,Travel in order making sales about bank product,Able to participate in team work. Able to achieve daily target. Hardest part is facing the customers problem. The most enjoyable part is I can travel anywhere but in the same time we need to find our sales.,4,Personal Banker,"Kuala Muda, M02",current,4,4,4,4,4,,,15,280,https://malaysia.indeed.com/cmp/Rhb-Bank-Berhad/reviews?start=280
1905,maybank,28/11/2014,Fun but the office culture is not healthy,"Working with Maybank Berhad in credit card department was a such great experience to gained. It taught me on how to be more patient especially confronting customers via telephone. It also improve my communication skills, interpersonal skills, and computer skills. I also got the chance on how to read customers' credit card statements. However, instead of good things that I got during working with Maybank Credit Card, there were also bad things happened in the office, which is the office culture. The credit card department operating via telephone so, there were times where the senior employee pass the telephone to the junior employee because they do not want to entertain the customers and solve their problems. I hope the problems of bad office culture can be solved in the future and the higher authority of the company could play their roles.",3,Graduate Trainee Officer (GTO),"Kuala Lumpur, M14",former,3,3,3,3,4,"Can improve the communication skill and solving problem. Besides, the job taught me to be more patient in confronting the customers.",The salary is not worth with the job. Should increase the salary.,16,300,https://malaysia.indeed.com/cmp/Malayan-Banking-Berhad-(maybank)/reviews?start=300
1906,HSBC,23/11/2014,Poor work/life balance,Lack of management direction High turnover rate Lack of work life balance. Easily clocking in 50 hours per week with no additional allowances,1,Test Engineer,"Kuala Lumpur, M14",former,0,0,0,0,0,Huge MNC with good ank related privilages,"Bad place to work, lack of management direction",18,340,https://malaysia.indeed.com/cmp/HSBC/reviews?start=340
1907,HSBC,23/11/2014,Productive and fun workplace,"I have learnt many things from this company, They have provide me full training on daily tasks and many more knowledge. The team members are awesome and friendly.Always helping each other to complete all tasks.The team work are good .",4,Senior Global Support Executive Global Custody,Kuala Lumpur,former,5,4,5,3,4,Training,long hours,18,340,https://malaysia.indeed.com/cmp/HSBC/reviews?start=340
1908,HSBC,9/11/2014,Very fun working enviroment,I have learn a lot. Very flexible working hours. Team work . Co-workers a very helpful ( work done as a team work ) .,5,GLOBAL SUPPORT EXECUTIVE,"Cyberjaya, M10",former,5,5,5,5,5,None,Healthcare benefits need to upgrade more for the workers.,18,340,https://malaysia.indeed.com/cmp/HSBC/reviews?start=340
1909,United Overseas Bank,28/10/2014,Fun environment,"learned communication skills management - very friendly Hardest part - Short break very limited, less freedom Enjoyable - Festival season entertainment",5,customer service exec,"Kuala Lumpur, M14",current,5,5,5,5,5,Flexible,short breaks very limited,7,120,https://malaysia.indeed.com/cmp/United-Overseas-Bank/reviews?start=120
1910,Public-Bank-Berhad,27/10/2014,Productive and high committed working culture,'- Good training provided and friendly colleagues - Company that focuses on training and results oriented,4,Sales & Marketing Exective,"Seremban, M05",current,3,5,5,4,4,Good learning culture,Stressful,13,240,https://malaysia.indeed.com/cmp/Public-Bank-Berhad/reviews?start=240
1911,HSBC,23/10/2014,An organisation with work life balance,"Main task was on reconciliation (cash & stock) of accounts in most currencies which is done via TLM system (banking system) at my team from Singapore, Thailand & Hong Kong Multi task within the team for various work Coped with different working hours well such as 6am & 9am shift at my team (IMS)  Met the targets that were set by the bank on a weekly basis. Able to help other departments during peak periods",4,BANKING & FINANCIAL SERVICES,M10,former,4,4,4,4,5,Good exposure to multi culture countries,Working on malaysian public holidays,18,340,https://malaysia.indeed.com/cmp/HSBC/reviews?start=340
1912,maybank,16/10/2014,very good place to work,I have learned a lot about banking domain.The management is very good.co workers also very good.,5,Hadoop Developer,kuala lumpur,former,4,4,4,3,3,,,16,300,https://malaysia.indeed.com/cmp/Malayan-Banking-Berhad-(maybank)/reviews?start=300
1913,Cimb-Group,15/10/2014,Productive workplace with good and healthy enviroment,"Such a challenging workplace. Surrounding with hardworking and responsbility colleague. Together we managed daily task and support each other in any related job descreption.Every month end was a toughest part on our duty. Salute to my team mate, together we'll ensure all task must be done and balance at the end of day. 'Pot Luck' is one of our monthly program especially on month end; we called it ""Stove Day"".",5,Manager,"Kuala Lumpur, M14",current,4,4,5,5,4,"Benefits in medical, high yearly bonus payout",Yearly increament,17,320,https://malaysia.indeed.com/cmp/Cimb-Group/reviews?start=320
1914,Cimb-Group,14/10/2014,Not strictly job,"From my review, this job is based on yourself how to conduct job individually. You became a boss. You will come do a job anytime and anywhere to meet your client.",4,"Internship, Unit Trust Consultant","Shah Alam, M10",former,4,4,4,4,4,,,17,320,https://malaysia.indeed.com/cmp/Cimb-Group/reviews?start=320
1915,Cimb-Group,12/10/2014,Working place environment,I like the environment in here because all of the staffs are really friendly.,5,CUSTOMER SERVICE OFFICER,"Petaling Jaya, M10",former,5,5,3,4,4,,,17,320,https://malaysia.indeed.com/cmp/Cimb-Group/reviews?start=320
1916,Cimb-Group,18/9/2014,Effective working environment with result-oriented co-workers and superior.,"Perform financial analysis in terms of fundamental of a company to assess the fair value of a share price. Update with current issues (read news, briefing from manager) and be alert on the fluctuation of financial markets. Consult research report from award winning house CIMB research to equipped myself with current stock picks and trading ideas and report to clients as well as monitor clients’ investments portfolio. Communicate with different clients with different investment objectives, and cooperate with back office (operation) to ensure effective operation work is accomplished Be extra cautious/alert while keying orders to prevent errors while receiving instruction from client because when money is concern, it takes a great deal of responsibility to handle clients needs. Effective communication was carried out when performing duties to ensure productive work and harmony working environment. Interpersonal skills are enhanced.",4,Associate,Sarawak,current,4,4,4,4,4,"Medical benefits, employee remuneration packages",,17,320,https://malaysia.indeed.com/cmp/Cimb-Group/reviews?start=320
1917,Ocbc,18/9/2014,Analyst review,"In this job, i have taken up some programming roles, learnt how to manage migration of big systems, and to automate big bulk of the daily operations of a department.",4,Analyst Programmer,"Kuala Lumpur, Malaysia",former,4,4,4,4,4,management takes care of their staff's welfare,none,7,120,https://malaysia.indeed.com/cmp/Ocbc-3/reviews?start=120
1918,RHB Bank Berhad,18/9/2014,Challenging but Fun Place to work,"'- Responsible for quantitative and qualitative analysis of loan and credit line applications and other requests including annual review of existing client’s facilities. - Responsible for analyzing financial information and accessing credit worthiness and risk of a portfolio of commercial companies with gross turnover of RM80-RM100mil/year) - Understand my clients' business in terms of financial, management and their future prospective. - I am a team player, and having maintained good relationship with my colleagues and line managers. - So far, I enjoyed my job because I will be able to learn a lot from my job and people that I am working with.",4,Account Relationship Manager,"Penang, Malaysia",former,4,4,4,3,3,Great learning place and great people to work with,"Coundn't name any as far as I know, I enjoyed my job",16,300,https://malaysia.indeed.com/cmp/Rhb-Bank-Berhad/reviews?start=300
1919,Cimb-Group,12/9/2014,Summer Internship in CIMB Investment Bank,"I was an intern in the Equity capital markets department, CIMB Investment Bank, Malaysia for a duration of two months in early 2013. I was involved in the Ranhill IPO, whereby I helped to create a teaser of the IPO for presentation to cornerstone investors, describing the company's strengths, strategies, industry dynamics and growth prospects. Not only that, I also assisted with creation, editing, and analysis of documents by compelling industry and company data, performing basic financial analysis, and creating presentation documents. Being involved in prospectus launches for various IPOs allowed me to understand corporate finance better. Although the working hours were long, I enjoyed learning about the fusion of marketing and finance.",4,Equity capital markets intern,"Kuala Lumpur, Malaysia",former,3,3,3,4,3,Experiencing prospectus launches,Long working hours,17,320,https://malaysia.indeed.com/cmp/Cimb-Group/reviews?start=320
1920,maybank,5/8/2014,productive worker,"An Oracle professional with 8+ years of experience as an Oracle PL/SQL Developer&DBA. To achieve a challenging position in software development in a result oriented organization where my acquired skills, creativity, knowledge and experience will be utilized towards growth and advancement.",5,"TWCMS tools, HP QC, JIRA",malaysia-KL,former,5,5,5,5,5,,,16,300,https://malaysia.indeed.com/cmp/Malayan-Banking-Berhad-(maybank)/reviews?start=300
1921,maybank,31/7/2014,Friendly environment but Sluggish Culture,"People are generally helpful and friendly. Nonetheless, being the biggest bank in Malaysia, it can be a victim of its own success - sluggish and socialist.",3,"Manager, Client Coverage, Global Banking (GB)","Kuala Lumpur, M14",current,4,2,3,2,2,,,16,300,https://malaysia.indeed.com/cmp/Malayan-Banking-Berhad-(maybank)/reviews?start=300
1922,maybank,1/7/2014,Nothing much to comment as I only worked for 3 months there,Project Analyst role was to monitor the cost of project and flow of project. Overall a very good benefit company to work with.,2,Project Management Analyst,"Kuala Lumpur, M14",former,4,3,4,2,3,,,16,300,https://malaysia.indeed.com/cmp/Malayan-Banking-Berhad-(maybank)/reviews?start=300
1923,United Overseas Bank,1/7/2014,Great work environment,"Daily market monitoring and get updates from the investment and treasury specialist in order to spot investment opportunities for clients. Meanwhile, to assist clients with their daily transaction, eg. fixed deposit placement, telegraphic transfer, etc. Teamwork and communication is vital especially in your absence, keeping everyone informed about your whereabouts is your responsibility because this ensures that everything runs without hiccups. Multi-tasking was learned throughout the 4 years work experience in UOB, to combat with high expectation from superiors and customers. Quick adaption to change was developed because of the consistent changes in supervisors, management and salary payout structure. Ever-ready to help colleagues made this place one of the most enjoyable environment to work and grow in. Everyone treated each other with respect made working in a multiracial environment very pleasant.",5,Privilege Banking Client Adviser,Kuala Lumpur,former,5,5,5,5,5,Great colleagues and enjoyable work environment,Inconsistent management structure and payout,7,120,https://malaysia.indeed.com/cmp/United-Overseas-Bank/reviews?start=120
1924,Cimb-Group,24/6/2014,Productive and Challenge,Always busy but I have gained a lot of experience. This job has taught to be good leader and manager.,5,Asst. Vice President,Kuala Lumpur,current,0,0,0,0,0,gained experiance,,17,320,https://malaysia.indeed.com/cmp/Cimb-Group/reviews?start=320
1925,Ocbc,11/6/2014,fun workplace,"the work is an 24/7 rotational based shift work,i had learn more about the usage f credit card and about the charges on the card,the management is just nice on their supervise and moreover my colleague are very friendly they do assist if there is any doubt,the hardest part is when the charges unable to waive and need to contact customer at the same side advice on the payment,the most enjoyable is my friends.",3,Waiver Officer,"Petaling Jaya, M10",current,2,2,2,1,1,free vendor dring,long hours,7,120,https://malaysia.indeed.com/cmp/Ocbc-3/reviews?start=120
1926,maybank,24/5/2014,Very challenging,Career progress were not great though work was very challenging. The most enjoyable part was meeting different types of people everyday.,2,Credit Administration Officer,"Selangor, Malaysia",former,0,0,0,0,0,,,16,300,https://malaysia.indeed.com/cmp/Malayan-Banking-Berhad-(maybank)/reviews?start=300
1927,RHB Bank Berhad,19/5/2014,One of the top 5 bank due to government back up,"One of the top 5 bank in Malaysia. Unfortunately top management change few times and as a result to that the bank has""duplicate"" departments which caused time frame for approval in may ways.It is still one of the ""anchor"" bank in Malaysia due to the government back up through the government link company - Employee Provident Fund (EPF) as the major shareholder of the bank. The bank does not compensate the workers so well and as a result to that many good workers had left the bank. I dont have any good or enjoyable time with the bank except my work satisfaction setting up a new business center and led the center to be the new best branch in 2009.",1,Senior Manager (Business Center Manager),"Seremban, M05",former,2,1,1,1,1,Still among the top 5 bank in Malaysia due to the government back up,Staff benefits and welfare -too little.,16,300,https://malaysia.indeed.com/cmp/Rhb-Bank-Berhad/reviews?start=300
1928,HSBC,17/5/2014,work place has the positive energy,Overall all officers are friendly and helpful Trainers are ethicall and working environment enjoyable,4,GSE,Cyberjaya,former,5,3,4,5,3,breaks given in between to relax,nil,18,340,https://malaysia.indeed.com/cmp/HSBC/reviews?start=340
1929,Cimb-Group,14/5/2014,Great place of work,It is a great place to work as everyone worked as a team and we practiced open management system that made it possible faster information movement across the board. We were a big family with same set goals.,4,Sales Personnel Consumer Banking,Kuala Lumpur Malaysia,former,4,3,3,4,4,,,17,320,https://malaysia.indeed.com/cmp/Cimb-Group/reviews?start=320
1930,HSBC,6/5/2014,Fun working place,"The benefits are the best and the work environment itself is good. The schedule gets a little overwhelming sometimes, but it's an alright place to work.",3,Asst. Manager Training & Projects,"Cyberjaya, Malaysia",former,3,5,5,3,5,,Shift patterns,18,340,https://malaysia.indeed.com/cmp/HSBC/reviews?start=340
1931,HSBC,4/5/2014,Work life balance,"'-5 days per week -learn to call a customer related for bank solution -we will have one to one section with line manager every month -as a senior, will help junior when they are facing problem -no hardest part of the fob for me recently -enjoyable part is we have team building sometimes",4,Global Support Executive,Cyberjaya,current,3,3,4,3,3,,,18,340,https://malaysia.indeed.com/cmp/HSBC/reviews?start=340
1932,Cimb-Group,30/3/2014,Was a Management trainee,they call it The Complete Banker Program. 2 months of classroom training and 10 months of related department rotation,3,Associate,"Kuala Lumpur, M14",former,0,0,0,0,0,,,17,320,https://malaysia.indeed.com/cmp/Cimb-Group/reviews?start=320
1933,maybank,12/3/2014,Maybank is Good Malayan Bank,Very good retail banking. It has good company environment and Good planning in SDLC.,5,Sr DB Developer,Malaysia,current,5,3,3,5,4,,,16,300,https://malaysia.indeed.com/cmp/Malayan-Banking-Berhad-(maybank)/reviews?start=300
1934,HSBC,27/2/2014,Productive and fast-paced environment,"I have been assigned to department of Global Market Operation (GMO). I have learned and gain experiences through out this internship for examples the process of transaction about bonds, banker's acceptance and so on. I am really in practical for this 4 months.",4,Internship at HSBC from 4,"Kuala Lumpur, M14",former,3,3,3,3,3,,,18,340,https://malaysia.indeed.com/cmp/HSBC/reviews?start=340
1935,Cimb-Group,25/2/2014,Productive & Challenging,"Nice to explore new thoughts, design the data flow. Opportunity to learn new technologies. Interaction with vendors Flexible timings",4,Wintel & MFT Administrator,Kuala Lumpur,current,4,3,4,3,3,,,17,320,https://malaysia.indeed.com/cmp/Cimb-Group/reviews?start=320
1936,Cimb-Group,3/2/2014,Productive and good team workers,I have learn basic work functional in banking environment. Communicate effectively with customers in order to persuade and give financial advices to avoid of non-performance of payments.Also prepare legal payments according to the invoices given. Check and settle all the legal billings effectively and efficiently. Manage other miscellaneous files and documents as well. Actively liase with business clients in daily business performance.,5,Executive Officer (Consumer Credit Operation),Kuala Lumpur,former,5,4,4,4,4,,Long Hours,17,320,https://malaysia.indeed.com/cmp/Cimb-Group/reviews?start=320
1937,Public-Bank-Berhad,25/1/2014,Very good place to start a career. Lot of things to learn and there is always task to perform,"Basically perform development and provide support for the Bank's Treasury system, overseas branch core banking system and offshore banking' s treasury and accounting system. Have very good knowledge on Bank's Treasury Related systems, core banking system etc. As of now involved more on managing staff's and provide consultancy, attend meeting with stakeholders. The hardest part of the job is when issues arise, providing solution and rectification work is not an issue but handling of the management is tough part. Always occupied and enjoys the constant job pressure.",3,System Development Manager,"Bangi, Selangor, Malaysia",current,3,4,4,3,3,Benefit offered and always there are things to learn,,13,240,https://malaysia.indeed.com/cmp/Public-Bank-Berhad/reviews?start=240
1938,HSBC,3/1/2014,Good exposure to experience customer environment,"I am responsible for handling calls from customers in regards to their problems and apply solutions through phone support. I also handle customer's inquiries and request on the products and promotions offered by the bank. Throughout my employment, I have learn to be more attentive towards customer's request or complain, being independent by working under minimum supervision, acquired good phone etiquettes, learn to prioritise what is urgency and being a team player. The management rewards accordingly. Team mates are friendly and cooperative. We always try to assist each other to achieve our team performances. The hardest part of the job is we work in different timezones and the distance. I have learn and enjoyed most of the job and have gained good experiences and friends along the way.",4,GLOBAL SUPPORT EXECUTIVE,Cyberjaya Malaysia,former,3,2,2,3,4,"Relax work environment, constant acknowledgement",distance to travel,18,340,https://malaysia.indeed.com/cmp/HSBC/reviews?start=340
1939,Cimb-Group,1/1/2014,A good ground to learn from operation to management level,"There is no typical day as such, but monitoring the current trust, tax and estate planning development on a weekly basis is vital. Every day is different: one day you might be out seeing clients, perhaps reviewing their personal situation or entertaining them with a day at the golf tournament. The next day you could be in the office, documenting transactions, drumming up new business and dealing with clients by a face to face meeting. My clients are in the range of high net worth and ultra high net worth. They won't consume their wealth in their lifetimes, and they tend to be extremely conservative and careful when passing down their wealth to the next generations. I'm like a doctor on call 24/7. We're dealing with the wealthiest people in the world … if they call you up and ask you a question, and you're not prepared, your credibility and the credibility of the Company is hurt. Once they trust you, they're our best source of new clients and it is really a good and satisfied feeling when these happens.",4,Trust Consultant (Manager),Kuala Lumpur,current,3,4,4,4,3,,,17,320,https://malaysia.indeed.com/cmp/Cimb-Group/reviews?start=320
1940,maybank,1/1/2014,Good Training Ground,"Being graduated as a mathematician, reading and vetting documents are hard in the beginning. Having said that, with a proper guidance from my supervisor and having the passion to learn and to know more, I strive to be better at my job and at the same time enjoying what I'm doing.",4,Executive of Corporate Trust,Kuala Lumpur,former,0,0,0,0,0,,,16,300,https://malaysia.indeed.com/cmp/Malayan-Banking-Berhad-(maybank)/reviews?start=300
1941,Bank-Rakyat,2/12/2013,Fun working environment,"I did the administrative works and assist staff in multiple task to ensure that I can get the clear picture about banking industry. I've learn a lot of things such as the way or techniques to promote the products, how to interact with the customers, how to market the products to the potential customers and also how to work in a group. The management is very good in handling their staff and customers and the co workers there always offer assistance when i need their consultation. Over all this company is very fun and enjoyable workplace surrounded with family-like environment between their staff.",4,Practical Student,"Kuantan, M06",former,4,4,4,4,4,provide with all the job's benefit,'-,5,80,https://malaysia.indeed.com/cmp/Bank-Rakyat/reviews?start=80
1942,HSBC,4/11/2013,Attire not straightly implement,"In HSBC Electronic Data Processing, we are the bank end process in setting up trade. My process, Message Control are following UK' office time (GMT) which start at 1600 Malaysian time and end at 0100. Here we are the initial process by assigning trade message from originator or client to specific department for processing.There are three systems to be monitor and all of the messages must be received before their cut of.. Every single message we must assign within 15 minutes to avoid losses. In Message Control a lot of thing I had learn because to identify each message belongs to whom, I must had knowledge of every single process related. at the end of the day, we must make sure no more messages pending in our queue to be escalate. we also have to deal with our colloquies out from Malaysia like United Kingdom, Philippines, India if needed via telephone or email. So verbal communication skill and writing skill are very important. As a Global Support Executive, we are at grade 8, monitor by Assistant Manager. Since Message Control is a small process, we are combine by several other process under one assistant. There are several difficulties in performing task like system issue, received a lot of message in on time and sometimes multiple instruction in a trade message and had been rejected by several processing. Overall I do enjoy when working with HSBC because it do develop me into more confident person, I learn to think more aggressive when the situation is extra ordinary compare to usual. I have to be independent in determining to which department every trade message is for.",4,GLOBAL SUPPORT EXECUTIVE,"Kuala Lumpur, M14",former,4,4,4,4,4,free break hour,working time different from local office hour,18,340,https://malaysia.indeed.com/cmp/HSBC/reviews?start=340
1943,HSBC,14/10/2013,feeling excited to work in hsbc bank,"working in hsbc bank might make me feel comfortable. because 1st thing the company is near from my house, so easily for me to go work. Thus it also can give me chance to prove myself that i am hardworking person.",5,Internship,"Cyberjaya, M10",former,5,5,5,5,5,,,19,360,https://malaysia.indeed.com/cmp/HSBC/reviews?start=360
1944,maybank,3/10/2013,good place to earn alot in short period of time,Sales based environment with high commission. High pressure and motivating environment.,4,Maybank Amex Telesales Executive,"Kuala Lumpur, M14",former,3,4,3,2,3,high pay,less opportunity of growth,16,300,https://malaysia.indeed.com/cmp/Malayan-Banking-Berhad-(maybank)/reviews?start=300
1945,Ocbc,21/9/2013,challenging job,"Assisting customer’s inquiries, request and /or complaints via phone",4,Customer service executive (assistant manager),MALAYSIA,former,3,4,4,4,4,,,7,120,https://malaysia.indeed.com/cmp/Ocbc-3/reviews?start=120
1946,Ocbc,11/8/2013,Got good experience in implementing new projects,"• Supporting huge datacenter in SG and MY banking environment on (24x7) basis and working for application migration activities in UAT & PRD environments. • Providing the BAU support for all Sun Solaris 9, 10 11 , AIX 6.1 running servers (file system management and all OS admin tasks handling), Handling new application migration projects • Building Sun servers running in solaris10, Solaris 11, having good experience in the administration of virtualized environment LDOM, and ZFS •Installation and OS migration from AIX 5.3 to 6.1 on AIX, and Updating to latest patche level for fixing security bugs and relevant platform specific packages. • Having good experience in configuring Solaris10 Zones and supporting the same for development servers • Installing, configuring High Availability solution, and supporting using VERITAS Clustering products VxVM, VxFS, VCS(VCS SF CFS5.1RP2) on AIX, Solaris Platforms. • Automating and Building process using shell scripts . • Scheduling jobs using Autosys and managing event processors, event servers •Extensive experience defining and documenting user requirements, defining technical needs, and developing and documenting high level designs and detailed technical designs.",5,Senior Unix System administrator,Kualalumpur Malaysia,current,3,5,5,2,5,,,7,120,https://malaysia.indeed.com/cmp/Ocbc-3/reviews?start=120
1947,Ocbc,26/6/2013,Positively challenged environment,First opportunity to manage a team Developed strong managerial skills. Opportunity to be a guest speaker at a cross country roadshow which increased profile and confidence,3,Assistant Vice President,Malaysia,former,0,0,0,0,0,,,7,120,https://malaysia.indeed.com/cmp/Ocbc-3/reviews?start=120
1948,Public-Bank-Berhad,23/5/2013,Banking Industries,Good and productive bank company but I have to make a decision to leave for the career that I love to do most i.e involve in Offshore Industries,3,Bank Clerk / Officer,"Miri, Sarawak, Malaysia",former,0,0,0,0,0,,,13,240,https://malaysia.indeed.com/cmp/Public-Bank-Berhad/reviews?start=240
1949,HSBC,24/4/2013,Best place to learn,HSBC is the best place to learn and progress in career. I had fantastic Managers and co-workers who is always there for me.,4,Manager,Kuala Lumpur,former,4,4,5,5,5,good environment,long hours,19,360,https://malaysia.indeed.com/cmp/HSBC/reviews?start=360
1950,Cimb-Group,25/2/2013,Transforming stage,"As people know, CIMB Investment Bank is adamant to become the biggest and successful South East Asia's M&A and corporate finance business including Hong Kong, China, and Australia. Apart from investment banking, CIMB commercial banking already set a foothold in every country in South East Asia. Very recent opening was Myanmar and Phillipines. Thus, embracing the expansion is easy to say than done. As part of CIMB Investment Bank, my team also also has to play a role. Understanding the management's load of work can be very helpful. With the experience i have had during my stint in several local securities firm, i manage to keep the workflow smoothly without interfering much on his workload where the bottom line will explain everything, of course with god's will. So i did learn when client database is getting bigger or whenever i foresee big trading volume, getting the client unsatisfied is the last thing you want to do. In the otherwise, by ensuring them satisfaction, every level in the management will be very happy in what i do. While my co-worker are team oriented, it will add more value when i keep guiding them and at the same time take guidance from the experience one. I dont know where this people will end up later, so by giving them my best is my best bet. My hardest part of the job is working in odd hours (handling U.S and U.K trades) and most enjoyable part of the job is the learning curve, good pays and good bonus, of course at god's will.",5,Dealing in cross bound trades,Kuala Lumpur,current,3,4,5,4,4,good reputation company,load of works,17,320,https://malaysia.indeed.com/cmp/Cimb-Group/reviews?start=320
1951,Cimb-Group,18/10/2012,Productive and fun place to work,"1) great place to work by creating enabling environment that rewards success and encourages employees to take control of their personal development. 2) Process all incoming hire purchase applications, appraise and evaluate credit applications submitted and making sound recommendation for Management's approval 3)Perform credit checking with other financial institutions 4) Supervise/ perform data entry and updates of loan applications into the system 5)Facilitate dealer relationship by updating on process flows for hire purchase application submission 6)Ensure strict adherence to all Credit Policies and Procedures and Legal Principles of Lending",3,Executive,Malaysia,former,3,4,4,4,4,,,17,320,https://malaysia.indeed.com/cmp/Cimb-Group/reviews?start=320
1952,Cimb-Group,18/10/2012,CIMB Bank Berhad can basically be considered a performance based company wherein salary and benefits are paid according to performance.,"A day in CIMB Bank can easily be likened to that of a normal office wherein customer's are a priority. The day commences with calls to customers to either review existing facilities or market new products to existing or new customers. All staff are guided by Key Performance Indicators KPI) hence one is very much guided by these KPIs which are generally given out based on the individual's key role. To me, the hardest part of the job was to keep all customers satisfied and the most enjoyable part of my job can be said to be the part when a customer's loan is disbursed and the joy on the customer's face is enough to erase all the turbulent and trying times experienced with the customer, i.e at the onset from the loan application to the final step, i.e. the disbursement.",5,Business Credit Analyst,Kuala Lumpur - Malaysia,former,0,0,0,0,0,"low interest for loans, preferential fixed deposit rates, preferential remittance rates, medical benefits for staff & family members, friendly management",no cons faced.,17,320,https://malaysia.indeed.com/cmp/Cimb-Group/reviews?start=320
1953,Public-Bank-Berhad,28/9/2012,Quite a conducive and friendly office environment.,"Basically, my duties involve liaising with Public Bank's motor vehicle hirers - making telephone calls as a gentle reminder for them to make payment. In cases of default payment, we need to seek the assistance of repossessors appointed by our Company to repossess the motor vehicle from our hirer. I would say this is the hardest part of my job.",5,Administrative Officer,"Jalan Sultan Sulaiman, Kuala Lumpur",former,0,0,0,0,0,sometimes we have pot luck party after a hard day's work.,not allowed to take leave either beginning or month-end.,13,240,https://malaysia.indeed.com/cmp/Public-Bank-Berhad/reviews?start=240
1954,HSBC,8/9/2012,Fun work place with pool and table tennis table,Plenty of room for growth in a fast paced and fun environment,5,Mentor of Global Support Executive,"Cyberjaya, Malaysia",former,4,5,4,5,5,fun,shifts,19,360,https://malaysia.indeed.com/cmp/HSBC/reviews?start=360
